aggregator,attack,round,num_honest,num_attackers,dim,byzantine_fraction,clip_radius,seed,distance_from_true_value,asr
fedavg,persistent_sybil,0,8,2,3,0.2,1.0,1,17.012531,0.20045285
fedavg,persistent_sybil,1,8,2,3,0.2,1.0,1,16.932629,0.19951138
fedavg,persistent_sybil,2,8,2,3,0.2,1.0,1,17.01689,0.2005042
fedavg,persistent_sybil,3,8,2,3,0.2,1.0,1,17.081415,0.20126449
fedavg,persistent_sybil,4,8,2,3,0.2,1.0,1,16.999651,0.20030108
fedavg,persistent_sybil,5,8,2,3,0.2,1.0,1,17.075895,0.20119944
fedavg,persistent_sybil,6,8,2,3,0.2,1.0,1,16.906866,0.19920783
fedavg,persistent_sybil,7,8,2,3,0.2,1.0,1,16.885195,0.19895248
fedavg,persistent_sybil,8,8,2,3,0.2,1.0,1,17.099262,0.20147477
fedavg,persistent_sybil,9,8,2,3,0.2,1.0,1,16.92806,0.19945756
fedavg,persistent_sybil,10,8,2,3,0.2,1.0,1,17.19645,0.20261988
fedavg,persistent_sybil,11,8,2,3,0.2,1.0,1,16.97356,0.19999366
fedavg,persistent_sybil,12,8,2,3,0.2,1.0,1,16.911606,0.19926368
fedavg,persistent_sybil,13,8,2,3,0.2,1.0,1,17.068186,0.2011086
fedavg,persistent_sybil,14,8,2,3,0.2,1.0,1,17.104067,0.20153138
fedavg,persistent_sybil,15,8,2,3,0.2,1.0,1,16.91897,0.19935045
fedavg,persistent_sybil,16,8,2,3,0.2,1.0,1,16.962631,0.1998649
fedavg,persistent_sybil,17,8,2,3,0.2,1.0,1,16.98579,0.20013776
fedavg,persistent_sybil,18,8,2,3,0.2,1.0,1,17.038263,0.20075603
fedavg,persistent_sybil,19,8,2,3,0.2,1.0,1,16.905859,0.19919597
fedavg,persistent_sybil,0,8,2,3,0.2,1.0,1001,16.926119,0.19943468
fedavg,persistent_sybil,1,8,2,3,0.2,1.0,1001,17.048243,0.20087361
fedavg,persistent_sybil,2,8,2,3,0.2,1.0,1001,16.949984,0.19971587
fedavg,persistent_sybil,3,8,2,3,0.2,1.0,1001,16.976948,0.20003358
fedavg,persistent_sybil,4,8,2,3,0.2,1.0,1001,16.88125,0.198906
fedavg,persistent_sybil,5,8,2,3,0.2,1.0,1001,17.049185,0.20088471
fedavg,persistent_sybil,6,8,2,3,0.2,1.0,1001,16.997623,0.2002772
fedavg,persistent_sybil,7,8,2,3,0.2,1.0,1001,16.885332,0.1989541
fedavg,persistent_sybil,8,8,2,3,0.2,1.0,1001,17.118654,0.20170325
fedavg,persistent_sybil,9,8,2,3,0.2,1.0,1001,17.075825,0.20119861
fedavg,persistent_sybil,10,8,2,3,0.2,1.0,1001,16.911064,0.19925728
fedavg,persistent_sybil,11,8,2,3,0.2,1.0,1001,17.053932,0.20094065
fedavg,persistent_sybil,12,8,2,3,0.2,1.0,1001,17.026289,0.20061494
fedavg,persistent_sybil,13,8,2,3,0.2,1.0,1001,17.131077,0.20184962
fedavg,persistent_sybil,14,8,2,3,0.2,1.0,1001,17.060017,0.20101234
fedavg,persistent_sybil,15,8,2,3,0.2,1.0,1001,16.900433,0.19913203
fedavg,persistent_sybil,16,8,2,3,0.2,1.0,1001,16.851702,0.19855784
fedavg,persistent_sybil,17,8,2,3,0.2,1.0,1001,17.002214,0.20033129
fedavg,persistent_sybil,18,8,2,3,0.2,1.0,1001,16.984417,0.20012158
fedavg,persistent_sybil,19,8,2,3,0.2,1.0,1001,17.002941,0.20033985
fedavg,persistent_sybil,0,8,2,3,0.2,1.0,2001,17.026028,0.20061187
fedavg,persistent_sybil,1,8,2,3,0.2,1.0,2001,16.73597,0.19719422
fedavg,persistent_sybil,2,8,2,3,0.2,1.0,2001,16.83839,0.198401
fedavg,persistent_sybil,3,8,2,3,0.2,1.0,2001,16.905746,0.19919464
fedavg,persistent_sybil,4,8,2,3,0.2,1.0,2001,17.090366,0.20136994
fedavg,persistent_sybil,5,8,2,3,0.2,1.0,2001,16.88737,0.1989781
fedavg,persistent_sybil,6,8,2,3,0.2,1.0,2001,16.952198,0.19974196
fedavg,persistent_sybil,7,8,2,3,0.2,1.0,2001,16.955162,0.19977689
fedavg,persistent_sybil,8,8,2,3,0.2,1.0,2001,17.038013,0.2007531
fedavg,persistent_sybil,9,8,2,3,0.2,1.0,2001,17.044405,0.2008284
fedavg,persistent_sybil,10,8,2,3,0.2,1.0,2001,16.917152,0.19932903
fedavg,persistent_sybil,11,8,2,3,0.2,1.0,2001,16.972807,0.19998479
fedavg,persistent_sybil,12,8,2,3,0.2,1.0,2001,17.15824,0.20216967
fedavg,persistent_sybil,13,8,2,3,0.2,1.0,2001,17.149744,0.20206958
fedavg,persistent_sybil,14,8,2,3,0.2,1.0,2001,16.88247,0.19892037
fedavg,persistent_sybil,15,8,2,3,0.2,1.0,2001,16.986656,0.20014797
fedavg,persistent_sybil,16,8,2,3,0.2,1.0,2001,16.874382,0.19882508
fedavg,persistent_sybil,17,8,2,3,0.2,1.0,2001,17.09483,0.20142254
fedavg,persistent_sybil,18,8,2,3,0.2,1.0,2001,17.0207,0.2005491
fedavg,persistent_sybil,19,8,2,3,0.2,1.0,2001,17.111414,0.20161794
fedavg,persistent_sybil,0,8,2,3,0.2,1.0,3001,16.98005,0.20007011
fedavg,persistent_sybil,1,8,2,3,0.2,1.0,3001,16.945242,0.19966
fedavg,persistent_sybil,2,8,2,3,0.2,1.0,3001,17.155369,0.20213585
fedavg,persistent_sybil,3,8,2,3,0.2,1.0,3001,16.876078,0.19884506
fedavg,persistent_sybil,4,8,2,3,0.2,1.0,3001,16.93854,0.19958103
fedavg,persistent_sybil,5,8,2,3,0.2,1.0,3001,16.951605,0.19973497
fedavg,persistent_sybil,6,8,2,3,0.2,1.0,3001,16.933462,0.1995212
fedavg,persistent_sybil,7,8,2,3,0.2,1.0,3001,16.909292,0.19923641
fedavg,persistent_sybil,8,8,2,3,0.2,1.0,3001,16.935732,0.19954795
fedavg,persistent_sybil,9,8,2,3,0.2,1.0,3001,17.04365,0.2008195
fedavg,persistent_sybil,10,8,2,3,0.2,1.0,3001,17.080673,0.20125574
fedavg,persistent_sybil,11,8,2,3,0.2,1.0,3001,16.806553,0.19802587
fedavg,persistent_sybil,12,8,2,3,0.2,1.0,3001,17.081898,0.20127016
fedavg,persistent_sybil,13,8,2,3,0.2,1.0,3001,16.898067,0.19910416
fedavg,persistent_sybil,14,8,2,3,0.2,1.0,3001,16.93225,0.19950691
fedavg,persistent_sybil,15,8,2,3,0.2,1.0,3001,16.92433,0.1994136
fedavg,persistent_sybil,16,8,2,3,0.2,1.0,3001,17.042038,0.20080051
fedavg,persistent_sybil,17,8,2,3,0.2,1.0,3001,17.168282,0.202288
fedavg,persistent_sybil,18,8,2,3,0.2,1.0,3001,17.020422,0.20054582
fedavg,persistent_sybil,19,8,2,3,0.2,1.0,3001,17.070965,0.20114134
fedavg,persistent_sybil,0,8,2,3,0.2,1.0,4001,16.940168,0.19960022
fedavg,persistent_sybil,1,8,2,3,0.2,1.0,4001,16.953426,0.19975643
fedavg,persistent_sybil,2,8,2,3,0.2,1.0,4001,16.95562,0.19978228
fedavg,persistent_sybil,3,8,2,3,0.2,1.0,4001,16.974546,0.20000528
fedavg,persistent_sybil,4,8,2,3,0.2,1.0,4001,16.964914,0.19989179
fedavg,persistent_sybil,5,8,2,3,0.2,1.0,4001,17.065178,0.20107315
fedavg,persistent_sybil,6,8,2,3,0.2,1.0,4001,16.952446,0.19974488
fedavg,persistent_sybil,7,8,2,3,0.2,1.0,4001,17.029116,0.20064825
fedavg,persistent_sybil,8,8,2,3,0.2,1.0,4001,17.049046,0.20088308
fedavg,persistent_sybil,9,8,2,3,0.2,1.0,4001,17.030855,0.20066875
fedavg,persistent_sybil,10,8,2,3,0.2,1.0,4001,16.977266,0.20003733
fedavg,persistent_sybil,11,8,2,3,0.2,1.0,4001,17.000307,0.20030881
fedavg,persistent_sybil,12,8,2,3,0.2,1.0,4001,16.984943,0.20012778
fedavg,persistent_sybil,13,8,2,3,0.2,1.0,4001,17.065851,0.2010811
fedavg,persistent_sybil,14,8,2,3,0.2,1.0,4001,16.940279,0.19960152
fedavg,persistent_sybil,15,8,2,3,0.2,1.0,4001,16.943071,0.19963442
fedavg,persistent_sybil,16,8,2,3,0.2,1.0,4001,16.95906,0.19982281
fedavg,persistent_sybil,17,8,2,3,0.2,1.0,4001,16.902973,0.19916196
fedavg,persistent_sybil,18,8,2,3,0.2,1.0,4001,17.057077,0.20097771
fedavg,persistent_sybil,19,8,2,3,0.2,1.0,4001,16.956657,0.1997945
krum,persistent_sybil,0,8,2,3,0.2,1.0,1,0.13920565,0.0016402126
krum,persistent_sybil,1,8,2,3,0.2,1.0,1,0.3879176,0.0045707007
krum,persistent_sybil,2,8,2,3,0.2,1.0,1,0.20969842,0.0024708048
krum,persistent_sybil,3,8,2,3,0.2,1.0,1,0.4022157,0.00473917
krum,persistent_sybil,4,8,2,3,0.2,1.0,1,0.3633399,0.00428111
krum,persistent_sybil,5,8,2,3,0.2,1.0,1,0.37281993,0.0043928097
krum,persistent_sybil,6,8,2,3,0.2,1.0,1,0.29438955,0.0034686914
krum,persistent_sybil,7,8,2,3,0.2,1.0,1,0.31431276,0.0037034398
krum,persistent_sybil,8,8,2,3,0.2,1.0,1,0.2603167,0.0030672227
krum,persistent_sybil,9,8,2,3,0.2,1.0,1,0.28637066,0.0033742078
krum,persistent_sybil,10,8,2,3,0.2,1.0,1,0.51315945,0.0060463827
krum,persistent_sybil,11,8,2,3,0.2,1.0,1,0.34140223,0.0040226257
krum,persistent_sybil,12,8,2,3,0.2,1.0,1,0.19943902,0.0023499217
krum,persistent_sybil,13,8,2,3,0.2,1.0,1,0.3415129,0.0040239296
krum,persistent_sybil,14,8,2,3,0.2,1.0,1,0.2785409,0.0032819523
krum,persistent_sybil,15,8,2,3,0.2,1.0,1,0.41518614,0.0048919963
krum,persistent_sybil,16,8,2,3,0.2,1.0,1,0.3948724,0.0046526464
krum,persistent_sybil,17,8,2,3,0.2,1.0,1,0.23228851,0.0027369761
krum,persistent_sybil,18,8,2,3,0.2,1.0,1,0.25847915,0.0030455715
krum,persistent_sybil,19,8,2,3,0.2,1.0,1,0.21981928,0.0025900553
krum,persistent_sybil,0,8,2,3,0.2,1.0,1001,0.16645326,0.001961262
krum,persistent_sybil,1,8,2,3,0.2,1.0,1001,0.27051345,0.0031873675
krum,persistent_sybil,2,8,2,3,0.2,1.0,1001,0.22888859,0.002696916
krum,persistent_sybil,3,8,2,3,0.2,1.0,1001,0.6076259,0.007159448
krum,persistent_sybil,4,8,2,3,0.2,1.0,1001,0.41570494,0.004898109
krum,persistent_sybil,5,8,2,3,0.2,1.0,1001,0.54728705,0.006448496
krum,persistent_sybil,6,8,2,3,0.2,1.0,1001,0.4003571,0.004717271
krum,persistent_sybil,7,8,2,3,0.2,1.0,1001,0.19864288,0.0023405412
krum,persistent_sybil,8,8,2,3,0.2,1.0,1001,0.46703863,0.0055029565
krum,persistent_sybil,9,8,2,3,0.2,1.0,1001,0.26184466,0.0030852263
krum,persistent_sybil,10,8,2,3,0.2,1.0,1001,0.2804325,0.0033042403
krum,persistent_sybil,11,8,2,3,0.2,1.0,1001,0.42490202,0.0050064754
krum,persistent_sybil,12,8,2,3,0.2,1.0,1001,0.27972367,0.0032958884
krum,persistent_sybil,13,8,2,3,0.2,1.0,1001,0.37002152,0.004359837
krum,persistent_sybil,14,8,2,3,0.2,1.0,1001,0.18068449,0.0021289436
krum,persistent_sybil,15,8,2,3,0.2,1.0,1001,0.14282694,0.0016828811
krum,persistent_sybil,16,8,2,3,0.2,1.0,1001,0.40057808,0.004719875
krum,persistent_sybil,17,8,2,3,0.2,1.0,1001,0.27728048,0.0032671012
krum,persistent_sybil,18,8,2,3,0.2,1.0,1001,0.28859493,0.0034004154
krum,persistent_sybil,19,8,2,3,0.2,1.0,1001,0.16043086,0.001890302
krum,persistent_sybil,0,8,2,3,0.2,1.0,2001,0.29126975,0.0034319318
krum,persistent_sybil,1,8,2,3,0.2,1.0,2001,0.3292758,0.003879744
krum,persistent_sybil,2,8,2,3,0.2,1.0,2001,0.34467104,0.004061141
krum,persistent_sybil,3,8,2,3,0.2,1.0,2001,0.16976169,0.0020002439
krum,persistent_sybil,4,8,2,3,0.2,1.0,2001,0.38036036,0.004481656
krum,persistent_sybil,5,8,2,3,0.2,1.0,2001,0.3990603,0.004701991
krum,persistent_sybil,6,8,2,3,0.2,1.0,2001,0.2913096,0.0034324015
krum,persistent_sybil,7,8,2,3,0.2,1.0,2001,0.2423743,0.0028558136
krum,persistent_sybil,8,8,2,3,0.2,1.0,2001,0.41956717,0.0049436167
krum,persistent_sybil,9,8,2,3,0.2,1.0,2001,0.33082277,0.0038979717
krum,persistent_sybil,10,8,2,3,0.2,1.0,2001,0.2349113,0.0027678795
krum,persistent_sybil,11,8,2,3,0.2,1.0,2001,0.101560086,0.0011966478
krum,persistent_sybil,12,8,2,3,0.2,1.0,2001,0.10289896,0.0012124233
krum,persistent_sybil,13,8,2,3,0.2,1.0,2001,0.27210334,0.0032061008
krum,persistent_sybil,14,8,2,3,0.2,1.0,2001,0.34389913,0.0040520458
krum,persistent_sybil,15,8,2,3,0.2,1.0,2001,0.21052183,0.002480507
krum,persistent_sybil,16,8,2,3,0.2,1.0,2001,0.266199,0.0031365317
krum,persistent_sybil,17,8,2,3,0.2,1.0,2001,0.13482744,0.0015886256
krum,persistent_sybil,18,8,2,3,0.2,1.0,2001,0.22355184,0.002634035
krum,persistent_sybil,19,8,2,3,0.2,1.0,2001,0.46310046,0.0054565547
krum,persistent_sybil,0,8,2,3,0.2,1.0,3001,0.31443003,0.0037048217
krum,persistent_sybil,1,8,2,3,0.2,1.0,3001,0.39238477,0.004623336
krum,persistent_sybil,2,8,2,3,0.2,1.0,3001,0.28589442,0.0033685963
krum,persistent_sybil,3,8,2,3,0.2,1.0,3001,0.3875281,0.004566111
krum,persistent_sybil,4,8,2,3,0.2,1.0,3001,0.1783196,0.0021010789
krum,persistent_sybil,5,8,2,3,0.2,1.0,3001,0.20347826,0.0023975149
krum,persistent_sybil,6,8,2,3,0.2,1.0,3001,0.26395652,0.0031101094
krum,persistent_sybil,7,8,2,3,0.2,1.0,3001,0.28944552,0.0034104376
krum,persistent_sybil,8,8,2,3,0.2,1.0,3001,0.2579448,0.0030392753
krum,persistent_sybil,9,8,2,3,0.2,1.0,3001,0.19625004,0.002312347
krum,persistent_sybil,10,8,2,3,0.2,1.0,3001,0.24041775,0.00283276
krum,persistent_sybil,11,8,2,3,0.2,1.0,3001,0.75307834,0.008873265
krum,persistent_sybil,12,8,2,3,0.2,1.0,3001,0.1466147,0.001727511
krum,persistent_sybil,13,8,2,3,0.2,1.0,3001,0.3064112,0.0036103386
krum,persistent_sybil,14,8,2,3,0.2,1.0,3001,0.4802889,0.00565908
krum,persistent_sybil,15,8,2,3,0.2,1.0,3001,0.355309,0.0041864845
krum,persistent_sybil,16,8,2,3,0.2,1.0,3001,0.3194902,0.0037644438
krum,persistent_sybil,17,8,2,3,0.2,1.0,3001,0.3595727,0.0042367224
krum,persistent_sybil,18,8,2,3,0.2,1.0,3001,0.08774578,0.0010338785
krum,persistent_sybil,19,8,2,3,0.2,1.0,3001,0.32685292,0.0038511963
krum,persistent_sybil,0,8,2,3,0.2,1.0,4001,0.44883117,0.0052884244
krum,persistent_sybil,1,8,2,3,0.2,1.0,4001,0.0701128,0.0008261152
krum,persistent_sybil,2,8,2,3,0.2,1.0,4001,0.20258364,0.002386974
krum,persistent_sybil,3,8,2,3,0.2,1.0,4001,0.30310154,0.003571342
krum,persistent_sybil,4,8,2,3,0.2,1.0,4001,0.32085848,0.003780566
krum,persistent_sybil,5,8,2,3,0.2,1.0,4001,0.41667515,0.004909541
krum,persistent_sybil,6,8,2,3,0.2,1.0,4001,0.2685083,0.0031637414
krum,persistent_sybil,7,8,2,3,0.2,1.0,4001,0.16424228,0.0019352107
krum,persistent_sybil,8,8,2,3,0.2,1.0,4001,0.48581445,0.0057241856
krum,persistent_sybil,9,8,2,3,0.2,1.0,4001,0.20409724,0.002404808
krum,persistent_sybil,10,8,2,3,0.2,1.0,4001,0.067562744,0.00079606875
krum,persistent_sybil,11,8,2,3,0.2,1.0,4001,0.20453368,0.0024099506
krum,persistent_sybil,12,8,2,3,0.2,1.0,4001,0.28902102,0.003405436
krum,persistent_sybil,13,8,2,3,0.2,1.0,4001,0.21608566,0.0025460634
krum,persistent_sybil,14,8,2,3,0.2,1.0,4001,0.31876493,0.0037558982
krum,persistent_sybil,15,8,2,3,0.2,1.0,4001,0.34230888,0.0040333085
krum,persistent_sybil,16,8,2,3,0.2,1.0,4001,0.14624308,0.0017231322
krum,persistent_sybil,17,8,2,3,0.2,1.0,4001,0.35645863,0.00420003
krum,persistent_sybil,18,8,2,3,0.2,1.0,4001,0.48746258,0.005743605
krum,persistent_sybil,19,8,2,3,0.2,1.0,4001,0.11688235,0.0013771848
multi_krum,persistent_sybil,0,8,2,3,0.2,1.0,1,0.09130984,0.0010758726
multi_krum,persistent_sybil,1,8,2,3,0.2,1.0,1,0.16155167,0.0019035081
multi_krum,persistent_sybil,2,8,2,3,0.2,1.0,1,0.16640949,0.0019607462
multi_krum,persistent_sybil,3,8,2,3,0.2,1.0,1,0.23850659,0.0028102417
multi_krum,persistent_sybil,4,8,2,3,0.2,1.0,1,0.08631606,0.0010170327
multi_krum,persistent_sybil,5,8,2,3,0.2,1.0,1,0.20534198,0.0024194743
multi_krum,persistent_sybil,6,8,2,3,0.2,1.0,1,0.091160536,0.0010741134
multi_krum,persistent_sybil,7,8,2,3,0.2,1.0,1,0.12923342,0.0015227132
multi_krum,persistent_sybil,8,8,2,3,0.2,1.0,1,0.17155503,0.0020213742
multi_krum,persistent_sybil,9,8,2,3,0.2,1.0,1,0.19107847,0.0022514123
multi_krum,persistent_sybil,10,8,2,3,0.2,1.0,1,0.30065653,0.0035425331
multi_krum,persistent_sybil,11,8,2,3,0.2,1.0,1,0.014737415,0.00017364592
multi_krum,persistent_sybil,12,8,2,3,0.2,1.0,1,0.105662316,0.0012449829
multi_krum,persistent_sybil,13,8,2,3,0.2,1.0,1,0.16074833,0.0018940427
multi_krum,persistent_sybil,14,8,2,3,0.2,1.0,1,0.28514582,0.0033597758
multi_krum,persistent_sybil,15,8,2,3,0.2,1.0,1,0.13542593,0.0015956775
multi_krum,persistent_sybil,16,8,2,3,0.2,1.0,1,0.19463722,0.002293344
multi_krum,persistent_sybil,17,8,2,3,0.2,1.0,1,0.12056412,0.0014205658
multi_krum,persistent_sybil,18,8,2,3,0.2,1.0,1,0.10319564,0.0012159189
multi_krum,persistent_sybil,19,8,2,3,0.2,1.0,1,0.21041752,0.0024792778
multi_krum,persistent_sybil,0,8,2,3,0.2,1.0,1001,0.13331048,0.0015707519
multi_krum,persistent_sybil,1,8,2,3,0.2,1.0,1001,0.11451197,0.0013492553
multi_krum,persistent_sybil,2,8,2,3,0.2,1.0,1001,0.05046344,0.00059459347
multi_krum,persistent_sybil,3,8,2,3,0.2,1.0,1001,0.34378058,0.0040506492
multi_krum,persistent_sybil,4,8,2,3,0.2,1.0,1001,0.15308267,0.0018037208
multi_krum,persistent_sybil,5,8,2,3,0.2,1.0,1001,0.37664187,0.0044378424
multi_krum,persistent_sybil,6,8,2,3,0.2,1.0,1001,0.19811253,0.0023342923
multi_krum,persistent_sybil,7,8,2,3,0.2,1.0,1001,0.18833597,0.0022190984
multi_krum,persistent_sybil,8,8,2,3,0.2,1.0,1001,0.25478095,0.0030019968
multi_krum,persistent_sybil,9,8,2,3,0.2,1.0,1001,0.20227963,0.0023833918
multi_krum,persistent_sybil,10,8,2,3,0.2,1.0,1001,0.16930111,0.001994817
multi_krum,persistent_sybil,11,8,2,3,0.2,1.0,1001,0.1666822,0.0019639593
multi_krum,persistent_sybil,12,8,2,3,0.2,1.0,1001,0.22706729,0.0026754562
multi_krum,persistent_sybil,13,8,2,3,0.2,1.0,1001,0.23869063,0.0028124102
multi_krum,persistent_sybil,14,8,2,3,0.2,1.0,1001,0.11934321,0.0014061802
multi_krum,persistent_sybil,15,8,2,3,0.2,1.0,1001,0.13368867,0.0015752079
multi_krum,persistent_sybil,16,8,2,3,0.2,1.0,1001,0.22704922,0.0026752434
multi_krum,persistent_sybil,17,8,2,3,0.2,1.0,1001,0.099514395,0.0011725441
multi_krum,persistent_sybil,18,8,2,3,0.2,1.0,1001,0.17173456,0.0020234897
multi_krum,persistent_sybil,19,8,2,3,0.2,1.0,1001,0.14199027,0.0016730229
multi_krum,persistent_sybil,0,8,2,3,0.2,1.0,2001,0.29097116,0.0034284138
multi_krum,persistent_sybil,1,8,2,3,0.2,1.0,2001,0.34145078,0.004023198
multi_krum,persistent_sybil,2,8,2,3,0.2,1.0,2001,0.21334082,0.002513722
multi_krum,persistent_sybil,3,8,2,3,0.2,1.0,2001,0.1739292,0.0020493483
multi_krum,persistent_sybil,4,8,2,3,0.2,1.0,2001,0.18159948,0.0021397246
multi_krum,persistent_sybil,5,8,2,3,0.2,1.0,2001,0.21369864,0.0025179381
multi_krum,persistent_sybil,6,8,2,3,0.2,1.0,2001,0.09514481,0.0011210588
multi_krum,persistent_sybil,7,8,2,3,0.2,1.0,2001,0.03486664,0.0004108217
multi_krum,persistent_sybil,8,8,2,3,0.2,1.0,2001,0.19313756,0.002275674
multi_krum,persistent_sybil,9,8,2,3,0.2,1.0,2001,0.14237557,0.0016775627
multi_krum,persistent_sybil,10,8,2,3,0.2,1.0,2001,0.17137504,0.0020192536
multi_krum,persistent_sybil,11,8,2,3,0.2,1.0,2001,0.17588313,0.0020723708
multi_krum,persistent_sybil,12,8,2,3,0.2,1.0,2001,0.23511872,0.0027703235
multi_krum,persistent_sybil,13,8,2,3,0.2,1.0,2001,0.27402654,0.003228761
multi_krum,persistent_sybil,14,8,2,3,0.2,1.0,2001,0.2548344,0.0030026268
multi_krum,persistent_sybil,15,8,2,3,0.2,1.0,2001,0.14029968,0.0016531032
multi_krum,persistent_sybil,16,8,2,3,0.2,1.0,2001,0.13125697,0.001546556
multi_krum,persistent_sybil,17,8,2,3,0.2,1.0,2001,0.153924,0.001813634
multi_krum,persistent_sybil,18,8,2,3,0.2,1.0,2001,0.13531749,0.0015943998
multi_krum,persistent_sybil,19,8,2,3,0.2,1.0,2001,0.24131583,0.002843342
multi_krum,persistent_sybil,0,8,2,3,0.2,1.0,3001,0.13815947,0.0016278859
multi_krum,persistent_sybil,1,8,2,3,0.2,1.0,3001,0.22956407,0.002704875
multi_krum,persistent_sybil,2,8,2,3,0.2,1.0,3001,0.30266336,0.003566179
multi_krum,persistent_sybil,3,8,2,3,0.2,1.0,3001,0.16175407,0.001905893
multi_krum,persistent_sybil,4,8,2,3,0.2,1.0,3001,0.1371996,0.001616576
multi_krum,persistent_sybil,5,8,2,3,0.2,1.0,3001,0.08722355,0.0010277253
multi_krum,persistent_sybil,6,8,2,3,0.2,1.0,3001,0.23414339,0.0027588315
multi_krum,persistent_sybil,7,8,2,3,0.2,1.0,3001,0.16183282,0.0019068209
multi_krum,persistent_sybil,8,8,2,3,0.2,1.0,3001,0.098083295,0.0011556819
multi_krum,persistent_sybil,9,8,2,3,0.2,1.0,3001,0.17345354,0.0020437439
multi_krum,persistent_sybil,10,8,2,3,0.2,1.0,3001,0.13487487,0.0015891845
multi_krum,persistent_sybil,11,8,2,3,0.2,1.0,3001,0.43272933,0.005098702
multi_krum,persistent_sybil,12,8,2,3,0.2,1.0,3001,0.22118776,0.0026061798
multi_krum,persistent_sybil,13,8,2,3,0.2,1.0,3001,0.10767205,0.001268663
multi_krum,persistent_sybil,14,8,2,3,0.2,1.0,3001,0.13815124,0.0016277889
multi_krum,persistent_sybil,15,8,2,3,0.2,1.0,3001,0.06708015,0.00079038244
multi_krum,persistent_sybil,16,8,2,3,0.2,1.0,3001,0.15590908,0.0018370234
multi_krum,persistent_sybil,17,8,2,3,0.2,1.0,3001,0.24400753,0.0028750573
multi_krum,persistent_sybil,18,8,2,3,0.2,1.0,3001,0.10876588,0.0012815512
multi_krum,persistent_sybil,19,8,2,3,0.2,1.0,3001,0.21983077,0.0025901909
multi_krum,persistent_sybil,0,8,2,3,0.2,1.0,4001,0.20224643,0.0023830005
multi_krum,persistent_sybil,1,8,2,3,0.2,1.0,4001,0.16083111,0.001895018
multi_krum,persistent_sybil,2,8,2,3,0.2,1.0,4001,0.049382646,0.00058185885
multi_krum,persistent_sybil,3,8,2,3,0.2,1.0,4001,0.2100872,0.0024753856
multi_krum,persistent_sybil,4,8,2,3,0.2,1.0,4001,0.1805922,0.002127856
multi_krum,persistent_sybil,5,8,2,3,0.2,1.0,4001,0.2590583,0.0030523953
multi_krum,persistent_sybil,6,8,2,3,0.2,1.0,4001,0.052704,0.0006209932
multi_krum,persistent_sybil,7,8,2,3,0.2,1.0,4001,0.09778985,0.0011522244
multi_krum,persistent_sybil,8,8,2,3,0.2,1.0,4001,0.31222102,0.0036787936
multi_krum,persistent_sybil,9,8,2,3,0.2,1.0,4001,0.082312964,0.00096986553
multi_krum,persistent_sybil,10,8,2,3,0.2,1.0,4001,0.18491596,0.0021788017
multi_krum,persistent_sybil,11,8,2,3,0.2,1.0,4001,0.15050846,0.0017733898
multi_krum,persistent_sybil,12,8,2,3,0.2,1.0,4001,0.27828765,0.0032789684
multi_krum,persistent_sybil,13,8,2,3,0.2,1.0,4001,0.16988316,0.0020016753
multi_krum,persistent_sybil,14,8,2,3,0.2,1.0,4001,0.07504213,0.0008841958
multi_krum,persistent_sybil,15,8,2,3,0.2,1.0,4001,0.124666005,0.001468897
multi_krum,persistent_sybil,16,8,2,3,0.2,1.0,4001,0.09679694,0.0011405252
multi_krum,persistent_sybil,17,8,2,3,0.2,1.0,4001,0.1423877,0.0016777057
multi_krum,persistent_sybil,18,8,2,3,0.2,1.0,4001,0.20953552,0.0024688854
multi_krum,persistent_sybil,19,8,2,3,0.2,1.0,4001,0.03174618,0.0003740544
foolsgold,persistent_sybil,0,8,2,3,0.2,1.0,1,1.5534024,0.01830321
foolsgold,persistent_sybil,1,8,2,3,0.2,1.0,1,1.5178956,0.017884845
foolsgold,persistent_sybil,2,8,2,3,0.2,1.0,1,1.0781219,0.012703142
foolsgold,persistent_sybil,3,8,2,3,0.2,1.0,1,0.6730838,0.0079307165
foolsgold,persistent_sybil,4,8,2,3,0.2,1.0,1,1.2668116,0.014926408
foolsgold,persistent_sybil,5,8,2,3,0.2,1.0,1,1.3487223,0.015891535
foolsgold,persistent_sybil,6,8,2,3,0.2,1.0,1,1.4874004,0.017525531
foolsgold,persistent_sybil,7,8,2,3,0.2,1.0,1,1.2021092,0.014164043
foolsgold,persistent_sybil,8,8,2,3,0.2,1.0,1,1.5959134,0.018804103
foolsgold,persistent_sybil,9,8,2,3,0.2,1.0,1,0.6921558,0.008155435
foolsgold,persistent_sybil,10,8,2,3,0.2,1.0,1,1.4812311,0.01745284
foolsgold,persistent_sybil,11,8,2,3,0.2,1.0,1,1.3333961,0.01571095
foolsgold,persistent_sybil,12,8,2,3,0.2,1.0,1,1.3309408,0.015682021
foolsgold,persistent_sybil,13,8,2,3,0.2,1.0,1,0.63847154,0.007522892
foolsgold,persistent_sybil,14,8,2,3,0.2,1.0,1,0.95658475,0.011271112
foolsgold,persistent_sybil,15,8,2,3,0.2,1.0,1,1.2712831,0.014979095
foolsgold,persistent_sybil,16,8,2,3,0.2,1.0,1,1.2077156,0.0142301
foolsgold,persistent_sybil,17,8,2,3,0.2,1.0,1,1.2315371,0.014510781
foolsgold,persistent_sybil,18,8,2,3,0.2,1.0,1,1.3745681,0.016196067
foolsgold,persistent_sybil,19,8,2,3,0.2,1.0,1,1.5529135,0.01829745
foolsgold,persistent_sybil,0,8,2,3,0.2,1.0,1001,1.5780144,0.018593205
foolsgold,persistent_sybil,1,8,2,3,0.2,1.0,1001,1.5690718,0.018487837
foolsgold,persistent_sybil,2,8,2,3,0.2,1.0,1001,1.5322478,0.018053953
foolsgold,persistent_sybil,3,8,2,3,0.2,1.0,1001,1.3221436,0.015578366
foolsgold,persistent_sybil,4,8,2,3,0.2,1.0,1001,1.5021855,0.017699739
foolsgold,persistent_sybil,5,8,2,3,0.2,1.0,1001,1.5089021,0.017778877
foolsgold,persistent_sybil,6,8,2,3,0.2,1.0,1001,1.4632568,0.017241055
foolsgold,persistent_sybil,7,8,2,3,0.2,1.0,1001,1.408589,0.016596923
foolsgold,persistent_sybil,8,8,2,3,0.2,1.0,1001,1.2168574,0.014337815
foolsgold,persistent_sybil,9,8,2,3,0.2,1.0,1001,1.2967888,0.01527962
foolsgold,persistent_sybil,10,8,2,3,0.2,1.0,1001,1.4737065,0.01736418
foolsgold,persistent_sybil,11,8,2,3,0.2,1.0,1001,1.5328261,0.018060766
foolsgold,persistent_sybil,12,8,2,3,0.2,1.0,1001,1.1883292,0.014001677
foolsgold,persistent_sybil,13,8,2,3,0.2,1.0,1001,1.4339862,0.01689617
foolsgold,persistent_sybil,14,8,2,3,0.2,1.0,1001,1.1593636,0.013660385
foolsgold,persistent_sybil,15,8,2,3,0.2,1.0,1001,1.4080242,0.016590267
foolsgold,persistent_sybil,16,8,2,3,0.2,1.0,1001,1.4211382,0.016744785
foolsgold,persistent_sybil,17,8,2,3,0.2,1.0,1001,1.3096052,0.015430631
foolsgold,persistent_sybil,18,8,2,3,0.2,1.0,1001,1.6194062,0.01908091
foolsgold,persistent_sybil,19,8,2,3,0.2,1.0,1001,1.3102963,0.015438774
foolsgold,persistent_sybil,0,8,2,3,0.2,1.0,2001,1.3495185,0.015900915
foolsgold,persistent_sybil,1,8,2,3,0.2,1.0,2001,1.1957084,0.014088623
foolsgold,persistent_sybil,2,8,2,3,0.2,1.0,2001,1.5617044,0.018401029
foolsgold,persistent_sybil,3,8,2,3,0.2,1.0,2001,1.5237736,0.017954104
foolsgold,persistent_sybil,4,8,2,3,0.2,1.0,2001,1.546558,0.018222565
foolsgold,persistent_sybil,5,8,2,3,0.2,1.0,2001,1.3540806,0.015954668
foolsgold,persistent_sybil,6,8,2,3,0.2,1.0,2001,1.2183708,0.014355646
foolsgold,persistent_sybil,7,8,2,3,0.2,1.0,2001,1.4444321,0.01701925
foolsgold,persistent_sybil,8,8,2,3,0.2,1.0,2001,1.403713,0.016539471
foolsgold,persistent_sybil,9,8,2,3,0.2,1.0,2001,1.4771779,0.017405082
foolsgold,persistent_sybil,10,8,2,3,0.2,1.0,2001,1.3419849,0.01581215
foolsgold,persistent_sybil,11,8,2,3,0.2,1.0,2001,1.1566428,0.013628327
foolsgold,persistent_sybil,12,8,2,3,0.2,1.0,2001,1.4650424,0.017262094
foolsgold,persistent_sybil,13,8,2,3,0.2,1.0,2001,0.9693022,0.011420957
foolsgold,persistent_sybil,14,8,2,3,0.2,1.0,2001,1.0847241,0.012780933
foolsgold,persistent_sybil,15,8,2,3,0.2,1.0,2001,1.5226938,0.01794138
foolsgold,persistent_sybil,16,8,2,3,0.2,1.0,2001,1.4742509,0.017370595
foolsgold,persistent_sybil,17,8,2,3,0.2,1.0,2001,1.304107,0.015365846
foolsgold,persistent_sybil,18,8,2,3,0.2,1.0,2001,1.4072552,0.016581208
foolsgold,persistent_sybil,19,8,2,3,0.2,1.0,2001,1.5150535,0.017851358
foolsgold,persistent_sybil,0,8,2,3,0.2,1.0,3001,1.3631084,0.01606104
foolsgold,persistent_sybil,1,8,2,3,0.2,1.0,3001,1.1741881,0.013835058
foolsgold,persistent_sybil,2,8,2,3,0.2,1.0,3001,1.4701931,0.017322784
foolsgold,persistent_sybil,3,8,2,3,0.2,1.0,3001,1.5780519,0.018593647
foolsgold,persistent_sybil,4,8,2,3,0.2,1.0,3001,0.9158195,0.010790789
foolsgold,persistent_sybil,5,8,2,3,0.2,1.0,3001,1.4632164,0.017240578
foolsgold,persistent_sybil,6,8,2,3,0.2,1.0,3001,1.2755512,0.015029384
foolsgold,persistent_sybil,7,8,2,3,0.2,1.0,3001,1.5576229,0.018352939
foolsgold,persistent_sybil,8,8,2,3,0.2,1.0,3001,1.5532084,0.018300923
foolsgold,persistent_sybil,9,8,2,3,0.2,1.0,3001,1.5795205,0.01861095
foolsgold,persistent_sybil,10,8,2,3,0.2,1.0,3001,1.5722096,0.018524809
foolsgold,persistent_sybil,11,8,2,3,0.2,1.0,3001,1.4781622,0.01741668
foolsgold,persistent_sybil,12,8,2,3,0.2,1.0,3001,1.1515164,0.0135679245
foolsgold,persistent_sybil,13,8,2,3,0.2,1.0,3001,1.3662187,0.016097687
foolsgold,persistent_sybil,14,8,2,3,0.2,1.0,3001,1.5493119,0.018255012
foolsgold,persistent_sybil,15,8,2,3,0.2,1.0,3001,1.3133917,0.015475245
foolsgold,persistent_sybil,16,8,2,3,0.2,1.0,3001,0.808896,0.009530946
foolsgold,persistent_sybil,17,8,2,3,0.2,1.0,3001,1.3785737,0.016243262
foolsgold,persistent_sybil,18,8,2,3,0.2,1.0,3001,1.3609352,0.016035434
foolsgold,persistent_sybil,19,8,2,3,0.2,1.0,3001,1.2212056,0.014389048
foolsgold,persistent_sybil,0,8,2,3,0.2,1.0,4001,1.406373,0.016570812
foolsgold,persistent_sybil,1,8,2,3,0.2,1.0,4001,1.4582074,0.017181559
foolsgold,persistent_sybil,2,8,2,3,0.2,1.0,4001,1.5688808,0.018485587
foolsgold,persistent_sybil,3,8,2,3,0.2,1.0,4001,1.1943448,0.014072556
foolsgold,persistent_sybil,4,8,2,3,0.2,1.0,4001,1.2085872,0.01424037
foolsgold,persistent_sybil,5,8,2,3,0.2,1.0,4001,1.4078754,0.016588515
foolsgold,persistent_sybil,6,8,2,3,0.2,1.0,4001,1.407745,0.016586978
foolsgold,persistent_sybil,7,8,2,3,0.2,1.0,4001,1.5151428,0.01785241
foolsgold,persistent_sybil,8,8,2,3,0.2,1.0,4001,1.5752745,0.018560922
foolsgold,persistent_sybil,9,8,2,3,0.2,1.0,4001,1.2373471,0.014579238
foolsgold,persistent_sybil,10,8,2,3,0.2,1.0,4001,1.1716423,0.013805061
foolsgold,persistent_sybil,11,8,2,3,0.2,1.0,4001,1.3745346,0.016195672
foolsgold,persistent_sybil,12,8,2,3,0.2,1.0,4001,1.4215442,0.01674957
foolsgold,persistent_sybil,13,8,2,3,0.2,1.0,4001,0.97404236,0.011476808
foolsgold,persistent_sybil,14,8,2,3,0.2,1.0,4001,1.2977421,0.015290852
foolsgold,persistent_sybil,15,8,2,3,0.2,1.0,4001,1.1847258,0.013959219
foolsgold,persistent_sybil,16,8,2,3,0.2,1.0,4001,1.3984069,0.01647695
foolsgold,persistent_sybil,17,8,2,3,0.2,1.0,4001,1.2216439,0.014394213
foolsgold,persistent_sybil,18,8,2,3,0.2,1.0,4001,1.5885684,0.018717559
foolsgold,persistent_sybil,19,8,2,3,0.2,1.0,4001,1.3567355,0.01598595
dss_fedavg,persistent_sybil,0,8,2,3,0.2,1.0,1,17.012531,0.20045285
dss_fedavg,persistent_sybil,1,8,2,3,0.2,1.0,1,16.932629,0.19951138
dss_fedavg,persistent_sybil,2,8,2,3,0.2,1.0,1,17.01689,0.2005042
dss_fedavg,persistent_sybil,3,8,2,3,0.2,1.0,1,17.081415,0.20126449
dss_fedavg,persistent_sybil,4,8,2,3,0.2,1.0,1,16.999651,0.20030108
dss_fedavg,persistent_sybil,5,8,2,3,0.2,1.0,1,17.075895,0.20119944
dss_fedavg,persistent_sybil,6,8,2,3,0.2,1.0,1,16.906864,0.1992078
dss_fedavg,persistent_sybil,7,8,2,3,0.2,1.0,1,16.885197,0.19895251
dss_fedavg,persistent_sybil,8,8,2,3,0.2,1.0,1,17.099262,0.20147477
dss_fedavg,persistent_sybil,9,8,2,3,0.2,1.0,1,16.92806,0.19945756
dss_fedavg,persistent_sybil,10,8,2,3,0.2,1.0,1,17.196447,0.20261987
dss_fedavg,persistent_sybil,11,8,2,3,0.2,1.0,1,16.973562,0.19999368
dss_fedavg,persistent_sybil,12,8,2,3,0.2,1.0,1,16.911606,0.19926368
dss_fedavg,persistent_sybil,13,8,2,3,0.2,1.0,1,17.068186,0.2011086
dss_fedavg,persistent_sybil,14,8,2,3,0.2,1.0,1,17.104067,0.20153138
dss_fedavg,persistent_sybil,15,8,2,3,0.2,1.0,1,16.91897,0.19935045
dss_fedavg,persistent_sybil,16,8,2,3,0.2,1.0,1,16.962631,0.1998649
dss_fedavg,persistent_sybil,17,8,2,3,0.2,1.0,1,16.98579,0.20013776
dss_fedavg,persistent_sybil,18,8,2,3,0.2,1.0,1,17.038263,0.20075603
dss_fedavg,persistent_sybil,19,8,2,3,0.2,1.0,1,16.905859,0.19919597
dss_fedavg,persistent_sybil,0,8,2,3,0.2,1.0,1001,16.926119,0.19943468
dss_fedavg,persistent_sybil,1,8,2,3,0.2,1.0,1001,17.048244,0.20087364
dss_fedavg,persistent_sybil,2,8,2,3,0.2,1.0,1001,16.949986,0.19971588
dss_fedavg,persistent_sybil,3,8,2,3,0.2,1.0,1001,16.976948,0.20003358
dss_fedavg,persistent_sybil,4,8,2,3,0.2,1.0,1001,16.881252,0.19890603
dss_fedavg,persistent_sybil,5,8,2,3,0.2,1.0,1001,17.049185,0.20088471
dss_fedavg,persistent_sybil,6,8,2,3,0.2,1.0,1001,16.997623,0.2002772
dss_fedavg,persistent_sybil,7,8,2,3,0.2,1.0,1001,16.885332,0.1989541
dss_fedavg,persistent_sybil,8,8,2,3,0.2,1.0,1001,17.118652,0.20170324
dss_fedavg,persistent_sybil,9,8,2,3,0.2,1.0,1001,17.075827,0.20119864
dss_fedavg,persistent_sybil,10,8,2,3,0.2,1.0,1001,16.911066,0.19925731
dss_fedavg,persistent_sybil,11,8,2,3,0.2,1.0,1001,17.053932,0.20094065
dss_fedavg,persistent_sybil,12,8,2,3,0.2,1.0,1001,17.02629,0.20061497
dss_fedavg,persistent_sybil,13,8,2,3,0.2,1.0,1001,17.131077,0.20184962
dss_fedavg,persistent_sybil,14,8,2,3,0.2,1.0,1001,17.060015,0.20101233
dss_fedavg,persistent_sybil,15,8,2,3,0.2,1.0,1001,16.900433,0.19913203
dss_fedavg,persistent_sybil,16,8,2,3,0.2,1.0,1001,16.851702,0.19855784
dss_fedavg,persistent_sybil,17,8,2,3,0.2,1.0,1001,17.002213,0.20033126
dss_fedavg,persistent_sybil,18,8,2,3,0.2,1.0,1001,16.984415,0.20012157
dss_fedavg,persistent_sybil,19,8,2,3,0.2,1.0,1001,17.002941,0.20033985
dss_fedavg,persistent_sybil,0,8,2,3,0.2,1.0,2001,17.026028,0.20061187
dss_fedavg,persistent_sybil,1,8,2,3,0.2,1.0,2001,16.73597,0.19719422
dss_fedavg,persistent_sybil,2,8,2,3,0.2,1.0,2001,16.83839,0.198401
dss_fedavg,persistent_sybil,3,8,2,3,0.2,1.0,2001,16.905746,0.19919464
dss_fedavg,persistent_sybil,4,8,2,3,0.2,1.0,2001,17.090364,0.20136993
dss_fedavg,persistent_sybil,5,8,2,3,0.2,1.0,2001,16.88737,0.1989781
dss_fedavg,persistent_sybil,6,8,2,3,0.2,1.0,2001,16.952198,0.19974196
dss_fedavg,persistent_sybil,7,8,2,3,0.2,1.0,2001,16.955162,0.19977689
dss_fedavg,persistent_sybil,8,8,2,3,0.2,1.0,2001,17.038013,0.2007531
dss_fedavg,persistent_sybil,9,8,2,3,0.2,1.0,2001,17.044405,0.2008284
dss_fedavg,persistent_sybil,10,8,2,3,0.2,1.0,2001,16.917152,0.19932903
dss_fedavg,persistent_sybil,11,8,2,3,0.2,1.0,2001,16.972807,0.19998479
dss_fedavg,persistent_sybil,12,8,2,3,0.2,1.0,2001,17.158237,0.20216966
dss_fedavg,persistent_sybil,13,8,2,3,0.2,1.0,2001,17.149742,0.20206955
dss_fedavg,persistent_sybil,14,8,2,3,0.2,1.0,2001,16.882471,0.19892038
dss_fedavg,persistent_sybil,15,8,2,3,0.2,1.0,2001,16.986656,0.20014797
dss_fedavg,persistent_sybil,16,8,2,3,0.2,1.0,2001,16.874382,0.19882508
dss_fedavg,persistent_sybil,17,8,2,3,0.2,1.0,2001,17.09483,0.20142254
dss_fedavg,persistent_sybil,18,8,2,3,0.2,1.0,2001,17.020699,0.20054908
dss_fedavg,persistent_sybil,19,8,2,3,0.2,1.0,2001,17.111414,0.20161794
dss_fedavg,persistent_sybil,0,8,2,3,0.2,1.0,3001,16.98005,0.20007011
dss_fedavg,persistent_sybil,1,8,2,3,0.2,1.0,3001,16.945244,0.19966002
dss_fedavg,persistent_sybil,2,8,2,3,0.2,1.0,3001,17.15537,0.20213588
dss_fedavg,persistent_sybil,3,8,2,3,0.2,1.0,3001,16.876078,0.19884506
dss_fedavg,persistent_sybil,4,8,2,3,0.2,1.0,3001,16.938538,0.199581
dss_fedavg,persistent_sybil,5,8,2,3,0.2,1.0,3001,16.951605,0.19973497
dss_fedavg,persistent_sybil,6,8,2,3,0.2,1.0,3001,16.933462,0.1995212
dss_fedavg,persistent_sybil,7,8,2,3,0.2,1.0,3001,16.909292,0.19923641
dss_fedavg,persistent_sybil,8,8,2,3,0.2,1.0,3001,16.935732,0.19954795
dss_fedavg,persistent_sybil,9,8,2,3,0.2,1.0,3001,17.04365,0.2008195
dss_fedavg,persistent_sybil,10,8,2,3,0.2,1.0,3001,17.080673,0.20125574
dss_fedavg,persistent_sybil,11,8,2,3,0.2,1.0,3001,16.806553,0.19802587
dss_fedavg,persistent_sybil,12,8,2,3,0.2,1.0,3001,17.081898,0.20127016
dss_fedavg,persistent_sybil,13,8,2,3,0.2,1.0,3001,16.898067,0.19910416
dss_fedavg,persistent_sybil,14,8,2,3,0.2,1.0,3001,16.932251,0.19950692
dss_fedavg,persistent_sybil,15,8,2,3,0.2,1.0,3001,16.924332,0.19941361
dss_fedavg,persistent_sybil,16,8,2,3,0.2,1.0,3001,17.042038,0.20080051
dss_fedavg,persistent_sybil,17,8,2,3,0.2,1.0,3001,17.168282,0.202288
dss_fedavg,persistent_sybil,18,8,2,3,0.2,1.0,3001,17.020422,0.20054582
dss_fedavg,persistent_sybil,19,8,2,3,0.2,1.0,3001,17.070967,0.20114137
dss_fedavg,persistent_sybil,0,8,2,3,0.2,1.0,4001,16.940166,0.19960019
dss_fedavg,persistent_sybil,1,8,2,3,0.2,1.0,4001,16.953426,0.19975643
dss_fedavg,persistent_sybil,2,8,2,3,0.2,1.0,4001,16.95562,0.19978228
dss_fedavg,persistent_sybil,3,8,2,3,0.2,1.0,4001,16.974548,0.20000531
dss_fedavg,persistent_sybil,4,8,2,3,0.2,1.0,4001,16.964914,0.19989179
dss_fedavg,persistent_sybil,5,8,2,3,0.2,1.0,4001,17.065178,0.20107315
dss_fedavg,persistent_sybil,6,8,2,3,0.2,1.0,4001,16.952446,0.19974488
dss_fedavg,persistent_sybil,7,8,2,3,0.2,1.0,4001,17.029116,0.20064825
dss_fedavg,persistent_sybil,8,8,2,3,0.2,1.0,4001,17.049044,0.20088306
dss_fedavg,persistent_sybil,9,8,2,3,0.2,1.0,4001,17.030853,0.20066872
dss_fedavg,persistent_sybil,10,8,2,3,0.2,1.0,4001,16.977268,0.20003735
dss_fedavg,persistent_sybil,11,8,2,3,0.2,1.0,4001,17.000307,0.20030881
dss_fedavg,persistent_sybil,12,8,2,3,0.2,1.0,4001,16.984945,0.20012781
dss_fedavg,persistent_sybil,13,8,2,3,0.2,1.0,4001,17.065851,0.2010811
dss_fedavg,persistent_sybil,14,8,2,3,0.2,1.0,4001,16.940279,0.19960152
dss_fedavg,persistent_sybil,15,8,2,3,0.2,1.0,4001,16.943071,0.19963442
dss_fedavg,persistent_sybil,16,8,2,3,0.2,1.0,4001,16.95906,0.19982281
dss_fedavg,persistent_sybil,17,8,2,3,0.2,1.0,4001,16.902973,0.19916196
dss_fedavg,persistent_sybil,18,8,2,3,0.2,1.0,4001,17.057077,0.20097771
dss_fedavg,persistent_sybil,19,8,2,3,0.2,1.0,4001,16.956657,0.1997945
centered_clipping,persistent_sybil,0,8,2,3,0.2,1.0,1,16.41289,0.19338746
centered_clipping,persistent_sybil,1,8,2,3,0.2,1.0,1,15.813145,0.18632089
centered_clipping,persistent_sybil,2,8,2,3,0.2,1.0,1,15.2133465,0.17925367
centered_clipping,persistent_sybil,3,8,2,3,0.2,1.0,1,14.613841,0.17218989
centered_clipping,persistent_sybil,4,8,2,3,0.2,1.0,1,14.014049,0.16512275
centered_clipping,persistent_sybil,5,8,2,3,0.2,1.0,1,13.414521,0.15805872
centered_clipping,persistent_sybil,6,8,2,3,0.2,1.0,1,12.814855,0.15099305
centered_clipping,persistent_sybil,7,8,2,3,0.2,1.0,1,12.215285,0.14392853
centered_clipping,persistent_sybil,8,8,2,3,0.2,1.0,1,11.615816,0.1368652
centered_clipping,persistent_sybil,9,8,2,3,0.2,1.0,1,11.016483,0.12980346
centered_clipping,persistent_sybil,10,8,2,3,0.2,1.0,1,10.417108,0.12274122
centered_clipping,persistent_sybil,11,8,2,3,0.2,1.0,1,9.8180485,0.11568271
centered_clipping,persistent_sybil,12,8,2,3,0.2,1.0,1,9.218805,0.10862204
centered_clipping,persistent_sybil,13,8,2,3,0.2,1.0,1,8.619945,0.10156586
centered_clipping,persistent_sybil,14,8,2,3,0.2,1.0,1,8.021289,0.094512105
centered_clipping,persistent_sybil,15,8,2,3,0.2,1.0,1,7.4232173,0.087465234
centered_clipping,persistent_sybil,16,8,2,3,0.2,1.0,1,6.8251805,0.08041877
centered_clipping,persistent_sybil,17,8,2,3,0.2,1.0,1,6.226191,0.073361084
centered_clipping,persistent_sybil,18,8,2,3,0.2,1.0,1,5.628017,0.066313
centered_clipping,persistent_sybil,19,8,2,3,0.2,1.0,1,5.030232,0.059269503
centered_clipping,persistent_sybil,0,8,2,3,0.2,1.0,1001,16.326235,0.19236645
centered_clipping,persistent_sybil,1,8,2,3,0.2,1.0,1001,15.726392,0.1852987
centered_clipping,persistent_sybil,2,8,2,3,0.2,1.0,1001,15.126846,0.17823446
centered_clipping,persistent_sybil,3,8,2,3,0.2,1.0,1001,14.527254,0.17116967
centered_clipping,persistent_sybil,4,8,2,3,0.2,1.0,1001,13.927458,0.16410248
centered_clipping,persistent_sybil,5,8,2,3,0.2,1.0,1001,13.328074,0.15704015
centered_clipping,persistent_sybil,6,8,2,3,0.2,1.0,1001,12.72865,0.14997734
centered_clipping,persistent_sybil,7,8,2,3,0.2,1.0,1001,12.128986,0.1429117
centered_clipping,persistent_sybil,8,8,2,3,0.2,1.0,1001,11.529658,0.13585003
centered_clipping,persistent_sybil,9,8,2,3,0.2,1.0,1001,10.930326,0.1287883
centered_clipping,persistent_sybil,10,8,2,3,0.2,1.0,1001,10.330726,0.12172341
centered_clipping,persistent_sybil,11,8,2,3,0.2,1.0,1001,9.731985,0.11466865
centered_clipping,persistent_sybil,12,8,2,3,0.2,1.0,1001,9.132951,0.10761044
centered_clipping,persistent_sybil,13,8,2,3,0.2,1.0,1001,8.534641,0.10056076
centered_clipping,persistent_sybil,14,8,2,3,0.2,1.0,1001,7.9352956,0.09349888
centered_clipping,persistent_sybil,15,8,2,3,0.2,1.0,1001,7.3362355,0.086440355
centered_clipping,persistent_sybil,16,8,2,3,0.2,1.0,1001,6.7368064,0.07937749
centered_clipping,persistent_sybil,17,8,2,3,0.2,1.0,1001,6.13748,0.07231583
centered_clipping,persistent_sybil,18,8,2,3,0.2,1.0,1001,5.539951,0.06527535
centered_clipping,persistent_sybil,19,8,2,3,0.2,1.0,1001,4.9429216,0.058240756
centered_clipping,persistent_sybil,0,8,2,3,0.2,1.0,2001,16.426422,0.19354692
centered_clipping,persistent_sybil,1,8,2,3,0.2,1.0,2001,15.826665,0.18648018
centered_clipping,persistent_sybil,2,8,2,3,0.2,1.0,2001,15.226942,0.17941386
centered_clipping,persistent_sybil,3,8,2,3,0.2,1.0,2001,14.627384,0.17234947
centered_clipping,persistent_sybil,4,8,2,3,0.2,1.0,2001,14.02779,0.16528466
centered_clipping,persistent_sybil,5,8,2,3,0.2,1.0,2001,13.428123,0.158219
centered_clipping,persistent_sybil,6,8,2,3,0.2,1.0,2001,12.828488,0.1511537
centered_clipping,persistent_sybil,7,8,2,3,0.2,1.0,2001,12.228775,0.14408748
centered_clipping,persistent_sybil,8,8,2,3,0.2,1.0,2001,11.629267,0.13702367
centered_clipping,persistent_sybil,9,8,2,3,0.2,1.0,2001,11.02966,0.12995872
centered_clipping,persistent_sybil,10,8,2,3,0.2,1.0,2001,10.429868,0.12289157
centered_clipping,persistent_sybil,11,8,2,3,0.2,1.0,2001,9.830726,0.11583208
centered_clipping,persistent_sybil,12,8,2,3,0.2,1.0,2001,9.231528,0.10877194
centered_clipping,persistent_sybil,13,8,2,3,0.2,1.0,2001,8.632375,0.10171232
centered_clipping,persistent_sybil,14,8,2,3,0.2,1.0,2001,8.033861,0.094660245
centered_clipping,persistent_sybil,15,8,2,3,0.2,1.0,2001,7.4346313,0.087599725
centered_clipping,persistent_sybil,16,8,2,3,0.2,1.0,2001,6.8360987,0.080547415
centered_clipping,persistent_sybil,17,8,2,3,0.2,1.0,2001,6.2373433,0.07349248
centered_clipping,persistent_sybil,18,8,2,3,0.2,1.0,2001,5.6386595,0.0664384
centered_clipping,persistent_sybil,19,8,2,3,0.2,1.0,2001,5.04115,0.05939815
centered_clipping,persistent_sybil,0,8,2,3,0.2,1.0,3001,16.380196,0.19300225
centered_clipping,persistent_sybil,1,8,2,3,0.2,1.0,3001,15.78034,0.18593435
centered_clipping,persistent_sybil,2,8,2,3,0.2,1.0,3001,15.180594,0.17886776
centered_clipping,persistent_sybil,3,8,2,3,0.2,1.0,3001,14.58086,0.1718013
centered_clipping,persistent_sybil,4,8,2,3,0.2,1.0,3001,13.981002,0.16473337
centered_clipping,persistent_sybil,5,8,2,3,0.2,1.0,3001,13.381261,0.15766683
centered_clipping,persistent_sybil,6,8,2,3,0.2,1.0,3001,12.781722,0.15060267
centered_clipping,persistent_sybil,7,8,2,3,0.2,1.0,3001,12.182097,0.14353749
centered_clipping,persistent_sybil,8,8,2,3,0.2,1.0,3001,11.582567,0.13647343
centered_clipping,persistent_sybil,9,8,2,3,0.2,1.0,3001,10.983334,0.12941287
centered_clipping,persistent_sybil,10,8,2,3,0.2,1.0,3001,10.384082,0.122352086
centered_clipping,persistent_sybil,11,8,2,3,0.2,1.0,3001,9.785011,0.11529344
centered_clipping,persistent_sybil,12,8,2,3,0.2,1.0,3001,9.185839,0.1082336
centered_clipping,persistent_sybil,13,8,2,3,0.2,1.0,3001,8.586302,0.10116946
centered_clipping,persistent_sybil,14,8,2,3,0.2,1.0,3001,7.987824,0.0941178
centered_clipping,persistent_sybil,15,8,2,3,0.2,1.0,3001,7.389064,0.08706281
centered_clipping,persistent_sybil,16,8,2,3,0.2,1.0,3001,6.790927,0.080015175
centered_clipping,persistent_sybil,17,8,2,3,0.2,1.0,3001,6.191579,0.07295326
centered_clipping,persistent_sybil,18,8,2,3,0.2,1.0,3001,5.593856,0.065910496
centered_clipping,persistent_sybil,19,8,2,3,0.2,1.0,3001,4.9969335,0.05887716
centered_clipping,persistent_sybil,0,8,2,3,0.2,1.0,4001,16.340433,0.19253375
centered_clipping,persistent_sybil,1,8,2,3,0.2,1.0,4001,15.740685,0.18546712
centered_clipping,persistent_sybil,2,8,2,3,0.2,1.0,4001,15.141117,0.1784026
centered_clipping,persistent_sybil,3,8,2,3,0.2,1.0,4001,14.541436,0.17133677
centered_clipping,persistent_sybil,4,8,2,3,0.2,1.0,4001,13.941704,0.16427033
centered_clipping,persistent_sybil,5,8,2,3,0.2,1.0,4001,13.342324,0.15720806
centered_clipping,persistent_sybil,6,8,2,3,0.2,1.0,4001,12.742731,0.15014325
centered_clipping,persistent_sybil,7,8,2,3,0.2,1.0,4001,12.142959,0.14307633
centered_clipping,persistent_sybil,8,8,2,3,0.2,1.0,4001,11.543619,0.13601452
centered_clipping,persistent_sybil,9,8,2,3,0.2,1.0,4001,10.943957,0.12894891
centered_clipping,persistent_sybil,10,8,2,3,0.2,1.0,4001,10.344411,0.12188466
centered_clipping,persistent_sybil,11,8,2,3,0.2,1.0,4001,9.745476,0.11482761
centered_clipping,persistent_sybil,12,8,2,3,0.2,1.0,4001,9.146637,0.1077717
centered_clipping,persistent_sybil,13,8,2,3,0.2,1.0,4001,8.547148,0.10070812
centered_clipping,persistent_sybil,14,8,2,3,0.2,1.0,4001,7.948008,0.093648665
centered_clipping,persistent_sybil,15,8,2,3,0.2,1.0,4001,7.3500943,0.08660365
centered_clipping,persistent_sybil,16,8,2,3,0.2,1.0,4001,6.751525,0.079550914
centered_clipping,persistent_sybil,17,8,2,3,0.2,1.0,4001,6.1527796,0.0724961
centered_clipping,persistent_sybil,18,8,2,3,0.2,1.0,4001,5.555888,0.06546313
centered_clipping,persistent_sybil,19,8,2,3,0.2,1.0,4001,4.957023,0.05840691
fedavg,adaptive_evasion,0,8,2,3,0.2,1.0,1,17.012531,0.20045285
fedavg,adaptive_evasion,1,8,2,3,0.2,1.0,1,20.396658,0.19959347
fedavg,adaptive_evasion,2,8,2,3,0.2,1.0,1,24.637772,0.2003468
fedavg,adaptive_evasion,3,8,2,3,0.2,1.0,1,29.690437,0.20072341
fedavg,adaptive_evasion,4,8,2,3,0.2,1.0,1,35.59489,0.20014332
fedavg,adaptive_evasion,5,8,2,3,0.2,1.0,1,42.854065,0.20047483
fedavg,adaptive_evasion,6,8,2,3,0.2,1.0,1,51.305115,0.19973819
fedavg,adaptive_evasion,7,8,2,3,0.2,1.0,1,61.627155,0.1997117
fedavg,adaptive_evasion,8,8,2,3,0.2,1.0,1,74.25372,0.2003375
fedavg,adaptive_evasion,9,8,2,3,0.2,1.0,1,88.97709,0.19989544
fedavg,adaptive_evasion,10,8,2,3,0.2,1.0,1,107.1198,0.20041561
fedavg,adaptive_evasion,11,8,2,3,0.2,1.0,1,128.34592,0.19999914
fedavg,adaptive_evasion,12,8,2,3,0.2,1.0,1,154.02246,0.19991876
fedavg,adaptive_evasion,13,8,2,3,0.2,1.0,1,185.06522,0.20010151
fedavg,adaptive_evasion,14,8,2,3,0.2,1.0,1,222.16391,0.20011622
fedavg,adaptive_evasion,15,8,2,3,0.2,1.0,1,266.4558,0.19995844
fedavg,adaptive_evasion,16,8,2,3,0.2,1.0,1,319.87057,0.19999242
fedavg,adaptive_evasion,17,8,2,3,0.2,1.0,1,383.93997,0.20000595
fedavg,adaptive_evasion,18,8,2,3,0.2,1.0,1,460.84766,0.20002781
fedavg,adaptive_evasion,19,8,2,3,0.2,1.0,1,552.94073,0.19997509
fedavg,adaptive_evasion,0,8,2,3,0.2,1.0,1001,16.926119,0.19943468
fedavg,adaptive_evasion,1,8,2,3,0.2,1.0,1001,20.512333,0.20072542
fedavg,adaptive_evasion,2,8,2,3,0.2,1.0,1001,24.571001,0.19980384
fedavg,adaptive_evasion,3,8,2,3,0.2,1.0,1001,29.585333,0.20001285
fedavg,adaptive_evasion,4,8,2,3,0.2,1.0,1001,35.47646,0.19947742
fedavg,adaptive_evasion,5,8,2,3,0.2,1.0,1001,42.82614,0.2003442
fedavg,adaptive_evasion,6,8,2,3,0.2,1.0,1001,51.395405,0.20008971
fedavg,adaptive_evasion,7,8,2,3,0.2,1.0,1001,61.627037,0.19971132
fedavg,adaptive_evasion,8,8,2,3,0.2,1.0,1001,74.27272,0.20038876
fedavg,adaptive_evasion,9,8,2,3,0.2,1.0,1001,89.124985,0.2002277
fedavg,adaptive_evasion,10,8,2,3,0.2,1.0,1001,106.83427,0.1998814
fedavg,adaptive_evasion,11,8,2,3,0.2,1.0,1001,128.42601,0.20012394
fedavg,adaptive_evasion,12,8,2,3,0.2,1.0,1001,154.13644,0.20006672
fedavg,adaptive_evasion,13,8,2,3,0.2,1.0,1001,185.12799,0.20016938
fedavg,adaptive_evasion,14,8,2,3,0.2,1.0,1001,222.12076,0.20007735
fedavg,adaptive_evasion,15,8,2,3,0.2,1.0,1001,266.43735,0.19994459
fedavg,adaptive_evasion,16,8,2,3,0.2,1.0,1001,319.7598,0.19992316
fedavg,adaptive_evasion,17,8,2,3,0.2,1.0,1001,383.9565,0.20001458
fedavg,adaptive_evasion,18,8,2,3,0.2,1.0,1001,460.79337,0.20000423
fedavg,adaptive_evasion,19,8,2,3,0.2,1.0,1001,553.0381,0.2000103
fedavg,adaptive_evasion,0,8,2,3,0.2,1.0,2001,17.026028,0.20061187
fedavg,adaptive_evasion,1,8,2,3,0.2,1.0,2001,20.199984,0.1976689
fedavg,adaptive_evasion,2,8,2,3,0.2,1.0,2001,24.459318,0.19889568
fedavg,adaptive_evasion,3,8,2,3,0.2,1.0,2001,29.514894,0.19953665
fedavg,adaptive_evasion,4,8,2,3,0.2,1.0,2001,35.685555,0.20065312
fedavg,adaptive_evasion,5,8,2,3,0.2,1.0,2001,42.66545,0.19959249
fedavg,adaptive_evasion,6,8,2,3,0.2,1.0,2001,51.35036,0.19991434
fedavg,adaptive_evasion,7,8,2,3,0.2,1.0,2001,61.697174,0.19993861
fedavg,adaptive_evasion,8,8,2,3,0.2,1.0,2001,74.1921,0.20017125
fedavg,adaptive_evasion,9,8,2,3,0.2,1.0,2001,89.09376,0.20015754
fedavg,adaptive_evasion,10,8,2,3,0.2,1.0,2001,106.840324,0.19989273
fedavg,adaptive_evasion,11,8,2,3,0.2,1.0,2001,128.34467,0.19999719
fedavg,adaptive_evasion,12,8,2,3,0.2,1.0,2001,154.26915,0.20023896
fedavg,adaptive_evasion,13,8,2,3,0.2,1.0,2001,185.14651,0.20018941
fedavg,adaptive_evasion,14,8,2,3,0.2,1.0,2001,221.94237,0.19991666
fedavg,adaptive_evasion,15,8,2,3,0.2,1.0,2001,266.52338,0.20000915
fedavg,adaptive_evasion,16,8,2,3,0.2,1.0,2001,319.78296,0.19993764
fedavg,adaptive_evasion,17,8,2,3,0.2,1.0,2001,384.0493,0.2000629
fedavg,adaptive_evasion,18,8,2,3,0.2,1.0,2001,460.82993,0.2000201
fedavg,adaptive_evasion,19,8,2,3,0.2,1.0,2001,553.1464,0.20004947
fedavg,adaptive_evasion,0,8,2,3,0.2,1.0,3001,16.98005,0.20007011
fedavg,adaptive_evasion,1,8,2,3,0.2,1.0,3001,20.409182,0.19971602
fedavg,adaptive_evasion,2,8,2,3,0.2,1.0,3001,24.776163,0.20147216
fedavg,adaptive_evasion,3,8,2,3,0.2,1.0,3001,29.485323,0.19933672
fedavg,adaptive_evasion,4,8,2,3,0.2,1.0,3001,35.533676,0.19979914
fedavg,adaptive_evasion,5,8,2,3,0.2,1.0,3001,42.729996,0.19989443
fedavg,adaptive_evasion,6,8,2,3,0.2,1.0,3001,51.331066,0.19983922
fedavg,adaptive_evasion,7,8,2,3,0.2,1.0,3001,61.651043,0.1997891
fedavg,adaptive_evasion,8,8,2,3,0.2,1.0,3001,74.09016,0.19989619
fedavg,adaptive_evasion,9,8,2,3,0.2,1.0,3001,89.09284,0.20015548
fedavg,adaptive_evasion,10,8,2,3,0.2,1.0,3001,107.00422,0.20019938
fedavg,adaptive_evasion,11,8,2,3,0.2,1.0,3001,128.17657,0.19973525
fedavg,adaptive_evasion,12,8,2,3,0.2,1.0,3001,154.19234,0.20013925
fedavg,adaptive_evasion,13,8,2,3,0.2,1.0,3001,184.89526,0.19991775
fedavg,adaptive_evasion,14,8,2,3,0.2,1.0,3001,221.99275,0.19996205
fedavg,adaptive_evasion,15,8,2,3,0.2,1.0,3001,266.4614,0.19996265
fedavg,adaptive_evasion,16,8,2,3,0.2,1.0,3001,319.95035,0.2000423
fedavg,adaptive_evasion,17,8,2,3,0.2,1.0,3001,384.1227,0.20010115
fedavg,adaptive_evasion,18,8,2,3,0.2,1.0,3001,460.82974,0.20002003
fedavg,adaptive_evasion,19,8,2,3,0.2,1.0,3001,553.10583,0.2000348
fedavg,adaptive_evasion,0,8,2,3,0.2,1.0,4001,16.940168,0.19960022
fedavg,adaptive_evasion,1,8,2,3,0.2,1.0,4001,20.417446,0.19979689
fedavg,adaptive_evasion,2,8,2,3,0.2,1.0,4001,24.576635,0.19984967
fedavg,adaptive_evasion,3,8,2,3,0.2,1.0,4001,29.583529,0.20000066
fedavg,adaptive_evasion,4,8,2,3,0.2,1.0,4001,35.5599,0.19994657
fedavg,adaptive_evasion,5,8,2,3,0.2,1.0,4001,42.843033,0.20042323
fedavg,adaptive_evasion,6,8,2,3,0.2,1.0,4001,51.35069,0.19991562
fedavg,adaptive_evasion,7,8,2,3,0.2,1.0,4001,61.77107,0.20017807
fedavg,adaptive_evasion,8,8,2,3,0.2,1.0,4001,74.202286,0.20019872
fedavg,adaptive_evasion,9,8,2,3,0.2,1.0,4001,89.08037,0.20012747
fedavg,adaptive_evasion,10,8,2,3,0.2,1.0,4001,106.90028,0.20000492
fedavg,adaptive_evasion,11,8,2,3,0.2,1.0,4001,128.37233,0.2000403
fedavg,adaptive_evasion,12,8,2,3,0.2,1.0,4001,154.09459,0.20001239
fedavg,adaptive_evasion,13,8,2,3,0.2,1.0,4001,185.0628,0.2000989
fedavg,adaptive_evasion,14,8,2,3,0.2,1.0,4001,222.001,0.19996949
fedavg,adaptive_evasion,15,8,2,3,0.2,1.0,4001,266.4799,0.19997652
fedavg,adaptive_evasion,16,8,2,3,0.2,1.0,4001,319.8675,0.1999905
fedavg,adaptive_evasion,17,8,2,3,0.2,1.0,4001,383.85718,0.19996282
fedavg,adaptive_evasion,18,8,2,3,0.2,1.0,4001,460.86594,0.20003574
fedavg,adaptive_evasion,19,8,2,3,0.2,1.0,4001,552.9922,0.1999937
krum,adaptive_evasion,0,8,2,3,0.2,1.0,1,0.13920565,0.0016402126
krum,adaptive_evasion,1,8,2,3,0.2,1.0,1,0.3879176,0.009331848
krum,adaptive_evasion,2,8,2,3,0.2,1.0,1,0.20969842,0.0105277775
krum,adaptive_evasion,3,8,2,3,0.2,1.0,1,0.4022157,0.044232257
krum,adaptive_evasion,4,8,2,3,0.2,1.0,1,0.3633399,0.09871736
krum,adaptive_evasion,5,8,2,3,0.2,1.0,1,0.37281993,0.07827188
krum,adaptive_evasion,6,8,2,3,0.2,1.0,1,0.29438955,0.048561674
krum,adaptive_evasion,7,8,2,3,0.2,1.0,1,0.31431276,0.14517482
krum,adaptive_evasion,8,8,2,3,0.2,1.0,1,0.2603167,0.08840817
krum,adaptive_evasion,9,8,2,3,0.2,1.0,1,0.28637066,0.07381078
krum,adaptive_evasion,10,8,2,3,0.2,1.0,1,0.51315945,0.10258749
krum,adaptive_evasion,11,8,2,3,0.2,1.0,1,0.34140223,0.053772535
krum,adaptive_evasion,12,8,2,3,0.2,1.0,1,0.19943902,0.086394146
krum,adaptive_evasion,13,8,2,3,0.2,1.0,1,0.3415129,0.109579235
krum,adaptive_evasion,14,8,2,3,0.2,1.0,1,0.2785409,0.06816438
krum,adaptive_evasion,15,8,2,3,0.2,1.0,1,0.41518614,0.3527104
krum,adaptive_evasion,16,8,2,3,0.2,1.0,1,0.3948724,0.22449112
krum,adaptive_evasion,17,8,2,3,0.2,1.0,1,0.013457935,1.0
krum,adaptive_evasion,18,8,2,3,0.2,1.0,1,0.31885374,0.87945145
krum,adaptive_evasion,19,8,2,3,0.2,1.0,1,0.21981928,0.28128517
krum,adaptive_evasion,0,8,2,3,0.2,1.0,1001,0.16645326,0.001961262
krum,adaptive_evasion,1,8,2,3,0.2,1.0,1001,0.27051345,0.0065075424
krum,adaptive_evasion,2,8,2,3,0.2,1.0,1001,0.22888859,0.011491207
krum,adaptive_evasion,3,8,2,3,0.2,1.0,1001,0.6076259,0.06682152
krum,adaptive_evasion,4,8,2,3,0.2,1.0,1001,0.41570494,0.11294463
krum,adaptive_evasion,5,8,2,3,0.2,1.0,1001,0.54728705,0.11490047
krum,adaptive_evasion,6,8,2,3,0.2,1.0,1001,0.4003571,0.06604178
krum,adaptive_evasion,7,8,2,3,0.2,1.0,1001,0.19864288,0.0917492
krum,adaptive_evasion,8,8,2,3,0.2,1.0,1001,0.46703863,0.1586146
krum,adaptive_evasion,9,8,2,3,0.2,1.0,1001,0.26184466,0.06748931
krum,adaptive_evasion,10,8,2,3,0.2,1.0,1001,0.2804325,0.056062236
krum,adaptive_evasion,11,8,2,3,0.2,1.0,1001,0.42490202,0.06692416
krum,adaptive_evasion,12,8,2,3,0.2,1.0,1001,0.27972367,0.03511814
krum,adaptive_evasion,13,8,2,3,0.2,1.0,1001,0.37002152,0.118726626
krum,adaptive_evasion,14,8,2,3,0.2,1.0,1001,0.18068449,0.04421701
krum,adaptive_evasion,15,8,2,3,0.2,1.0,1001,0.14282694,0.027205214
krum,adaptive_evasion,16,8,2,3,0.2,1.0,1001,0.40057808,0.060270008
krum,adaptive_evasion,17,8,2,3,0.2,1.0,1001,0.27728048,0.112845436
krum,adaptive_evasion,18,8,2,3,0.2,1.0,1001,0.28859493,0.08758533
krum,adaptive_evasion,19,8,2,3,0.2,1.0,1001,0.36760324,0.4703925
krum,adaptive_evasion,0,8,2,3,0.2,1.0,2001,0.29126975,0.0034319318
krum,adaptive_evasion,1,8,2,3,0.2,1.0,2001,0.3292758,0.007921144
krum,adaptive_evasion,2,8,2,3,0.2,1.0,2001,0.34467104,0.017303992
krum,adaptive_evasion,3,8,2,3,0.2,1.0,2001,0.16976169,0.018668944
krum,adaptive_evasion,4,8,2,3,0.2,1.0,2001,0.38036036,0.10334172
krum,adaptive_evasion,5,8,2,3,0.2,1.0,2001,0.3990603,0.08378093
krum,adaptive_evasion,6,8,2,3,0.2,1.0,2001,0.2913096,0.19221446
krum,adaptive_evasion,7,8,2,3,0.2,1.0,2001,0.2423743,0.11194788
krum,adaptive_evasion,8,8,2,3,0.2,1.0,2001,0.41956717,0.14249246
krum,adaptive_evasion,9,8,2,3,0.2,1.0,2001,0.33082277,0.5457158
krum,adaptive_evasion,10,8,2,3,0.2,1.0,2001,0.2349113,0.2187517
krum,adaptive_evasion,11,8,2,3,0.2,1.0,2001,0.101560086,0.06211411
krum,adaptive_evasion,12,8,2,3,0.2,1.0,2001,0.10289896,0.04457437
krum,adaptive_evasion,13,8,2,3,0.2,1.0,2001,0.27210334,0.0873082
krum,adaptive_evasion,14,8,2,3,0.2,1.0,2001,0.34389913,0.08415881
krum,adaptive_evasion,15,8,2,3,0.2,1.0,2001,0.21052183,0.17884324
krum,adaptive_evasion,16,8,2,3,0.2,1.0,2001,0.266199,0.15133828
krum,adaptive_evasion,17,8,2,3,0.2,1.0,2001,0.13482744,0.054871015
krum,adaptive_evasion,18,8,2,3,0.2,1.0,2001,0.22355184,0.06784548
krum,adaptive_evasion,19,8,2,3,0.2,1.0,2001,0.46310046,0.10768706
krum,adaptive_evasion,0,8,2,3,0.2,1.0,3001,0.31443003,0.0037048217
krum,adaptive_evasion,1,8,2,3,0.2,1.0,3001,0.39238477,0.009439311
krum,adaptive_evasion,2,8,2,3,0.2,1.0,3001,0.28589442,0.01435315
krum,adaptive_evasion,3,8,2,3,0.2,1.0,3001,0.3875281,0.042617038
krum,adaptive_evasion,4,8,2,3,0.2,1.0,3001,0.1783196,0.04844841
krum,adaptive_evasion,5,8,2,3,0.2,1.0,3001,0.20347826,0.20885019
krum,adaptive_evasion,6,8,2,3,0.2,1.0,3001,0.26395652,0.17416611
krum,adaptive_evasion,7,8,2,3,0.2,1.0,3001,0.28944552,0.13368914
krum,adaptive_evasion,8,8,2,3,0.2,1.0,3001,0.2579448,0.08760263
krum,adaptive_evasion,9,8,2,3,0.2,1.0,3001,0.19625004,0.050582584
krum,adaptive_evasion,10,8,2,3,0.2,1.0,3001,0.24041775,0.04806275
krum,adaptive_evasion,11,8,2,3,0.2,1.0,3001,0.75307834,0.11861355
krum,adaptive_evasion,12,8,2,3,0.2,1.0,3001,0.1466147,0.0635114
krum,adaptive_evasion,13,8,2,3,0.2,1.0,3001,0.3064112,0.098316364
krum,adaptive_evasion,14,8,2,3,0.2,1.0,3001,0.43575683,0.6294638
krum,adaptive_evasion,15,8,2,3,0.2,1.0,3001,0.355309,0.30184335
krum,adaptive_evasion,16,8,2,3,0.2,1.0,3001,0.3194902,0.18163516
krum,adaptive_evasion,17,8,2,3,0.2,1.0,3001,0.3595727,0.14633608
krum,adaptive_evasion,18,8,2,3,0.2,1.0,3001,0.08774578,0.02662986
krum,adaptive_evasion,19,8,2,3,0.2,1.0,3001,0.32685292,0.07600474
krum,adaptive_evasion,0,8,2,3,0.2,1.0,4001,0.44883117,0.0052884244
krum,adaptive_evasion,1,8,2,3,0.2,1.0,4001,0.0701128,0.001686652
krum,adaptive_evasion,2,8,2,3,0.2,1.0,4001,0.20258364,0.010170584
krum,adaptive_evasion,3,8,2,3,0.2,1.0,4001,0.30310154,0.033332527
krum,adaptive_evasion,4,8,2,3,0.2,1.0,4001,0.32085848,0.0871754
krum,adaptive_evasion,5,8,2,3,0.2,1.0,4001,0.40144774,0.41204616
krum,adaptive_evasion,6,8,2,3,0.2,1.0,4001,0.2685083,0.1771695
krum,adaptive_evasion,7,8,2,3,0.2,1.0,4001,0.16424228,0.07586025
krum,adaptive_evasion,8,8,2,3,0.2,1.0,4001,0.48581445,0.16499121
krum,adaptive_evasion,9,8,2,3,0.2,1.0,4001,0.20409724,0.052605167
krum,adaptive_evasion,10,8,2,3,0.2,1.0,4001,0.067562744,0.013506703
krum,adaptive_evasion,11,8,2,3,0.2,1.0,4001,0.20453368,0.032215063
krum,adaptive_evasion,12,8,2,3,0.2,1.0,4001,0.28902102,0.1251998
krum,adaptive_evasion,13,8,2,3,0.2,1.0,4001,0.21608566,0.069334134
krum,adaptive_evasion,14,8,2,3,0.2,1.0,4001,0.31876493,0.07800798
krum,adaptive_evasion,15,8,2,3,0.2,1.0,4001,0.34230888,0.065201886
krum,adaptive_evasion,16,8,2,3,0.2,1.0,4001,0.14624308,0.083141476
krum,adaptive_evasion,17,8,2,3,0.2,1.0,4001,0.35645863,0.14506875
krum,adaptive_evasion,18,8,2,3,0.2,1.0,4001,0.48746258,0.14793943
krum,adaptive_evasion,19,8,2,3,0.2,1.0,4001,0.11688235,0.027179236
multi_krum,adaptive_evasion,0,8,2,3,0.2,1.0,1,0.09130984,0.0010758726
multi_krum,adaptive_evasion,1,8,2,3,0.2,1.0,1,0.16155167,0.0038863292
multi_krum,adaptive_evasion,2,8,2,3,0.2,1.0,1,0.16640949,0.008354484
multi_krum,adaptive_evasion,3,8,2,3,0.2,1.0,1,0.23850659,0.026228923
multi_krum,adaptive_evasion,4,8,2,3,0.2,1.0,1,0.08631606,0.023451576
multi_krum,adaptive_evasion,5,8,2,3,0.2,1.0,1,0.20534198,0.04311063
multi_krum,adaptive_evasion,6,8,2,3,0.2,1.0,1,0.091160536,0.015037587
multi_krum,adaptive_evasion,7,8,2,3,0.2,1.0,1,0.12923342,0.05969035
multi_krum,adaptive_evasion,8,8,2,3,0.2,1.0,1,0.17155503,0.05826313
multi_krum,adaptive_evasion,9,8,2,3,0.2,1.0,1,0.19107847,0.049249634
multi_krum,adaptive_evasion,10,8,2,3,0.2,1.0,1,0.30065653,0.060105294
multi_krum,adaptive_evasion,11,8,2,3,0.2,1.0,1,0.014737415,0.0023212156
multi_krum,adaptive_evasion,12,8,2,3,0.2,1.0,1,0.105662316,0.045771413
multi_krum,adaptive_evasion,13,8,2,3,0.2,1.0,1,0.16074833,0.051578373
multi_krum,adaptive_evasion,14,8,2,3,0.2,1.0,1,0.28514582,0.06978073
multi_krum,adaptive_evasion,15,8,2,3,0.2,1.0,1,0.13542593,0.025795491
multi_krum,adaptive_evasion,16,8,2,3,0.2,1.0,1,0.19463722,0.1106543
multi_krum,adaptive_evasion,17,8,2,3,0.2,1.0,1,0.12056412,0.04906624
multi_krum,adaptive_evasion,18,8,2,3,0.2,1.0,1,0.10319564,0.03131872
multi_krum,adaptive_evasion,19,8,2,3,0.2,1.0,1,0.21041752,0.048929438
multi_krum,adaptive_evasion,0,8,2,3,0.2,1.0,1001,0.13331048,0.0015707519
multi_krum,adaptive_evasion,1,8,2,3,0.2,1.0,1001,0.11451197,0.00275473
multi_krum,adaptive_evasion,2,8,2,3,0.2,1.0,1001,0.05046344,0.0025334852
multi_krum,adaptive_evasion,3,8,2,3,0.2,1.0,1001,0.34378058,0.03780606
multi_krum,adaptive_evasion,4,8,2,3,0.2,1.0,1001,0.15308267,0.041591678
multi_krum,adaptive_evasion,5,8,2,3,0.2,1.0,1001,0.37664187,0.07907428
multi_krum,adaptive_evasion,6,8,2,3,0.2,1.0,1001,0.19811253,0.032680087
multi_krum,adaptive_evasion,7,8,2,3,0.2,1.0,1001,0.18833597,0.08698864
multi_krum,adaptive_evasion,8,8,2,3,0.2,1.0,1001,0.25478095,0.08652813
multi_krum,adaptive_evasion,9,8,2,3,0.2,1.0,1001,0.20227963,0.052136686
multi_krum,adaptive_evasion,10,8,2,3,0.2,1.0,1001,0.16930111,0.033845574
multi_krum,adaptive_evasion,11,8,2,3,0.2,1.0,1001,0.1666822,0.10194277
multi_krum,adaptive_evasion,12,8,2,3,0.2,1.0,1001,0.22706729,0.09836232
multi_krum,adaptive_evasion,13,8,2,3,0.2,1.0,1001,0.23869063,0.07658726
multi_krum,adaptive_evasion,14,8,2,3,0.2,1.0,1001,0.11934321,0.029205604
multi_krum,adaptive_evasion,15,8,2,3,0.2,1.0,1001,0.13368867,0.025464585
multi_krum,adaptive_evasion,16,8,2,3,0.2,1.0,1001,0.22704922,0.12908103
multi_krum,adaptive_evasion,17,8,2,3,0.2,1.0,1001,0.099514395,0.04049959
multi_krum,adaptive_evasion,18,8,2,3,0.2,1.0,1001,0.17173456,0.052119512
multi_krum,adaptive_evasion,19,8,2,3,0.2,1.0,1001,0.14199027,0.03301771
multi_krum,adaptive_evasion,0,8,2,3,0.2,1.0,2001,0.29097116,0.0034284138
multi_krum,adaptive_evasion,1,8,2,3,0.2,1.0,2001,0.34145078,0.0082140295
multi_krum,adaptive_evasion,2,8,2,3,0.2,1.0,2001,0.21334082,0.010710642
multi_krum,adaptive_evasion,3,8,2,3,0.2,1.0,2001,0.1739292,0.019127252
multi_krum,adaptive_evasion,4,8,2,3,0.2,1.0,2001,0.18159948,0.049339533
multi_krum,adaptive_evasion,5,8,2,3,0.2,1.0,2001,0.21369864,0.044865075
multi_krum,adaptive_evasion,6,8,2,3,0.2,1.0,2001,0.09514481,0.062779285
multi_krum,adaptive_evasion,7,8,2,3,0.2,1.0,2001,0.03486664,0.016104208
multi_krum,adaptive_evasion,8,8,2,3,0.2,1.0,2001,0.19313756,0.065592945
multi_krum,adaptive_evasion,9,8,2,3,0.2,1.0,2001,0.14237557,0.03669668
multi_krum,adaptive_evasion,10,8,2,3,0.2,1.0,2001,0.17137504,0.03426018
multi_krum,adaptive_evasion,11,8,2,3,0.2,1.0,2001,0.17588313,0.10757005
multi_krum,adaptive_evasion,12,8,2,3,0.2,1.0,2001,0.23511872,0.101850085
multi_krum,adaptive_evasion,13,8,2,3,0.2,1.0,2001,0.27402654,0.087925285
multi_krum,adaptive_evasion,14,8,2,3,0.2,1.0,2001,0.2548344,0.06236294
multi_krum,adaptive_evasion,15,8,2,3,0.2,1.0,2001,0.14029968,0.026723828
multi_krum,adaptive_evasion,16,8,2,3,0.2,1.0,2001,0.13125697,0.07462163
multi_krum,adaptive_evasion,17,8,2,3,0.2,1.0,2001,0.153924,0.06264278
multi_krum,adaptive_evasion,18,8,2,3,0.2,1.0,2001,0.13531749,0.04106734
multi_krum,adaptive_evasion,19,8,2,3,0.2,1.0,2001,0.24131583,0.056114376
multi_krum,adaptive_evasion,0,8,2,3,0.2,1.0,3001,0.13815947,0.0016278859
multi_krum,adaptive_evasion,1,8,2,3,0.2,1.0,3001,0.22956407,0.0055224537
multi_krum,adaptive_evasion,2,8,2,3,0.2,1.0,3001,0.30266336,0.015195023
multi_krum,adaptive_evasion,3,8,2,3,0.2,1.0,3001,0.16175407,0.017788336
multi_krum,adaptive_evasion,4,8,2,3,0.2,1.0,3001,0.1371996,0.03727634
multi_krum,adaptive_evasion,5,8,2,3,0.2,1.0,3001,0.08722355,0.018312195
multi_krum,adaptive_evasion,6,8,2,3,0.2,1.0,3001,0.23414339,0.03862364
multi_krum,adaptive_evasion,7,8,2,3,0.2,1.0,3001,0.16183282,0.07474737
multi_krum,adaptive_evasion,8,8,2,3,0.2,1.0,3001,0.098083295,0.033310827
multi_krum,adaptive_evasion,9,8,2,3,0.2,1.0,3001,0.17345354,0.04470689
multi_krum,adaptive_evasion,10,8,2,3,0.2,1.0,3001,0.13487487,0.026963305
multi_krum,adaptive_evasion,11,8,2,3,0.2,1.0,3001,0.43272933,0.068157
multi_krum,adaptive_evasion,12,8,2,3,0.2,1.0,3001,0.22118776,0.09581539
multi_krum,adaptive_evasion,13,8,2,3,0.2,1.0,3001,0.10767205,0.034548096
multi_krum,adaptive_evasion,14,8,2,3,0.2,1.0,3001,0.13815124,0.0338083
multi_krum,adaptive_evasion,15,8,2,3,0.2,1.0,3001,0.06708015,0.012777209
multi_krum,adaptive_evasion,16,8,2,3,0.2,1.0,3001,0.15590908,0.08863674
multi_krum,adaptive_evasion,17,8,2,3,0.2,1.0,3001,0.24400753,0.09930427
multi_krum,adaptive_evasion,18,8,2,3,0.2,1.0,3001,0.10876588,0.033009224
multi_krum,adaptive_evasion,19,8,2,3,0.2,1.0,3001,0.21983077,0.051118348
multi_krum,adaptive_evasion,0,8,2,3,0.2,1.0,4001,0.20224643,0.0023830005
multi_krum,adaptive_evasion,1,8,2,3,0.2,1.0,4001,0.16083111,0.0038689952
multi_krum,adaptive_evasion,2,8,2,3,0.2,1.0,4001,0.049382646,0.0024792247
multi_krum,adaptive_evasion,3,8,2,3,0.2,1.0,4001,0.2100872,0.0231036
multi_krum,adaptive_evasion,4,8,2,3,0.2,1.0,4001,0.1805922,0.049065858
multi_krum,adaptive_evasion,5,8,2,3,0.2,1.0,4001,0.2590583,0.054388132
multi_krum,adaptive_evasion,6,8,2,3,0.2,1.0,4001,0.052704,0.008693904
multi_krum,adaptive_evasion,7,8,2,3,0.2,1.0,4001,0.09778985,0.04516719
multi_krum,adaptive_evasion,8,8,2,3,0.2,1.0,4001,0.31222102,0.1060358
multi_krum,adaptive_evasion,9,8,2,3,0.2,1.0,4001,0.082312964,0.021215804
multi_krum,adaptive_evasion,10,8,2,3,0.2,1.0,4001,0.18491596,0.03696719
multi_krum,adaptive_evasion,11,8,2,3,0.2,1.0,4001,0.15050846,0.023705825
multi_krum,adaptive_evasion,12,8,2,3,0.2,1.0,4001,0.27828765,0.12055025
multi_krum,adaptive_evasion,13,8,2,3,0.2,1.0,4001,0.16988316,0.054509412
multi_krum,adaptive_evasion,14,8,2,3,0.2,1.0,4001,0.07504213,0.01836427
multi_krum,adaptive_evasion,15,8,2,3,0.2,1.0,4001,0.124666005,0.023745976
multi_krum,adaptive_evasion,16,8,2,3,0.2,1.0,4001,0.09679694,0.05503057
multi_krum,adaptive_evasion,17,8,2,3,0.2,1.0,4001,0.1423877,0.057947833
multi_krum,adaptive_evasion,18,8,2,3,0.2,1.0,4001,0.20953552,0.06359168
multi_krum,adaptive_evasion,19,8,2,3,0.2,1.0,4001,0.03174618,0.0073820977
foolsgold,adaptive_evasion,0,8,2,3,0.2,1.0,1,1.5534024,0.01830321
foolsgold,adaptive_evasion,1,8,2,3,0.2,1.0,1,1.5178956,0.036514893
foolsgold,adaptive_evasion,2,8,2,3,0.2,1.0,1,1.0781188,0.054126274
foolsgold,adaptive_evasion,3,8,2,3,0.2,1.0,1,0.6730838,0.07402002
foolsgold,adaptive_evasion,4,8,2,3,0.2,1.0,1,1.2668116,0.3441854
foolsgold,adaptive_evasion,5,8,2,3,0.2,1.0,1,1.3487223,1.3843293
foolsgold,adaptive_evasion,6,8,2,3,0.2,1.0,1,1.4873722,3.9256446
foolsgold,adaptive_evasion,7,8,2,3,0.2,1.0,1,1.2021092,1.1389343
foolsgold,adaptive_evasion,8,8,2,3,0.2,1.0,1,1.5959134,1.734402
foolsgold,adaptive_evasion,9,8,2,3,0.2,1.0,1,0.6921558,0.9134088
foolsgold,adaptive_evasion,10,8,2,3,0.2,1.0,1,1.4812311,2.631352
foolsgold,adaptive_evasion,11,8,2,3,0.2,1.0,1,1.3333961,1.1620176
foolsgold,adaptive_evasion,12,8,2,3,0.2,1.0,1,1.3309408,1.2914609
foolsgold,adaptive_evasion,13,8,2,3,0.2,1.0,1,0.63847154,0.7171629
foolsgold,adaptive_evasion,14,8,2,3,0.2,1.0,1,0.95658475,1.3250592
foolsgold,adaptive_evasion,15,8,2,3,0.2,1.0,1,1.2712831,2.445283
foolsgold,adaptive_evasion,16,8,2,3,0.2,1.0,1,1.2077156,1.0725988
foolsgold,adaptive_evasion,17,8,2,3,0.2,1.0,1,1.2315371,1.2257082
foolsgold,adaptive_evasion,18,8,2,3,0.2,1.0,1,1.3745444,1.599616
foolsgold,adaptive_evasion,19,8,2,3,0.2,1.0,1,1.5529135,2.2678697
foolsgold,adaptive_evasion,0,8,2,3,0.2,1.0,1001,1.5780144,0.018593205
foolsgold,adaptive_evasion,1,8,2,3,0.2,1.0,1001,1.5690718,0.037746
foolsgold,adaptive_evasion,2,8,2,3,0.2,1.0,1001,1.5322512,0.07692571
foolsgold,adaptive_evasion,3,8,2,3,0.2,1.0,1001,1.3221569,0.14539956
foolsgold,adaptive_evasion,4,8,2,3,0.2,1.0,1001,1.5021855,0.40813515
foolsgold,adaptive_evasion,5,8,2,3,0.2,1.0,1001,1.5089021,1.5487379
foolsgold,adaptive_evasion,6,8,2,3,0.2,1.0,1001,1.4632337,3.8619356
foolsgold,adaptive_evasion,7,8,2,3,0.2,1.0,1001,1.4086015,1.3345747
foolsgold,adaptive_evasion,8,8,2,3,0.2,1.0,1001,1.2168574,1.3224527
foolsgold,adaptive_evasion,9,8,2,3,0.2,1.0,1001,1.2967998,1.7113321
foolsgold,adaptive_evasion,10,8,2,3,0.2,1.0,1001,1.473702,2.6179767
foolsgold,adaptive_evasion,11,8,2,3,0.2,1.0,1001,1.5328261,1.3358152
foolsgold,adaptive_evasion,12,8,2,3,0.2,1.0,1001,1.1883292,1.1530795
foolsgold,adaptive_evasion,13,8,2,3,0.2,1.0,1001,1.4339862,1.6107244
foolsgold,adaptive_evasion,14,8,2,3,0.2,1.0,1001,1.1594042,1.6060041
foolsgold,adaptive_evasion,15,8,2,3,0.2,1.0,1001,1.4080164,2.7082863
foolsgold,adaptive_evasion,16,8,2,3,0.2,1.0,1001,1.4211382,1.2621441
foolsgold,adaptive_evasion,17,8,2,3,0.2,1.0,1001,1.3096052,1.3034068
foolsgold,adaptive_evasion,18,8,2,3,0.2,1.0,1001,1.6194062,1.8845723
foolsgold,adaptive_evasion,19,8,2,3,0.2,1.0,1001,1.3102963,1.9135523
foolsgold,adaptive_evasion,0,8,2,3,0.2,1.0,2001,1.3495185,0.015900915
foolsgold,adaptive_evasion,1,8,2,3,0.2,1.0,2001,1.1957084,0.028764274
foolsgold,adaptive_evasion,2,8,2,3,0.2,1.0,2001,1.5617044,0.07840438
foolsgold,adaptive_evasion,3,8,2,3,0.2,1.0,2001,1.5237736,0.16757163
foolsgold,adaptive_evasion,4,8,2,3,0.2,1.0,2001,1.546558,0.4201909
foolsgold,adaptive_evasion,5,8,2,3,0.2,1.0,2001,1.3540806,1.3898289
foolsgold,adaptive_evasion,6,8,2,3,0.2,1.0,2001,1.2183708,3.215665
foolsgold,adaptive_evasion,7,8,2,3,0.2,1.0,2001,1.4444321,1.3685223
foolsgold,adaptive_evasion,8,8,2,3,0.2,1.0,2001,1.403713,1.525523
foolsgold,adaptive_evasion,9,8,2,3,0.2,1.0,2001,1.4772177,1.949422
foolsgold,adaptive_evasion,10,8,2,3,0.2,1.0,2001,1.3419849,2.383986
foolsgold,adaptive_evasion,11,8,2,3,0.2,1.0,2001,1.1566428,1.007982
foolsgold,adaptive_evasion,12,8,2,3,0.2,1.0,2001,1.4650424,1.4215845
foolsgold,adaptive_evasion,13,8,2,3,0.2,1.0,2001,0.9693022,1.0887684
foolsgold,adaptive_evasion,14,8,2,3,0.2,1.0,2001,1.0847241,1.5025575
foolsgold,adaptive_evasion,15,8,2,3,0.2,1.0,2001,1.5225366,2.928563
foolsgold,adaptive_evasion,16,8,2,3,0.2,1.0,2001,1.4742509,1.3093146
foolsgold,adaptive_evasion,17,8,2,3,0.2,1.0,2001,1.3037856,1.2976148
foolsgold,adaptive_evasion,18,8,2,3,0.2,1.0,2001,1.4072552,1.637683
foolsgold,adaptive_evasion,19,8,2,3,0.2,1.0,2001,1.5150535,2.212579
foolsgold,adaptive_evasion,0,8,2,3,0.2,1.0,3001,1.3631084,0.01606104
foolsgold,adaptive_evasion,1,8,2,3,0.2,1.0,3001,1.1741881,0.028246578
foolsgold,adaptive_evasion,2,8,2,3,0.2,1.0,3001,1.4701931,0.07381012
foolsgold,adaptive_evasion,3,8,2,3,0.2,1.0,3001,1.5780519,0.17354071
foolsgold,adaptive_evasion,4,8,2,3,0.2,1.0,3001,0.9158195,0.24882288
foolsgold,adaptive_evasion,5,8,2,3,0.2,1.0,3001,1.4632164,1.5018461
foolsgold,adaptive_evasion,6,8,2,3,0.2,1.0,3001,1.2755696,3.3666306
foolsgold,adaptive_evasion,7,8,2,3,0.2,1.0,3001,1.5575972,1.4757402
foolsgold,adaptive_evasion,8,8,2,3,0.2,1.0,3001,1.5532346,1.6880195
foolsgold,adaptive_evasion,9,8,2,3,0.2,1.0,3001,1.5795205,2.0844266
foolsgold,adaptive_evasion,10,8,2,3,0.2,1.0,3001,1.5722096,2.7929718
foolsgold,adaptive_evasion,11,8,2,3,0.2,1.0,3001,1.4781622,1.2881771
foolsgold,adaptive_evasion,12,8,2,3,0.2,1.0,3001,1.1514702,1.1173139
foolsgold,adaptive_evasion,13,8,2,3,0.2,1.0,3001,1.3662187,1.5346047
foolsgold,adaptive_evasion,14,8,2,3,0.2,1.0,3001,1.5493119,2.1461036
foolsgold,adaptive_evasion,15,8,2,3,0.2,1.0,3001,1.3133917,1.0704223
foolsgold,adaptive_evasion,16,8,2,3,0.2,1.0,3001,0.8088805,0.71838456
foolsgold,adaptive_evasion,17,8,2,3,0.2,1.0,3001,1.3784195,1.3718954
foolsgold,adaptive_evasion,18,8,2,3,0.2,1.0,3001,1.3609514,1.5837973
foolsgold,adaptive_evasion,19,8,2,3,0.2,1.0,3001,1.2212173,1.7834616
foolsgold,adaptive_evasion,0,8,2,3,0.2,1.0,4001,1.406373,0.016570812
foolsgold,adaptive_evasion,1,8,2,3,0.2,1.0,4001,1.4582074,0.035079017
foolsgold,adaptive_evasion,2,8,2,3,0.2,1.0,4001,1.5688826,0.07876476
foolsgold,adaptive_evasion,3,8,2,3,0.2,1.0,4001,1.1943448,0.13134387
foolsgold,adaptive_evasion,4,8,2,3,0.2,1.0,4001,1.2085872,0.32836616
foolsgold,adaptive_evasion,5,8,2,3,0.2,1.0,4001,1.4078754,1.445044
foolsgold,adaptive_evasion,6,8,2,3,0.2,1.0,4001,1.407745,3.7154834
foolsgold,adaptive_evasion,7,8,2,3,0.2,1.0,4001,1.5151311,1.4355059
foolsgold,adaptive_evasion,8,8,2,3,0.2,1.0,4001,1.5752745,1.711972
foolsgold,adaptive_evasion,9,8,2,3,0.2,1.0,4001,1.2373471,1.632875
foolsgold,adaptive_evasion,10,8,2,3,0.2,1.0,4001,1.1716423,2.081379
foolsgold,adaptive_evasion,11,8,2,3,0.2,1.0,4001,1.3745346,4.176781
foolsgold,adaptive_evasion,12,8,2,3,0.2,1.0,4001,1.4215442,1.3793766
foolsgold,adaptive_evasion,13,8,2,3,0.2,1.0,4001,0.9740259,1.0940742
foolsgold,adaptive_evasion,14,8,2,3,0.2,1.0,4001,1.2977421,1.7976296
foolsgold,adaptive_evasion,15,8,2,3,0.2,1.0,4001,1.1847258,2.278792
foolsgold,adaptive_evasion,16,8,2,3,0.2,1.0,4001,1.3984069,1.2419559
foolsgold,adaptive_evasion,17,8,2,3,0.2,1.0,4001,1.2216698,1.2158877
foolsgold,adaptive_evasion,18,8,2,3,0.2,1.0,4001,1.5885684,1.848685
foolsgold,adaptive_evasion,19,8,2,3,0.2,1.0,4001,1.3567575,1.9814041
dss_fedavg,adaptive_evasion,0,8,2,3,0.2,1.0,1,17.012531,0.20045285
dss_fedavg,adaptive_evasion,1,8,2,3,0.2,1.0,1,0.6163075,0.0060309367
dss_fedavg,adaptive_evasion,2,8,2,3,0.2,1.0,1,0.094078034,0.0018729647
dss_fedavg,adaptive_evasion,3,8,2,3,0.2,1.0,1,0.21126954,0.008712608
dss_fedavg,adaptive_evasion,4,8,2,3,0.2,1.0,1,0.119908825,0.010650675
dss_fedavg,adaptive_evasion,5,8,2,3,0.2,1.0,1,0.31265882,0.06564132
dss_fedavg,adaptive_evasion,6,8,2,3,0.2,1.0,1,0.40230396,0.26545173
dss_fedavg,adaptive_evasion,7,8,2,3,0.2,1.0,1,0.33422148,0.15437026
dss_fedavg,adaptive_evasion,8,8,2,3,0.2,1.0,1,0.1715551,0.7923783
dss_fedavg,adaptive_evasion,9,8,2,3,0.2,1.0,1,0.19107845,0.31519756
dss_fedavg,adaptive_evasion,10,8,2,3,0.2,1.0,1,0.44652522,0.41580865
dss_fedavg,adaptive_evasion,11,8,2,3,0.2,1.0,1,0.3266829,0.19979914
dss_fedavg,adaptive_evasion,12,8,2,3,0.2,1.0,1,0.4031321,0.1746311
dss_fedavg,adaptive_evasion,13,8,2,3,0.2,1.0,1,0.72254574,0.231839
dss_fedavg,adaptive_evasion,14,8,2,3,0.2,1.0,1,0.9647276,0.2360876
dss_fedavg,adaptive_evasion,15,8,2,3,0.2,1.0,1,0.13542584,0.025795475
dss_fedavg,adaptive_evasion,16,8,2,3,0.2,1.0,1,0.3734111,0.21229003
dss_fedavg,adaptive_evasion,17,8,2,3,0.2,1.0,1,0.5118956,0.20832726
dss_fedavg,adaptive_evasion,18,8,2,3,0.2,1.0,1,0.72495854,0.22001679
dss_fedavg,adaptive_evasion,19,8,2,3,0.2,1.0,1,0.21041752,0.048929438
dss_fedavg,adaptive_evasion,0,8,2,3,0.2,1.0,1001,16.926119,0.19943468
dss_fedavg,adaptive_evasion,1,8,2,3,0.2,1.0,1001,0.58174807,0.005692752
dss_fedavg,adaptive_evasion,2,8,2,3,0.2,1.0,1001,0.15350044,0.0030559832
dss_fedavg,adaptive_evasion,3,8,2,3,0.2,1.0,1001,0.37072346,0.015288375
dss_fedavg,adaptive_evasion,4,8,2,3,0.2,1.0,1001,0.24183977,0.02148096
dss_fedavg,adaptive_evasion,5,8,2,3,0.2,1.0,1001,0.43641597,0.09162358
dss_fedavg,adaptive_evasion,6,8,2,3,0.2,1.0,1001,0.22151804,0.036540996
dss_fedavg,adaptive_evasion,7,8,2,3,0.2,1.0,1001,0.21964,0.10144735
dss_fedavg,adaptive_evasion,8,8,2,3,0.2,1.0,1001,0.25478107,0.086528175
dss_fedavg,adaptive_evasion,9,8,2,3,0.2,1.0,1001,0.2022795,0.05213665
dss_fedavg,adaptive_evasion,10,8,2,3,0.2,1.0,1001,0.16930111,0.033845574
dss_fedavg,adaptive_evasion,11,8,2,3,0.2,1.0,1001,0.42037028,0.25709832
dss_fedavg,adaptive_evasion,12,8,2,3,0.2,1.0,1001,0.5417852,0.23469363
dss_fedavg,adaptive_evasion,13,8,2,3,0.2,1.0,1001,0.78755873,0.25269935
dss_fedavg,adaptive_evasion,14,8,2,3,0.2,1.0,1001,0.11934311,0.029205581
dss_fedavg,adaptive_evasion,15,8,2,3,0.2,1.0,1001,0.1336887,0.02546459
dss_fedavg,adaptive_evasion,16,8,2,3,0.2,1.0,1001,0.2650689,0.1506958
dss_fedavg,adaptive_evasion,17,8,2,3,0.2,1.0,1001,0.5247093,0.21354207
dss_fedavg,adaptive_evasion,18,8,2,3,0.2,1.0,1001,0.6826642,0.20718093
dss_fedavg,adaptive_evasion,19,8,2,3,0.2,1.0,1001,0.89535236,0.20820077
dss_fedavg,adaptive_evasion,0,8,2,3,0.2,1.0,2001,17.026028,0.20061187
dss_fedavg,adaptive_evasion,1,8,2,3,0.2,1.0,2001,0.2676186,0.0026188076
dss_fedavg,adaptive_evasion,2,8,2,3,0.2,1.0,2001,0.35199723,0.007007782
dss_fedavg,adaptive_evasion,3,8,2,3,0.2,1.0,2001,0.33989552,0.014017053
dss_fedavg,adaptive_evasion,4,8,2,3,0.2,1.0,2001,0.33213595,0.029501347
dss_fedavg,adaptive_evasion,5,8,2,3,0.2,1.0,2001,0.34426272,0.07227642
dss_fedavg,adaptive_evasion,6,8,2,3,0.2,1.0,2001,0.12794551,0.084422134
dss_fedavg,adaptive_evasion,7,8,2,3,0.2,1.0,2001,0.01574556,0.0072725615
dss_fedavg,adaptive_evasion,8,8,2,3,0.2,1.0,2001,0.19313756,0.065592945
dss_fedavg,adaptive_evasion,9,8,2,3,0.2,1.0,2001,0.8507812,0.21928512
dss_fedavg,adaptive_evasion,10,8,2,3,0.2,1.0,2001,0.95121247,0.1901602
dss_fedavg,adaptive_evasion,11,8,2,3,0.2,1.0,2001,0.17588323,0.027702477
dss_fedavg,adaptive_evasion,12,8,2,3,0.2,1.0,2001,0.23511875,0.1018501
dss_fedavg,adaptive_evasion,13,8,2,3,0.2,1.0,2001,0.27402654,0.087925285
dss_fedavg,adaptive_evasion,14,8,2,3,0.2,1.0,2001,0.2548344,0.06236294
dss_fedavg,adaptive_evasion,15,8,2,3,0.2,1.0,2001,0.14029965,0.026723823
dss_fedavg,adaptive_evasion,16,8,2,3,0.2,1.0,2001,0.13125685,0.074621566
dss_fedavg,adaptive_evasion,17,8,2,3,0.2,1.0,2001,0.612631,0.24932377
dss_fedavg,adaptive_evasion,18,8,2,3,0.2,1.0,2001,0.7120772,0.21610744
dss_fedavg,adaptive_evasion,19,8,2,3,0.2,1.0,2001,1.006127,0.23395973
dss_fedavg,adaptive_evasion,0,8,2,3,0.2,1.0,3001,16.98005,0.20007011
dss_fedavg,adaptive_evasion,1,8,2,3,0.2,1.0,3001,0.5383477,0.0052680536
dss_fedavg,adaptive_evasion,2,8,2,3,0.2,1.0,3001,0.43161595,0.008592881
dss_fedavg,adaptive_evasion,3,8,2,3,0.2,1.0,3001,0.1831408,0.007552598
dss_fedavg,adaptive_evasion,4,8,2,3,0.2,1.0,3001,0.09570119,0.008500477
dss_fedavg,adaptive_evasion,5,8,2,3,0.2,1.0,3001,0.11900493,0.024984553
dss_fedavg,adaptive_evasion,6,8,2,3,0.2,1.0,3001,0.35034537,0.23116797
dss_fedavg,adaptive_evasion,7,8,2,3,0.2,1.0,3001,0.2773973,0.12812431
dss_fedavg,adaptive_evasion,8,8,2,3,0.2,1.0,3001,0.0980834,0.033310864
dss_fedavg,adaptive_evasion,9,8,2,3,0.2,1.0,3001,0.85360765,0.22001362
dss_fedavg,adaptive_evasion,10,8,2,3,0.2,1.0,3001,1.1071292,0.22133006
dss_fedavg,adaptive_evasion,11,8,2,3,0.2,1.0,3001,0.43272924,0.06815699
dss_fedavg,adaptive_evasion,12,8,2,3,0.2,1.0,3001,0.22118779,0.095815405
dss_fedavg,adaptive_evasion,13,8,2,3,0.2,1.0,3001,0.107671976,0.034548074
dss_fedavg,adaptive_evasion,14,8,2,3,0.2,1.0,3001,0.13815123,0.033808295
dss_fedavg,adaptive_evasion,15,8,2,3,0.2,1.0,3001,0.06708015,0.012777209
dss_fedavg,adaptive_evasion,16,8,2,3,0.2,1.0,3001,0.15590902,0.08863671
dss_fedavg,adaptive_evasion,17,8,2,3,0.2,1.0,3001,0.24400765,0.09930432
dss_fedavg,adaptive_evasion,18,8,2,3,0.2,1.0,3001,0.10876584,0.033009212
dss_fedavg,adaptive_evasion,19,8,2,3,0.2,1.0,3001,0.21983075,0.051118344
dss_fedavg,adaptive_evasion,0,8,2,3,0.2,1.0,4001,16.940166,0.19960019
dss_fedavg,adaptive_evasion,1,8,2,3,0.2,1.0,4001,0.30061522,0.0029416992
dss_fedavg,adaptive_evasion,2,8,2,3,0.2,1.0,4001,0.20189747,0.0040195016
dss_fedavg,adaptive_evasion,3,8,2,3,0.2,1.0,4001,0.27397284,0.011298448
dss_fedavg,adaptive_evasion,4,8,2,3,0.2,1.0,4001,0.21834241,0.019393852
dss_fedavg,adaptive_evasion,5,8,2,3,0.2,1.0,4001,0.2812208,0.05904105
dss_fedavg,adaptive_evasion,6,8,2,3,0.2,1.0,4001,0.08089489,0.013344194
dss_fedavg,adaptive_evasion,7,8,2,3,0.2,1.0,4001,0.2191896,0.028761173
dss_fedavg,adaptive_evasion,8,8,2,3,0.2,1.0,4001,0.31222102,0.1060358
dss_fedavg,adaptive_evasion,9,8,2,3,0.2,1.0,4001,0.082312874,0.021215782
dss_fedavg,adaptive_evasion,10,8,2,3,0.2,1.0,4001,0.18491597,0.036967196
dss_fedavg,adaptive_evasion,11,8,2,3,0.2,1.0,4001,0.1505085,0.023705829
dss_fedavg,adaptive_evasion,12,8,2,3,0.2,1.0,4001,0.27828777,0.120550305
dss_fedavg,adaptive_evasion,13,8,2,3,0.2,1.0,4001,0.1698833,0.054509453
dss_fedavg,adaptive_evasion,14,8,2,3,0.2,1.0,4001,0.07504226,0.018364301
dss_fedavg,adaptive_evasion,15,8,2,3,0.2,1.0,4001,0.12466603,0.023745982
dss_fedavg,adaptive_evasion,16,8,2,3,0.2,1.0,4001,0.09679691,0.05503055
dss_fedavg,adaptive_evasion,17,8,2,3,0.2,1.0,4001,0.42935607,0.17473596
dss_fedavg,adaptive_evasion,18,8,2,3,0.2,1.0,4001,0.7555978,0.22931546
dss_fedavg,adaptive_evasion,19,8,2,3,0.2,1.0,4001,0.84283775,0.19598928
centered_clipping,adaptive_evasion,0,8,2,3,0.2,1.0,1,16.41289,0.19338746
centered_clipping,adaptive_evasion,1,8,2,3,0.2,1.0,1,15.813144,0.15474105
centered_clipping,adaptive_evasion,2,8,2,3,0.2,1.0,1,15.213346,0.12371026
centered_clipping,adaptive_evasion,3,8,2,3,0.2,1.0,1,14.613841,0.09879747
centered_clipping,adaptive_evasion,4,8,2,3,0.2,1.0,1,14.014049,0.07879834
centered_clipping,adaptive_evasion,5,8,2,3,0.2,1.0,1,13.414521,0.06275423
centered_clipping,adaptive_evasion,6,8,2,3,0.2,1.0,1,12.814857,0.04989008
centered_clipping,adaptive_evasion,7,8,2,3,0.2,1.0,1,12.215288,0.039585404
centered_clipping,adaptive_evasion,8,8,2,3,0.2,1.0,1,11.615819,0.07571044
centered_clipping,adaptive_evasion,9,8,2,3,0.2,1.0,1,11.016486,0.059724342
centered_clipping,adaptive_evasion,10,8,2,3,0.2,1.0,1,10.417111,0.04698889
centered_clipping,adaptive_evasion,11,8,2,3,0.2,1.0,1,9.818052,0.08927084
centered_clipping,adaptive_evasion,12,8,2,3,0.2,1.0,1,9.218809,0.06966897
centered_clipping,adaptive_evasion,13,8,2,3,0.2,1.0,1,8.619948,0.054167844
centered_clipping,adaptive_evasion,14,8,2,3,0.2,1.0,1,8.021293,0.041928846
centered_clipping,adaptive_evasion,15,8,2,3,0.2,1.0,1,7.4232216,0.07831426
centered_clipping,adaptive_evasion,16,8,2,3,0.2,1.0,1,6.8251843,0.059822
centered_clipping,adaptive_evasion,17,8,2,3,0.2,1.0,1,6.2261953,0.04536183
centered_clipping,adaptive_evasion,18,8,2,3,0.2,1.0,1,5.6280212,0.08305558
centered_clipping,adaptive_evasion,19,8,2,3,0.2,1.0,1,5.0302362,0.061599046
centered_clipping,adaptive_evasion,0,8,2,3,0.2,1.0,1001,16.326235,0.19236645
centered_clipping,adaptive_evasion,1,8,2,3,0.2,1.0,1001,15.726391,0.15389211
centered_clipping,adaptive_evasion,2,8,2,3,0.2,1.0,1001,15.126845,0.123006865
centered_clipping,adaptive_evasion,3,8,2,3,0.2,1.0,1001,14.527254,0.09821209
centered_clipping,adaptive_evasion,4,8,2,3,0.2,1.0,1001,13.92746,0.078311466
centered_clipping,adaptive_evasion,5,8,2,3,0.2,1.0,1001,13.328077,0.06234984
centered_clipping,adaptive_evasion,6,8,2,3,0.2,1.0,1001,12.728653,0.04955448
centered_clipping,adaptive_evasion,7,8,2,3,0.2,1.0,1001,12.128992,0.03930575
centered_clipping,adaptive_evasion,8,8,2,3,0.2,1.0,1001,11.529663,0.07514889
centered_clipping,adaptive_evasion,9,8,2,3,0.2,1.0,1001,10.930332,0.05925727
centered_clipping,adaptive_evasion,10,8,2,3,0.2,1.0,1001,10.330731,0.046599254
centered_clipping,adaptive_evasion,11,8,2,3,0.2,1.0,1001,9.731992,0.08848833
centered_clipping,adaptive_evasion,12,8,2,3,0.2,1.0,1001,9.132957,0.06902017
centered_clipping,adaptive_evasion,13,8,2,3,0.2,1.0,1001,8.534647,0.05363181
centered_clipping,adaptive_evasion,14,8,2,3,0.2,1.0,1001,7.9353013,0.041479353
centered_clipping,adaptive_evasion,15,8,2,3,0.2,1.0,1001,7.336242,0.07739663
centered_clipping,adaptive_evasion,16,8,2,3,0.2,1.0,1001,6.736813,0.059047434
centered_clipping,adaptive_evasion,17,8,2,3,0.2,1.0,1001,6.137486,0.044715527
centered_clipping,adaptive_evasion,18,8,2,3,0.2,1.0,1001,5.5399575,0.08175598
centered_clipping,adaptive_evasion,19,8,2,3,0.2,1.0,1001,4.9429283,0.060529895
centered_clipping,adaptive_evasion,0,8,2,3,0.2,1.0,2001,16.426422,0.19354692
centered_clipping,adaptive_evasion,1,8,2,3,0.2,1.0,2001,15.826668,0.15487339
centered_clipping,adaptive_evasion,2,8,2,3,0.2,1.0,2001,15.226949,0.12382088
centered_clipping,adaptive_evasion,3,8,2,3,0.2,1.0,2001,14.627394,0.09888909
centered_clipping,adaptive_evasion,4,8,2,3,0.2,1.0,2001,14.027803,0.07887568
centered_clipping,adaptive_evasion,5,8,2,3,0.2,1.0,2001,13.428143,0.06281795
centered_clipping,adaptive_evasion,6,8,2,3,0.2,1.0,2001,12.828511,0.04994324
centered_clipping,adaptive_evasion,7,8,2,3,0.2,1.0,2001,12.228803,0.039629202
centered_clipping,adaptive_evasion,8,8,2,3,0.2,1.0,2001,11.629296,0.07579828
centered_clipping,adaptive_evasion,9,8,2,3,0.2,1.0,2001,11.029695,0.05979595
centered_clipping,adaptive_evasion,10,8,2,3,0.2,1.0,2001,10.429906,0.0470466
centered_clipping,adaptive_evasion,11,8,2,3,0.2,1.0,2001,9.830764,0.08938642
centered_clipping,adaptive_evasion,12,8,2,3,0.2,1.0,2001,9.231569,0.069765404
centered_clipping,adaptive_evasion,13,8,2,3,0.2,1.0,2001,8.632417,0.054246195
centered_clipping,adaptive_evasion,14,8,2,3,0.2,1.0,2001,8.033903,0.04199476
centered_clipping,adaptive_evasion,15,8,2,3,0.2,1.0,2001,7.434674,0.07843508
centered_clipping,adaptive_evasion,16,8,2,3,0.2,1.0,2001,6.8361416,0.05991804
centered_clipping,adaptive_evasion,17,8,2,3,0.2,1.0,2001,6.2373853,0.04544336
centered_clipping,adaptive_evasion,18,8,2,3,0.2,1.0,2001,5.638701,0.08321319
centered_clipping,adaptive_evasion,19,8,2,3,0.2,1.0,2001,5.041192,0.06173321
centered_clipping,adaptive_evasion,0,8,2,3,0.2,1.0,3001,16.380196,0.19300225
centered_clipping,adaptive_evasion,1,8,2,3,0.2,1.0,3001,15.78034,0.15442005
centered_clipping,adaptive_evasion,2,8,2,3,0.2,1.0,3001,15.180596,0.12344395
centered_clipping,adaptive_evasion,3,8,2,3,0.2,1.0,3001,14.580863,0.09857452
centered_clipping,adaptive_evasion,4,8,2,3,0.2,1.0,3001,13.981006,0.07861254
centered_clipping,adaptive_evasion,5,8,2,3,0.2,1.0,3001,13.381267,0.06259866
centered_clipping,adaptive_evasion,6,8,2,3,0.2,1.0,3001,12.78173,0.049761113
centered_clipping,adaptive_evasion,7,8,2,3,0.2,1.0,3001,12.182105,0.03947787
centered_clipping,adaptive_evasion,8,8,2,3,0.2,1.0,3001,11.582576,0.07549377
centered_clipping,adaptive_evasion,9,8,2,3,0.2,1.0,3001,10.983345,0.05954467
centered_clipping,adaptive_evasion,10,8,2,3,0.2,1.0,3001,10.384093,0.046839956
centered_clipping,adaptive_evasion,11,8,2,3,0.2,1.0,3001,9.785024,0.08897053
centered_clipping,adaptive_evasion,12,8,2,3,0.2,1.0,3001,9.185851,0.0694199
centered_clipping,adaptive_evasion,13,8,2,3,0.2,1.0,3001,8.586315,0.053956494
centered_clipping,adaptive_evasion,14,8,2,3,0.2,1.0,3001,7.9878373,0.041753966
centered_clipping,adaptive_evasion,15,8,2,3,0.2,1.0,3001,7.3890767,0.07795403
centered_clipping,adaptive_evasion,16,8,2,3,0.2,1.0,3001,6.7909403,0.059521854
centered_clipping,adaptive_evasion,17,8,2,3,0.2,1.0,3001,6.1915917,0.045109723
centered_clipping,adaptive_evasion,18,8,2,3,0.2,1.0,3001,5.5938683,0.08255157
centered_clipping,adaptive_evasion,19,8,2,3,0.2,1.0,3001,4.996946,0.06119138
centered_clipping,adaptive_evasion,0,8,2,3,0.2,1.0,4001,16.340433,0.19253375
centered_clipping,adaptive_evasion,1,8,2,3,0.2,1.0,4001,15.740686,0.154032
centered_clipping,adaptive_evasion,2,8,2,3,0.2,1.0,4001,15.141119,0.12312294
centered_clipping,adaptive_evasion,3,8,2,3,0.2,1.0,4001,14.54144,0.098308
centered_clipping,adaptive_evasion,4,8,2,3,0.2,1.0,4001,13.9417095,0.07839159
centered_clipping,adaptive_evasion,5,8,2,3,0.2,1.0,4001,13.342334,0.06241653
centered_clipping,adaptive_evasion,6,8,2,3,0.2,1.0,4001,12.742743,0.04960933
centered_clipping,adaptive_evasion,7,8,2,3,0.2,1.0,4001,12.142973,0.039351057
centered_clipping,adaptive_evasion,8,8,2,3,0.2,1.0,4001,11.543634,0.07523995
centered_clipping,adaptive_evasion,9,8,2,3,0.2,1.0,4001,10.9439745,0.059331227
centered_clipping,adaptive_evasion,10,8,2,3,0.2,1.0,4001,10.344428,0.046661034
centered_clipping,adaptive_evasion,11,8,2,3,0.2,1.0,4001,9.745493,0.088611096
centered_clipping,adaptive_evasion,12,8,2,3,0.2,1.0,4001,9.146655,0.069123685
centered_clipping,adaptive_evasion,13,8,2,3,0.2,1.0,4001,8.547166,0.05371048
centered_clipping,adaptive_evasion,14,8,2,3,0.2,1.0,4001,7.9480267,0.041545868
centered_clipping,adaptive_evasion,15,8,2,3,0.2,1.0,4001,7.350113,0.07754297
centered_clipping,adaptive_evasion,16,8,2,3,0.2,1.0,4001,6.751544,0.05917655
centered_clipping,adaptive_evasion,17,8,2,3,0.2,1.0,4001,6.152799,0.044827092
centered_clipping,adaptive_evasion,18,8,2,3,0.2,1.0,4001,5.5559072,0.08199136
centered_clipping,adaptive_evasion,19,8,2,3,0.2,1.0,4001,4.957042,0.06070273
fedavg,scaling,0,8,2,3,0.2,1.0,1,171.47302,0.20004469
fedavg,scaling,1,8,2,3,0.2,1.0,1,171.47302,0.19995108
fedavg,scaling,2,8,2,3,0.2,1.0,1,171.47302,0.20004931
fedavg,scaling,3,8,2,3,0.2,1.0,1,171.47302,0.2001243
fedavg,scaling,4,8,2,3,0.2,1.0,1,171.47302,0.20002964
fedavg,scaling,5,8,2,3,0.2,1.0,1,171.47302,0.20011817
fedavg,scaling,6,8,2,3,0.2,1.0,1,171.47304,0.1999216
fedavg,scaling,7,8,2,3,0.2,1.0,1,171.47304,0.19989626
fedavg,scaling,8,8,2,3,0.2,1.0,1,171.47302,0.20014597
fedavg,scaling,9,8,2,3,0.2,1.0,1,171.47302,0.19994551
fedavg,scaling,10,8,2,3,0.2,1.0,1,171.47304,0.20025937
fedavg,scaling,11,8,2,3,0.2,1.0,1,171.47304,0.19999938
fedavg,scaling,12,8,2,3,0.2,1.0,1,171.47304,0.19992703
fedavg,scaling,13,8,2,3,0.2,1.0,1,171.47304,0.20010953
fedavg,scaling,14,8,2,3,0.2,1.0,1,171.47304,0.20015039
fedavg,scaling,15,8,2,3,0.2,1.0,1,171.47304,0.19993539
fedavg,scaling,16,8,2,3,0.2,1.0,1,171.47302,0.19998573
fedavg,scaling,17,8,2,3,0.2,1.0,1,171.47304,0.20001331
fedavg,scaling,18,8,2,3,0.2,1.0,1,171.47304,0.20007476
fedavg,scaling,19,8,2,3,0.2,1.0,1,171.47302,0.19991955
fedavg,scaling,0,8,2,3,0.2,1.0,1001,171.47304,0.1999437
fedavg,scaling,1,8,2,3,0.2,1.0,1001,171.47302,0.2000864
fedavg,scaling,2,8,2,3,0.2,1.0,1001,171.47302,0.19997184
fedavg,scaling,3,8,2,3,0.2,1.0,1001,171.47302,0.20000046
fedavg,scaling,4,8,2,3,0.2,1.0,1001,171.47302,0.19989151
fedavg,scaling,5,8,2,3,0.2,1.0,1001,171.47302,0.20008439
fedavg,scaling,6,8,2,3,0.2,1.0,1001,171.47302,0.20002651
fedavg,scaling,7,8,2,3,0.2,1.0,1001,171.47302,0.19989595
fedavg,scaling,8,8,2,3,0.2,1.0,1001,171.47304,0.20016795
fedavg,scaling,9,8,2,3,0.2,1.0,1001,171.47302,0.20011811
fedavg,scaling,10,8,2,3,0.2,1.0,1001,171.47304,0.19992597
fedavg,scaling,11,8,2,3,0.2,1.0,1001,171.47302,0.20009272
fedavg,scaling,12,8,2,3,0.2,1.0,1001,171.47304,0.20005976
fedavg,scaling,13,8,2,3,0.2,1.0,1001,171.47302,0.20018281
fedavg,scaling,14,8,2,3,0.2,1.0,1001,171.47302,0.20010018
fedavg,scaling,15,8,2,3,0.2,1.0,1001,171.47304,0.1999139
fedavg,scaling,16,8,2,3,0.2,1.0,1001,171.47302,0.19985665
fedavg,scaling,17,8,2,3,0.2,1.0,1001,171.47304,0.2000326
fedavg,scaling,18,8,2,3,0.2,1.0,1001,171.47302,0.20001131
fedavg,scaling,19,8,2,3,0.2,1.0,1001,171.47304,0.2000332
fedavg,scaling,0,8,2,3,0.2,1.0,2001,171.47304,0.20005864
fedavg,scaling,1,8,2,3,0.2,1.0,2001,171.47302,0.19972196
fedavg,scaling,2,8,2,3,0.2,1.0,2001,171.47302,0.19984142
fedavg,scaling,3,8,2,3,0.2,1.0,2001,171.47302,0.19991975
fedavg,scaling,4,8,2,3,0.2,1.0,2001,171.47302,0.20013541
fedavg,scaling,5,8,2,3,0.2,1.0,2001,171.47302,0.19989806
fedavg,scaling,6,8,2,3,0.2,1.0,2001,171.47302,0.19997425
fedavg,scaling,7,8,2,3,0.2,1.0,2001,171.47304,0.1999779
fedavg,scaling,8,8,2,3,0.2,1.0,2001,171.47302,0.20007382
fedavg,scaling,9,8,2,3,0.2,1.0,2001,171.47302,0.20008174
fedavg,scaling,10,8,2,3,0.2,1.0,2001,171.47302,0.199933
fedavg,scaling,11,8,2,3,0.2,1.0,2001,171.47302,0.19999774
fedavg,scaling,12,8,2,3,0.2,1.0,2001,171.47302,0.20021494
fedavg,scaling,13,8,2,3,0.2,1.0,2001,171.47302,0.20020442
fedavg,scaling,14,8,2,3,0.2,1.0,2001,171.47302,0.19989192
fedavg,scaling,15,8,2,3,0.2,1.0,2001,171.47304,0.2000142
fedavg,scaling,16,8,2,3,0.2,1.0,2001,171.47302,0.19988371
fedavg,scaling,17,8,2,3,0.2,1.0,2001,171.47302,0.2001409
fedavg,scaling,18,8,2,3,0.2,1.0,2001,171.47302,0.200054
fedavg,scaling,19,8,2,3,0.2,1.0,2001,171.47304,0.20015961
fedavg,scaling,0,8,2,3,0.2,1.0,3001,171.47304,0.20000648
fedavg,scaling,1,8,2,3,0.2,1.0,3001,171.47302,0.19996509
fedavg,scaling,2,8,2,3,0.2,1.0,3001,171.47302,0.20021068
fedavg,scaling,3,8,2,3,0.2,1.0,3001,171.47304,0.19988549
fedavg,scaling,4,8,2,3,0.2,1.0,3001,171.47302,0.19995812
fedavg,scaling,5,8,2,3,0.2,1.0,3001,171.47302,0.1999736
fedavg,scaling,6,8,2,3,0.2,1.0,3001,171.47302,0.19995135
fedavg,scaling,7,8,2,3,0.2,1.0,3001,171.47304,0.19992398
fedavg,scaling,8,8,2,3,0.2,1.0,3001,171.47302,0.19995508
fedavg,scaling,9,8,2,3,0.2,1.0,3001,171.47302,0.2000806
fedavg,scaling,10,8,2,3,0.2,1.0,3001,171.47304,0.20012438
fedavg,scaling,11,8,2,3,0.2,1.0,3001,171.47302,0.19980131
fedavg,scaling,12,8,2,3,0.2,1.0,3001,171.47304,0.20012507
fedavg,scaling,13,8,2,3,0.2,1.0,3001,171.47304,0.1999113
fedavg,scaling,14,8,2,3,0.2,1.0,3001,171.47302,0.19995078
fedavg,scaling,15,8,2,3,0.2,1.0,3001,171.47304,0.19994196
fedavg,scaling,16,8,2,3,0.2,1.0,3001,171.47302,0.20007885
fedavg,scaling,17,8,2,3,0.2,1.0,3001,171.47302,0.20022671
fedavg,scaling,18,8,2,3,0.2,1.0,3001,171.47304,0.20005384
fedavg,scaling,19,8,2,3,0.2,1.0,3001,171.47302,0.20011221
fedavg,scaling,0,8,2,3,0.2,1.0,4001,171.47302,0.19995949
fedavg,scaling,1,8,2,3,0.2,1.0,4001,171.47302,0.19997527
fedavg,scaling,2,8,2,3,0.2,1.0,4001,171.47302,0.1999784
fedavg,scaling,3,8,2,3,0.2,1.0,4001,171.47304,0.19999947
fedavg,scaling,4,8,2,3,0.2,1.0,4001,171.47302,0.1999885
fedavg,scaling,5,8,2,3,0.2,1.0,4001,171.47304,0.20010498
fedavg,scaling,6,8,2,3,0.2,1.0,4001,171.47304,0.1999747
fedavg,scaling,7,8,2,3,0.2,1.0,4001,171.47302,0.20006406
fedavg,scaling,8,8,2,3,0.2,1.0,4001,171.47302,0.20008531
fedavg,scaling,9,8,2,3,0.2,1.0,4001,171.47304,0.2000662
fedavg,scaling,10,8,2,3,0.2,1.0,4001,171.47304,0.20000288
fedavg,scaling,11,8,2,3,0.2,1.0,4001,171.47304,0.20003006
fedavg,scaling,12,8,2,3,0.2,1.0,4001,171.47302,0.20001078
fedavg,scaling,13,8,2,3,0.2,1.0,4001,171.47304,0.2001067
fedavg,scaling,14,8,2,3,0.2,1.0,4001,171.47302,0.19996046
fedavg,scaling,15,8,2,3,0.2,1.0,4001,171.47302,0.19996347
fedavg,scaling,16,8,2,3,0.2,1.0,4001,171.47302,0.19998223
fedavg,scaling,17,8,2,3,0.2,1.0,4001,171.47304,0.1999168
fedavg,scaling,18,8,2,3,0.2,1.0,4001,171.47304,0.20009604
fedavg,scaling,19,8,2,3,0.2,1.0,4001,171.47302,0.19997965
krum,scaling,0,8,2,3,0.2,1.0,1,0.13920565,0.00016240077
krum,scaling,1,8,2,3,0.2,1.0,1,0.3879176,0.00045234253
krum,scaling,2,8,2,3,0.2,1.0,1,0.20969842,0.00024464505
krum,scaling,3,8,2,3,0.2,1.0,1,0.4022157,0.00046942153
krum,scaling,4,8,2,3,0.2,1.0,1,0.3633399,0.00042384947
krum,scaling,5,8,2,3,0.2,1.0,1,0.37281993,0.00043510075
krum,scaling,6,8,2,3,0.2,1.0,1,0.29438955,0.00034323081
krum,scaling,7,8,2,3,0.2,1.0,1,0.31431276,0.00036641298
krum,scaling,8,8,2,3,0.2,1.0,1,0.2603167,0.00030384568
krum,scaling,9,8,2,3,0.2,1.0,1,0.28637066,0.0003339215
krum,scaling,10,8,2,3,0.2,1.0,1,0.51315945,0.00059930695
krum,scaling,11,8,2,3,0.2,1.0,1,0.34140223,0.00039819808
krum,scaling,12,8,2,3,0.2,1.0,1,0.19943902,0.00023253365
krum,scaling,13,8,2,3,0.2,1.0,1,0.3415129,0.00039854652
krum,scaling,14,8,2,3,0.2,1.0,1,0.2785409,0.00032512442
krum,scaling,15,8,2,3,0.2,1.0,1,0.41518614,0.0004841018
krum,scaling,16,8,2,3,0.2,1.0,1,0.3948724,0.00046053214
krum,scaling,17,8,2,3,0.2,1.0,1,0.23228851,0.00027095102
krum,scaling,18,8,2,3,0.2,1.0,1,0.25847915,0.0003015935
krum,scaling,19,8,2,3,0.2,1.0,1,0.21981928,0.0002562862
krum,scaling,0,8,2,3,0.2,1.0,1001,0.16645326,0.00019409046
krum,scaling,1,8,2,3,0.2,1.0,1001,0.27051345,0.0003156535
krum,scaling,2,8,2,3,0.2,1.0,1001,0.22888859,0.00026692988
krum,scaling,3,8,2,3,0.2,1.0,1001,0.6076259,0.00070871477
krum,scaling,4,8,2,3,0.2,1.0,1001,0.41570494,0.00048460034
krum,scaling,5,8,2,3,0.2,1.0,1001,0.54728705,0.0006386054
krum,scaling,6,8,2,3,0.2,1.0,1001,0.4003571,0.0004670241
krum,scaling,7,8,2,3,0.2,1.0,1001,0.19864288,0.00023156941
krum,scaling,8,8,2,3,0.2,1.0,1001,0.46703863,0.00054519455
krum,scaling,9,8,2,3,0.2,1.0,1001,0.26184466,0.0003055866
krum,scaling,10,8,2,3,0.2,1.0,1001,0.2804325,0.00032696535
krum,scaling,11,8,2,3,0.2,1.0,1001,0.42490202,0.00049582025
krum,scaling,12,8,2,3,0.2,1.0,1001,0.27972367,0.00032635714
krum,scaling,13,8,2,3,0.2,1.0,1001,0.37002152,0.00043197436
krum,scaling,14,8,2,3,0.2,1.0,1001,0.18068449,0.0002108495
krum,scaling,15,8,2,3,0.2,1.0,1001,0.14282694,0.0001665165
krum,scaling,16,8,2,3,0.2,1.0,1001,0.40057808,0.00046688507
krum,scaling,17,8,2,3,0.2,1.0,1001,0.27728048,0.0003234627
krum,scaling,18,8,2,3,0.2,1.0,1001,0.28859493,0.00033662585
krum,scaling,19,8,2,3,0.2,1.0,1001,0.16043086,0.00018715186
krum,scaling,0,8,2,3,0.2,1.0,2001,0.29126975,0.0003398262
krum,scaling,1,8,2,3,0.2,1.0,2001,0.3292758,0.0003835216
krum,scaling,2,8,2,3,0.2,1.0,2001,0.34467104,0.00040169325
krum,scaling,3,8,2,3,0.2,1.0,2001,0.16976169,0.0001979245
krum,scaling,4,8,2,3,0.2,1.0,2001,0.38036036,0.0004439391
krum,scaling,5,8,2,3,0.2,1.0,2001,0.3990603,0.00046521245
krum,scaling,6,8,2,3,0.2,1.0,2001,0.2913096,0.00033972933
krum,scaling,7,8,2,3,0.2,1.0,2001,0.2423743,0.00028266545
krum,scaling,8,8,2,3,0.2,1.0,2001,0.41956717,0.0004895488
krum,scaling,9,8,2,3,0.2,1.0,2001,0.33082277,0.00038601752
krum,scaling,10,8,2,3,0.2,1.0,2001,0.2349113,0.00027390034
krum,scaling,11,8,2,3,0.2,1.0,2001,0.101560086,0.00011845471
krum,scaling,12,8,2,3,0.2,1.0,2001,0.10289896,0.00012014665
krum,scaling,13,8,2,3,0.2,1.0,2001,0.27210334,0.000317696
krum,scaling,14,8,2,3,0.2,1.0,2001,0.34389913,0.00040089487
krum,scaling,15,8,2,3,0.2,1.0,2001,0.21052183,0.00024556255
krum,scaling,16,8,2,3,0.2,1.0,2001,0.266199,0.00031030446
krum,scaling,17,8,2,3,0.2,1.0,2001,0.13482744,0.00015736869
krum,scaling,18,8,2,3,0.2,1.0,2001,0.22355184,0.00026081328
krum,scaling,19,8,2,3,0.2,1.0,2001,0.46310046,0.00054057484
krum,scaling,0,8,2,3,0.2,1.0,3001,0.31443003,0.0003667518
krum,scaling,1,8,2,3,0.2,1.0,3001,0.39238477,0.0004575837
krum,scaling,2,8,2,3,0.2,1.0,3001,0.28589442,0.00033380828
krum,scaling,3,8,2,3,0.2,1.0,3001,0.3875281,0.00045174005
krum,scaling,4,8,2,3,0.2,1.0,3001,0.1783196,0.00020794205
krum,scaling,5,8,2,3,0.2,1.0,3001,0.20347826,0.00023729843
krum,scaling,6,8,2,3,0.2,1.0,3001,0.26395652,0.00030779454
krum,scaling,7,8,2,3,0.2,1.0,3001,0.28944552,0.00033747053
krum,scaling,8,8,2,3,0.2,1.0,3001,0.2579448,0.00030079
krum,scaling,9,8,2,3,0.2,1.0,3001,0.19625004,0.00022899128
krum,scaling,10,8,2,3,0.2,1.0,3001,0.24041775,0.000280589
krum,scaling,11,8,2,3,0.2,1.0,3001,0.75307834,0.000877491
krum,scaling,12,8,2,3,0.2,1.0,3001,0.1466147,0.00017111308
krum,scaling,13,8,2,3,0.2,1.0,3001,0.3064112,0.00035722853
krum,scaling,14,8,2,3,0.2,1.0,3001,0.4802889,0.000560054
krum,scaling,15,8,2,3,0.2,1.0,3001,0.355309,0.00041429943
krum,scaling,16,8,2,3,0.2,1.0,3001,0.3194902,0.00037278884
krum,scaling,17,8,2,3,0.2,1.0,3001,0.3595727,0.00041986816
krum,scaling,18,8,2,3,0.2,1.0,3001,0.08774578,0.00010237108
krum,scaling,19,8,2,3,0.2,1.0,3001,0.32685292,0.00038144345
krum,scaling,0,8,2,3,0.2,1.0,4001,0.44883117,0.00052339456
krum,scaling,1,8,2,3,0.2,1.0,4001,0.0701128,8.176696e-05
krum,scaling,2,8,2,3,0.2,1.0,4001,0.20258364,0.00023626078
krum,scaling,3,8,2,3,0.2,1.0,4001,0.30310154,0.0003535258
krum,scaling,4,8,2,3,0.2,1.0,4001,0.32085848,0.00037421632
krum,scaling,5,8,2,3,0.2,1.0,4001,0.41667515,0.00048625004
krum,scaling,6,8,2,3,0.2,1.0,4001,0.2685083,0.00031313882
krum,scaling,7,8,2,3,0.2,1.0,4001,0.16424228,0.00019162768
krum,scaling,8,8,2,3,0.2,1.0,4001,0.48581445,0.0005668783
krum,scaling,9,8,2,3,0.2,1.0,4001,0.20409724,0.00023813048
krum,scaling,10,8,2,3,0.2,1.0,4001,0.067562744,7.8803896e-05
krum,scaling,11,8,2,3,0.2,1.0,4001,0.20453368,0.0002385966
krum,scaling,12,8,2,3,0.2,1.0,4001,0.28902102,0.00033712195
krum,scaling,13,8,2,3,0.2,1.0,4001,0.21608566,0.00025216903
krum,scaling,14,8,2,3,0.2,1.0,4001,0.31876493,0.0003717225
krum,scaling,15,8,2,3,0.2,1.0,4001,0.34230888,0.00039918392
krum,scaling,16,8,2,3,0.2,1.0,4001,0.14624308,0.00017055754
krum,scaling,17,8,2,3,0.2,1.0,4001,0.35645863,0.0004155876
krum,scaling,18,8,2,3,0.2,1.0,4001,0.48746258,0.00056883186
krum,scaling,19,8,2,3,0.2,1.0,4001,0.11688235,0.00013631351
multi_krum,scaling,0,8,2,3,0.2,1.0,1,0.09130984,0.00010652433
multi_krum,scaling,1,8,2,3,0.2,1.0,1,0.16155167,0.000188382
multi_krum,scaling,2,8,2,3,0.2,1.0,1,0.16640949,0.00019414195
multi_krum,scaling,3,8,2,3,0.2,1.0,1,0.23850659,0.00027835844
multi_krum,scaling,4,8,2,3,0.2,1.0,1,0.08631606,0.000100690886
multi_krum,scaling,5,8,2,3,0.2,1.0,1,0.20534198,0.00023964506
multi_krum,scaling,6,8,2,3,0.2,1.0,1,0.091160536,0.0001062847
multi_krum,scaling,7,8,2,3,0.2,1.0,1,0.12923342,0.00015065505
multi_krum,scaling,8,8,2,3,0.2,1.0,1,0.17155503,0.00020024169
multi_krum,scaling,9,8,2,3,0.2,1.0,1,0.19107847,0.00022280637
multi_krum,scaling,10,8,2,3,0.2,1.0,1,0.30065653,0.00035112977
multi_krum,scaling,11,8,2,3,0.2,1.0,1,0.014737415,1.7189139e-05
multi_krum,scaling,12,8,2,3,0.2,1.0,1,0.105662316,0.00012319577
multi_krum,scaling,13,8,2,3,0.2,1.0,1,0.16074833,0.00018759376
multi_krum,scaling,14,8,2,3,0.2,1.0,1,0.28514582,0.00033283394
multi_krum,scaling,15,8,2,3,0.2,1.0,1,0.13542593,0.00015790493
multi_krum,scaling,16,8,2,3,0.2,1.0,1,0.19463722,0.00022700168
multi_krum,scaling,17,8,2,3,0.2,1.0,1,0.12056412,0.00014063102
multi_krum,scaling,18,8,2,3,0.2,1.0,1,0.10319564,0.00012040869
multi_krum,scaling,19,8,2,3,0.2,1.0,1,0.21041752,0.00024532474
multi_krum,scaling,0,8,2,3,0.2,1.0,1001,0.13331048,0.0001554448
multi_krum,scaling,1,8,2,3,0.2,1.0,1001,0.11451197,0.00013362036
multi_krum,scaling,2,8,2,3,0.2,1.0,1001,0.05046344,5.8850466e-05
multi_krum,scaling,3,8,2,3,0.2,1.0,1001,0.34378058,0.0004009743
multi_krum,scaling,4,8,2,3,0.2,1.0,1001,0.15308267,0.0001784533
multi_krum,scaling,5,8,2,3,0.2,1.0,1001,0.37664187,0.000439487
multi_krum,scaling,6,8,2,3,0.2,1.0,1001,0.19811253,0.000231102
multi_krum,scaling,7,8,2,3,0.2,1.0,1001,0.18833597,0.00021955406
multi_krum,scaling,8,8,2,3,0.2,1.0,1001,0.25478095,0.0002974169
multi_krum,scaling,9,8,2,3,0.2,1.0,1001,0.20227963,0.00023607106
multi_krum,scaling,10,8,2,3,0.2,1.0,1001,0.16930111,0.00019739366
multi_krum,scaling,11,8,2,3,0.2,1.0,1001,0.1666822,0.00019450228
multi_krum,scaling,12,8,2,3,0.2,1.0,1001,0.22706729,0.00026492227
multi_krum,scaling,13,8,2,3,0.2,1.0,1001,0.23869063,0.00027865468
multi_krum,scaling,14,8,2,3,0.2,1.0,1001,0.11934321,0.00013926737
multi_krum,scaling,15,8,2,3,0.2,1.0,1001,0.13368867,0.00015586255
multi_krum,scaling,16,8,2,3,0.2,1.0,1001,0.22704922,0.00026463228
multi_krum,scaling,17,8,2,3,0.2,1.0,1001,0.099514395,0.00011608894
multi_krum,scaling,18,8,2,3,0.2,1.0,1001,0.17173456,0.00020031638
multi_krum,scaling,19,8,2,3,0.2,1.0,1001,0.14199027,0.00016563985
multi_krum,scaling,0,8,2,3,0.2,1.0,2001,0.29097116,0.00033947782
multi_krum,scaling,1,8,2,3,0.2,1.0,2001,0.34145078,0.00039770233
multi_krum,scaling,2,8,2,3,0.2,1.0,2001,0.21334082,0.00024863583
multi_krum,scaling,3,8,2,3,0.2,1.0,2001,0.1739292,0.0002027834
multi_krum,scaling,4,8,2,3,0.2,1.0,2001,0.18159948,0.00021195454
multi_krum,scaling,5,8,2,3,0.2,1.0,2001,0.21369864,0.0002491234
multi_krum,scaling,6,8,2,3,0.2,1.0,2001,0.09514481,0.00011095921
multi_krum,scaling,7,8,2,3,0.2,1.0,2001,0.03486664,4.0662704e-05
multi_krum,scaling,8,8,2,3,0.2,1.0,2001,0.19313756,0.00022535189
multi_krum,scaling,9,8,2,3,0.2,1.0,2001,0.14237557,0.00016612964
multi_krum,scaling,10,8,2,3,0.2,1.0,2001,0.17137504,0.00019981875
multi_krum,scaling,11,8,2,3,0.2,1.0,2001,0.17588313,0.00020514146
multi_krum,scaling,12,8,2,3,0.2,1.0,2001,0.23511872,0.00027452878
multi_krum,scaling,13,8,2,3,0.2,1.0,2001,0.27402654,0.00031994144
multi_krum,scaling,14,8,2,3,0.2,1.0,2001,0.2548344,0.0002970691
multi_krum,scaling,15,8,2,3,0.2,1.0,2001,0.14029968,0.00016365213
multi_krum,scaling,16,8,2,3,0.2,1.0,2001,0.13125697,0.00015300442
multi_krum,scaling,17,8,2,3,0.2,1.0,2001,0.153924,0.00017965793
multi_krum,scaling,18,8,2,3,0.2,1.0,2001,0.13531749,0.0001578721
multi_krum,scaling,19,8,2,3,0.2,1.0,2001,0.24131583,0.00028168675
multi_krum,scaling,0,8,2,3,0.2,1.0,3001,0.13815947,0.00016114947
multi_krum,scaling,1,8,2,3,0.2,1.0,3001,0.22956407,0.0002677086
multi_krum,scaling,2,8,2,3,0.2,1.0,3001,0.30266336,0.00035338756
multi_krum,scaling,3,8,2,3,0.2,1.0,3001,0.16175407,0.00018855612
multi_krum,scaling,4,8,2,3,0.2,1.0,3001,0.1371996,0.00015999119
multi_krum,scaling,5,8,2,3,0.2,1.0,3001,0.08722355,0.000101721
multi_krum,scaling,6,8,2,3,0.2,1.0,3001,0.23414339,0.00027303005
multi_krum,scaling,7,8,2,3,0.2,1.0,3001,0.16183282,0.00018868425
multi_krum,scaling,8,8,2,3,0.2,1.0,3001,0.098083295,0.00011437515
multi_krum,scaling,9,8,2,3,0.2,1.0,3001,0.17345354,0.00020239154
multi_krum,scaling,10,8,2,3,0.2,1.0,3001,0.13487487,0.00015741104
multi_krum,scaling,11,8,2,3,0.2,1.0,3001,0.43272933,0.0005042186
multi_krum,scaling,12,8,2,3,0.2,1.0,3001,0.22118776,0.0002581468
multi_krum,scaling,13,8,2,3,0.2,1.0,3001,0.10767205,0.00012552911
multi_krum,scaling,14,8,2,3,0.2,1.0,3001,0.13815124,0.00016109503
multi_krum,scaling,15,8,2,3,0.2,1.0,3001,0.06708015,7.821717e-05
multi_krum,scaling,16,8,2,3,0.2,1.0,3001,0.15590908,0.00018191847
multi_krum,scaling,17,8,2,3,0.2,1.0,3001,0.24400753,0.00028492426
multi_krum,scaling,18,8,2,3,0.2,1.0,3001,0.10876588,0.00012689477
multi_krum,scaling,19,8,2,3,0.2,1.0,3001,0.21983077,0.0002565466
multi_krum,scaling,0,8,2,3,0.2,1.0,4001,0.20224643,0.00023584522
multi_krum,scaling,1,8,2,3,0.2,1.0,4001,0.16083111,0.00018756445
multi_krum,scaling,2,8,2,3,0.2,1.0,4001,0.049382646,5.759193e-05
multi_krum,scaling,3,8,2,3,0.2,1.0,4001,0.2100872,0.00024503752
multi_krum,scaling,4,8,2,3,0.2,1.0,4001,0.1805922,0.00021062416
multi_krum,scaling,5,8,2,3,0.2,1.0,4001,0.2590583,0.0003023149
multi_krum,scaling,6,8,2,3,0.2,1.0,4001,0.052704,6.146428e-05
multi_krum,scaling,7,8,2,3,0.2,1.0,4001,0.09778985,0.00011409511
multi_krum,scaling,8,8,2,3,0.2,1.0,4001,0.31222102,0.00036431875
multi_krum,scaling,9,8,2,3,0.2,1.0,4001,0.082312964,9.603866e-05
multi_krum,scaling,10,8,2,3,0.2,1.0,4001,0.18491596,0.00021568245
multi_krum,scaling,11,8,2,3,0.2,1.0,4001,0.15050846,0.00017557407
multi_krum,scaling,12,8,2,3,0.2,1.0,4001,0.27828765,0.00032460224
multi_krum,scaling,13,8,2,3,0.2,1.0,4001,0.16988316,0.00019825133
multi_krum,scaling,14,8,2,3,0.2,1.0,4001,0.07504213,8.750915e-05
multi_krum,scaling,15,8,2,3,0.2,1.0,4001,0.124666005,0.00014537941
multi_krum,scaling,16,8,2,3,0.2,1.0,4001,0.09679694,0.000112890455
multi_krum,scaling,17,8,2,3,0.2,1.0,4001,0.1423877,0.00016600681
multi_krum,scaling,18,8,2,3,0.2,1.0,4001,0.20953552,0.00024451208
multi_krum,scaling,19,8,2,3,0.2,1.0,4001,0.03174618,3.7023838e-05
foolsgold,scaling,0,8,2,3,0.2,1.0,1,1.5534024,0.0018122379
foolsgold,scaling,1,8,2,3,0.2,1.0,1,1.5178956,0.001769986
foolsgold,scaling,2,8,2,3,0.2,1.0,1,1.0780017,0.0012576528
foolsgold,scaling,3,8,2,3,0.2,1.0,1,0.6730838,0.0007855487
foolsgold,scaling,4,8,2,3,0.2,1.0,1,1.2650228,0.001475696
foolsgold,scaling,5,8,2,3,0.2,1.0,1,1.3487223,0.001574031
foolsgold,scaling,6,8,2,3,0.2,1.0,1,1.480428,0.0017260412
foolsgold,scaling,7,8,2,3,0.2,1.0,1,1.2040919,0.0014036811
foolsgold,scaling,8,8,2,3,0.2,1.0,1,1.5959134,0.001862775
foolsgold,scaling,9,8,2,3,0.2,1.0,1,0.6921558,0.0008070858
foolsgold,scaling,10,8,2,3,0.2,1.0,1,1.4812311,0.0017298954
foolsgold,scaling,11,8,2,3,0.2,1.0,1,1.3333961,0.0015552205
foolsgold,scaling,12,8,2,3,0.2,1.0,1,1.3311744,0.0015520676
foolsgold,scaling,13,8,2,3,0.2,1.0,1,0.6495316,0.00075800525
foolsgold,scaling,14,8,2,3,0.2,1.0,1,0.95658475,0.0011165651
foolsgold,scaling,15,8,2,3,0.2,1.0,1,1.2712831,0.0014823001
foolsgold,scaling,16,8,2,3,0.2,1.0,1,1.2077156,0.0014085358
foolsgold,scaling,17,8,2,3,0.2,1.0,1,1.2315371,0.0014365163
foolsgold,scaling,18,8,2,3,0.2,1.0,1,1.3753525,0.0016047615
foolsgold,scaling,19,8,2,3,0.2,1.0,1,1.5529135,0.0018105342
foolsgold,scaling,0,8,2,3,0.2,1.0,1001,1.5780144,0.0018400213
foolsgold,scaling,1,8,2,3,0.2,1.0,1001,1.5690718,0.0018308999
foolsgold,scaling,2,8,2,3,0.2,1.0,1001,1.5328995,0.0017876674
foolsgold,scaling,3,8,2,3,0.2,1.0,1001,1.320589,0.0015402914
foolsgold,scaling,4,8,2,3,0.2,1.0,1001,1.5021855,0.001751145
foolsgold,scaling,5,8,2,3,0.2,1.0,1001,1.5089021,0.0017606721
foolsgold,scaling,6,8,2,3,0.2,1.0,1001,1.4583659,0.0017012113
foolsgold,scaling,7,8,2,3,0.2,1.0,1001,1.4118388,0.0016458615
foolsgold,scaling,8,8,2,3,0.2,1.0,1001,1.2193016,0.0014233439
foolsgold,scaling,9,8,2,3,0.2,1.0,1001,1.2968605,0.001513505
foolsgold,scaling,10,8,2,3,0.2,1.0,1001,1.4736524,0.0017181791
foolsgold,scaling,11,8,2,3,0.2,1.0,1001,1.5328261,0.0017886623
foolsgold,scaling,12,8,2,3,0.2,1.0,1001,1.1883292,0.0013864387
foolsgold,scaling,13,8,2,3,0.2,1.0,1001,1.4339862,0.001674079
foolsgold,scaling,14,8,2,3,0.2,1.0,1001,1.1582862,0.0013516604
foolsgold,scaling,15,8,2,3,0.2,1.0,1001,1.407861,0.0016413716
foolsgold,scaling,16,8,2,3,0.2,1.0,1001,1.4211382,0.0016563768
foolsgold,scaling,17,8,2,3,0.2,1.0,1001,1.3096052,0.0015277256
foolsgold,scaling,18,8,2,3,0.2,1.0,1001,1.6194062,0.0018889244
foolsgold,scaling,19,8,2,3,0.2,1.0,1001,1.3102963,0.0015285363
foolsgold,scaling,0,8,2,3,0.2,1.0,2001,1.3495185,0.0015744915
foolsgold,scaling,1,8,2,3,0.2,1.0,2001,1.1957084,0.0013926927
foolsgold,scaling,2,8,2,3,0.2,1.0,2001,1.5605899,0.0018187731
foolsgold,scaling,3,8,2,3,0.2,1.0,2001,1.5237736,0.0017765618
foolsgold,scaling,4,8,2,3,0.2,1.0,2001,1.546558,0.0018050713
foolsgold,scaling,5,8,2,3,0.2,1.0,2001,1.3540806,0.0015785461
foolsgold,scaling,6,8,2,3,0.2,1.0,2001,1.2183708,0.0014208811
foolsgold,scaling,7,8,2,3,0.2,1.0,2001,1.4444321,0.0016845478
foolsgold,scaling,8,8,2,3,0.2,1.0,2001,1.403713,0.001637845
foolsgold,scaling,9,8,2,3,0.2,1.0,2001,1.470041,0.001715304
foolsgold,scaling,10,8,2,3,0.2,1.0,2001,1.3611249,0.0015870356
foolsgold,scaling,11,8,2,3,0.2,1.0,2001,1.1566428,0.0013490515
foolsgold,scaling,12,8,2,3,0.2,1.0,2001,1.4650424,0.0017106094
foolsgold,scaling,13,8,2,3,0.2,1.0,2001,0.9693022,0.0011317149
foolsgold,scaling,14,8,2,3,0.2,1.0,2001,1.0847241,0.0012644996
foolsgold,scaling,15,8,2,3,0.2,1.0,2001,1.521054,0.0017742288
foolsgold,scaling,16,8,2,3,0.2,1.0,2001,1.474972,0.0017193543
foolsgold,scaling,17,8,2,3,0.2,1.0,2001,1.3052734,0.0015234967
foolsgold,scaling,18,8,2,3,0.2,1.0,2001,1.4072552,0.0016418153
foolsgold,scaling,19,8,2,3,0.2,1.0,2001,1.5150535,0.0017685143
foolsgold,scaling,0,8,2,3,0.2,1.0,3001,1.3626881,0.001589442
foolsgold,scaling,1,8,2,3,0.2,1.0,3001,1.1741881,0.001369292
foolsgold,scaling,2,8,2,3,0.2,1.0,3001,1.4701931,0.001716587
foolsgold,scaling,3,8,2,3,0.2,1.0,3001,1.5780519,0.0018395293
foolsgold,scaling,4,8,2,3,0.2,1.0,3001,0.9158195,0.0010679555
foolsgold,scaling,5,8,2,3,0.2,1.0,3001,1.4632164,0.001706418
foolsgold,scaling,6,8,2,3,0.2,1.0,3001,1.2758254,0.001487715
foolsgold,scaling,7,8,2,3,0.2,1.0,3001,1.5587984,0.0018174355
foolsgold,scaling,8,8,2,3,0.2,1.0,3001,1.5498883,0.0018073282
foolsgold,scaling,9,8,2,3,0.2,1.0,3001,1.5795205,0.0018430387
foolsgold,scaling,10,8,2,3,0.2,1.0,3001,1.5722096,0.0018349093
foolsgold,scaling,11,8,2,3,0.2,1.0,3001,1.4781622,0.0017223627
foolsgold,scaling,12,8,2,3,0.2,1.0,3001,1.1539648,0.0013467849
foolsgold,scaling,13,8,2,3,0.2,1.0,3001,1.3671387,0.0015938744
foolsgold,scaling,14,8,2,3,0.2,1.0,3001,1.5493119,0.0018066174
foolsgold,scaling,15,8,2,3,0.2,1.0,3001,1.3133917,0.0015314483
foolsgold,scaling,16,8,2,3,0.2,1.0,3001,0.8096677,0.0009447398
foolsgold,scaling,17,8,2,3,0.2,1.0,3001,1.3757714,0.0016064695
foolsgold,scaling,18,8,2,3,0.2,1.0,3001,1.3612272,0.001588114
foolsgold,scaling,19,8,2,3,0.2,1.0,3001,1.2224499,0.0014266218
foolsgold,scaling,0,8,2,3,0.2,1.0,4001,1.4022306,0.0016351803
foolsgold,scaling,1,8,2,3,0.2,1.0,4001,1.4582074,0.0017005906
foolsgold,scaling,2,8,2,3,0.2,1.0,4001,1.5687612,0.0018295493
foolsgold,scaling,3,8,2,3,0.2,1.0,4001,1.1943448,0.0013930371
foolsgold,scaling,4,8,2,3,0.2,1.0,4001,1.2085872,0.0014095717
foolsgold,scaling,5,8,2,3,0.2,1.0,4001,1.4078754,0.0016429573
foolsgold,scaling,6,8,2,3,0.2,1.0,4001,1.407745,0.0016417357
foolsgold,scaling,7,8,2,3,0.2,1.0,4001,1.5116446,0.0017636929
foolsgold,scaling,8,8,2,3,0.2,1.0,4001,1.5752745,0.0018381275
foolsgold,scaling,9,8,2,3,0.2,1.0,4001,1.2373471,0.0014436749
foolsgold,scaling,10,8,2,3,0.2,1.0,4001,1.1716423,0.0013665812
foolsgold,scaling,11,8,2,3,0.2,1.0,4001,1.3745346,0.0016034489
foolsgold,scaling,12,8,2,3,0.2,1.0,4001,1.4215442,0.0016581276
foolsgold,scaling,13,8,2,3,0.2,1.0,4001,0.97412425,0.0011367898
foolsgold,scaling,14,8,2,3,0.2,1.0,4001,1.297664,0.0015132497
foolsgold,scaling,15,8,2,3,0.2,1.0,4001,1.1847258,0.0013815694
foolsgold,scaling,16,8,2,3,0.2,1.0,4001,1.3984069,0.0016309068
foolsgold,scaling,17,8,2,3,0.2,1.0,4001,1.2194048,0.0014216783
foolsgold,scaling,18,8,2,3,0.2,1.0,4001,1.5885684,0.001853739
foolsgold,scaling,19,8,2,3,0.2,1.0,4001,1.356819,0.0015823841
dss_fedavg,scaling,0,8,2,3,0.2,1.0,1,171.47302,0.20004469
dss_fedavg,scaling,1,8,2,3,0.2,1.0,1,171.47302,0.19995108
dss_fedavg,scaling,2,8,2,3,0.2,1.0,1,171.47302,0.20004931
dss_fedavg,scaling,3,8,2,3,0.2,1.0,1,171.47302,0.2001243
dss_fedavg,scaling,4,8,2,3,0.2,1.0,1,171.47302,0.20002964
dss_fedavg,scaling,5,8,2,3,0.2,1.0,1,171.47302,0.20011817
dss_fedavg,scaling,6,8,2,3,0.2,1.0,1,171.47302,0.19992158
dss_fedavg,scaling,7,8,2,3,0.2,1.0,1,171.47302,0.19989625
dss_fedavg,scaling,8,8,2,3,0.2,1.0,1,171.47302,0.20014597
dss_fedavg,scaling,9,8,2,3,0.2,1.0,1,171.47302,0.19994551
dss_fedavg,scaling,10,8,2,3,0.2,1.0,1,171.47302,0.20025936
dss_fedavg,scaling,11,8,2,3,0.2,1.0,1,171.47302,0.19999936
dss_fedavg,scaling,12,8,2,3,0.2,1.0,1,171.47302,0.19992702
dss_fedavg,scaling,13,8,2,3,0.2,1.0,1,171.47302,0.20010951
dss_fedavg,scaling,14,8,2,3,0.2,1.0,1,171.47302,0.20015037
dss_fedavg,scaling,15,8,2,3,0.2,1.0,1,171.47302,0.19993538
dss_fedavg,scaling,16,8,2,3,0.2,1.0,1,171.47302,0.19998573
dss_fedavg,scaling,17,8,2,3,0.2,1.0,1,171.47302,0.20001328
dss_fedavg,scaling,18,8,2,3,0.2,1.0,1,171.47302,0.20007475
dss_fedavg,scaling,19,8,2,3,0.2,1.0,1,171.47302,0.19991955
dss_fedavg,scaling,0,8,2,3,0.2,1.0,1001,171.47302,0.19994369
dss_fedavg,scaling,1,8,2,3,0.2,1.0,1001,171.47302,0.2000864
dss_fedavg,scaling,2,8,2,3,0.2,1.0,1001,171.47302,0.19997184
dss_fedavg,scaling,3,8,2,3,0.2,1.0,1001,171.47302,0.20000046
dss_fedavg,scaling,4,8,2,3,0.2,1.0,1001,171.47302,0.19989151
dss_fedavg,scaling,5,8,2,3,0.2,1.0,1001,171.47302,0.20008439
dss_fedavg,scaling,6,8,2,3,0.2,1.0,1001,171.47302,0.20002651
dss_fedavg,scaling,7,8,2,3,0.2,1.0,1001,171.47302,0.19989595
dss_fedavg,scaling,8,8,2,3,0.2,1.0,1001,171.47302,0.20016794
dss_fedavg,scaling,9,8,2,3,0.2,1.0,1001,171.47302,0.20011811
dss_fedavg,scaling,10,8,2,3,0.2,1.0,1001,171.47302,0.19992596
dss_fedavg,scaling,11,8,2,3,0.2,1.0,1001,171.47302,0.20009272
dss_fedavg,scaling,12,8,2,3,0.2,1.0,1001,171.47302,0.20005974
dss_fedavg,scaling,13,8,2,3,0.2,1.0,1001,171.47302,0.20018281
dss_fedavg,scaling,14,8,2,3,0.2,1.0,1001,171.47302,0.20010018
dss_fedavg,scaling,15,8,2,3,0.2,1.0,1001,171.47302,0.19991389
dss_fedavg,scaling,16,8,2,3,0.2,1.0,1001,171.47302,0.19985665
dss_fedavg,scaling,17,8,2,3,0.2,1.0,1001,171.47302,0.20003258
dss_fedavg,scaling,18,8,2,3,0.2,1.0,1001,171.47302,0.20001131
dss_fedavg,scaling,19,8,2,3,0.2,1.0,1001,171.47302,0.20003317
dss_fedavg,scaling,0,8,2,3,0.2,1.0,2001,171.47302,0.20005862
dss_fedavg,scaling,1,8,2,3,0.2,1.0,2001,171.47302,0.19972196
dss_fedavg,scaling,2,8,2,3,0.2,1.0,2001,171.47302,0.19984142
dss_fedavg,scaling,3,8,2,3,0.2,1.0,2001,171.47302,0.19991975
dss_fedavg,scaling,4,8,2,3,0.2,1.0,2001,171.47302,0.20013541
dss_fedavg,scaling,5,8,2,3,0.2,1.0,2001,171.47302,0.19989806
dss_fedavg,scaling,6,8,2,3,0.2,1.0,2001,171.47302,0.19997425
dss_fedavg,scaling,7,8,2,3,0.2,1.0,2001,171.47302,0.19997789
dss_fedavg,scaling,8,8,2,3,0.2,1.0,2001,171.47302,0.20007382
dss_fedavg,scaling,9,8,2,3,0.2,1.0,2001,171.47302,0.20008174
dss_fedavg,scaling,10,8,2,3,0.2,1.0,2001,171.47302,0.199933
dss_fedavg,scaling,11,8,2,3,0.2,1.0,2001,171.47302,0.19999774
dss_fedavg,scaling,12,8,2,3,0.2,1.0,2001,171.47302,0.20021494
dss_fedavg,scaling,13,8,2,3,0.2,1.0,2001,171.47302,0.20020442
dss_fedavg,scaling,14,8,2,3,0.2,1.0,2001,171.47302,0.19989192
dss_fedavg,scaling,15,8,2,3,0.2,1.0,2001,171.47302,0.20001419
dss_fedavg,scaling,16,8,2,3,0.2,1.0,2001,171.47302,0.19988371
dss_fedavg,scaling,17,8,2,3,0.2,1.0,2001,171.47302,0.2001409
dss_fedavg,scaling,18,8,2,3,0.2,1.0,2001,171.47302,0.200054
dss_fedavg,scaling,19,8,2,3,0.2,1.0,2001,171.47302,0.2001596
dss_fedavg,scaling,0,8,2,3,0.2,1.0,3001,171.47302,0.20000647
dss_fedavg,scaling,1,8,2,3,0.2,1.0,3001,171.47302,0.19996509
dss_fedavg,scaling,2,8,2,3,0.2,1.0,3001,171.47302,0.20021068
dss_fedavg,scaling,3,8,2,3,0.2,1.0,3001,171.47302,0.19988547
dss_fedavg,scaling,4,8,2,3,0.2,1.0,3001,171.47302,0.19995812
dss_fedavg,scaling,5,8,2,3,0.2,1.0,3001,171.47302,0.1999736
dss_fedavg,scaling,6,8,2,3,0.2,1.0,3001,171.47302,0.19995135
dss_fedavg,scaling,7,8,2,3,0.2,1.0,3001,171.47302,0.19992396
dss_fedavg,scaling,8,8,2,3,0.2,1.0,3001,171.47302,0.19995508
dss_fedavg,scaling,9,8,2,3,0.2,1.0,3001,171.47302,0.2000806
dss_fedavg,scaling,10,8,2,3,0.2,1.0,3001,171.47302,0.20012435
dss_fedavg,scaling,11,8,2,3,0.2,1.0,3001,171.47302,0.19980131
dss_fedavg,scaling,12,8,2,3,0.2,1.0,3001,171.47302,0.20012505
dss_fedavg,scaling,13,8,2,3,0.2,1.0,3001,171.47302,0.19991128
dss_fedavg,scaling,14,8,2,3,0.2,1.0,3001,171.47302,0.19995078
dss_fedavg,scaling,15,8,2,3,0.2,1.0,3001,171.47302,0.19994195
dss_fedavg,scaling,16,8,2,3,0.2,1.0,3001,171.47302,0.20007885
dss_fedavg,scaling,17,8,2,3,0.2,1.0,3001,171.47302,0.20022671
dss_fedavg,scaling,18,8,2,3,0.2,1.0,3001,171.47302,0.20005383
dss_fedavg,scaling,19,8,2,3,0.2,1.0,3001,171.47302,0.20011221
dss_fedavg,scaling,0,8,2,3,0.2,1.0,4001,171.47302,0.19995949
dss_fedavg,scaling,1,8,2,3,0.2,1.0,4001,171.47302,0.19997527
dss_fedavg,scaling,2,8,2,3,0.2,1.0,4001,171.47302,0.1999784
dss_fedavg,scaling,3,8,2,3,0.2,1.0,4001,171.47302,0.19999945
dss_fedavg,scaling,4,8,2,3,0.2,1.0,4001,171.47302,0.1999885
dss_fedavg,scaling,5,8,2,3,0.2,1.0,4001,171.47302,0.20010497
dss_fedavg,scaling,6,8,2,3,0.2,1.0,4001,171.47302,0.19997469
dss_fedavg,scaling,7,8,2,3,0.2,1.0,4001,171.47302,0.20006406
dss_fedavg,scaling,8,8,2,3,0.2,1.0,4001,171.47302,0.20008531
dss_fedavg,scaling,9,8,2,3,0.2,1.0,4001,171.47302,0.20006616
dss_fedavg,scaling,10,8,2,3,0.2,1.0,4001,171.47302,0.20000286
dss_fedavg,scaling,11,8,2,3,0.2,1.0,4001,171.47302,0.20003004
dss_fedavg,scaling,12,8,2,3,0.2,1.0,4001,171.47302,0.20001078
dss_fedavg,scaling,13,8,2,3,0.2,1.0,4001,171.47302,0.20010668
dss_fedavg,scaling,14,8,2,3,0.2,1.0,4001,171.47302,0.19996046
dss_fedavg,scaling,15,8,2,3,0.2,1.0,4001,171.47302,0.19996347
dss_fedavg,scaling,16,8,2,3,0.2,1.0,4001,171.47302,0.19998223
dss_fedavg,scaling,17,8,2,3,0.2,1.0,4001,171.47302,0.19991677
dss_fedavg,scaling,18,8,2,3,0.2,1.0,4001,171.47302,0.20009603
dss_fedavg,scaling,19,8,2,3,0.2,1.0,4001,171.47302,0.19997965
centered_clipping,scaling,0,8,2,3,0.2,1.0,1,170.87303,0.19934472
centered_clipping,scaling,1,8,2,3,0.2,1.0,1,170.27304,0.1985518
centered_clipping,scaling,2,8,2,3,0.2,1.0,1,169.67303,0.19794936
centered_clipping,scaling,3,8,2,3,0.2,1.0,1,169.07304,0.19732329
centered_clipping,scaling,4,8,2,3,0.2,1.0,1,168.47305,0.19653007
centered_clipping,scaling,5,8,2,3,0.2,1.0,1,167.87305,0.1959168
centered_clipping,scaling,6,8,2,3,0.2,1.0,1,167.27306,0.1950248
centered_clipping,scaling,7,8,2,3,0.2,1.0,1,166.67305,0.19430064
centered_clipping,scaling,8,8,2,3,0.2,1.0,1,166.07304,0.19384304
centered_clipping,scaling,9,8,2,3,0.2,1.0,1,165.47305,0.19294927
centered_clipping,scaling,10,8,2,3,0.2,1.0,1,164.87305,0.19255139
centered_clipping,scaling,11,8,2,3,0.2,1.0,1,164.27304,0.19160159
centered_clipping,scaling,12,8,2,3,0.2,1.0,1,163.67305,0.19083272
centered_clipping,scaling,13,8,2,3,0.2,1.0,1,163.07306,0.19030672
centered_clipping,scaling,14,8,2,3,0.2,1.0,1,162.47307,0.18964525
centered_clipping,scaling,15,8,2,3,0.2,1.0,1,161.87306,0.18874195
centered_clipping,scaling,16,8,2,3,0.2,1.0,1,161.27307,0.18808971
centered_clipping,scaling,17,8,2,3,0.2,1.0,1,160.67307,0.18741576
centered_clipping,scaling,18,8,2,3,0.2,1.0,1,160.07307,0.18677329
centered_clipping,scaling,19,8,2,3,0.2,1.0,1,159.47308,0.18592888
centered_clipping,scaling,0,8,2,3,0.2,1.0,1001,170.87303,0.19924408
centered_clipping,scaling,1,8,2,3,0.2,1.0,1001,170.27304,0.19868618
centered_clipping,scaling,2,8,2,3,0.2,1.0,1001,169.67303,0.1978727
centered_clipping,scaling,3,8,2,3,0.2,1.0,1001,169.07303,0.19720119
centered_clipping,scaling,4,8,2,3,0.2,1.0,1001,168.47304,0.19639434
centered_clipping,scaling,5,8,2,3,0.2,1.0,1001,167.87305,0.19588374
centered_clipping,scaling,6,8,2,3,0.2,1.0,1001,167.27306,0.19512717
centered_clipping,scaling,7,8,2,3,0.2,1.0,1001,166.67307,0.19430037
centered_clipping,scaling,8,8,2,3,0.2,1.0,1001,166.07306,0.19386432
centered_clipping,scaling,9,8,2,3,0.2,1.0,1001,165.47307,0.19311585
centered_clipping,scaling,10,8,2,3,0.2,1.0,1001,164.87306,0.19223085
centered_clipping,scaling,11,8,2,3,0.2,1.0,1001,164.27306,0.19169104
centered_clipping,scaling,12,8,2,3,0.2,1.0,1001,163.67307,0.19095944
centered_clipping,scaling,13,8,2,3,0.2,1.0,1001,163.07307,0.19037646
centered_clipping,scaling,14,8,2,3,0.2,1.0,1001,162.47307,0.1895977
centered_clipping,scaling,15,8,2,3,0.2,1.0,1001,161.87306,0.18872166
centered_clipping,scaling,16,8,2,3,0.2,1.0,1001,161.27307,0.18796833
centered_clipping,scaling,17,8,2,3,0.2,1.0,1001,160.67308,0.18743387
centered_clipping,scaling,18,8,2,3,0.2,1.0,1001,160.07309,0.1867141
centered_clipping,scaling,19,8,2,3,0.2,1.0,1001,159.47308,0.18603456
centered_clipping,scaling,0,8,2,3,0.2,1.0,2001,170.87305,0.19935863
centered_clipping,scaling,1,8,2,3,0.2,1.0,2001,170.27304,0.1983243
centered_clipping,scaling,2,8,2,3,0.2,1.0,2001,169.67305,0.19774367
centered_clipping,scaling,3,8,2,3,0.2,1.0,2001,169.07304,0.19712162
centered_clipping,scaling,4,8,2,3,0.2,1.0,2001,168.47305,0.19663398
centered_clipping,scaling,5,8,2,3,0.2,1.0,2001,167.87306,0.19570135
centered_clipping,scaling,6,8,2,3,0.2,1.0,2001,167.27306,0.19507618
centered_clipping,scaling,7,8,2,3,0.2,1.0,2001,166.67307,0.19438002
centered_clipping,scaling,8,8,2,3,0.2,1.0,2001,166.07306,0.19377318
centered_clipping,scaling,9,8,2,3,0.2,1.0,2001,165.47305,0.19308072
centered_clipping,scaling,10,8,2,3,0.2,1.0,2001,164.87306,0.19223763
centered_clipping,scaling,11,8,2,3,0.2,1.0,2001,164.27307,0.19160007
centered_clipping,scaling,12,8,2,3,0.2,1.0,2001,163.67307,0.19110757
centered_clipping,scaling,13,8,2,3,0.2,1.0,2001,163.07306,0.190397
centered_clipping,scaling,14,8,2,3,0.2,1.0,2001,162.47307,0.18940037
centered_clipping,scaling,15,8,2,3,0.2,1.0,2001,161.87308,0.18881635
centered_clipping,scaling,16,8,2,3,0.2,1.0,2001,161.27309,0.1879938
centered_clipping,scaling,17,8,2,3,0.2,1.0,2001,160.67308,0.18753536
centered_clipping,scaling,18,8,2,3,0.2,1.0,2001,160.07309,0.18675394
centered_clipping,scaling,19,8,2,3,0.2,1.0,2001,159.47308,0.18615213
centered_clipping,scaling,0,8,2,3,0.2,1.0,3001,170.87302,0.19930662
centered_clipping,scaling,1,8,2,3,0.2,1.0,3001,170.27303,0.1985657
centered_clipping,scaling,2,8,2,3,0.2,1.0,3001,169.67303,0.19810902
centered_clipping,scaling,3,8,2,3,0.2,1.0,3001,169.07303,0.1970878
centered_clipping,scaling,4,8,2,3,0.2,1.0,3001,168.47304,0.19645979
centered_clipping,scaling,5,8,2,3,0.2,1.0,3001,167.87303,0.19577524
centered_clipping,scaling,6,8,2,3,0.2,1.0,3001,167.27304,0.19505383
centered_clipping,scaling,7,8,2,3,0.2,1.0,3001,166.67303,0.19432755
centered_clipping,scaling,8,8,2,3,0.2,1.0,3001,166.07304,0.19365814
centered_clipping,scaling,9,8,2,3,0.2,1.0,3001,165.47304,0.19307962
centered_clipping,scaling,10,8,2,3,0.2,1.0,3001,164.87305,0.1924216
centered_clipping,scaling,11,8,2,3,0.2,1.0,3001,164.27306,0.19141187
centered_clipping,scaling,12,8,2,3,0.2,1.0,3001,163.67305,0.19102176
centered_clipping,scaling,13,8,2,3,0.2,1.0,3001,163.07306,0.19011821
centered_clipping,scaling,14,8,2,3,0.2,1.0,3001,162.47307,0.18945615
centered_clipping,scaling,15,8,2,3,0.2,1.0,3001,161.87306,0.18874814
centered_clipping,scaling,16,8,2,3,0.2,1.0,3001,161.27307,0.1881773
centered_clipping,scaling,17,8,2,3,0.2,1.0,3001,160.67307,0.18761575
centered_clipping,scaling,18,8,2,3,0.2,1.0,3001,160.07307,0.18675375
centered_clipping,scaling,19,8,2,3,0.2,1.0,3001,159.47307,0.18610804
centered_clipping,scaling,0,8,2,3,0.2,1.0,4001,170.87303,0.19925982
centered_clipping,scaling,1,8,2,3,0.2,1.0,4001,170.27304,0.19857582
centered_clipping,scaling,2,8,2,3,0.2,1.0,4001,169.67305,0.1978792
centered_clipping,scaling,3,8,2,3,0.2,1.0,4001,169.07303,0.19720018
centered_clipping,scaling,4,8,2,3,0.2,1.0,4001,168.47304,0.19648962
centered_clipping,scaling,5,8,2,3,0.2,1.0,4001,167.87305,0.19590387
centered_clipping,scaling,6,8,2,3,0.2,1.0,4001,167.27306,0.19507661
centered_clipping,scaling,7,8,2,3,0.2,1.0,4001,166.67305,0.19446376
centered_clipping,scaling,8,8,2,3,0.2,1.0,4001,166.07304,0.19378428
centered_clipping,scaling,9,8,2,3,0.2,1.0,4001,165.47304,0.19306569
centered_clipping,scaling,10,8,2,3,0.2,1.0,4001,164.87306,0.19230479
centered_clipping,scaling,11,8,2,3,0.2,1.0,4001,164.27306,0.191631
centered_clipping,scaling,12,8,2,3,0.2,1.0,4001,163.67307,0.1909127
centered_clipping,scaling,13,8,2,3,0.2,1.0,4001,163.07306,0.19030404
centered_clipping,scaling,14,8,2,3,0.2,1.0,4001,162.47307,0.1894653
centered_clipping,scaling,15,8,2,3,0.2,1.0,4001,161.87308,0.18876849
centered_clipping,scaling,16,8,2,3,0.2,1.0,4001,161.27307,0.18808644
centered_clipping,scaling,17,8,2,3,0.2,1.0,4001,160.67307,0.18732533
centered_clipping,scaling,18,8,2,3,0.2,1.0,4001,160.07307,0.18679315
centered_clipping,scaling,19,8,2,3,0.2,1.0,4001,159.47308,0.18598476
