aggregator,attack,round,num_honest,num_attackers,dim,byzantine_fraction,clip_radius,seed,distance_from_true_value,asr
fedavg,persistent_sybil,0,8,2,3,0.2,1.0,1,17.012531,0.20045285
fedavg,persistent_sybil,1,8,2,3,0.2,1.0,1,16.932629,0.19951138
fedavg,persistent_sybil,2,8,2,3,0.2,1.0,1,17.01689,0.2005042
fedavg,persistent_sybil,3,8,2,3,0.2,1.0,1,17.081415,0.20126449
fedavg,persistent_sybil,4,8,2,3,0.2,1.0,1,16.999651,0.20030108
fedavg,persistent_sybil,5,8,2,3,0.2,1.0,1,17.075895,0.20119944
fedavg,persistent_sybil,6,8,2,3,0.2,1.0,1,16.906866,0.19920783
fedavg,persistent_sybil,7,8,2,3,0.2,1.0,1,16.885195,0.19895248
fedavg,persistent_sybil,8,8,2,3,0.2,1.0,1,17.099262,0.20147477
fedavg,persistent_sybil,9,8,2,3,0.2,1.0,1,16.92806,0.19945756
fedavg,persistent_sybil,10,8,2,3,0.2,1.0,1,17.19645,0.20261988
fedavg,persistent_sybil,11,8,2,3,0.2,1.0,1,16.97356,0.19999366
fedavg,persistent_sybil,12,8,2,3,0.2,1.0,1,16.911606,0.19926368
fedavg,persistent_sybil,13,8,2,3,0.2,1.0,1,17.068186,0.2011086
fedavg,persistent_sybil,14,8,2,3,0.2,1.0,1,17.104067,0.20153138
fedavg,persistent_sybil,15,8,2,3,0.2,1.0,1,16.91897,0.19935045
fedavg,persistent_sybil,16,8,2,3,0.2,1.0,1,16.962631,0.1998649
fedavg,persistent_sybil,17,8,2,3,0.2,1.0,1,16.98579,0.20013776
fedavg,persistent_sybil,18,8,2,3,0.2,1.0,1,17.038263,0.20075603
fedavg,persistent_sybil,19,8,2,3,0.2,1.0,1,16.905859,0.19919597
fedavg,persistent_sybil,0,8,2,3,0.2,1.0,1001,16.926119,0.19943468
fedavg,persistent_sybil,1,8,2,3,0.2,1.0,1001,17.048243,0.20087361
fedavg,persistent_sybil,2,8,2,3,0.2,1.0,1001,16.949984,0.19971587
fedavg,persistent_sybil,3,8,2,3,0.2,1.0,1001,16.976948,0.20003358
fedavg,persistent_sybil,4,8,2,3,0.2,1.0,1001,16.88125,0.198906
fedavg,persistent_sybil,5,8,2,3,0.2,1.0,1001,17.049185,0.20088471
fedavg,persistent_sybil,6,8,2,3,0.2,1.0,1001,16.997623,0.2002772
fedavg,persistent_sybil,7,8,2,3,0.2,1.0,1001,16.885332,0.1989541
fedavg,persistent_sybil,8,8,2,3,0.2,1.0,1001,17.118654,0.20170325
fedavg,persistent_sybil,9,8,2,3,0.2,1.0,1001,17.075825,0.20119861
fedavg,persistent_sybil,10,8,2,3,0.2,1.0,1001,16.911064,0.19925728
fedavg,persistent_sybil,11,8,2,3,0.2,1.0,1001,17.053932,0.20094065
fedavg,persistent_sybil,12,8,2,3,0.2,1.0,1001,17.026289,0.20061494
fedavg,persistent_sybil,13,8,2,3,0.2,1.0,1001,17.131077,0.20184962
fedavg,persistent_sybil,14,8,2,3,0.2,1.0,1001,17.060017,0.20101234
fedavg,persistent_sybil,15,8,2,3,0.2,1.0,1001,16.900433,0.19913203
fedavg,persistent_sybil,16,8,2,3,0.2,1.0,1001,16.851702,0.19855784
fedavg,persistent_sybil,17,8,2,3,0.2,1.0,1001,17.002214,0.20033129
fedavg,persistent_sybil,18,8,2,3,0.2,1.0,1001,16.984417,0.20012158
fedavg,persistent_sybil,19,8,2,3,0.2,1.0,1001,17.002941,0.20033985
fedavg,persistent_sybil,0,8,2,3,0.2,1.0,2001,17.026028,0.20061187
fedavg,persistent_sybil,1,8,2,3,0.2,1.0,2001,16.73597,0.19719422
fedavg,persistent_sybil,2,8,2,3,0.2,1.0,2001,16.83839,0.198401
fedavg,persistent_sybil,3,8,2,3,0.2,1.0,2001,16.905746,0.19919464
fedavg,persistent_sybil,4,8,2,3,0.2,1.0,2001,17.090366,0.20136994
fedavg,persistent_sybil,5,8,2,3,0.2,1.0,2001,16.88737,0.1989781
fedavg,persistent_sybil,6,8,2,3,0.2,1.0,2001,16.952198,0.19974196
fedavg,persistent_sybil,7,8,2,3,0.2,1.0,2001,16.955162,0.19977689
fedavg,persistent_sybil,8,8,2,3,0.2,1.0,2001,17.038013,0.2007531
fedavg,persistent_sybil,9,8,2,3,0.2,1.0,2001,17.044405,0.2008284
fedavg,persistent_sybil,10,8,2,3,0.2,1.0,2001,16.917152,0.19932903
fedavg,persistent_sybil,11,8,2,3,0.2,1.0,2001,16.972807,0.19998479
fedavg,persistent_sybil,12,8,2,3,0.2,1.0,2001,17.15824,0.20216967
fedavg,persistent_sybil,13,8,2,3,0.2,1.0,2001,17.149744,0.20206958
fedavg,persistent_sybil,14,8,2,3,0.2,1.0,2001,16.88247,0.19892037
fedavg,persistent_sybil,15,8,2,3,0.2,1.0,2001,16.986656,0.20014797
fedavg,persistent_sybil,16,8,2,3,0.2,1.0,2001,16.874382,0.19882508
fedavg,persistent_sybil,17,8,2,3,0.2,1.0,2001,17.09483,0.20142254
fedavg,persistent_sybil,18,8,2,3,0.2,1.0,2001,17.0207,0.2005491
fedavg,persistent_sybil,19,8,2,3,0.2,1.0,2001,17.111414,0.20161794
fedavg,persistent_sybil,0,8,2,3,0.2,1.0,3001,16.98005,0.20007011
fedavg,persistent_sybil,1,8,2,3,0.2,1.0,3001,16.945242,0.19966
fedavg,persistent_sybil,2,8,2,3,0.2,1.0,3001,17.155369,0.20213585
fedavg,persistent_sybil,3,8,2,3,0.2,1.0,3001,16.876078,0.19884506
fedavg,persistent_sybil,4,8,2,3,0.2,1.0,3001,16.93854,0.19958103
fedavg,persistent_sybil,5,8,2,3,0.2,1.0,3001,16.951605,0.19973497
fedavg,persistent_sybil,6,8,2,3,0.2,1.0,3001,16.933462,0.1995212
fedavg,persistent_sybil,7,8,2,3,0.2,1.0,3001,16.909292,0.19923641
fedavg,persistent_sybil,8,8,2,3,0.2,1.0,3001,16.935732,0.19954795
fedavg,persistent_sybil,9,8,2,3,0.2,1.0,3001,17.04365,0.2008195
fedavg,persistent_sybil,10,8,2,3,0.2,1.0,3001,17.080673,0.20125574
fedavg,persistent_sybil,11,8,2,3,0.2,1.0,3001,16.806553,0.19802587
fedavg,persistent_sybil,12,8,2,3,0.2,1.0,3001,17.081898,0.20127016
fedavg,persistent_sybil,13,8,2,3,0.2,1.0,3001,16.898067,0.19910416
fedavg,persistent_sybil,14,8,2,3,0.2,1.0,3001,16.93225,0.19950691
fedavg,persistent_sybil,15,8,2,3,0.2,1.0,3001,16.92433,0.1994136
fedavg,persistent_sybil,16,8,2,3,0.2,1.0,3001,17.042038,0.20080051
fedavg,persistent_sybil,17,8,2,3,0.2,1.0,3001,17.168282,0.202288
fedavg,persistent_sybil,18,8,2,3,0.2,1.0,3001,17.020422,0.20054582
fedavg,persistent_sybil,19,8,2,3,0.2,1.0,3001,17.070965,0.20114134
fedavg,persistent_sybil,0,8,2,3,0.2,1.0,4001,16.940168,0.19960022
fedavg,persistent_sybil,1,8,2,3,0.2,1.0,4001,16.953426,0.19975643
fedavg,persistent_sybil,2,8,2,3,0.2,1.0,4001,16.95562,0.19978228
fedavg,persistent_sybil,3,8,2,3,0.2,1.0,4001,16.974546,0.20000528
fedavg,persistent_sybil,4,8,2,3,0.2,1.0,4001,16.964914,0.19989179
fedavg,persistent_sybil,5,8,2,3,0.2,1.0,4001,17.065178,0.20107315
fedavg,persistent_sybil,6,8,2,3,0.2,1.0,4001,16.952446,0.19974488
fedavg,persistent_sybil,7,8,2,3,0.2,1.0,4001,17.029116,0.20064825
fedavg,persistent_sybil,8,8,2,3,0.2,1.0,4001,17.049046,0.20088308
fedavg,persistent_sybil,9,8,2,3,0.2,1.0,4001,17.030855,0.20066875
fedavg,persistent_sybil,10,8,2,3,0.2,1.0,4001,16.977266,0.20003733
fedavg,persistent_sybil,11,8,2,3,0.2,1.0,4001,17.000307,0.20030881
fedavg,persistent_sybil,12,8,2,3,0.2,1.0,4001,16.984943,0.20012778
fedavg,persistent_sybil,13,8,2,3,0.2,1.0,4001,17.065851,0.2010811
fedavg,persistent_sybil,14,8,2,3,0.2,1.0,4001,16.940279,0.19960152
fedavg,persistent_sybil,15,8,2,3,0.2,1.0,4001,16.943071,0.19963442
fedavg,persistent_sybil,16,8,2,3,0.2,1.0,4001,16.95906,0.19982281
fedavg,persistent_sybil,17,8,2,3,0.2,1.0,4001,16.902973,0.19916196
fedavg,persistent_sybil,18,8,2,3,0.2,1.0,4001,17.057077,0.20097771
fedavg,persistent_sybil,19,8,2,3,0.2,1.0,4001,16.956657,0.1997945
dss_fedavg,persistent_sybil,0,8,2,3,0.2,1.0,1,17.012531,0.20045285
dss_fedavg,persistent_sybil,1,8,2,3,0.2,1.0,1,16.932629,0.19951138
dss_fedavg,persistent_sybil,2,8,2,3,0.2,1.0,1,17.01689,0.2005042
dss_fedavg,persistent_sybil,3,8,2,3,0.2,1.0,1,17.081415,0.20126449
dss_fedavg,persistent_sybil,4,8,2,3,0.2,1.0,1,16.999651,0.20030108
dss_fedavg,persistent_sybil,5,8,2,3,0.2,1.0,1,17.075895,0.20119944
dss_fedavg,persistent_sybil,6,8,2,3,0.2,1.0,1,16.906866,0.19920783
dss_fedavg,persistent_sybil,7,8,2,3,0.2,1.0,1,16.885195,0.19895248
dss_fedavg,persistent_sybil,8,8,2,3,0.2,1.0,1,17.099262,0.20147477
dss_fedavg,persistent_sybil,9,8,2,3,0.2,1.0,1,16.92806,0.19945756
dss_fedavg,persistent_sybil,10,8,2,3,0.2,1.0,1,17.19645,0.20261988
dss_fedavg,persistent_sybil,11,8,2,3,0.2,1.0,1,16.97356,0.19999366
dss_fedavg,persistent_sybil,12,8,2,3,0.2,1.0,1,16.911606,0.19926368
dss_fedavg,persistent_sybil,13,8,2,3,0.2,1.0,1,17.068186,0.2011086
dss_fedavg,persistent_sybil,14,8,2,3,0.2,1.0,1,17.104067,0.20153138
dss_fedavg,persistent_sybil,15,8,2,3,0.2,1.0,1,16.91897,0.19935045
dss_fedavg,persistent_sybil,16,8,2,3,0.2,1.0,1,16.962631,0.1998649
dss_fedavg,persistent_sybil,17,8,2,3,0.2,1.0,1,16.98579,0.20013776
dss_fedavg,persistent_sybil,18,8,2,3,0.2,1.0,1,17.038263,0.20075603
dss_fedavg,persistent_sybil,19,8,2,3,0.2,1.0,1,16.905859,0.19919597
dss_fedavg,persistent_sybil,0,8,2,3,0.2,1.0,1001,16.926119,0.19943468
dss_fedavg,persistent_sybil,1,8,2,3,0.2,1.0,1001,17.048243,0.20087361
dss_fedavg,persistent_sybil,2,8,2,3,0.2,1.0,1001,16.949984,0.19971587
dss_fedavg,persistent_sybil,3,8,2,3,0.2,1.0,1001,16.976948,0.20003358
dss_fedavg,persistent_sybil,4,8,2,3,0.2,1.0,1001,16.88125,0.198906
dss_fedavg,persistent_sybil,5,8,2,3,0.2,1.0,1001,17.049185,0.20088471
dss_fedavg,persistent_sybil,6,8,2,3,0.2,1.0,1001,16.997623,0.2002772
dss_fedavg,persistent_sybil,7,8,2,3,0.2,1.0,1001,16.885332,0.1989541
dss_fedavg,persistent_sybil,8,8,2,3,0.2,1.0,1001,17.118654,0.20170325
dss_fedavg,persistent_sybil,9,8,2,3,0.2,1.0,1001,17.075825,0.20119861
dss_fedavg,persistent_sybil,10,8,2,3,0.2,1.0,1001,16.911064,0.19925728
dss_fedavg,persistent_sybil,11,8,2,3,0.2,1.0,1001,17.053932,0.20094065
dss_fedavg,persistent_sybil,12,8,2,3,0.2,1.0,1001,17.026289,0.20061494
dss_fedavg,persistent_sybil,13,8,2,3,0.2,1.0,1001,17.131077,0.20184962
dss_fedavg,persistent_sybil,14,8,2,3,0.2,1.0,1001,17.060017,0.20101234
dss_fedavg,persistent_sybil,15,8,2,3,0.2,1.0,1001,16.900433,0.19913203
dss_fedavg,persistent_sybil,16,8,2,3,0.2,1.0,1001,16.851702,0.19855784
dss_fedavg,persistent_sybil,17,8,2,3,0.2,1.0,1001,17.002214,0.20033129
dss_fedavg,persistent_sybil,18,8,2,3,0.2,1.0,1001,16.984417,0.20012158
dss_fedavg,persistent_sybil,19,8,2,3,0.2,1.0,1001,17.002941,0.20033985
dss_fedavg,persistent_sybil,0,8,2,3,0.2,1.0,2001,17.026028,0.20061187
dss_fedavg,persistent_sybil,1,8,2,3,0.2,1.0,2001,16.73597,0.19719422
dss_fedavg,persistent_sybil,2,8,2,3,0.2,1.0,2001,16.83839,0.198401
dss_fedavg,persistent_sybil,3,8,2,3,0.2,1.0,2001,16.905746,0.19919464
dss_fedavg,persistent_sybil,4,8,2,3,0.2,1.0,2001,17.090366,0.20136994
dss_fedavg,persistent_sybil,5,8,2,3,0.2,1.0,2001,16.88737,0.1989781
dss_fedavg,persistent_sybil,6,8,2,3,0.2,1.0,2001,16.952198,0.19974196
dss_fedavg,persistent_sybil,7,8,2,3,0.2,1.0,2001,16.955162,0.19977689
dss_fedavg,persistent_sybil,8,8,2,3,0.2,1.0,2001,17.038013,0.2007531
dss_fedavg,persistent_sybil,9,8,2,3,0.2,1.0,2001,17.044405,0.2008284
dss_fedavg,persistent_sybil,10,8,2,3,0.2,1.0,2001,16.917152,0.19932903
dss_fedavg,persistent_sybil,11,8,2,3,0.2,1.0,2001,16.972807,0.19998479
dss_fedavg,persistent_sybil,12,8,2,3,0.2,1.0,2001,17.15824,0.20216967
dss_fedavg,persistent_sybil,13,8,2,3,0.2,1.0,2001,17.149744,0.20206958
dss_fedavg,persistent_sybil,14,8,2,3,0.2,1.0,2001,16.88247,0.19892037
dss_fedavg,persistent_sybil,15,8,2,3,0.2,1.0,2001,16.986656,0.20014797
dss_fedavg,persistent_sybil,16,8,2,3,0.2,1.0,2001,16.874382,0.19882508
dss_fedavg,persistent_sybil,17,8,2,3,0.2,1.0,2001,17.09483,0.20142254
dss_fedavg,persistent_sybil,18,8,2,3,0.2,1.0,2001,17.0207,0.2005491
dss_fedavg,persistent_sybil,19,8,2,3,0.2,1.0,2001,17.111414,0.20161794
dss_fedavg,persistent_sybil,0,8,2,3,0.2,1.0,3001,16.98005,0.20007011
dss_fedavg,persistent_sybil,1,8,2,3,0.2,1.0,3001,16.945242,0.19966
dss_fedavg,persistent_sybil,2,8,2,3,0.2,1.0,3001,17.155369,0.20213585
dss_fedavg,persistent_sybil,3,8,2,3,0.2,1.0,3001,16.876078,0.19884506
dss_fedavg,persistent_sybil,4,8,2,3,0.2,1.0,3001,16.93854,0.19958103
dss_fedavg,persistent_sybil,5,8,2,3,0.2,1.0,3001,16.951605,0.19973497
dss_fedavg,persistent_sybil,6,8,2,3,0.2,1.0,3001,16.933462,0.1995212
dss_fedavg,persistent_sybil,7,8,2,3,0.2,1.0,3001,16.909292,0.19923641
dss_fedavg,persistent_sybil,8,8,2,3,0.2,1.0,3001,16.935732,0.19954795
dss_fedavg,persistent_sybil,9,8,2,3,0.2,1.0,3001,17.04365,0.2008195
dss_fedavg,persistent_sybil,10,8,2,3,0.2,1.0,3001,17.080673,0.20125574
dss_fedavg,persistent_sybil,11,8,2,3,0.2,1.0,3001,16.806553,0.19802587
dss_fedavg,persistent_sybil,12,8,2,3,0.2,1.0,3001,17.081898,0.20127016
dss_fedavg,persistent_sybil,13,8,2,3,0.2,1.0,3001,16.898067,0.19910416
dss_fedavg,persistent_sybil,14,8,2,3,0.2,1.0,3001,16.93225,0.19950691
dss_fedavg,persistent_sybil,15,8,2,3,0.2,1.0,3001,16.92433,0.1994136
dss_fedavg,persistent_sybil,16,8,2,3,0.2,1.0,3001,17.042038,0.20080051
dss_fedavg,persistent_sybil,17,8,2,3,0.2,1.0,3001,17.168282,0.202288
dss_fedavg,persistent_sybil,18,8,2,3,0.2,1.0,3001,17.020422,0.20054582
dss_fedavg,persistent_sybil,19,8,2,3,0.2,1.0,3001,17.070965,0.20114134
dss_fedavg,persistent_sybil,0,8,2,3,0.2,1.0,4001,16.940168,0.19960022
dss_fedavg,persistent_sybil,1,8,2,3,0.2,1.0,4001,16.953426,0.19975643
dss_fedavg,persistent_sybil,2,8,2,3,0.2,1.0,4001,16.95562,0.19978228
dss_fedavg,persistent_sybil,3,8,2,3,0.2,1.0,4001,16.974546,0.20000528
dss_fedavg,persistent_sybil,4,8,2,3,0.2,1.0,4001,16.964914,0.19989179
dss_fedavg,persistent_sybil,5,8,2,3,0.2,1.0,4001,17.065178,0.20107315
dss_fedavg,persistent_sybil,6,8,2,3,0.2,1.0,4001,16.952446,0.19974488
dss_fedavg,persistent_sybil,7,8,2,3,0.2,1.0,4001,17.029116,0.20064825
dss_fedavg,persistent_sybil,8,8,2,3,0.2,1.0,4001,17.049046,0.20088308
dss_fedavg,persistent_sybil,9,8,2,3,0.2,1.0,4001,17.030855,0.20066875
dss_fedavg,persistent_sybil,10,8,2,3,0.2,1.0,4001,16.977266,0.20003733
dss_fedavg,persistent_sybil,11,8,2,3,0.2,1.0,4001,17.000307,0.20030881
dss_fedavg,persistent_sybil,12,8,2,3,0.2,1.0,4001,16.984943,0.20012778
dss_fedavg,persistent_sybil,13,8,2,3,0.2,1.0,4001,17.065851,0.2010811
dss_fedavg,persistent_sybil,14,8,2,3,0.2,1.0,4001,16.940279,0.19960152
dss_fedavg,persistent_sybil,15,8,2,3,0.2,1.0,4001,16.943071,0.19963442
dss_fedavg,persistent_sybil,16,8,2,3,0.2,1.0,4001,16.95906,0.19982281
dss_fedavg,persistent_sybil,17,8,2,3,0.2,1.0,4001,16.902973,0.19916196
dss_fedavg,persistent_sybil,18,8,2,3,0.2,1.0,4001,17.057077,0.20097771
dss_fedavg,persistent_sybil,19,8,2,3,0.2,1.0,4001,16.956657,0.1997945
dssstab_fedavg,persistent_sybil,0,8,2,3,0.2,1.0,1,17.012531,0.20045285
dssstab_fedavg,persistent_sybil,1,8,2,3,0.2,1.0,1,16.932629,0.19951138
dssstab_fedavg,persistent_sybil,2,8,2,3,0.2,1.0,1,17.01689,0.2005042
dssstab_fedavg,persistent_sybil,3,8,2,3,0.2,1.0,1,17.081415,0.20126449
dssstab_fedavg,persistent_sybil,4,8,2,3,0.2,1.0,1,16.999651,0.20030108
dssstab_fedavg,persistent_sybil,5,8,2,3,0.2,1.0,1,17.075895,0.20119944
dssstab_fedavg,persistent_sybil,6,8,2,3,0.2,1.0,1,16.906866,0.19920783
dssstab_fedavg,persistent_sybil,7,8,2,3,0.2,1.0,1,16.885195,0.19895248
dssstab_fedavg,persistent_sybil,8,8,2,3,0.2,1.0,1,17.099262,0.20147477
dssstab_fedavg,persistent_sybil,9,8,2,3,0.2,1.0,1,16.92806,0.19945756
dssstab_fedavg,persistent_sybil,10,8,2,3,0.2,1.0,1,17.19645,0.20261988
dssstab_fedavg,persistent_sybil,11,8,2,3,0.2,1.0,1,16.97356,0.19999366
dssstab_fedavg,persistent_sybil,12,8,2,3,0.2,1.0,1,16.911606,0.19926368
dssstab_fedavg,persistent_sybil,13,8,2,3,0.2,1.0,1,17.068186,0.2011086
dssstab_fedavg,persistent_sybil,14,8,2,3,0.2,1.0,1,17.104067,0.20153138
dssstab_fedavg,persistent_sybil,15,8,2,3,0.2,1.0,1,16.91897,0.19935045
dssstab_fedavg,persistent_sybil,16,8,2,3,0.2,1.0,1,16.962631,0.1998649
dssstab_fedavg,persistent_sybil,17,8,2,3,0.2,1.0,1,16.98579,0.20013776
dssstab_fedavg,persistent_sybil,18,8,2,3,0.2,1.0,1,17.038263,0.20075603
dssstab_fedavg,persistent_sybil,19,8,2,3,0.2,1.0,1,16.905859,0.19919597
dssstab_fedavg,persistent_sybil,0,8,2,3,0.2,1.0,1001,16.926119,0.19943468
dssstab_fedavg,persistent_sybil,1,8,2,3,0.2,1.0,1001,17.048243,0.20087361
dssstab_fedavg,persistent_sybil,2,8,2,3,0.2,1.0,1001,16.949984,0.19971587
dssstab_fedavg,persistent_sybil,3,8,2,3,0.2,1.0,1001,16.976948,0.20003358
dssstab_fedavg,persistent_sybil,4,8,2,3,0.2,1.0,1001,16.88125,0.198906
dssstab_fedavg,persistent_sybil,5,8,2,3,0.2,1.0,1001,17.049185,0.20088471
dssstab_fedavg,persistent_sybil,6,8,2,3,0.2,1.0,1001,16.997623,0.2002772
dssstab_fedavg,persistent_sybil,7,8,2,3,0.2,1.0,1001,16.885332,0.1989541
dssstab_fedavg,persistent_sybil,8,8,2,3,0.2,1.0,1001,17.118654,0.20170325
dssstab_fedavg,persistent_sybil,9,8,2,3,0.2,1.0,1001,17.075825,0.20119861
dssstab_fedavg,persistent_sybil,10,8,2,3,0.2,1.0,1001,16.911064,0.19925728
dssstab_fedavg,persistent_sybil,11,8,2,3,0.2,1.0,1001,17.053932,0.20094065
dssstab_fedavg,persistent_sybil,12,8,2,3,0.2,1.0,1001,17.026289,0.20061494
dssstab_fedavg,persistent_sybil,13,8,2,3,0.2,1.0,1001,17.131077,0.20184962
dssstab_fedavg,persistent_sybil,14,8,2,3,0.2,1.0,1001,17.060017,0.20101234
dssstab_fedavg,persistent_sybil,15,8,2,3,0.2,1.0,1001,16.900433,0.19913203
dssstab_fedavg,persistent_sybil,16,8,2,3,0.2,1.0,1001,16.851702,0.19855784
dssstab_fedavg,persistent_sybil,17,8,2,3,0.2,1.0,1001,17.002214,0.20033129
dssstab_fedavg,persistent_sybil,18,8,2,3,0.2,1.0,1001,16.984417,0.20012158
dssstab_fedavg,persistent_sybil,19,8,2,3,0.2,1.0,1001,17.002941,0.20033985
dssstab_fedavg,persistent_sybil,0,8,2,3,0.2,1.0,2001,17.026028,0.20061187
dssstab_fedavg,persistent_sybil,1,8,2,3,0.2,1.0,2001,16.73597,0.19719422
dssstab_fedavg,persistent_sybil,2,8,2,3,0.2,1.0,2001,16.83839,0.198401
dssstab_fedavg,persistent_sybil,3,8,2,3,0.2,1.0,2001,16.905746,0.19919464
dssstab_fedavg,persistent_sybil,4,8,2,3,0.2,1.0,2001,17.090366,0.20136994
dssstab_fedavg,persistent_sybil,5,8,2,3,0.2,1.0,2001,16.88737,0.1989781
dssstab_fedavg,persistent_sybil,6,8,2,3,0.2,1.0,2001,16.952198,0.19974196
dssstab_fedavg,persistent_sybil,7,8,2,3,0.2,1.0,2001,16.955162,0.19977689
dssstab_fedavg,persistent_sybil,8,8,2,3,0.2,1.0,2001,17.038013,0.2007531
dssstab_fedavg,persistent_sybil,9,8,2,3,0.2,1.0,2001,17.044405,0.2008284
dssstab_fedavg,persistent_sybil,10,8,2,3,0.2,1.0,2001,16.917152,0.19932903
dssstab_fedavg,persistent_sybil,11,8,2,3,0.2,1.0,2001,16.972807,0.19998479
dssstab_fedavg,persistent_sybil,12,8,2,3,0.2,1.0,2001,17.15824,0.20216967
dssstab_fedavg,persistent_sybil,13,8,2,3,0.2,1.0,2001,17.149744,0.20206958
dssstab_fedavg,persistent_sybil,14,8,2,3,0.2,1.0,2001,16.88247,0.19892037
dssstab_fedavg,persistent_sybil,15,8,2,3,0.2,1.0,2001,16.986656,0.20014797
dssstab_fedavg,persistent_sybil,16,8,2,3,0.2,1.0,2001,16.874382,0.19882508
dssstab_fedavg,persistent_sybil,17,8,2,3,0.2,1.0,2001,17.09483,0.20142254
dssstab_fedavg,persistent_sybil,18,8,2,3,0.2,1.0,2001,17.0207,0.2005491
dssstab_fedavg,persistent_sybil,19,8,2,3,0.2,1.0,2001,17.111414,0.20161794
dssstab_fedavg,persistent_sybil,0,8,2,3,0.2,1.0,3001,16.98005,0.20007011
dssstab_fedavg,persistent_sybil,1,8,2,3,0.2,1.0,3001,16.945242,0.19966
dssstab_fedavg,persistent_sybil,2,8,2,3,0.2,1.0,3001,17.155369,0.20213585
dssstab_fedavg,persistent_sybil,3,8,2,3,0.2,1.0,3001,16.876078,0.19884506
dssstab_fedavg,persistent_sybil,4,8,2,3,0.2,1.0,3001,16.93854,0.19958103
dssstab_fedavg,persistent_sybil,5,8,2,3,0.2,1.0,3001,16.951605,0.19973497
dssstab_fedavg,persistent_sybil,6,8,2,3,0.2,1.0,3001,16.933462,0.1995212
dssstab_fedavg,persistent_sybil,7,8,2,3,0.2,1.0,3001,16.909292,0.19923641
dssstab_fedavg,persistent_sybil,8,8,2,3,0.2,1.0,3001,16.935732,0.19954795
dssstab_fedavg,persistent_sybil,9,8,2,3,0.2,1.0,3001,17.04365,0.2008195
dssstab_fedavg,persistent_sybil,10,8,2,3,0.2,1.0,3001,17.080673,0.20125574
dssstab_fedavg,persistent_sybil,11,8,2,3,0.2,1.0,3001,16.806553,0.19802587
dssstab_fedavg,persistent_sybil,12,8,2,3,0.2,1.0,3001,17.081898,0.20127016
dssstab_fedavg,persistent_sybil,13,8,2,3,0.2,1.0,3001,16.898067,0.19910416
dssstab_fedavg,persistent_sybil,14,8,2,3,0.2,1.0,3001,16.93225,0.19950691
dssstab_fedavg,persistent_sybil,15,8,2,3,0.2,1.0,3001,16.92433,0.1994136
dssstab_fedavg,persistent_sybil,16,8,2,3,0.2,1.0,3001,17.042038,0.20080051
dssstab_fedavg,persistent_sybil,17,8,2,3,0.2,1.0,3001,17.168282,0.202288
dssstab_fedavg,persistent_sybil,18,8,2,3,0.2,1.0,3001,17.020422,0.20054582
dssstab_fedavg,persistent_sybil,19,8,2,3,0.2,1.0,3001,17.070965,0.20114134
dssstab_fedavg,persistent_sybil,0,8,2,3,0.2,1.0,4001,16.940168,0.19960022
dssstab_fedavg,persistent_sybil,1,8,2,3,0.2,1.0,4001,16.953426,0.19975643
dssstab_fedavg,persistent_sybil,2,8,2,3,0.2,1.0,4001,16.95562,0.19978228
dssstab_fedavg,persistent_sybil,3,8,2,3,0.2,1.0,4001,16.974546,0.20000528
dssstab_fedavg,persistent_sybil,4,8,2,3,0.2,1.0,4001,16.964914,0.19989179
dssstab_fedavg,persistent_sybil,5,8,2,3,0.2,1.0,4001,17.065178,0.20107315
dssstab_fedavg,persistent_sybil,6,8,2,3,0.2,1.0,4001,16.952446,0.19974488
dssstab_fedavg,persistent_sybil,7,8,2,3,0.2,1.0,4001,17.029116,0.20064825
dssstab_fedavg,persistent_sybil,8,8,2,3,0.2,1.0,4001,17.049046,0.20088308
dssstab_fedavg,persistent_sybil,9,8,2,3,0.2,1.0,4001,17.030855,0.20066875
dssstab_fedavg,persistent_sybil,10,8,2,3,0.2,1.0,4001,16.977266,0.20003733
dssstab_fedavg,persistent_sybil,11,8,2,3,0.2,1.0,4001,17.000307,0.20030881
dssstab_fedavg,persistent_sybil,12,8,2,3,0.2,1.0,4001,16.984943,0.20012778
dssstab_fedavg,persistent_sybil,13,8,2,3,0.2,1.0,4001,17.065851,0.2010811
dssstab_fedavg,persistent_sybil,14,8,2,3,0.2,1.0,4001,16.940279,0.19960152
dssstab_fedavg,persistent_sybil,15,8,2,3,0.2,1.0,4001,16.943071,0.19963442
dssstab_fedavg,persistent_sybil,16,8,2,3,0.2,1.0,4001,16.95906,0.19982281
dssstab_fedavg,persistent_sybil,17,8,2,3,0.2,1.0,4001,16.902973,0.19916196
dssstab_fedavg,persistent_sybil,18,8,2,3,0.2,1.0,4001,17.057077,0.20097771
dssstab_fedavg,persistent_sybil,19,8,2,3,0.2,1.0,4001,16.956657,0.1997945
dsscoll_fedavg,persistent_sybil,0,8,2,3,0.2,1.0,1,17.012531,0.20045285
dsscoll_fedavg,persistent_sybil,1,8,2,3,0.2,1.0,1,0.59239763,0.0069800187
dsscoll_fedavg,persistent_sybil,2,8,2,3,0.2,1.0,1,0.11130519,0.0013114711
dsscoll_fedavg,persistent_sybil,3,8,2,3,0.2,1.0,1,0.23903604,0.00281648
dsscoll_fedavg,persistent_sybil,4,8,2,3,0.2,1.0,1,0.07005155,0.0008253935
dsscoll_fedavg,persistent_sybil,5,8,2,3,0.2,1.0,1,0.24244542,0.0028566516
dsscoll_fedavg,persistent_sybil,6,8,2,3,0.2,1.0,1,0.21284139,0.0025078375
dsscoll_fedavg,persistent_sybil,7,8,2,3,0.2,1.0,1,0.36912465,0.0043492694
dsscoll_fedavg,persistent_sybil,8,8,2,3,0.2,1.0,1,0.08008444,0.00094360765
dsscoll_fedavg,persistent_sybil,9,8,2,3,0.2,1.0,1,0.3192554,0.0037616775
dsscoll_fedavg,persistent_sybil,10,8,2,3,0.2,1.0,1,0.36631358,0.004316148
dsscoll_fedavg,persistent_sybil,11,8,2,3,0.2,1.0,1,0.31966168,0.0037664643
dsscoll_fedavg,persistent_sybil,12,8,2,3,0.2,1.0,1,0.15432975,0.0018184147
dsscoll_fedavg,persistent_sybil,13,8,2,3,0.2,1.0,1,0.082504034,0.00097211683
dsscoll_fedavg,persistent_sybil,14,8,2,3,0.2,1.0,1,0.27070138,0.003189582
dsscoll_fedavg,persistent_sybil,15,8,2,3,0.2,1.0,1,0.14943184,0.0017607043
dsscoll_fedavg,persistent_sybil,16,8,2,3,0.2,1.0,1,0.20201784,0.0023803073
dsscoll_fedavg,persistent_sybil,17,8,2,3,0.2,1.0,1,0.17456363,0.0020568236
dsscoll_fedavg,persistent_sybil,18,8,2,3,0.2,1.0,1,0.24224775,0.0028543223
dsscoll_fedavg,persistent_sybil,19,8,2,3,0.2,1.0,1,0.21673664,0.0025537338
dsscoll_fedavg,persistent_sybil,0,8,2,3,0.2,1.0,1001,16.926119,0.19943468
dsscoll_fedavg,persistent_sybil,1,8,2,3,0.2,1.0,1001,0.49933648,0.005883511
dsscoll_fedavg,persistent_sybil,2,8,2,3,0.2,1.0,1001,0.18739681,0.0022080326
dsscoll_fedavg,persistent_sybil,3,8,2,3,0.2,1.0,1001,0.36850026,0.004341913
dsscoll_fedavg,persistent_sybil,4,8,2,3,0.2,1.0,1001,0.22715048,0.0026764364
dsscoll_fedavg,persistent_sybil,5,8,2,3,0.2,1.0,1001,0.42334926,0.0049881795
dsscoll_fedavg,persistent_sybil,6,8,2,3,0.2,1.0,1001,0.21249461,0.0025037513
dsscoll_fedavg,persistent_sybil,7,8,2,3,0.2,1.0,1001,0.35530004,0.004186379
dsscoll_fedavg,persistent_sybil,8,8,2,3,0.2,1.0,1001,0.44780898,0.00527638
dsscoll_fedavg,persistent_sybil,9,8,2,3,0.2,1.0,1001,0.23978212,0.0028252709
dsscoll_fedavg,persistent_sybil,10,8,2,3,0.2,1.0,1001,0.20846498,0.0024562716
dsscoll_fedavg,persistent_sybil,11,8,2,3,0.2,1.0,1001,0.14833342,0.001747762
dsscoll_fedavg,persistent_sybil,12,8,2,3,0.2,1.0,1001,0.17669316,0.002081915
dsscoll_fedavg,persistent_sybil,13,8,2,3,0.2,1.0,1001,0.49644434,0.005849434
dsscoll_fedavg,persistent_sybil,14,8,2,3,0.2,1.0,1001,0.23491685,0.002767945
dsscoll_fedavg,persistent_sybil,15,8,2,3,0.2,1.0,1001,0.08471998,0.0009982266
dsscoll_fedavg,persistent_sybil,16,8,2,3,0.2,1.0,1001,0.25172246,0.0029659597
dsscoll_fedavg,persistent_sybil,17,8,2,3,0.2,1.0,1001,0.14822456,0.0017464794
dsscoll_fedavg,persistent_sybil,18,8,2,3,0.2,1.0,1001,0.28567165,0.0033659714
dsscoll_fedavg,persistent_sybil,19,8,2,3,0.2,1.0,1001,0.24741675,0.002915227
dsscoll_fedavg,persistent_sybil,0,8,2,3,0.2,1.0,2001,17.026028,0.20061187
dsscoll_fedavg,persistent_sybil,1,8,2,3,0.2,1.0,2001,0.27963278,0.0032948174
dsscoll_fedavg,persistent_sybil,2,8,2,3,0.2,1.0,2001,0.1772204,0.0020881274
dsscoll_fedavg,persistent_sybil,3,8,2,3,0.2,1.0,2001,0.49178854,0.0057945764
dsscoll_fedavg,persistent_sybil,4,8,2,3,0.2,1.0,2001,0.40112323,0.004726298
dsscoll_fedavg,persistent_sybil,5,8,2,3,0.2,1.0,2001,0.2613995,0.003079981
dsscoll_fedavg,persistent_sybil,6,8,2,3,0.2,1.0,2001,0.15174179,0.0017879216
dsscoll_fedavg,persistent_sybil,7,8,2,3,0.2,1.0,2001,0.044855565,0.0005285178
dsscoll_fedavg,persistent_sybil,8,8,2,3,0.2,1.0,2001,0.21305263,0.0025103264
dsscoll_fedavg,persistent_sybil,9,8,2,3,0.2,1.0,2001,0.2894354,0.0034103182
dsscoll_fedavg,persistent_sybil,10,8,2,3,0.2,1.0,2001,0.28239843,0.0033274041
dsscoll_fedavg,persistent_sybil,11,8,2,3,0.2,1.0,2001,0.10845504,0.0012778887
dsscoll_fedavg,persistent_sybil,12,8,2,3,0.2,1.0,2001,0.2249067,0.0026499988
dsscoll_fedavg,persistent_sybil,13,8,2,3,0.2,1.0,2001,0.43785718,0.0051591215
dsscoll_fedavg,persistent_sybil,14,8,2,3,0.2,1.0,2001,0.287429,0.0033866777
dsscoll_fedavg,persistent_sybil,15,8,2,3,0.2,1.0,2001,0.16770789,0.0019760448
dsscoll_fedavg,persistent_sybil,16,8,2,3,0.2,1.0,2001,0.13007085,0.0015325804
dsscoll_fedavg,persistent_sybil,17,8,2,3,0.2,1.0,2001,0.42364228,0.0049916324
dsscoll_fedavg,persistent_sybil,18,8,2,3,0.2,1.0,2001,0.0928222,0.0010936923
dsscoll_fedavg,persistent_sybil,19,8,2,3,0.2,1.0,2001,0.1954744,0.002303208
dsscoll_fedavg,persistent_sybil,0,8,2,3,0.2,1.0,3001,16.98005,0.20007011
dsscoll_fedavg,persistent_sybil,1,8,2,3,0.2,1.0,3001,0.53917843,0.0063529555
dsscoll_fedavg,persistent_sybil,2,8,2,3,0.2,1.0,3001,0.42097107,0.0049601584
dsscoll_fedavg,persistent_sybil,3,8,2,3,0.2,1.0,3001,0.14604528,0.0017208017
dsscoll_fedavg,persistent_sybil,4,8,2,3,0.2,1.0,3001,0.1121121,0.0013209785
dsscoll_fedavg,persistent_sybil,5,8,2,3,0.2,1.0,3001,0.13944893,0.0016430791
dsscoll_fedavg,persistent_sybil,6,8,2,3,0.2,1.0,3001,0.39691487,0.004676712
dsscoll_fedavg,persistent_sybil,7,8,2,3,0.2,1.0,3001,0.18816663,0.0022171033
dsscoll_fedavg,persistent_sybil,8,8,2,3,0.2,1.0,3001,0.23875222,0.0028131357
dsscoll_fedavg,persistent_sybil,9,8,2,3,0.2,1.0,3001,0.3521102,0.0041487943
dsscoll_fedavg,persistent_sybil,10,8,2,3,0.2,1.0,3001,0.18189755,0.0021432368
dsscoll_fedavg,persistent_sybil,11,8,2,3,0.2,1.0,3001,0.37517333,0.0044205394
dsscoll_fedavg,persistent_sybil,12,8,2,3,0.2,1.0,3001,0.24833521,0.002926049
dsscoll_fedavg,persistent_sybil,13,8,2,3,0.2,1.0,3001,0.08919597,0.0010509656
dsscoll_fedavg,persistent_sybil,14,8,2,3,0.2,1.0,3001,0.36527067,0.0043038595
dsscoll_fedavg,persistent_sybil,15,8,2,3,0.2,1.0,3001,0.0783529,0.00092320546
dsscoll_fedavg,persistent_sybil,16,8,2,3,0.2,1.0,3001,0.1562691,0.0018412655
dsscoll_fedavg,persistent_sybil,17,8,2,3,0.2,1.0,3001,0.1361562,0.001604282
dsscoll_fedavg,persistent_sybil,18,8,2,3,0.2,1.0,3001,0.24698201,0.0029101046
dsscoll_fedavg,persistent_sybil,19,8,2,3,0.2,1.0,3001,0.2749308,0.0032394158
dsscoll_fedavg,persistent_sybil,0,8,2,3,0.2,1.0,4001,16.940168,0.19960022
dsscoll_fedavg,persistent_sybil,1,8,2,3,0.2,1.0,4001,0.2769209,0.0032628644
dsscoll_fedavg,persistent_sybil,2,8,2,3,0.2,1.0,4001,0.26915509,0.0031713624
dsscoll_fedavg,persistent_sybil,3,8,2,3,0.2,1.0,4001,0.3676008,0.0043313145
dsscoll_fedavg,persistent_sybil,4,8,2,3,0.2,1.0,4001,0.31836477,0.0037511834
dsscoll_fedavg,persistent_sybil,5,8,2,3,0.2,1.0,4001,0.3080888,0.0036301052
dsscoll_fedavg,persistent_sybil,6,8,2,3,0.2,1.0,4001,0.07818885,0.0009212725
dsscoll_fedavg,persistent_sybil,7,8,2,3,0.2,1.0,4001,0.21851116,0.0025746424
dsscoll_fedavg,persistent_sybil,8,8,2,3,0.2,1.0,4001,0.32695457,0.003852394
dsscoll_fedavg,persistent_sybil,9,8,2,3,0.2,1.0,4001,0.07596383,0.0008950559
dsscoll_fedavg,persistent_sybil,10,8,2,3,0.2,1.0,4001,0.21865036,0.0025762825
dsscoll_fedavg,persistent_sybil,11,8,2,3,0.2,1.0,4001,0.1840327,0.0021683944
dsscoll_fedavg,persistent_sybil,12,8,2,3,0.2,1.0,4001,0.3202165,0.0037730017
dsscoll_fedavg,persistent_sybil,13,8,2,3,0.2,1.0,4001,0.2216401,0.0026115095
dsscoll_fedavg,persistent_sybil,14,8,2,3,0.2,1.0,4001,0.23990099,0.0028266713
dsscoll_fedavg,persistent_sybil,15,8,2,3,0.2,1.0,4001,0.2457156,0.002895183
dsscoll_fedavg,persistent_sybil,16,8,2,3,0.2,1.0,4001,0.17398761,0.0020500366
dsscoll_fedavg,persistent_sybil,17,8,2,3,0.2,1.0,4001,0.06685087,0.00078768097
dsscoll_fedavg,persistent_sybil,18,8,2,3,0.2,1.0,4001,0.169685,0.0019993405
dsscoll_fedavg,persistent_sybil,19,8,2,3,0.2,1.0,4001,0.33914828,0.003996068
krum,persistent_sybil,0,8,2,3,0.2,1.0,1,0.13920565,0.0016402126
krum,persistent_sybil,1,8,2,3,0.2,1.0,1,0.3879176,0.0045707007
krum,persistent_sybil,2,8,2,3,0.2,1.0,1,0.20969842,0.0024708048
krum,persistent_sybil,3,8,2,3,0.2,1.0,1,0.4022157,0.00473917
krum,persistent_sybil,4,8,2,3,0.2,1.0,1,0.3633399,0.00428111
krum,persistent_sybil,5,8,2,3,0.2,1.0,1,0.37281993,0.0043928097
krum,persistent_sybil,6,8,2,3,0.2,1.0,1,0.29438955,0.0034686914
krum,persistent_sybil,7,8,2,3,0.2,1.0,1,0.31431276,0.0037034398
krum,persistent_sybil,8,8,2,3,0.2,1.0,1,0.2603167,0.0030672227
krum,persistent_sybil,9,8,2,3,0.2,1.0,1,0.28637066,0.0033742078
krum,persistent_sybil,10,8,2,3,0.2,1.0,1,0.51315945,0.0060463827
krum,persistent_sybil,11,8,2,3,0.2,1.0,1,0.34140223,0.0040226257
krum,persistent_sybil,12,8,2,3,0.2,1.0,1,0.19943902,0.0023499217
krum,persistent_sybil,13,8,2,3,0.2,1.0,1,0.3415129,0.0040239296
krum,persistent_sybil,14,8,2,3,0.2,1.0,1,0.2785409,0.0032819523
krum,persistent_sybil,15,8,2,3,0.2,1.0,1,0.41518614,0.0048919963
krum,persistent_sybil,16,8,2,3,0.2,1.0,1,0.3948724,0.0046526464
krum,persistent_sybil,17,8,2,3,0.2,1.0,1,0.23228851,0.0027369761
krum,persistent_sybil,18,8,2,3,0.2,1.0,1,0.25847915,0.0030455715
krum,persistent_sybil,19,8,2,3,0.2,1.0,1,0.21981928,0.0025900553
krum,persistent_sybil,0,8,2,3,0.2,1.0,1001,0.16645326,0.001961262
krum,persistent_sybil,1,8,2,3,0.2,1.0,1001,0.27051345,0.0031873675
krum,persistent_sybil,2,8,2,3,0.2,1.0,1001,0.22888859,0.002696916
krum,persistent_sybil,3,8,2,3,0.2,1.0,1001,0.6076259,0.007159448
krum,persistent_sybil,4,8,2,3,0.2,1.0,1001,0.41570494,0.004898109
krum,persistent_sybil,5,8,2,3,0.2,1.0,1001,0.54728705,0.006448496
krum,persistent_sybil,6,8,2,3,0.2,1.0,1001,0.4003571,0.004717271
krum,persistent_sybil,7,8,2,3,0.2,1.0,1001,0.19864288,0.0023405412
krum,persistent_sybil,8,8,2,3,0.2,1.0,1001,0.46703863,0.0055029565
krum,persistent_sybil,9,8,2,3,0.2,1.0,1001,0.26184466,0.0030852263
krum,persistent_sybil,10,8,2,3,0.2,1.0,1001,0.2804325,0.0033042403
krum,persistent_sybil,11,8,2,3,0.2,1.0,1001,0.42490202,0.0050064754
krum,persistent_sybil,12,8,2,3,0.2,1.0,1001,0.27972367,0.0032958884
krum,persistent_sybil,13,8,2,3,0.2,1.0,1001,0.37002152,0.004359837
krum,persistent_sybil,14,8,2,3,0.2,1.0,1001,0.18068449,0.0021289436
krum,persistent_sybil,15,8,2,3,0.2,1.0,1001,0.14282694,0.0016828811
krum,persistent_sybil,16,8,2,3,0.2,1.0,1001,0.40057808,0.004719875
krum,persistent_sybil,17,8,2,3,0.2,1.0,1001,0.27728048,0.0032671012
krum,persistent_sybil,18,8,2,3,0.2,1.0,1001,0.28859493,0.0034004154
krum,persistent_sybil,19,8,2,3,0.2,1.0,1001,0.16043086,0.001890302
krum,persistent_sybil,0,8,2,3,0.2,1.0,2001,0.29126975,0.0034319318
krum,persistent_sybil,1,8,2,3,0.2,1.0,2001,0.3292758,0.003879744
krum,persistent_sybil,2,8,2,3,0.2,1.0,2001,0.34467104,0.004061141
krum,persistent_sybil,3,8,2,3,0.2,1.0,2001,0.16976169,0.0020002439
krum,persistent_sybil,4,8,2,3,0.2,1.0,2001,0.38036036,0.004481656
krum,persistent_sybil,5,8,2,3,0.2,1.0,2001,0.3990603,0.004701991
krum,persistent_sybil,6,8,2,3,0.2,1.0,2001,0.2913096,0.0034324015
krum,persistent_sybil,7,8,2,3,0.2,1.0,2001,0.2423743,0.0028558136
krum,persistent_sybil,8,8,2,3,0.2,1.0,2001,0.41956717,0.0049436167
krum,persistent_sybil,9,8,2,3,0.2,1.0,2001,0.33082277,0.0038979717
krum,persistent_sybil,10,8,2,3,0.2,1.0,2001,0.2349113,0.0027678795
krum,persistent_sybil,11,8,2,3,0.2,1.0,2001,0.101560086,0.0011966478
krum,persistent_sybil,12,8,2,3,0.2,1.0,2001,0.10289896,0.0012124233
krum,persistent_sybil,13,8,2,3,0.2,1.0,2001,0.27210334,0.0032061008
krum,persistent_sybil,14,8,2,3,0.2,1.0,2001,0.34389913,0.0040520458
krum,persistent_sybil,15,8,2,3,0.2,1.0,2001,0.21052183,0.002480507
krum,persistent_sybil,16,8,2,3,0.2,1.0,2001,0.266199,0.0031365317
krum,persistent_sybil,17,8,2,3,0.2,1.0,2001,0.13482744,0.0015886256
krum,persistent_sybil,18,8,2,3,0.2,1.0,2001,0.22355184,0.002634035
krum,persistent_sybil,19,8,2,3,0.2,1.0,2001,0.46310046,0.0054565547
krum,persistent_sybil,0,8,2,3,0.2,1.0,3001,0.31443003,0.0037048217
krum,persistent_sybil,1,8,2,3,0.2,1.0,3001,0.39238477,0.004623336
krum,persistent_sybil,2,8,2,3,0.2,1.0,3001,0.28589442,0.0033685963
krum,persistent_sybil,3,8,2,3,0.2,1.0,3001,0.3875281,0.004566111
krum,persistent_sybil,4,8,2,3,0.2,1.0,3001,0.1783196,0.0021010789
krum,persistent_sybil,5,8,2,3,0.2,1.0,3001,0.20347826,0.0023975149
krum,persistent_sybil,6,8,2,3,0.2,1.0,3001,0.26395652,0.0031101094
krum,persistent_sybil,7,8,2,3,0.2,1.0,3001,0.28944552,0.0034104376
krum,persistent_sybil,8,8,2,3,0.2,1.0,3001,0.2579448,0.0030392753
krum,persistent_sybil,9,8,2,3,0.2,1.0,3001,0.19625004,0.002312347
krum,persistent_sybil,10,8,2,3,0.2,1.0,3001,0.24041775,0.00283276
krum,persistent_sybil,11,8,2,3,0.2,1.0,3001,0.75307834,0.008873265
krum,persistent_sybil,12,8,2,3,0.2,1.0,3001,0.1466147,0.001727511
krum,persistent_sybil,13,8,2,3,0.2,1.0,3001,0.3064112,0.0036103386
krum,persistent_sybil,14,8,2,3,0.2,1.0,3001,0.4802889,0.00565908
krum,persistent_sybil,15,8,2,3,0.2,1.0,3001,0.355309,0.0041864845
krum,persistent_sybil,16,8,2,3,0.2,1.0,3001,0.3194902,0.0037644438
krum,persistent_sybil,17,8,2,3,0.2,1.0,3001,0.3595727,0.0042367224
krum,persistent_sybil,18,8,2,3,0.2,1.0,3001,0.08774578,0.0010338785
krum,persistent_sybil,19,8,2,3,0.2,1.0,3001,0.32685292,0.0038511963
krum,persistent_sybil,0,8,2,3,0.2,1.0,4001,0.44883117,0.0052884244
krum,persistent_sybil,1,8,2,3,0.2,1.0,4001,0.0701128,0.0008261152
krum,persistent_sybil,2,8,2,3,0.2,1.0,4001,0.20258364,0.002386974
krum,persistent_sybil,3,8,2,3,0.2,1.0,4001,0.30310154,0.003571342
krum,persistent_sybil,4,8,2,3,0.2,1.0,4001,0.32085848,0.003780566
krum,persistent_sybil,5,8,2,3,0.2,1.0,4001,0.41667515,0.004909541
krum,persistent_sybil,6,8,2,3,0.2,1.0,4001,0.2685083,0.0031637414
krum,persistent_sybil,7,8,2,3,0.2,1.0,4001,0.16424228,0.0019352107
krum,persistent_sybil,8,8,2,3,0.2,1.0,4001,0.48581445,0.0057241856
krum,persistent_sybil,9,8,2,3,0.2,1.0,4001,0.20409724,0.002404808
krum,persistent_sybil,10,8,2,3,0.2,1.0,4001,0.067562744,0.00079606875
krum,persistent_sybil,11,8,2,3,0.2,1.0,4001,0.20453368,0.0024099506
krum,persistent_sybil,12,8,2,3,0.2,1.0,4001,0.28902102,0.003405436
krum,persistent_sybil,13,8,2,3,0.2,1.0,4001,0.21608566,0.0025460634
krum,persistent_sybil,14,8,2,3,0.2,1.0,4001,0.31876493,0.0037558982
krum,persistent_sybil,15,8,2,3,0.2,1.0,4001,0.34230888,0.0040333085
krum,persistent_sybil,16,8,2,3,0.2,1.0,4001,0.14624308,0.0017231322
krum,persistent_sybil,17,8,2,3,0.2,1.0,4001,0.35645863,0.00420003
krum,persistent_sybil,18,8,2,3,0.2,1.0,4001,0.48746258,0.005743605
krum,persistent_sybil,19,8,2,3,0.2,1.0,4001,0.11688235,0.0013771848
foolsgold,persistent_sybil,0,8,2,3,0.2,1.0,1,1.5534024,0.01830321
foolsgold,persistent_sybil,1,8,2,3,0.2,1.0,1,1.5178956,0.017884845
foolsgold,persistent_sybil,2,8,2,3,0.2,1.0,1,1.0781219,0.012703142
foolsgold,persistent_sybil,3,8,2,3,0.2,1.0,1,0.6730838,0.0079307165
foolsgold,persistent_sybil,4,8,2,3,0.2,1.0,1,1.2668116,0.014926408
foolsgold,persistent_sybil,5,8,2,3,0.2,1.0,1,1.3487223,0.015891535
foolsgold,persistent_sybil,6,8,2,3,0.2,1.0,1,1.4874004,0.017525531
foolsgold,persistent_sybil,7,8,2,3,0.2,1.0,1,1.2021092,0.014164043
foolsgold,persistent_sybil,8,8,2,3,0.2,1.0,1,1.5959134,0.018804103
foolsgold,persistent_sybil,9,8,2,3,0.2,1.0,1,0.6921558,0.008155435
foolsgold,persistent_sybil,10,8,2,3,0.2,1.0,1,1.4812311,0.01745284
foolsgold,persistent_sybil,11,8,2,3,0.2,1.0,1,1.3333961,0.01571095
foolsgold,persistent_sybil,12,8,2,3,0.2,1.0,1,1.3309408,0.015682021
foolsgold,persistent_sybil,13,8,2,3,0.2,1.0,1,0.63847154,0.007522892
foolsgold,persistent_sybil,14,8,2,3,0.2,1.0,1,0.95658475,0.011271112
foolsgold,persistent_sybil,15,8,2,3,0.2,1.0,1,1.2712831,0.014979095
foolsgold,persistent_sybil,16,8,2,3,0.2,1.0,1,1.2077156,0.0142301
foolsgold,persistent_sybil,17,8,2,3,0.2,1.0,1,1.2315371,0.014510781
foolsgold,persistent_sybil,18,8,2,3,0.2,1.0,1,1.3745681,0.016196067
foolsgold,persistent_sybil,19,8,2,3,0.2,1.0,1,1.5529135,0.01829745
foolsgold,persistent_sybil,0,8,2,3,0.2,1.0,1001,1.5780144,0.018593205
foolsgold,persistent_sybil,1,8,2,3,0.2,1.0,1001,1.5690718,0.018487837
foolsgold,persistent_sybil,2,8,2,3,0.2,1.0,1001,1.5322478,0.018053953
foolsgold,persistent_sybil,3,8,2,3,0.2,1.0,1001,1.3221436,0.015578366
foolsgold,persistent_sybil,4,8,2,3,0.2,1.0,1001,1.5021855,0.017699739
foolsgold,persistent_sybil,5,8,2,3,0.2,1.0,1001,1.5089021,0.017778877
foolsgold,persistent_sybil,6,8,2,3,0.2,1.0,1001,1.4632568,0.017241055
foolsgold,persistent_sybil,7,8,2,3,0.2,1.0,1001,1.408589,0.016596923
foolsgold,persistent_sybil,8,8,2,3,0.2,1.0,1001,1.2168574,0.014337815
foolsgold,persistent_sybil,9,8,2,3,0.2,1.0,1001,1.2967888,0.01527962
foolsgold,persistent_sybil,10,8,2,3,0.2,1.0,1001,1.4737065,0.01736418
foolsgold,persistent_sybil,11,8,2,3,0.2,1.0,1001,1.5328261,0.018060766
foolsgold,persistent_sybil,12,8,2,3,0.2,1.0,1001,1.1883292,0.014001677
foolsgold,persistent_sybil,13,8,2,3,0.2,1.0,1001,1.4339862,0.01689617
foolsgold,persistent_sybil,14,8,2,3,0.2,1.0,1001,1.1593636,0.013660385
foolsgold,persistent_sybil,15,8,2,3,0.2,1.0,1001,1.4080242,0.016590267
foolsgold,persistent_sybil,16,8,2,3,0.2,1.0,1001,1.4211382,0.016744785
foolsgold,persistent_sybil,17,8,2,3,0.2,1.0,1001,1.3096052,0.015430631
foolsgold,persistent_sybil,18,8,2,3,0.2,1.0,1001,1.6194062,0.01908091
foolsgold,persistent_sybil,19,8,2,3,0.2,1.0,1001,1.3102963,0.015438774
foolsgold,persistent_sybil,0,8,2,3,0.2,1.0,2001,1.3495185,0.015900915
foolsgold,persistent_sybil,1,8,2,3,0.2,1.0,2001,1.1957084,0.014088623
foolsgold,persistent_sybil,2,8,2,3,0.2,1.0,2001,1.5617044,0.018401029
foolsgold,persistent_sybil,3,8,2,3,0.2,1.0,2001,1.5237736,0.017954104
foolsgold,persistent_sybil,4,8,2,3,0.2,1.0,2001,1.546558,0.018222565
foolsgold,persistent_sybil,5,8,2,3,0.2,1.0,2001,1.3540806,0.015954668
foolsgold,persistent_sybil,6,8,2,3,0.2,1.0,2001,1.2183708,0.014355646
foolsgold,persistent_sybil,7,8,2,3,0.2,1.0,2001,1.4444321,0.01701925
foolsgold,persistent_sybil,8,8,2,3,0.2,1.0,2001,1.403713,0.016539471
foolsgold,persistent_sybil,9,8,2,3,0.2,1.0,2001,1.4771779,0.017405082
foolsgold,persistent_sybil,10,8,2,3,0.2,1.0,2001,1.3419849,0.01581215
foolsgold,persistent_sybil,11,8,2,3,0.2,1.0,2001,1.1566428,0.013628327
foolsgold,persistent_sybil,12,8,2,3,0.2,1.0,2001,1.4650424,0.017262094
foolsgold,persistent_sybil,13,8,2,3,0.2,1.0,2001,0.9693022,0.011420957
foolsgold,persistent_sybil,14,8,2,3,0.2,1.0,2001,1.0847241,0.012780933
foolsgold,persistent_sybil,15,8,2,3,0.2,1.0,2001,1.5226938,0.01794138
foolsgold,persistent_sybil,16,8,2,3,0.2,1.0,2001,1.4742509,0.017370595
foolsgold,persistent_sybil,17,8,2,3,0.2,1.0,2001,1.304107,0.015365846
foolsgold,persistent_sybil,18,8,2,3,0.2,1.0,2001,1.4072552,0.016581208
foolsgold,persistent_sybil,19,8,2,3,0.2,1.0,2001,1.5150535,0.017851358
foolsgold,persistent_sybil,0,8,2,3,0.2,1.0,3001,1.3631084,0.01606104
foolsgold,persistent_sybil,1,8,2,3,0.2,1.0,3001,1.1741881,0.013835058
foolsgold,persistent_sybil,2,8,2,3,0.2,1.0,3001,1.4701931,0.017322784
foolsgold,persistent_sybil,3,8,2,3,0.2,1.0,3001,1.5780519,0.018593647
foolsgold,persistent_sybil,4,8,2,3,0.2,1.0,3001,0.9158195,0.010790789
foolsgold,persistent_sybil,5,8,2,3,0.2,1.0,3001,1.4632164,0.017240578
foolsgold,persistent_sybil,6,8,2,3,0.2,1.0,3001,1.2755512,0.015029384
foolsgold,persistent_sybil,7,8,2,3,0.2,1.0,3001,1.5576229,0.018352939
foolsgold,persistent_sybil,8,8,2,3,0.2,1.0,3001,1.5532084,0.018300923
foolsgold,persistent_sybil,9,8,2,3,0.2,1.0,3001,1.5795205,0.01861095
foolsgold,persistent_sybil,10,8,2,3,0.2,1.0,3001,1.5722096,0.018524809
foolsgold,persistent_sybil,11,8,2,3,0.2,1.0,3001,1.4781622,0.01741668
foolsgold,persistent_sybil,12,8,2,3,0.2,1.0,3001,1.1515164,0.0135679245
foolsgold,persistent_sybil,13,8,2,3,0.2,1.0,3001,1.3662187,0.016097687
foolsgold,persistent_sybil,14,8,2,3,0.2,1.0,3001,1.5493119,0.018255012
foolsgold,persistent_sybil,15,8,2,3,0.2,1.0,3001,1.3133917,0.015475245
foolsgold,persistent_sybil,16,8,2,3,0.2,1.0,3001,0.808896,0.009530946
foolsgold,persistent_sybil,17,8,2,3,0.2,1.0,3001,1.3785737,0.016243262
foolsgold,persistent_sybil,18,8,2,3,0.2,1.0,3001,1.3609352,0.016035434
foolsgold,persistent_sybil,19,8,2,3,0.2,1.0,3001,1.2212056,0.014389048
foolsgold,persistent_sybil,0,8,2,3,0.2,1.0,4001,1.406373,0.016570812
foolsgold,persistent_sybil,1,8,2,3,0.2,1.0,4001,1.4582074,0.017181559
foolsgold,persistent_sybil,2,8,2,3,0.2,1.0,4001,1.5688808,0.018485587
foolsgold,persistent_sybil,3,8,2,3,0.2,1.0,4001,1.1943448,0.014072556
foolsgold,persistent_sybil,4,8,2,3,0.2,1.0,4001,1.2085872,0.01424037
foolsgold,persistent_sybil,5,8,2,3,0.2,1.0,4001,1.4078754,0.016588515
foolsgold,persistent_sybil,6,8,2,3,0.2,1.0,4001,1.407745,0.016586978
foolsgold,persistent_sybil,7,8,2,3,0.2,1.0,4001,1.5151428,0.01785241
foolsgold,persistent_sybil,8,8,2,3,0.2,1.0,4001,1.5752745,0.018560922
foolsgold,persistent_sybil,9,8,2,3,0.2,1.0,4001,1.2373471,0.014579238
foolsgold,persistent_sybil,10,8,2,3,0.2,1.0,4001,1.1716423,0.013805061
foolsgold,persistent_sybil,11,8,2,3,0.2,1.0,4001,1.3745346,0.016195672
foolsgold,persistent_sybil,12,8,2,3,0.2,1.0,4001,1.4215442,0.01674957
foolsgold,persistent_sybil,13,8,2,3,0.2,1.0,4001,0.97404236,0.011476808
foolsgold,persistent_sybil,14,8,2,3,0.2,1.0,4001,1.2977421,0.015290852
foolsgold,persistent_sybil,15,8,2,3,0.2,1.0,4001,1.1847258,0.013959219
foolsgold,persistent_sybil,16,8,2,3,0.2,1.0,4001,1.3984069,0.01647695
foolsgold,persistent_sybil,17,8,2,3,0.2,1.0,4001,1.2216439,0.014394213
foolsgold,persistent_sybil,18,8,2,3,0.2,1.0,4001,1.5885684,0.018717559
foolsgold,persistent_sybil,19,8,2,3,0.2,1.0,4001,1.3567355,0.01598595
fedavg,correlated_sybil,0,8,2,3,0.2,1.0,1,17.001228,0.20030762
fedavg,correlated_sybil,1,8,2,3,0.2,1.0,1,16.94044,0.1995914
fedavg,correlated_sybil,2,8,2,3,0.2,1.0,1,17.039694,0.20076081
fedavg,correlated_sybil,3,8,2,3,0.2,1.0,1,17.078426,0.20121716
fedavg,correlated_sybil,4,8,2,3,0.2,1.0,1,16.986923,0.20013908
fedavg,correlated_sybil,5,8,2,3,0.2,1.0,1,17.073627,0.20116062
fedavg,correlated_sybil,6,8,2,3,0.2,1.0,1,16.905363,0.19917814
fedavg,correlated_sybil,7,8,2,3,0.2,1.0,1,16.884699,0.19893467
fedavg,correlated_sybil,8,8,2,3,0.2,1.0,1,17.109436,0.20158252
fedavg,correlated_sybil,9,8,2,3,0.2,1.0,1,16.898853,0.19910145
fedavg,correlated_sybil,10,8,2,3,0.2,1.0,1,17.201487,0.20266706
fedavg,correlated_sybil,11,8,2,3,0.2,1.0,1,16.97325,0.19997798
fedavg,correlated_sybil,12,8,2,3,0.2,1.0,1,16.906212,0.19918814
fedavg,correlated_sybil,13,8,2,3,0.2,1.0,1,17.052324,0.20090963
fedavg,correlated_sybil,14,8,2,3,0.2,1.0,1,17.130491,0.20183058
fedavg,correlated_sybil,15,8,2,3,0.2,1.0,1,16.910242,0.19923562
fedavg,correlated_sybil,16,8,2,3,0.2,1.0,1,16.990448,0.2001806
fedavg,correlated_sybil,17,8,2,3,0.2,1.0,1,16.976467,0.20001589
fedavg,correlated_sybil,18,8,2,3,0.2,1.0,1,17.029165,0.20063677
fedavg,correlated_sybil,19,8,2,3,0.2,1.0,1,16.923666,0.19939378
fedavg,correlated_sybil,0,8,2,3,0.2,1.0,1001,15.169178,0.1992976
fedavg,correlated_sybil,1,8,2,3,0.2,1.0,1001,15.290021,0.20088528
fedavg,correlated_sybil,2,8,2,3,0.2,1.0,1001,15.196883,0.19966161
fedavg,correlated_sybil,3,8,2,3,0.2,1.0,1001,15.262124,0.20051876
fedavg,correlated_sybil,4,8,2,3,0.2,1.0,1001,15.135722,0.19885805
fedavg,correlated_sybil,5,8,2,3,0.2,1.0,1001,15.264517,0.2005502
fedavg,correlated_sybil,6,8,2,3,0.2,1.0,1001,15.249547,0.20035352
fedavg,correlated_sybil,7,8,2,3,0.2,1.0,1001,15.135191,0.19885108
fedavg,correlated_sybil,8,8,2,3,0.2,1.0,1001,15.349773,0.20167033
fedavg,correlated_sybil,9,8,2,3,0.2,1.0,1001,15.335985,0.20148918
fedavg,correlated_sybil,10,8,2,3,0.2,1.0,1001,15.1651325,0.19924445
fedavg,correlated_sybil,11,8,2,3,0.2,1.0,1001,15.298729,0.20099969
fedavg,correlated_sybil,12,8,2,3,0.2,1.0,1001,15.28069,0.20076269
fedavg,correlated_sybil,13,8,2,3,0.2,1.0,1001,15.369364,0.2019277
fedavg,correlated_sybil,14,8,2,3,0.2,1.0,1001,15.305294,0.20108594
fedavg,correlated_sybil,15,8,2,3,0.2,1.0,1001,15.154365,0.19910298
fedavg,correlated_sybil,16,8,2,3,0.2,1.0,1001,15.117979,0.19862494
fedavg,correlated_sybil,17,8,2,3,0.2,1.0,1001,15.24644,0.2003127
fedavg,correlated_sybil,18,8,2,3,0.2,1.0,1001,15.227818,0.20006803
fedavg,correlated_sybil,19,8,2,3,0.2,1.0,1001,15.265967,0.20056926
fedavg,correlated_sybil,0,8,2,3,0.2,1.0,2001,18.134617,0.20052141
fedavg,correlated_sybil,1,8,2,3,0.2,1.0,2001,17.847734,0.19734924
fedavg,correlated_sybil,2,8,2,3,0.2,1.0,2001,17.953287,0.19851638
fedavg,correlated_sybil,3,8,2,3,0.2,1.0,2001,18.021648,0.19927227
fedavg,correlated_sybil,4,8,2,3,0.2,1.0,2001,18.204075,0.20128943
fedavg,correlated_sybil,5,8,2,3,0.2,1.0,2001,17.99758,0.19900614
fedavg,correlated_sybil,6,8,2,3,0.2,1.0,2001,18.064013,0.19974071
fedavg,correlated_sybil,7,8,2,3,0.2,1.0,2001,18.068995,0.1997958
fedavg,correlated_sybil,8,8,2,3,0.2,1.0,2001,18.149092,0.20068146
fedavg,correlated_sybil,9,8,2,3,0.2,1.0,2001,18.155672,0.20075423
fedavg,correlated_sybil,10,8,2,3,0.2,1.0,2001,18.02862,0.19934936
fedavg,correlated_sybil,11,8,2,3,0.2,1.0,2001,18.089472,0.20002222
fedavg,correlated_sybil,12,8,2,3,0.2,1.0,2001,18.271603,0.20203611
fedavg,correlated_sybil,13,8,2,3,0.2,1.0,2001,18.265846,0.20197247
fedavg,correlated_sybil,14,8,2,3,0.2,1.0,2001,17.999063,0.19902255
fedavg,correlated_sybil,15,8,2,3,0.2,1.0,2001,18.098152,0.20011821
fedavg,correlated_sybil,16,8,2,3,0.2,1.0,2001,17.987356,0.1988931
fedavg,correlated_sybil,17,8,2,3,0.2,1.0,2001,18.20768,0.20132929
fedavg,correlated_sybil,18,8,2,3,0.2,1.0,2001,18.135576,0.20053202
fedavg,correlated_sybil,19,8,2,3,0.2,1.0,2001,18.224901,0.20151971
fedavg,correlated_sybil,0,8,2,3,0.2,1.0,3001,16.68096,0.20018597
fedavg,correlated_sybil,1,8,2,3,0.2,1.0,3001,16.641483,0.19971222
fedavg,correlated_sybil,2,8,2,3,0.2,1.0,3001,16.84972,0.20221125
fedavg,correlated_sybil,3,8,2,3,0.2,1.0,3001,16.56544,0.19879963
fedavg,correlated_sybil,4,8,2,3,0.2,1.0,3001,16.61652,0.19941264
fedavg,correlated_sybil,5,8,2,3,0.2,1.0,3001,16.638817,0.19968022
fedavg,correlated_sybil,6,8,2,3,0.2,1.0,3001,16.644516,0.19974862
fedavg,correlated_sybil,7,8,2,3,0.2,1.0,3001,16.606634,0.199294
fedavg,correlated_sybil,8,8,2,3,0.2,1.0,3001,16.634743,0.19963133
fedavg,correlated_sybil,9,8,2,3,0.2,1.0,3001,16.750061,0.20101525
fedavg,correlated_sybil,10,8,2,3,0.2,1.0,3001,16.768883,0.20124112
fedavg,correlated_sybil,11,8,2,3,0.2,1.0,3001,16.516443,0.19821163
fedavg,correlated_sybil,12,8,2,3,0.2,1.0,3001,16.765179,0.20119667
fedavg,correlated_sybil,13,8,2,3,0.2,1.0,3001,16.593168,0.1991324
fedavg,correlated_sybil,14,8,2,3,0.2,1.0,3001,16.610582,0.19934139
fedavg,correlated_sybil,15,8,2,3,0.2,1.0,3001,16.618658,0.1994383
fedavg,correlated_sybil,16,8,2,3,0.2,1.0,3001,16.724728,0.20071122
fedavg,correlated_sybil,17,8,2,3,0.2,1.0,3001,16.860556,0.20234127
fedavg,correlated_sybil,18,8,2,3,0.2,1.0,3001,16.70609,0.20048757
fedavg,correlated_sybil,19,8,2,3,0.2,1.0,3001,16.76267,0.20116657
fedavg,correlated_sybil,0,8,2,3,0.2,1.0,4001,18.587702,0.19974273
fedavg,correlated_sybil,1,8,2,3,0.2,1.0,4001,18.6076,0.19995655
fedavg,correlated_sybil,2,8,2,3,0.2,1.0,4001,18.590824,0.19977629
fedavg,correlated_sybil,3,8,2,3,0.2,1.0,4001,18.615705,0.20004366
fedavg,correlated_sybil,4,8,2,3,0.2,1.0,4001,18.622486,0.20011653
fedavg,correlated_sybil,5,8,2,3,0.2,1.0,4001,18.677275,0.20070527
fedavg,correlated_sybil,6,8,2,3,0.2,1.0,4001,18.588537,0.1997517
fedavg,correlated_sybil,7,8,2,3,0.2,1.0,4001,18.662525,0.20054679
fedavg,correlated_sybil,8,8,2,3,0.2,1.0,4001,18.70155,0.20096613
fedavg,correlated_sybil,9,8,2,3,0.2,1.0,4001,18.66488,0.2005721
fedavg,correlated_sybil,10,8,2,3,0.2,1.0,4001,18.597273,0.19984558
fedavg,correlated_sybil,11,8,2,3,0.2,1.0,4001,18.651287,0.20042601
fedavg,correlated_sybil,12,8,2,3,0.2,1.0,4001,18.620718,0.20009753
fedavg,correlated_sybil,13,8,2,3,0.2,1.0,4001,18.707752,0.20103279
fedavg,correlated_sybil,14,8,2,3,0.2,1.0,4001,18.571213,0.19956554
fedavg,correlated_sybil,15,8,2,3,0.2,1.0,4001,18.592106,0.19979006
fedavg,correlated_sybil,16,8,2,3,0.2,1.0,4001,18.603937,0.1999172
fedavg,correlated_sybil,17,8,2,3,0.2,1.0,4001,18.547943,0.19931549
fedavg,correlated_sybil,18,8,2,3,0.2,1.0,4001,18.701704,0.2009678
fedavg,correlated_sybil,19,8,2,3,0.2,1.0,4001,18.595476,0.19982627
dss_fedavg,correlated_sybil,0,8,2,3,0.2,1.0,1,17.001228,0.20030762
dss_fedavg,correlated_sybil,1,8,2,3,0.2,1.0,1,16.94044,0.1995914
dss_fedavg,correlated_sybil,2,8,2,3,0.2,1.0,1,17.039694,0.20076081
dss_fedavg,correlated_sybil,3,8,2,3,0.2,1.0,1,17.078426,0.20121716
dss_fedavg,correlated_sybil,4,8,2,3,0.2,1.0,1,16.986923,0.20013908
dss_fedavg,correlated_sybil,5,8,2,3,0.2,1.0,1,17.073627,0.20116062
dss_fedavg,correlated_sybil,6,8,2,3,0.2,1.0,1,16.905363,0.19917814
dss_fedavg,correlated_sybil,7,8,2,3,0.2,1.0,1,16.884699,0.19893467
dss_fedavg,correlated_sybil,8,8,2,3,0.2,1.0,1,17.109436,0.20158252
dss_fedavg,correlated_sybil,9,8,2,3,0.2,1.0,1,16.898853,0.19910145
dss_fedavg,correlated_sybil,10,8,2,3,0.2,1.0,1,17.201487,0.20266706
dss_fedavg,correlated_sybil,11,8,2,3,0.2,1.0,1,16.97325,0.19997798
dss_fedavg,correlated_sybil,12,8,2,3,0.2,1.0,1,16.906212,0.19918814
dss_fedavg,correlated_sybil,13,8,2,3,0.2,1.0,1,17.052324,0.20090963
dss_fedavg,correlated_sybil,14,8,2,3,0.2,1.0,1,17.130491,0.20183058
dss_fedavg,correlated_sybil,15,8,2,3,0.2,1.0,1,16.910242,0.19923562
dss_fedavg,correlated_sybil,16,8,2,3,0.2,1.0,1,16.990448,0.2001806
dss_fedavg,correlated_sybil,17,8,2,3,0.2,1.0,1,16.976467,0.20001589
dss_fedavg,correlated_sybil,18,8,2,3,0.2,1.0,1,17.029165,0.20063677
dss_fedavg,correlated_sybil,19,8,2,3,0.2,1.0,1,16.923666,0.19939378
dss_fedavg,correlated_sybil,0,8,2,3,0.2,1.0,1001,15.169178,0.1992976
dss_fedavg,correlated_sybil,1,8,2,3,0.2,1.0,1001,15.290021,0.20088528
dss_fedavg,correlated_sybil,2,8,2,3,0.2,1.0,1001,15.196883,0.19966161
dss_fedavg,correlated_sybil,3,8,2,3,0.2,1.0,1001,15.262124,0.20051876
dss_fedavg,correlated_sybil,4,8,2,3,0.2,1.0,1001,15.135722,0.19885805
dss_fedavg,correlated_sybil,5,8,2,3,0.2,1.0,1001,15.264517,0.2005502
dss_fedavg,correlated_sybil,6,8,2,3,0.2,1.0,1001,15.249547,0.20035352
dss_fedavg,correlated_sybil,7,8,2,3,0.2,1.0,1001,15.135191,0.19885108
dss_fedavg,correlated_sybil,8,8,2,3,0.2,1.0,1001,15.349773,0.20167033
dss_fedavg,correlated_sybil,9,8,2,3,0.2,1.0,1001,15.335985,0.20148918
dss_fedavg,correlated_sybil,10,8,2,3,0.2,1.0,1001,15.1651325,0.19924445
dss_fedavg,correlated_sybil,11,8,2,3,0.2,1.0,1001,15.298729,0.20099969
dss_fedavg,correlated_sybil,12,8,2,3,0.2,1.0,1001,15.28069,0.20076269
dss_fedavg,correlated_sybil,13,8,2,3,0.2,1.0,1001,15.369364,0.2019277
dss_fedavg,correlated_sybil,14,8,2,3,0.2,1.0,1001,15.305294,0.20108594
dss_fedavg,correlated_sybil,15,8,2,3,0.2,1.0,1001,15.154365,0.19910298
dss_fedavg,correlated_sybil,16,8,2,3,0.2,1.0,1001,15.117979,0.19862494
dss_fedavg,correlated_sybil,17,8,2,3,0.2,1.0,1001,15.24644,0.2003127
dss_fedavg,correlated_sybil,18,8,2,3,0.2,1.0,1001,15.227818,0.20006803
dss_fedavg,correlated_sybil,19,8,2,3,0.2,1.0,1001,15.265967,0.20056926
dss_fedavg,correlated_sybil,0,8,2,3,0.2,1.0,2001,18.134617,0.20052141
dss_fedavg,correlated_sybil,1,8,2,3,0.2,1.0,2001,17.847734,0.19734924
dss_fedavg,correlated_sybil,2,8,2,3,0.2,1.0,2001,17.953287,0.19851638
dss_fedavg,correlated_sybil,3,8,2,3,0.2,1.0,2001,18.021648,0.19927227
dss_fedavg,correlated_sybil,4,8,2,3,0.2,1.0,2001,18.204075,0.20128943
dss_fedavg,correlated_sybil,5,8,2,3,0.2,1.0,2001,17.99758,0.19900614
dss_fedavg,correlated_sybil,6,8,2,3,0.2,1.0,2001,18.064013,0.19974071
dss_fedavg,correlated_sybil,7,8,2,3,0.2,1.0,2001,18.068995,0.1997958
dss_fedavg,correlated_sybil,8,8,2,3,0.2,1.0,2001,18.149092,0.20068146
dss_fedavg,correlated_sybil,9,8,2,3,0.2,1.0,2001,18.155672,0.20075423
dss_fedavg,correlated_sybil,10,8,2,3,0.2,1.0,2001,18.02862,0.19934936
dss_fedavg,correlated_sybil,11,8,2,3,0.2,1.0,2001,18.089472,0.20002222
dss_fedavg,correlated_sybil,12,8,2,3,0.2,1.0,2001,18.271603,0.20203611
dss_fedavg,correlated_sybil,13,8,2,3,0.2,1.0,2001,18.265846,0.20197247
dss_fedavg,correlated_sybil,14,8,2,3,0.2,1.0,2001,17.999063,0.19902255
dss_fedavg,correlated_sybil,15,8,2,3,0.2,1.0,2001,18.098152,0.20011821
dss_fedavg,correlated_sybil,16,8,2,3,0.2,1.0,2001,17.987356,0.1988931
dss_fedavg,correlated_sybil,17,8,2,3,0.2,1.0,2001,18.20768,0.20132929
dss_fedavg,correlated_sybil,18,8,2,3,0.2,1.0,2001,18.135576,0.20053202
dss_fedavg,correlated_sybil,19,8,2,3,0.2,1.0,2001,18.224901,0.20151971
dss_fedavg,correlated_sybil,0,8,2,3,0.2,1.0,3001,16.68096,0.20018597
dss_fedavg,correlated_sybil,1,8,2,3,0.2,1.0,3001,16.641483,0.19971222
dss_fedavg,correlated_sybil,2,8,2,3,0.2,1.0,3001,16.84972,0.20221125
dss_fedavg,correlated_sybil,3,8,2,3,0.2,1.0,3001,16.56544,0.19879963
dss_fedavg,correlated_sybil,4,8,2,3,0.2,1.0,3001,16.61652,0.19941264
dss_fedavg,correlated_sybil,5,8,2,3,0.2,1.0,3001,16.638817,0.19968022
dss_fedavg,correlated_sybil,6,8,2,3,0.2,1.0,3001,16.644516,0.19974862
dss_fedavg,correlated_sybil,7,8,2,3,0.2,1.0,3001,16.606634,0.199294
dss_fedavg,correlated_sybil,8,8,2,3,0.2,1.0,3001,16.634743,0.19963133
dss_fedavg,correlated_sybil,9,8,2,3,0.2,1.0,3001,16.750061,0.20101525
dss_fedavg,correlated_sybil,10,8,2,3,0.2,1.0,3001,16.768883,0.20124112
dss_fedavg,correlated_sybil,11,8,2,3,0.2,1.0,3001,16.516443,0.19821163
dss_fedavg,correlated_sybil,12,8,2,3,0.2,1.0,3001,16.765179,0.20119667
dss_fedavg,correlated_sybil,13,8,2,3,0.2,1.0,3001,16.593168,0.1991324
dss_fedavg,correlated_sybil,14,8,2,3,0.2,1.0,3001,16.610582,0.19934139
dss_fedavg,correlated_sybil,15,8,2,3,0.2,1.0,3001,16.618658,0.1994383
dss_fedavg,correlated_sybil,16,8,2,3,0.2,1.0,3001,16.724728,0.20071122
dss_fedavg,correlated_sybil,17,8,2,3,0.2,1.0,3001,16.860556,0.20234127
dss_fedavg,correlated_sybil,18,8,2,3,0.2,1.0,3001,16.70609,0.20048757
dss_fedavg,correlated_sybil,19,8,2,3,0.2,1.0,3001,16.76267,0.20116657
dss_fedavg,correlated_sybil,0,8,2,3,0.2,1.0,4001,18.587702,0.19974273
dss_fedavg,correlated_sybil,1,8,2,3,0.2,1.0,4001,18.6076,0.19995655
dss_fedavg,correlated_sybil,2,8,2,3,0.2,1.0,4001,18.590824,0.19977629
dss_fedavg,correlated_sybil,3,8,2,3,0.2,1.0,4001,18.615705,0.20004366
dss_fedavg,correlated_sybil,4,8,2,3,0.2,1.0,4001,18.622486,0.20011653
dss_fedavg,correlated_sybil,5,8,2,3,0.2,1.0,4001,18.677275,0.20070527
dss_fedavg,correlated_sybil,6,8,2,3,0.2,1.0,4001,18.588537,0.1997517
dss_fedavg,correlated_sybil,7,8,2,3,0.2,1.0,4001,18.662525,0.20054679
dss_fedavg,correlated_sybil,8,8,2,3,0.2,1.0,4001,18.70155,0.20096613
dss_fedavg,correlated_sybil,9,8,2,3,0.2,1.0,4001,18.66488,0.2005721
dss_fedavg,correlated_sybil,10,8,2,3,0.2,1.0,4001,18.597273,0.19984558
dss_fedavg,correlated_sybil,11,8,2,3,0.2,1.0,4001,18.651287,0.20042601
dss_fedavg,correlated_sybil,12,8,2,3,0.2,1.0,4001,18.620718,0.20009753
dss_fedavg,correlated_sybil,13,8,2,3,0.2,1.0,4001,18.707752,0.20103279
dss_fedavg,correlated_sybil,14,8,2,3,0.2,1.0,4001,18.571213,0.19956554
dss_fedavg,correlated_sybil,15,8,2,3,0.2,1.0,4001,18.592106,0.19979006
dss_fedavg,correlated_sybil,16,8,2,3,0.2,1.0,4001,18.603937,0.1999172
dss_fedavg,correlated_sybil,17,8,2,3,0.2,1.0,4001,18.547943,0.19931549
dss_fedavg,correlated_sybil,18,8,2,3,0.2,1.0,4001,18.701704,0.2009678
dss_fedavg,correlated_sybil,19,8,2,3,0.2,1.0,4001,18.595476,0.19982627
dssstab_fedavg,correlated_sybil,0,8,2,3,0.2,1.0,1,17.001228,0.20030762
dssstab_fedavg,correlated_sybil,1,8,2,3,0.2,1.0,1,16.94044,0.1995914
dssstab_fedavg,correlated_sybil,2,8,2,3,0.2,1.0,1,17.039694,0.20076081
dssstab_fedavg,correlated_sybil,3,8,2,3,0.2,1.0,1,17.078426,0.20121716
dssstab_fedavg,correlated_sybil,4,8,2,3,0.2,1.0,1,16.986923,0.20013908
dssstab_fedavg,correlated_sybil,5,8,2,3,0.2,1.0,1,17.073627,0.20116062
dssstab_fedavg,correlated_sybil,6,8,2,3,0.2,1.0,1,16.905363,0.19917814
dssstab_fedavg,correlated_sybil,7,8,2,3,0.2,1.0,1,16.884699,0.19893467
dssstab_fedavg,correlated_sybil,8,8,2,3,0.2,1.0,1,17.109436,0.20158252
dssstab_fedavg,correlated_sybil,9,8,2,3,0.2,1.0,1,16.898853,0.19910145
dssstab_fedavg,correlated_sybil,10,8,2,3,0.2,1.0,1,17.201487,0.20266706
dssstab_fedavg,correlated_sybil,11,8,2,3,0.2,1.0,1,16.97325,0.19997798
dssstab_fedavg,correlated_sybil,12,8,2,3,0.2,1.0,1,16.906212,0.19918814
dssstab_fedavg,correlated_sybil,13,8,2,3,0.2,1.0,1,17.052324,0.20090963
dssstab_fedavg,correlated_sybil,14,8,2,3,0.2,1.0,1,17.130491,0.20183058
dssstab_fedavg,correlated_sybil,15,8,2,3,0.2,1.0,1,16.910242,0.19923562
dssstab_fedavg,correlated_sybil,16,8,2,3,0.2,1.0,1,16.990448,0.2001806
dssstab_fedavg,correlated_sybil,17,8,2,3,0.2,1.0,1,16.976467,0.20001589
dssstab_fedavg,correlated_sybil,18,8,2,3,0.2,1.0,1,17.029165,0.20063677
dssstab_fedavg,correlated_sybil,19,8,2,3,0.2,1.0,1,16.923666,0.19939378
dssstab_fedavg,correlated_sybil,0,8,2,3,0.2,1.0,1001,15.169178,0.1992976
dssstab_fedavg,correlated_sybil,1,8,2,3,0.2,1.0,1001,15.290021,0.20088528
dssstab_fedavg,correlated_sybil,2,8,2,3,0.2,1.0,1001,15.196883,0.19966161
dssstab_fedavg,correlated_sybil,3,8,2,3,0.2,1.0,1001,15.262124,0.20051876
dssstab_fedavg,correlated_sybil,4,8,2,3,0.2,1.0,1001,15.135722,0.19885805
dssstab_fedavg,correlated_sybil,5,8,2,3,0.2,1.0,1001,15.264517,0.2005502
dssstab_fedavg,correlated_sybil,6,8,2,3,0.2,1.0,1001,15.249547,0.20035352
dssstab_fedavg,correlated_sybil,7,8,2,3,0.2,1.0,1001,15.135191,0.19885108
dssstab_fedavg,correlated_sybil,8,8,2,3,0.2,1.0,1001,15.349773,0.20167033
dssstab_fedavg,correlated_sybil,9,8,2,3,0.2,1.0,1001,15.335985,0.20148918
dssstab_fedavg,correlated_sybil,10,8,2,3,0.2,1.0,1001,15.1651325,0.19924445
dssstab_fedavg,correlated_sybil,11,8,2,3,0.2,1.0,1001,15.298729,0.20099969
dssstab_fedavg,correlated_sybil,12,8,2,3,0.2,1.0,1001,15.28069,0.20076269
dssstab_fedavg,correlated_sybil,13,8,2,3,0.2,1.0,1001,15.369364,0.2019277
dssstab_fedavg,correlated_sybil,14,8,2,3,0.2,1.0,1001,15.305294,0.20108594
dssstab_fedavg,correlated_sybil,15,8,2,3,0.2,1.0,1001,15.154365,0.19910298
dssstab_fedavg,correlated_sybil,16,8,2,3,0.2,1.0,1001,15.117979,0.19862494
dssstab_fedavg,correlated_sybil,17,8,2,3,0.2,1.0,1001,15.24644,0.2003127
dssstab_fedavg,correlated_sybil,18,8,2,3,0.2,1.0,1001,15.227818,0.20006803
dssstab_fedavg,correlated_sybil,19,8,2,3,0.2,1.0,1001,15.265967,0.20056926
dssstab_fedavg,correlated_sybil,0,8,2,3,0.2,1.0,2001,18.134617,0.20052141
dssstab_fedavg,correlated_sybil,1,8,2,3,0.2,1.0,2001,17.847734,0.19734924
dssstab_fedavg,correlated_sybil,2,8,2,3,0.2,1.0,2001,17.953287,0.19851638
dssstab_fedavg,correlated_sybil,3,8,2,3,0.2,1.0,2001,18.021648,0.19927227
dssstab_fedavg,correlated_sybil,4,8,2,3,0.2,1.0,2001,18.204075,0.20128943
dssstab_fedavg,correlated_sybil,5,8,2,3,0.2,1.0,2001,17.99758,0.19900614
dssstab_fedavg,correlated_sybil,6,8,2,3,0.2,1.0,2001,18.064013,0.19974071
dssstab_fedavg,correlated_sybil,7,8,2,3,0.2,1.0,2001,18.068995,0.1997958
dssstab_fedavg,correlated_sybil,8,8,2,3,0.2,1.0,2001,18.149092,0.20068146
dssstab_fedavg,correlated_sybil,9,8,2,3,0.2,1.0,2001,18.155672,0.20075423
dssstab_fedavg,correlated_sybil,10,8,2,3,0.2,1.0,2001,18.02862,0.19934936
dssstab_fedavg,correlated_sybil,11,8,2,3,0.2,1.0,2001,18.089472,0.20002222
dssstab_fedavg,correlated_sybil,12,8,2,3,0.2,1.0,2001,18.271603,0.20203611
dssstab_fedavg,correlated_sybil,13,8,2,3,0.2,1.0,2001,18.265846,0.20197247
dssstab_fedavg,correlated_sybil,14,8,2,3,0.2,1.0,2001,17.999063,0.19902255
dssstab_fedavg,correlated_sybil,15,8,2,3,0.2,1.0,2001,18.098152,0.20011821
dssstab_fedavg,correlated_sybil,16,8,2,3,0.2,1.0,2001,17.987356,0.1988931
dssstab_fedavg,correlated_sybil,17,8,2,3,0.2,1.0,2001,18.20768,0.20132929
dssstab_fedavg,correlated_sybil,18,8,2,3,0.2,1.0,2001,18.135576,0.20053202
dssstab_fedavg,correlated_sybil,19,8,2,3,0.2,1.0,2001,18.224901,0.20151971
dssstab_fedavg,correlated_sybil,0,8,2,3,0.2,1.0,3001,16.68096,0.20018597
dssstab_fedavg,correlated_sybil,1,8,2,3,0.2,1.0,3001,16.641483,0.19971222
dssstab_fedavg,correlated_sybil,2,8,2,3,0.2,1.0,3001,16.84972,0.20221125
dssstab_fedavg,correlated_sybil,3,8,2,3,0.2,1.0,3001,16.56544,0.19879963
dssstab_fedavg,correlated_sybil,4,8,2,3,0.2,1.0,3001,16.61652,0.19941264
dssstab_fedavg,correlated_sybil,5,8,2,3,0.2,1.0,3001,16.638817,0.19968022
dssstab_fedavg,correlated_sybil,6,8,2,3,0.2,1.0,3001,16.644516,0.19974862
dssstab_fedavg,correlated_sybil,7,8,2,3,0.2,1.0,3001,16.606634,0.199294
dssstab_fedavg,correlated_sybil,8,8,2,3,0.2,1.0,3001,16.634743,0.19963133
dssstab_fedavg,correlated_sybil,9,8,2,3,0.2,1.0,3001,16.750061,0.20101525
dssstab_fedavg,correlated_sybil,10,8,2,3,0.2,1.0,3001,16.768883,0.20124112
dssstab_fedavg,correlated_sybil,11,8,2,3,0.2,1.0,3001,16.516443,0.19821163
dssstab_fedavg,correlated_sybil,12,8,2,3,0.2,1.0,3001,16.765179,0.20119667
dssstab_fedavg,correlated_sybil,13,8,2,3,0.2,1.0,3001,16.593168,0.1991324
dssstab_fedavg,correlated_sybil,14,8,2,3,0.2,1.0,3001,16.610582,0.19934139
dssstab_fedavg,correlated_sybil,15,8,2,3,0.2,1.0,3001,16.618658,0.1994383
dssstab_fedavg,correlated_sybil,16,8,2,3,0.2,1.0,3001,16.724728,0.20071122
dssstab_fedavg,correlated_sybil,17,8,2,3,0.2,1.0,3001,16.860556,0.20234127
dssstab_fedavg,correlated_sybil,18,8,2,3,0.2,1.0,3001,16.70609,0.20048757
dssstab_fedavg,correlated_sybil,19,8,2,3,0.2,1.0,3001,16.76267,0.20116657
dssstab_fedavg,correlated_sybil,0,8,2,3,0.2,1.0,4001,18.587702,0.19974273
dssstab_fedavg,correlated_sybil,1,8,2,3,0.2,1.0,4001,18.6076,0.19995655
dssstab_fedavg,correlated_sybil,2,8,2,3,0.2,1.0,4001,18.590824,0.19977629
dssstab_fedavg,correlated_sybil,3,8,2,3,0.2,1.0,4001,18.615705,0.20004366
dssstab_fedavg,correlated_sybil,4,8,2,3,0.2,1.0,4001,18.622486,0.20011653
dssstab_fedavg,correlated_sybil,5,8,2,3,0.2,1.0,4001,18.677275,0.20070527
dssstab_fedavg,correlated_sybil,6,8,2,3,0.2,1.0,4001,18.588537,0.1997517
dssstab_fedavg,correlated_sybil,7,8,2,3,0.2,1.0,4001,18.662525,0.20054679
dssstab_fedavg,correlated_sybil,8,8,2,3,0.2,1.0,4001,18.70155,0.20096613
dssstab_fedavg,correlated_sybil,9,8,2,3,0.2,1.0,4001,18.66488,0.2005721
dssstab_fedavg,correlated_sybil,10,8,2,3,0.2,1.0,4001,18.597273,0.19984558
dssstab_fedavg,correlated_sybil,11,8,2,3,0.2,1.0,4001,18.651287,0.20042601
dssstab_fedavg,correlated_sybil,12,8,2,3,0.2,1.0,4001,18.620718,0.20009753
dssstab_fedavg,correlated_sybil,13,8,2,3,0.2,1.0,4001,18.707752,0.20103279
dssstab_fedavg,correlated_sybil,14,8,2,3,0.2,1.0,4001,18.571213,0.19956554
dssstab_fedavg,correlated_sybil,15,8,2,3,0.2,1.0,4001,18.592106,0.19979006
dssstab_fedavg,correlated_sybil,16,8,2,3,0.2,1.0,4001,18.603937,0.1999172
dssstab_fedavg,correlated_sybil,17,8,2,3,0.2,1.0,4001,18.547943,0.19931549
dssstab_fedavg,correlated_sybil,18,8,2,3,0.2,1.0,4001,18.701704,0.2009678
dssstab_fedavg,correlated_sybil,19,8,2,3,0.2,1.0,4001,18.595476,0.19982627
dsscoll_fedavg,correlated_sybil,0,8,2,3,0.2,1.0,1,17.001226,0.2003076
dsscoll_fedavg,correlated_sybil,1,8,2,3,0.2,1.0,1,0.40746263,0.0048007043
dsscoll_fedavg,correlated_sybil,2,8,2,3,0.2,1.0,1,0.09105316,0.0010727837
dsscoll_fedavg,correlated_sybil,3,8,2,3,0.2,1.0,1,0.17983347,0.002118789
dsscoll_fedavg,correlated_sybil,4,8,2,3,0.2,1.0,1,0.12393013,0.0014601385
dsscoll_fedavg,correlated_sybil,5,8,2,3,0.2,1.0,1,0.24625064,0.0029013127
dsscoll_fedavg,correlated_sybil,6,8,2,3,0.2,1.0,1,0.24267124,0.0028591403
dsscoll_fedavg,correlated_sybil,7,8,2,3,0.2,1.0,1,0.42004034,0.004948894
dsscoll_fedavg,correlated_sybil,8,8,2,3,0.2,1.0,1,0.13243687,0.0015603646
dsscoll_fedavg,correlated_sybil,9,8,2,3,0.2,1.0,1,0.27481613,0.0032378698
dsscoll_fedavg,correlated_sybil,10,8,2,3,0.2,1.0,1,0.34415686,0.004054839
dsscoll_fedavg,correlated_sybil,11,8,2,3,0.2,1.0,1,0.19882213,0.0023425124
dsscoll_fedavg,correlated_sybil,12,8,2,3,0.2,1.0,1,0.17767526,0.002093361
dsscoll_fedavg,correlated_sybil,13,8,2,3,0.2,1.0,1,0.17344016,0.0020434633
dsscoll_fedavg,correlated_sybil,14,8,2,3,0.2,1.0,1,0.25899902,0.0030515133
dsscoll_fedavg,correlated_sybil,15,8,2,3,0.2,1.0,1,0.1969114,0.0023200002
dsscoll_fedavg,correlated_sybil,16,8,2,3,0.2,1.0,1,0.22112572,0.0026052922
dsscoll_fedavg,correlated_sybil,17,8,2,3,0.2,1.0,1,0.21553165,0.002539383
dsscoll_fedavg,correlated_sybil,18,8,2,3,0.2,1.0,1,0.26842773,0.003162602
dsscoll_fedavg,correlated_sybil,19,8,2,3,0.2,1.0,1,0.16018112,0.0018872459
dsscoll_fedavg,correlated_sybil,0,8,2,3,0.2,1.0,1001,15.169178,0.1992976
dsscoll_fedavg,correlated_sybil,1,8,2,3,0.2,1.0,1001,0.44678152,0.0058699613
dsscoll_fedavg,correlated_sybil,2,8,2,3,0.2,1.0,1001,0.16197602,0.0021280937
dsscoll_fedavg,correlated_sybil,3,8,2,3,0.2,1.0,1001,0.39172837,0.0051466553
dsscoll_fedavg,correlated_sybil,4,8,2,3,0.2,1.0,1001,0.213328,0.002802773
dsscoll_fedavg,correlated_sybil,5,8,2,3,0.2,1.0,1001,0.40521768,0.0053238817
dsscoll_fedavg,correlated_sybil,6,8,2,3,0.2,1.0,1001,0.21978055,0.0028875484
dsscoll_fedavg,correlated_sybil,7,8,2,3,0.2,1.0,1001,0.3180235,0.0041782963
dsscoll_fedavg,correlated_sybil,8,8,2,3,0.2,1.0,1001,0.4427789,0.0058173733
dsscoll_fedavg,correlated_sybil,9,8,2,3,0.2,1.0,1001,0.2578961,0.003388323
dsscoll_fedavg,correlated_sybil,10,8,2,3,0.2,1.0,1001,0.18338408,0.0024093597
dsscoll_fedavg,correlated_sybil,11,8,2,3,0.2,1.0,1001,0.18203826,0.002391678
dsscoll_fedavg,correlated_sybil,12,8,2,3,0.2,1.0,1001,0.1949859,0.0025617883
dsscoll_fedavg,correlated_sybil,13,8,2,3,0.2,1.0,1001,0.3940988,0.005177798
dsscoll_fedavg,correlated_sybil,14,8,2,3,0.2,1.0,1001,0.30135676,0.0039593233
dsscoll_fedavg,correlated_sybil,15,8,2,3,0.2,1.0,1001,0.061848816,0.0008125899
dsscoll_fedavg,correlated_sybil,16,8,2,3,0.2,1.0,1001,0.18605617,0.0024444666
dsscoll_fedavg,correlated_sybil,17,8,2,3,0.2,1.0,1001,0.19146426,0.00251552
dsscoll_fedavg,correlated_sybil,18,8,2,3,0.2,1.0,1001,0.2653571,0.003486348
dsscoll_fedavg,correlated_sybil,19,8,2,3,0.2,1.0,1001,0.23078354,0.0030321092
dsscoll_fedavg,correlated_sybil,0,8,2,3,0.2,1.0,2001,18.134617,0.20052141
dsscoll_fedavg,correlated_sybil,1,8,2,3,0.2,1.0,2001,0.65482914,0.007240697
dsscoll_fedavg,correlated_sybil,2,8,2,3,0.2,1.0,2001,0.20450522,0.0022612927
dsscoll_fedavg,correlated_sybil,3,8,2,3,0.2,1.0,2001,0.46474847,0.005138902
dsscoll_fedavg,correlated_sybil,4,8,2,3,0.2,1.0,2001,0.4212588,0.00465802
dsscoll_fedavg,correlated_sybil,5,8,2,3,0.2,1.0,2001,0.25302878,0.0027978362
dsscoll_fedavg,correlated_sybil,6,8,2,3,0.2,1.0,2001,0.15307294,0.0016925861
dsscoll_fedavg,correlated_sybil,7,8,2,3,0.2,1.0,2001,0.038181376,0.0004221861
dsscoll_fedavg,correlated_sybil,8,8,2,3,0.2,1.0,2001,0.23690732,0.002619575
dsscoll_fedavg,correlated_sybil,9,8,2,3,0.2,1.0,2001,0.294592,0.0032574167
dsscoll_fedavg,correlated_sybil,10,8,2,3,0.2,1.0,2001,0.28606477,0.003163128
dsscoll_fedavg,correlated_sybil,11,8,2,3,0.2,1.0,2001,0.12049764,0.0013323886
dsscoll_fedavg,correlated_sybil,12,8,2,3,0.2,1.0,2001,0.2735859,0.003025144
dsscoll_fedavg,correlated_sybil,13,8,2,3,0.2,1.0,2001,0.44994023,0.0049751615
dsscoll_fedavg,correlated_sybil,14,8,2,3,0.2,1.0,2001,0.2660392,0.0029416974
dsscoll_fedavg,correlated_sybil,15,8,2,3,0.2,1.0,2001,0.18887544,0.002088468
dsscoll_fedavg,correlated_sybil,16,8,2,3,0.2,1.0,2001,0.09913017,0.0010961202
dsscoll_fedavg,correlated_sybil,17,8,2,3,0.2,1.0,2001,0.4544492,0.005025019
dsscoll_fedavg,correlated_sybil,18,8,2,3,0.2,1.0,2001,0.13406794,0.0014824406
dsscoll_fedavg,correlated_sybil,19,8,2,3,0.2,1.0,2001,0.22526,0.0024907861
dsscoll_fedavg,correlated_sybil,0,8,2,3,0.2,1.0,3001,16.68096,0.20018597
dsscoll_fedavg,correlated_sybil,1,8,2,3,0.2,1.0,3001,0.5942314,0.007131292
dsscoll_fedavg,correlated_sybil,2,8,2,3,0.2,1.0,3001,0.46031204,0.005524143
dsscoll_fedavg,correlated_sybil,3,8,2,3,0.2,1.0,3001,0.15758128,0.001891112
dsscoll_fedavg,correlated_sybil,4,8,2,3,0.2,1.0,3001,0.1075793,0.0012910448
dsscoll_fedavg,correlated_sybil,5,8,2,3,0.2,1.0,3001,0.09397989,0.0011278401
dsscoll_fedavg,correlated_sybil,6,8,2,3,0.2,1.0,3001,0.35927022,0.0043115537
dsscoll_fedavg,correlated_sybil,7,8,2,3,0.2,1.0,3001,0.17932631,0.002152071
dsscoll_fedavg,correlated_sybil,8,8,2,3,0.2,1.0,3001,0.22545615,0.002705669
dsscoll_fedavg,correlated_sybil,9,8,2,3,0.2,1.0,3001,0.35762247,0.0042917794
dsscoll_fedavg,correlated_sybil,10,8,2,3,0.2,1.0,3001,0.15499826,0.0018601133
dsscoll_fedavg,correlated_sybil,11,8,2,3,0.2,1.0,3001,0.39703742,0.004764793
dsscoll_fedavg,correlated_sybil,12,8,2,3,0.2,1.0,3001,0.25043648,0.0030054548
dsscoll_fedavg,correlated_sybil,13,8,2,3,0.2,1.0,3001,0.07763399,0.0009316752
dsscoll_fedavg,correlated_sybil,14,8,2,3,0.2,1.0,3001,0.3320944,0.003985421
dsscoll_fedavg,correlated_sybil,15,8,2,3,0.2,1.0,3001,0.11225626,0.0013471724
dsscoll_fedavg,correlated_sybil,16,8,2,3,0.2,1.0,3001,0.16411914,0.001969572
dsscoll_fedavg,correlated_sybil,17,8,2,3,0.2,1.0,3001,0.24882723,0.0029861424
dsscoll_fedavg,correlated_sybil,18,8,2,3,0.2,1.0,3001,0.23301497,0.0027963815
dsscoll_fedavg,correlated_sybil,19,8,2,3,0.2,1.0,3001,0.30694547,0.0036836118
dsscoll_fedavg,correlated_sybil,0,8,2,3,0.2,1.0,4001,18.5877,0.19974272
dsscoll_fedavg,correlated_sybil,1,8,2,3,0.2,1.0,4001,0.43721655,0.0046983124
dsscoll_fedavg,correlated_sybil,2,8,2,3,0.2,1.0,4001,0.2708774,0.0029108382
dsscoll_fedavg,correlated_sybil,3,8,2,3,0.2,1.0,4001,0.3339719,0.0035888492
dsscoll_fedavg,correlated_sybil,4,8,2,3,0.2,1.0,4001,0.28081173,0.003017592
dsscoll_fedavg,correlated_sybil,5,8,2,3,0.2,1.0,4001,0.32442865,0.0034862978
dsscoll_fedavg,correlated_sybil,6,8,2,3,0.2,1.0,4001,0.058987033,0.0006338724
dsscoll_fedavg,correlated_sybil,7,8,2,3,0.2,1.0,4001,0.1986791,0.002134998
dsscoll_fedavg,correlated_sybil,8,8,2,3,0.2,1.0,4001,0.3153209,0.0033884265
dsscoll_fedavg,correlated_sybil,9,8,2,3,0.2,1.0,4001,0.07810878,0.00083935395
dsscoll_fedavg,correlated_sybil,10,8,2,3,0.2,1.0,4001,0.24555185,0.0026386909
dsscoll_fedavg,correlated_sybil,11,8,2,3,0.2,1.0,4001,0.12045585,0.001294414
dsscoll_fedavg,correlated_sybil,12,8,2,3,0.2,1.0,4001,0.33579594,0.0036084503
dsscoll_fedavg,correlated_sybil,13,8,2,3,0.2,1.0,4001,0.27158734,0.0029184672
dsscoll_fedavg,correlated_sybil,14,8,2,3,0.2,1.0,4001,0.2362405,0.0025386314
dsscoll_fedavg,correlated_sybil,15,8,2,3,0.2,1.0,4001,0.22181427,0.0023836077
dsscoll_fedavg,correlated_sybil,16,8,2,3,0.2,1.0,4001,0.16738911,0.001798757
dsscoll_fedavg,correlated_sybil,17,8,2,3,0.2,1.0,4001,0.030407134,0.0003267539
dsscoll_fedavg,correlated_sybil,18,8,2,3,0.2,1.0,4001,0.15530948,0.0016689497
dsscoll_fedavg,correlated_sybil,19,8,2,3,0.2,1.0,4001,0.3301143,0.0035473958
krum,correlated_sybil,0,8,2,3,0.2,1.0,1,0.13920565,0.001640114
krum,correlated_sybil,1,8,2,3,0.2,1.0,1,0.3879176,0.004570426
krum,correlated_sybil,2,8,2,3,0.2,1.0,1,0.20969842,0.0024706563
krum,correlated_sybil,3,8,2,3,0.2,1.0,1,0.4022157,0.004738885
krum,correlated_sybil,4,8,2,3,0.2,1.0,1,0.3633399,0.0042808526
krum,correlated_sybil,5,8,2,3,0.2,1.0,1,0.37281993,0.0043925457
krum,correlated_sybil,6,8,2,3,0.2,1.0,1,0.29438955,0.0034684828
krum,correlated_sybil,7,8,2,3,0.2,1.0,1,0.31431276,0.003703217
krum,correlated_sybil,8,8,2,3,0.2,1.0,1,0.2603167,0.0030670383
krum,correlated_sybil,9,8,2,3,0.2,1.0,1,0.28637066,0.0033740047
krum,correlated_sybil,10,8,2,3,0.2,1.0,1,0.51315945,0.006046019
krum,correlated_sybil,11,8,2,3,0.2,1.0,1,0.34140223,0.004022384
krum,correlated_sybil,12,8,2,3,0.2,1.0,1,0.19943902,0.0023497804
krum,correlated_sybil,13,8,2,3,0.2,1.0,1,0.3415129,0.004023688
krum,correlated_sybil,14,8,2,3,0.2,1.0,1,0.2785409,0.003281755
krum,correlated_sybil,15,8,2,3,0.2,1.0,1,0.41518614,0.0048917024
krum,correlated_sybil,16,8,2,3,0.2,1.0,1,0.3948724,0.004652367
krum,correlated_sybil,17,8,2,3,0.2,1.0,1,0.23228851,0.0027368115
krum,correlated_sybil,18,8,2,3,0.2,1.0,1,0.25847915,0.0030453883
krum,correlated_sybil,19,8,2,3,0.2,1.0,1,0.21981928,0.0025898996
krum,correlated_sybil,0,8,2,3,0.2,1.0,1001,0.16645326,0.0021869172
krum,correlated_sybil,1,8,2,3,0.2,1.0,1001,0.27051345,0.003554094
krum,correlated_sybil,2,8,2,3,0.2,1.0,1001,0.22888859,0.003007213
krum,correlated_sybil,3,8,2,3,0.2,1.0,1001,0.6076259,0.007983187
krum,correlated_sybil,4,8,2,3,0.2,1.0,1001,0.41570494,0.005461667
krum,correlated_sybil,5,8,2,3,0.2,1.0,1001,0.54728705,0.0071904357
krum,correlated_sybil,6,8,2,3,0.2,1.0,1001,0.4003571,0.005260022
krum,correlated_sybil,7,8,2,3,0.2,1.0,1001,0.19864288,0.002609835
krum,correlated_sybil,8,8,2,3,0.2,1.0,1001,0.46703863,0.006136106
krum,correlated_sybil,9,8,2,3,0.2,1.0,1001,0.26184466,0.0034402006
krum,correlated_sybil,10,8,2,3,0.2,1.0,1001,0.2804325,0.0036844136
krum,correlated_sybil,11,8,2,3,0.2,1.0,1001,0.42490202,0.005582501
krum,correlated_sybil,12,8,2,3,0.2,1.0,1001,0.27972367,0.0036751009
krum,correlated_sybil,13,8,2,3,0.2,1.0,1001,0.37002152,0.0048614633
krum,correlated_sybil,14,8,2,3,0.2,1.0,1001,0.18068449,0.0023738916
krum,correlated_sybil,15,8,2,3,0.2,1.0,1001,0.14282694,0.001876507
krum,correlated_sybil,16,8,2,3,0.2,1.0,1001,0.40057808,0.0052629253
krum,correlated_sybil,17,8,2,3,0.2,1.0,1001,0.27728048,0.0036430014
krum,correlated_sybil,18,8,2,3,0.2,1.0,1001,0.28859493,0.0037916542
krum,correlated_sybil,19,8,2,3,0.2,1.0,1001,0.16043086,0.002107793
krum,correlated_sybil,0,8,2,3,0.2,1.0,2001,0.29126975,0.0032206813
krum,correlated_sybil,1,8,2,3,0.2,1.0,2001,0.3292758,0.0036409285
krum,correlated_sybil,2,8,2,3,0.2,1.0,2001,0.34467104,0.0038111599
krum,correlated_sybil,3,8,2,3,0.2,1.0,2001,0.16976169,0.0018771201
krum,correlated_sybil,4,8,2,3,0.2,1.0,2001,0.38036036,0.0042057903
krum,correlated_sybil,5,8,2,3,0.2,1.0,2001,0.3990603,0.004412563
krum,correlated_sybil,6,8,2,3,0.2,1.0,2001,0.2913096,0.0032211218
krum,correlated_sybil,7,8,2,3,0.2,1.0,2001,0.2423743,0.0026800255
krum,correlated_sybil,8,8,2,3,0.2,1.0,2001,0.41956717,0.004639315
krum,correlated_sybil,9,8,2,3,0.2,1.0,2001,0.33082277,0.0036580341
krum,correlated_sybil,10,8,2,3,0.2,1.0,2001,0.2349113,0.0025975043
krum,correlated_sybil,11,8,2,3,0.2,1.0,2001,0.101560086,0.0011229888
krum,correlated_sybil,12,8,2,3,0.2,1.0,2001,0.10289896,0.0011377933
krum,correlated_sybil,13,8,2,3,0.2,1.0,2001,0.27210334,0.003008751
krum,correlated_sybil,14,8,2,3,0.2,1.0,2001,0.34389913,0.0038026245
krum,correlated_sybil,15,8,2,3,0.2,1.0,2001,0.21052183,0.0023278205
krum,correlated_sybil,16,8,2,3,0.2,1.0,2001,0.266199,0.0029434643
krum,correlated_sybil,17,8,2,3,0.2,1.0,2001,0.13482744,0.0014908386
krum,correlated_sybil,18,8,2,3,0.2,1.0,2001,0.22355184,0.0024718984
krum,correlated_sybil,19,8,2,3,0.2,1.0,2001,0.46310046,0.0051206793
krum,correlated_sybil,0,8,2,3,0.2,1.0,3001,0.31443003,0.0037734327
krum,correlated_sybil,1,8,2,3,0.2,1.0,3001,0.39238477,0.0047089574
krum,correlated_sybil,2,8,2,3,0.2,1.0,3001,0.28589442,0.0034309807
krum,correlated_sybil,3,8,2,3,0.2,1.0,3001,0.3875281,0.004650673
krum,correlated_sybil,4,8,2,3,0.2,1.0,3001,0.1783196,0.0021399898
krum,correlated_sybil,5,8,2,3,0.2,1.0,3001,0.20347826,0.0024419155
krum,correlated_sybil,6,8,2,3,0.2,1.0,3001,0.26395652,0.003167707
krum,correlated_sybil,7,8,2,3,0.2,1.0,3001,0.28944552,0.003473597
krum,correlated_sybil,8,8,2,3,0.2,1.0,3001,0.2579448,0.003095561
krum,correlated_sybil,9,8,2,3,0.2,1.0,3001,0.19625004,0.0023551704
krum,correlated_sybil,10,8,2,3,0.2,1.0,3001,0.24041775,0.0028852213
krum,correlated_sybil,11,8,2,3,0.2,1.0,3001,0.75307834,0.009037592
krum,correlated_sybil,12,8,2,3,0.2,1.0,3001,0.1466147,0.0017595035
krum,correlated_sybil,13,8,2,3,0.2,1.0,3001,0.3064112,0.0036772
krum,correlated_sybil,14,8,2,3,0.2,1.0,3001,0.4802889,0.005763883
krum,correlated_sybil,15,8,2,3,0.2,1.0,3001,0.355309,0.004264016
krum,correlated_sybil,16,8,2,3,0.2,1.0,3001,0.3194902,0.003834159
krum,correlated_sybil,17,8,2,3,0.2,1.0,3001,0.3595727,0.004315184
krum,correlated_sybil,18,8,2,3,0.2,1.0,3001,0.08774578,0.0010530254
krum,correlated_sybil,19,8,2,3,0.2,1.0,3001,0.32685292,0.0039225183
krum,correlated_sybil,0,8,2,3,0.2,1.0,4001,0.44883117,0.0048231226
krum,correlated_sybil,1,8,2,3,0.2,1.0,4001,0.0701128,0.0007534295
krum,correlated_sybil,2,8,2,3,0.2,1.0,4001,0.20258364,0.002176956
krum,correlated_sybil,3,8,2,3,0.2,1.0,4001,0.30310154,0.0032571177
krum,correlated_sybil,4,8,2,3,0.2,1.0,4001,0.32085848,0.003447933
krum,correlated_sybil,5,8,2,3,0.2,1.0,4001,0.41667515,0.0044775754
krum,correlated_sybil,6,8,2,3,0.2,1.0,4001,0.2685083,0.0028853798
krum,correlated_sybil,7,8,2,3,0.2,1.0,4001,0.16424228,0.0017649413
krum,correlated_sybil,8,8,2,3,0.2,1.0,4001,0.48581445,0.0052205436
krum,correlated_sybil,9,8,2,3,0.2,1.0,4001,0.20409724,0.0021932211
krum,correlated_sybil,10,8,2,3,0.2,1.0,4001,0.067562744,0.00072602666
krum,correlated_sybil,11,8,2,3,0.2,1.0,4001,0.20453368,0.002197911
krum,correlated_sybil,12,8,2,3,0.2,1.0,4001,0.28902102,0.0031058087
krum,correlated_sybil,13,8,2,3,0.2,1.0,4001,0.21608566,0.0023220482
krum,correlated_sybil,14,8,2,3,0.2,1.0,4001,0.31876493,0.0034254356
krum,correlated_sybil,15,8,2,3,0.2,1.0,4001,0.34230888,0.0036784383
krum,correlated_sybil,16,8,2,3,0.2,1.0,4001,0.14624308,0.0015715226
krum,correlated_sybil,17,8,2,3,0.2,1.0,4001,0.35645863,0.0038304909
krum,correlated_sybil,18,8,2,3,0.2,1.0,4001,0.48746258,0.005238254
krum,correlated_sybil,19,8,2,3,0.2,1.0,4001,0.11688235,0.0012560133
foolsgold,correlated_sybil,0,8,2,3,0.2,1.0,1,1.5534024,0.01830211
foolsgold,correlated_sybil,1,8,2,3,0.2,1.0,1,1.5178956,0.01788377
foolsgold,correlated_sybil,2,8,2,3,0.2,1.0,1,8.134613,0.0958416
foolsgold,correlated_sybil,3,8,2,3,0.2,1.0,1,7.939658,0.093544655
foolsgold,correlated_sybil,4,8,2,3,0.2,1.0,1,7.939658,0.093544655
foolsgold,correlated_sybil,5,8,2,3,0.2,1.0,1,7.939658,0.093544655
foolsgold,correlated_sybil,6,8,2,3,0.2,1.0,1,7.939658,0.093544655
foolsgold,correlated_sybil,7,8,2,3,0.2,1.0,1,7.939658,0.093544655
foolsgold,correlated_sybil,8,8,2,3,0.2,1.0,1,7.939658,0.093544655
foolsgold,correlated_sybil,9,8,2,3,0.2,1.0,1,7.939658,0.093544655
foolsgold,correlated_sybil,10,8,2,3,0.2,1.0,1,7.939658,0.093544655
foolsgold,correlated_sybil,11,8,2,3,0.2,1.0,1,7.939658,0.093544655
foolsgold,correlated_sybil,12,8,2,3,0.2,1.0,1,7.939658,0.093544655
foolsgold,correlated_sybil,13,8,2,3,0.2,1.0,1,7.939658,0.093544655
foolsgold,correlated_sybil,14,8,2,3,0.2,1.0,1,7.939658,0.093544655
foolsgold,correlated_sybil,15,8,2,3,0.2,1.0,1,7.939658,0.093544655
foolsgold,correlated_sybil,16,8,2,3,0.2,1.0,1,7.939658,0.093544655
foolsgold,correlated_sybil,17,8,2,3,0.2,1.0,1,7.939658,0.093544655
foolsgold,correlated_sybil,18,8,2,3,0.2,1.0,1,7.939658,0.093544655
foolsgold,correlated_sybil,19,8,2,3,0.2,1.0,1,7.939658,0.093544655
foolsgold,correlated_sybil,0,8,2,3,0.2,1.0,1001,6.596898,0.086672194
foolsgold,correlated_sybil,1,8,2,3,0.2,1.0,1001,3.3597586,0.044141605
foolsgold,correlated_sybil,2,8,2,3,0.2,1.0,1001,3.1342967,0.04117941
foolsgold,correlated_sybil,3,8,2,3,0.2,1.0,1001,6.6778364,0.08773559
foolsgold,correlated_sybil,4,8,2,3,0.2,1.0,1001,7.0191345,0.09221968
foolsgold,correlated_sybil,5,8,2,3,0.2,1.0,1001,6.458574,0.08485485
foolsgold,correlated_sybil,6,8,2,3,0.2,1.0,1001,6.458574,0.08485485
foolsgold,correlated_sybil,7,8,2,3,0.2,1.0,1001,10.334165,0.13577363
foolsgold,correlated_sybil,8,8,2,3,0.2,1.0,1001,13.851137,0.18198076
foolsgold,correlated_sybil,9,8,2,3,0.2,1.0,1001,13.851137,0.18198076
foolsgold,correlated_sybil,10,8,2,3,0.2,1.0,1001,13.851137,0.18198076
foolsgold,correlated_sybil,11,8,2,3,0.2,1.0,1001,13.851137,0.18198076
foolsgold,correlated_sybil,12,8,2,3,0.2,1.0,1001,11.789517,0.15489452
foolsgold,correlated_sybil,13,8,2,3,0.2,1.0,1001,13.851137,0.18198076
foolsgold,correlated_sybil,14,8,2,3,0.2,1.0,1001,13.851137,0.18198076
foolsgold,correlated_sybil,15,8,2,3,0.2,1.0,1001,13.851137,0.18198076
foolsgold,correlated_sybil,16,8,2,3,0.2,1.0,1001,13.851137,0.18198076
foolsgold,correlated_sybil,17,8,2,3,0.2,1.0,1001,13.851137,0.18198076
foolsgold,correlated_sybil,18,8,2,3,0.2,1.0,1001,13.851137,0.18198076
foolsgold,correlated_sybil,19,8,2,3,0.2,1.0,1001,13.851137,0.18198076
foolsgold,correlated_sybil,0,8,2,3,0.2,1.0,2001,1.3495185,0.014922144
foolsgold,correlated_sybil,1,8,2,3,0.2,1.0,2001,1.408973,0.015579554
foolsgold,correlated_sybil,2,8,2,3,0.2,1.0,2001,7.595436,0.08398565
foolsgold,correlated_sybil,3,8,2,3,0.2,1.0,2001,1.5237736,0.016848948
foolsgold,correlated_sybil,4,8,2,3,0.2,1.0,2001,8.064231,0.08916929
foolsgold,correlated_sybil,5,8,2,3,0.2,1.0,2001,1.5482297,0.017119369
foolsgold,correlated_sybil,6,8,2,3,0.2,1.0,2001,1.4348074,0.015865216
foolsgold,correlated_sybil,7,8,2,3,0.2,1.0,2001,1.5578856,0.01722614
foolsgold,correlated_sybil,8,8,2,3,0.2,1.0,2001,11.312421,0.12508577
foolsgold,correlated_sybil,9,8,2,3,0.2,1.0,2001,8.581385,0.09488766
foolsgold,correlated_sybil,10,8,2,3,0.2,1.0,2001,7.6428843,0.084510304
foolsgold,correlated_sybil,11,8,2,3,0.2,1.0,2001,7.6428843,0.084510304
foolsgold,correlated_sybil,12,8,2,3,0.2,1.0,2001,7.6428843,0.084510304
foolsgold,correlated_sybil,13,8,2,3,0.2,1.0,2001,7.6428843,0.084510304
foolsgold,correlated_sybil,14,8,2,3,0.2,1.0,2001,7.6428843,0.084510304
foolsgold,correlated_sybil,15,8,2,3,0.2,1.0,2001,7.6996517,0.085138
foolsgold,correlated_sybil,16,8,2,3,0.2,1.0,2001,7.6428843,0.084510304
foolsgold,correlated_sybil,17,8,2,3,0.2,1.0,2001,7.694316,0.085079
foolsgold,correlated_sybil,18,8,2,3,0.2,1.0,2001,7.6428843,0.084510304
foolsgold,correlated_sybil,19,8,2,3,0.2,1.0,2001,7.8299875,0.086579174
foolsgold,correlated_sybil,0,8,2,3,0.2,1.0,3001,3.2701647,0.039244812
foolsgold,correlated_sybil,1,8,2,3,0.2,1.0,3001,5.2198644,0.062642895
foolsgold,correlated_sybil,2,8,2,3,0.2,1.0,3001,5.2198644,0.062642895
foolsgold,correlated_sybil,3,8,2,3,0.2,1.0,3001,5.2198644,0.062642895
foolsgold,correlated_sybil,4,8,2,3,0.2,1.0,3001,5.2198644,0.062642895
foolsgold,correlated_sybil,5,8,2,3,0.2,1.0,3001,5.2198644,0.062642895
foolsgold,correlated_sybil,6,8,2,3,0.2,1.0,3001,5.2198644,0.062642895
foolsgold,correlated_sybil,7,8,2,3,0.2,1.0,3001,5.2198644,0.062642895
foolsgold,correlated_sybil,8,8,2,3,0.2,1.0,3001,5.2198644,0.062642895
foolsgold,correlated_sybil,9,8,2,3,0.2,1.0,3001,5.2198644,0.062642895
foolsgold,correlated_sybil,10,8,2,3,0.2,1.0,3001,5.2198644,0.062642895
foolsgold,correlated_sybil,11,8,2,3,0.2,1.0,3001,5.2198644,0.062642895
foolsgold,correlated_sybil,12,8,2,3,0.2,1.0,3001,5.2198644,0.062642895
foolsgold,correlated_sybil,13,8,2,3,0.2,1.0,3001,5.2198644,0.062642895
foolsgold,correlated_sybil,14,8,2,3,0.2,1.0,3001,5.2198644,0.062642895
foolsgold,correlated_sybil,15,8,2,3,0.2,1.0,3001,5.2198644,0.062642895
foolsgold,correlated_sybil,16,8,2,3,0.2,1.0,3001,5.2198644,0.062642895
foolsgold,correlated_sybil,17,8,2,3,0.2,1.0,3001,5.2198644,0.062642895
foolsgold,correlated_sybil,18,8,2,3,0.2,1.0,3001,5.2198644,0.062642895
foolsgold,correlated_sybil,19,8,2,3,0.2,1.0,3001,5.2198644,0.062642895
foolsgold,correlated_sybil,0,8,2,3,0.2,1.0,4001,13.272988,0.14263102
foolsgold,correlated_sybil,1,8,2,3,0.2,1.0,4001,1.5087662,0.016213143
foolsgold,correlated_sybil,2,8,2,3,0.2,1.0,4001,1.5726107,0.016899215
foolsgold,correlated_sybil,3,8,2,3,0.2,1.0,4001,1.5529376,0.016687809
foolsgold,correlated_sybil,4,8,2,3,0.2,1.0,4001,1.3740189,0.014765155
foolsgold,correlated_sybil,5,8,2,3,0.2,1.0,4001,9.17848,0.0986316
foolsgold,correlated_sybil,6,8,2,3,0.2,1.0,4001,9.7430725,0.10469869
foolsgold,correlated_sybil,7,8,2,3,0.2,1.0,4001,13.612848,0.14628315
foolsgold,correlated_sybil,8,8,2,3,0.2,1.0,4001,12.576897,0.13515085
foolsgold,correlated_sybil,9,8,2,3,0.2,1.0,4001,12.459981,0.13389447
foolsgold,correlated_sybil,10,8,2,3,0.2,1.0,4001,12.653726,0.13597645
foolsgold,correlated_sybil,11,8,2,3,0.2,1.0,4001,8.894007,0.095574655
foolsgold,correlated_sybil,12,8,2,3,0.2,1.0,4001,8.894007,0.095574655
foolsgold,correlated_sybil,13,8,2,3,0.2,1.0,4001,8.894007,0.095574655
foolsgold,correlated_sybil,14,8,2,3,0.2,1.0,4001,8.894007,0.095574655
foolsgold,correlated_sybil,15,8,2,3,0.2,1.0,4001,8.894007,0.095574655
foolsgold,correlated_sybil,16,8,2,3,0.2,1.0,4001,8.894007,0.095574655
foolsgold,correlated_sybil,17,8,2,3,0.2,1.0,4001,8.894007,0.095574655
foolsgold,correlated_sybil,18,8,2,3,0.2,1.0,4001,8.894007,0.095574655
foolsgold,correlated_sybil,19,8,2,3,0.2,1.0,4001,8.894007,0.095574655
fedavg,correlated_sybil_unstable,0,8,2,3,0.2,1.0,1,16.376663,0.2003835
fedavg,correlated_sybil_unstable,1,8,2,3,0.2,1.0,1,16.310974,0.19957973
fedavg,correlated_sybil_unstable,2,8,2,3,0.2,1.0,1,16.40424,0.20072092
fedavg,correlated_sybil_unstable,3,8,2,3,0.2,1.0,1,16.45436,0.20133418
fedavg,correlated_sybil_unstable,4,8,2,3,0.2,1.0,1,16.362478,0.20020993
fedavg,correlated_sybil_unstable,5,8,2,3,0.2,1.0,1,16.448586,0.20126353
fedavg,correlated_sybil_unstable,6,8,2,3,0.2,1.0,1,16.2766,0.19915913
fedavg,correlated_sybil_unstable,7,8,2,3,0.2,1.0,1,16.25618,0.19890927
fedavg,correlated_sybil_unstable,8,8,2,3,0.2,1.0,1,16.477055,0.20161188
fedavg,correlated_sybil_unstable,9,8,2,3,0.2,1.0,1,16.278988,0.19918835
fedavg,correlated_sybil_unstable,10,8,2,3,0.2,1.0,1,16.569483,0.20274282
fedavg,correlated_sybil_unstable,11,8,2,3,0.2,1.0,1,16.34367,0.19997978
fedavg,correlated_sybil_unstable,12,8,2,3,0.2,1.0,1,16.279367,0.19919299
fedavg,correlated_sybil_unstable,13,8,2,3,0.2,1.0,1,16.430162,0.2010381
fedavg,correlated_sybil_unstable,14,8,2,3,0.2,1.0,1,16.489428,0.20176327
fedavg,correlated_sybil_unstable,15,8,2,3,0.2,1.0,1,16.28542,0.19926704
fedavg,correlated_sybil_unstable,16,8,2,3,0.2,1.0,1,16.349089,0.20004609
fedavg,correlated_sybil_unstable,17,8,2,3,0.2,1.0,1,16.352322,0.20008565
fedavg,correlated_sybil_unstable,18,8,2,3,0.2,1.0,1,16.403984,0.20071779
fedavg,correlated_sybil_unstable,19,8,2,3,0.2,1.0,1,16.284449,0.19925517
fedavg,correlated_sybil_unstable,0,8,2,3,0.2,1.0,1001,19.179497,0.19951099
fedavg,correlated_sybil_unstable,1,8,2,3,0.2,1.0,1001,19.297749,0.20074108
fedavg,correlated_sybil_unstable,2,8,2,3,0.2,1.0,1001,19.200912,0.19973376
fedavg,correlated_sybil_unstable,3,8,2,3,0.2,1.0,1001,19.24206,0.2001618
fedavg,correlated_sybil_unstable,4,8,2,3,0.2,1.0,1001,19.137573,0.1990749
fedavg,correlated_sybil_unstable,5,8,2,3,0.2,1.0,1001,19.296556,0.20072868
fedavg,correlated_sybil_unstable,6,8,2,3,0.2,1.0,1001,19.255959,0.20030637
fedavg,correlated_sybil_unstable,7,8,2,3,0.2,1.0,1001,19.134007,0.19903779
fedavg,correlated_sybil_unstable,8,8,2,3,0.2,1.0,1001,19.363346,0.20142345
fedavg,correlated_sybil_unstable,9,8,2,3,0.2,1.0,1001,19.329067,0.20106687
fedavg,correlated_sybil_unstable,10,8,2,3,0.2,1.0,1001,19.161287,0.19932157
fedavg,correlated_sybil_unstable,11,8,2,3,0.2,1.0,1001,19.30191,0.20078439
fedavg,correlated_sybil_unstable,12,8,2,3,0.2,1.0,1001,19.285812,0.20061693
fedavg,correlated_sybil_unstable,13,8,2,3,0.2,1.0,1001,19.383348,0.20163152
fedavg,correlated_sybil_unstable,14,8,2,3,0.2,1.0,1001,19.310349,0.20087215
fedavg,correlated_sybil_unstable,15,8,2,3,0.2,1.0,1001,19.152084,0.19922584
fedavg,correlated_sybil_unstable,16,8,2,3,0.2,1.0,1001,19.107325,0.19876024
fedavg,correlated_sybil_unstable,17,8,2,3,0.2,1.0,1001,19.255533,0.20030195
fedavg,correlated_sybil_unstable,18,8,2,3,0.2,1.0,1001,19.239452,0.20013466
fedavg,correlated_sybil_unstable,19,8,2,3,0.2,1.0,1001,19.260294,0.20035148
fedavg,correlated_sybil_unstable,0,8,2,3,0.2,1.0,2001,18.176655,0.20047422
fedavg,correlated_sybil_unstable,1,8,2,3,0.2,1.0,2001,17.885365,0.19726153
fedavg,correlated_sybil_unstable,2,8,2,3,0.2,1.0,2001,18.00693,0.19860229
fedavg,correlated_sybil_unstable,3,8,2,3,0.2,1.0,2001,18.056614,0.19915026
fedavg,correlated_sybil_unstable,4,8,2,3,0.2,1.0,2001,18.25862,0.20137823
fedavg,correlated_sybil_unstable,5,8,2,3,0.2,1.0,2001,18.042953,0.1989996
fedavg,correlated_sybil_unstable,6,8,2,3,0.2,1.0,2001,18.117268,0.19981922
fedavg,correlated_sybil_unstable,7,8,2,3,0.2,1.0,2001,18.115088,0.19979519
fedavg,correlated_sybil_unstable,8,8,2,3,0.2,1.0,2001,18.187176,0.20059027
fedavg,correlated_sybil_unstable,9,8,2,3,0.2,1.0,2001,18.208021,0.20082016
fedavg,correlated_sybil_unstable,10,8,2,3,0.2,1.0,2001,18.067743,0.19927302
fedavg,correlated_sybil_unstable,11,8,2,3,0.2,1.0,2001,18.12833,0.19994125
fedavg,correlated_sybil_unstable,12,8,2,3,0.2,1.0,2001,18.320887,0.20206499
fedavg,correlated_sybil_unstable,13,8,2,3,0.2,1.0,2001,18.311565,0.20196219
fedavg,correlated_sybil_unstable,14,8,2,3,0.2,1.0,2001,18.02542,0.19880621
fedavg,correlated_sybil_unstable,15,8,2,3,0.2,1.0,2001,18.157244,0.20026013
fedavg,correlated_sybil_unstable,16,8,2,3,0.2,1.0,2001,18.038311,0.1989484
fedavg,correlated_sybil_unstable,17,8,2,3,0.2,1.0,2001,18.255575,0.20134465
fedavg,correlated_sybil_unstable,18,8,2,3,0.2,1.0,2001,18.18684,0.20058656
fedavg,correlated_sybil_unstable,19,8,2,3,0.2,1.0,2001,18.285471,0.20167439
fedavg,correlated_sybil_unstable,0,8,2,3,0.2,1.0,3001,18.319378,0.19983506
fedavg,correlated_sybil_unstable,1,8,2,3,0.2,1.0,3001,18.291044,0.19952598
fedavg,correlated_sybil_unstable,2,8,2,3,0.2,1.0,3001,18.495695,0.2017584
fedavg,correlated_sybil_unstable,3,8,2,3,0.2,1.0,3001,18.248007,0.1990565
fedavg,correlated_sybil_unstable,4,8,2,3,0.2,1.0,3001,18.324648,0.19989255
fedavg,correlated_sybil_unstable,5,8,2,3,0.2,1.0,3001,18.322935,0.19987386
fedavg,correlated_sybil_unstable,6,8,2,3,0.2,1.0,3001,18.25527,0.19913574
fedavg,correlated_sybil_unstable,7,8,2,3,0.2,1.0,3001,18.257671,0.19916193
fedavg,correlated_sybil_unstable,8,8,2,3,0.2,1.0,3001,18.285536,0.1994659
fedavg,correlated_sybil_unstable,9,8,2,3,0.2,1.0,3001,18.372343,0.20041282
fedavg,correlated_sybil_unstable,10,8,2,3,0.2,1.0,3001,18.441938,0.201172
fedavg,correlated_sybil_unstable,11,8,2,3,0.2,1.0,3001,18.151863,0.19800773
fedavg,correlated_sybil_unstable,12,8,2,3,0.2,1.0,3001,18.457169,0.20133813
fedavg,correlated_sybil_unstable,13,8,2,3,0.2,1.0,3001,18.253902,0.19912082
fedavg,correlated_sybil_unstable,14,8,2,3,0.2,1.0,3001,18.319138,0.19983244
fedavg,correlated_sybil_unstable,15,8,2,3,0.2,1.0,3001,18.28139,0.19942066
fedavg,correlated_sybil_unstable,16,8,2,3,0.2,1.0,3001,18.411812,0.20084336
fedavg,correlated_sybil_unstable,17,8,2,3,0.2,1.0,3001,18.517864,0.20200023
fedavg,correlated_sybil_unstable,18,8,2,3,0.2,1.0,3001,18.386648,0.20056887
fedavg,correlated_sybil_unstable,19,8,2,3,0.2,1.0,3001,18.42045,0.2009376
fedavg,correlated_sybil_unstable,0,8,2,3,0.2,1.0,4001,17.828625,0.19933644
fedavg,correlated_sybil_unstable,1,8,2,3,0.2,1.0,4001,17.856983,0.1996535
fedavg,correlated_sybil_unstable,2,8,2,3,0.2,1.0,4001,17.875727,0.19986308
fedavg,correlated_sybil_unstable,3,8,2,3,0.2,1.0,4001,17.865717,0.19975117
fedavg,correlated_sybil_unstable,4,8,2,3,0.2,1.0,4001,17.85628,0.19964564
fedavg,correlated_sybil_unstable,5,8,2,3,0.2,1.0,4001,17.99421,0.20118779
fedavg,correlated_sybil_unstable,6,8,2,3,0.2,1.0,4001,17.87224,0.1998241
fedavg,correlated_sybil_unstable,7,8,2,3,0.2,1.0,4001,17.93998,0.20058148
fedavg,correlated_sybil_unstable,8,8,2,3,0.2,1.0,4001,17.96995,0.20091656
fedavg,correlated_sybil_unstable,9,8,2,3,0.2,1.0,4001,17.949692,0.20069006
fedavg,correlated_sybil_unstable,10,8,2,3,0.2,1.0,4001,17.917551,0.2003307
fedavg,correlated_sybil_unstable,11,8,2,3,0.2,1.0,4001,17.907629,0.20021977
fedavg,correlated_sybil_unstable,12,8,2,3,0.2,1.0,4001,17.874685,0.19985144
fedavg,correlated_sybil_unstable,13,8,2,3,0.2,1.0,4001,17.9836,0.20106918
fedavg,correlated_sybil_unstable,14,8,2,3,0.2,1.0,4001,17.860928,0.19969761
fedavg,correlated_sybil_unstable,15,8,2,3,0.2,1.0,4001,17.840443,0.19946858
fedavg,correlated_sybil_unstable,16,8,2,3,0.2,1.0,4001,17.85961,0.19968288
fedavg,correlated_sybil_unstable,17,8,2,3,0.2,1.0,4001,17.819952,0.19923948
fedavg,correlated_sybil_unstable,18,8,2,3,0.2,1.0,4001,17.977036,0.20099579
fedavg,correlated_sybil_unstable,19,8,2,3,0.2,1.0,4001,17.871649,0.19981748
dss_fedavg,correlated_sybil_unstable,0,8,2,3,0.2,1.0,1,16.376663,0.2003835
dss_fedavg,correlated_sybil_unstable,1,8,2,3,0.2,1.0,1,16.310974,0.19957973
dss_fedavg,correlated_sybil_unstable,2,8,2,3,0.2,1.0,1,16.40424,0.20072092
dss_fedavg,correlated_sybil_unstable,3,8,2,3,0.2,1.0,1,16.45436,0.20133418
dss_fedavg,correlated_sybil_unstable,4,8,2,3,0.2,1.0,1,16.362478,0.20020993
dss_fedavg,correlated_sybil_unstable,5,8,2,3,0.2,1.0,1,16.448586,0.20126353
dss_fedavg,correlated_sybil_unstable,6,8,2,3,0.2,1.0,1,16.2766,0.19915913
dss_fedavg,correlated_sybil_unstable,7,8,2,3,0.2,1.0,1,16.25618,0.19890927
dss_fedavg,correlated_sybil_unstable,8,8,2,3,0.2,1.0,1,16.477055,0.20161188
dss_fedavg,correlated_sybil_unstable,9,8,2,3,0.2,1.0,1,16.278988,0.19918835
dss_fedavg,correlated_sybil_unstable,10,8,2,3,0.2,1.0,1,16.569483,0.20274282
dss_fedavg,correlated_sybil_unstable,11,8,2,3,0.2,1.0,1,16.34367,0.19997978
dss_fedavg,correlated_sybil_unstable,12,8,2,3,0.2,1.0,1,16.279367,0.19919299
dss_fedavg,correlated_sybil_unstable,13,8,2,3,0.2,1.0,1,16.430162,0.2010381
dss_fedavg,correlated_sybil_unstable,14,8,2,3,0.2,1.0,1,16.489428,0.20176327
dss_fedavg,correlated_sybil_unstable,15,8,2,3,0.2,1.0,1,16.28542,0.19926704
dss_fedavg,correlated_sybil_unstable,16,8,2,3,0.2,1.0,1,16.349089,0.20004609
dss_fedavg,correlated_sybil_unstable,17,8,2,3,0.2,1.0,1,16.352322,0.20008565
dss_fedavg,correlated_sybil_unstable,18,8,2,3,0.2,1.0,1,16.403984,0.20071779
dss_fedavg,correlated_sybil_unstable,19,8,2,3,0.2,1.0,1,16.284449,0.19925517
dss_fedavg,correlated_sybil_unstable,0,8,2,3,0.2,1.0,1001,19.179497,0.19951099
dss_fedavg,correlated_sybil_unstable,1,8,2,3,0.2,1.0,1001,19.297749,0.20074108
dss_fedavg,correlated_sybil_unstable,2,8,2,3,0.2,1.0,1001,19.200912,0.19973376
dss_fedavg,correlated_sybil_unstable,3,8,2,3,0.2,1.0,1001,19.24206,0.2001618
dss_fedavg,correlated_sybil_unstable,4,8,2,3,0.2,1.0,1001,19.137573,0.1990749
dss_fedavg,correlated_sybil_unstable,5,8,2,3,0.2,1.0,1001,19.296556,0.20072868
dss_fedavg,correlated_sybil_unstable,6,8,2,3,0.2,1.0,1001,19.255959,0.20030637
dss_fedavg,correlated_sybil_unstable,7,8,2,3,0.2,1.0,1001,19.134007,0.19903779
dss_fedavg,correlated_sybil_unstable,8,8,2,3,0.2,1.0,1001,19.363346,0.20142345
dss_fedavg,correlated_sybil_unstable,9,8,2,3,0.2,1.0,1001,19.329067,0.20106687
dss_fedavg,correlated_sybil_unstable,10,8,2,3,0.2,1.0,1001,19.161287,0.19932157
dss_fedavg,correlated_sybil_unstable,11,8,2,3,0.2,1.0,1001,19.30191,0.20078439
dss_fedavg,correlated_sybil_unstable,12,8,2,3,0.2,1.0,1001,19.285812,0.20061693
dss_fedavg,correlated_sybil_unstable,13,8,2,3,0.2,1.0,1001,19.383348,0.20163152
dss_fedavg,correlated_sybil_unstable,14,8,2,3,0.2,1.0,1001,19.310349,0.20087215
dss_fedavg,correlated_sybil_unstable,15,8,2,3,0.2,1.0,1001,19.152084,0.19922584
dss_fedavg,correlated_sybil_unstable,16,8,2,3,0.2,1.0,1001,19.107325,0.19876024
dss_fedavg,correlated_sybil_unstable,17,8,2,3,0.2,1.0,1001,19.255533,0.20030195
dss_fedavg,correlated_sybil_unstable,18,8,2,3,0.2,1.0,1001,19.239452,0.20013466
dss_fedavg,correlated_sybil_unstable,19,8,2,3,0.2,1.0,1001,19.260294,0.20035148
dss_fedavg,correlated_sybil_unstable,0,8,2,3,0.2,1.0,2001,18.176655,0.20047422
dss_fedavg,correlated_sybil_unstable,1,8,2,3,0.2,1.0,2001,17.885365,0.19726153
dss_fedavg,correlated_sybil_unstable,2,8,2,3,0.2,1.0,2001,18.00693,0.19860229
dss_fedavg,correlated_sybil_unstable,3,8,2,3,0.2,1.0,2001,18.056614,0.19915026
dss_fedavg,correlated_sybil_unstable,4,8,2,3,0.2,1.0,2001,18.25862,0.20137823
dss_fedavg,correlated_sybil_unstable,5,8,2,3,0.2,1.0,2001,18.042953,0.1989996
dss_fedavg,correlated_sybil_unstable,6,8,2,3,0.2,1.0,2001,18.117268,0.19981922
dss_fedavg,correlated_sybil_unstable,7,8,2,3,0.2,1.0,2001,18.115088,0.19979519
dss_fedavg,correlated_sybil_unstable,8,8,2,3,0.2,1.0,2001,18.187176,0.20059027
dss_fedavg,correlated_sybil_unstable,9,8,2,3,0.2,1.0,2001,18.208021,0.20082016
dss_fedavg,correlated_sybil_unstable,10,8,2,3,0.2,1.0,2001,18.067743,0.19927302
dss_fedavg,correlated_sybil_unstable,11,8,2,3,0.2,1.0,2001,18.12833,0.19994125
dss_fedavg,correlated_sybil_unstable,12,8,2,3,0.2,1.0,2001,18.320887,0.20206499
dss_fedavg,correlated_sybil_unstable,13,8,2,3,0.2,1.0,2001,18.311565,0.20196219
dss_fedavg,correlated_sybil_unstable,14,8,2,3,0.2,1.0,2001,18.02542,0.19880621
dss_fedavg,correlated_sybil_unstable,15,8,2,3,0.2,1.0,2001,18.157244,0.20026013
dss_fedavg,correlated_sybil_unstable,16,8,2,3,0.2,1.0,2001,18.038311,0.1989484
dss_fedavg,correlated_sybil_unstable,17,8,2,3,0.2,1.0,2001,18.255575,0.20134465
dss_fedavg,correlated_sybil_unstable,18,8,2,3,0.2,1.0,2001,18.18684,0.20058656
dss_fedavg,correlated_sybil_unstable,19,8,2,3,0.2,1.0,2001,18.285471,0.20167439
dss_fedavg,correlated_sybil_unstable,0,8,2,3,0.2,1.0,3001,18.319378,0.19983506
dss_fedavg,correlated_sybil_unstable,1,8,2,3,0.2,1.0,3001,18.291044,0.19952598
dss_fedavg,correlated_sybil_unstable,2,8,2,3,0.2,1.0,3001,18.495695,0.2017584
dss_fedavg,correlated_sybil_unstable,3,8,2,3,0.2,1.0,3001,18.248007,0.1990565
dss_fedavg,correlated_sybil_unstable,4,8,2,3,0.2,1.0,3001,18.324648,0.19989255
dss_fedavg,correlated_sybil_unstable,5,8,2,3,0.2,1.0,3001,18.322935,0.19987386
dss_fedavg,correlated_sybil_unstable,6,8,2,3,0.2,1.0,3001,18.25527,0.19913574
dss_fedavg,correlated_sybil_unstable,7,8,2,3,0.2,1.0,3001,18.257671,0.19916193
dss_fedavg,correlated_sybil_unstable,8,8,2,3,0.2,1.0,3001,18.285536,0.1994659
dss_fedavg,correlated_sybil_unstable,9,8,2,3,0.2,1.0,3001,18.372343,0.20041282
dss_fedavg,correlated_sybil_unstable,10,8,2,3,0.2,1.0,3001,18.441938,0.201172
dss_fedavg,correlated_sybil_unstable,11,8,2,3,0.2,1.0,3001,18.151863,0.19800773
dss_fedavg,correlated_sybil_unstable,12,8,2,3,0.2,1.0,3001,18.457169,0.20133813
dss_fedavg,correlated_sybil_unstable,13,8,2,3,0.2,1.0,3001,18.253902,0.19912082
dss_fedavg,correlated_sybil_unstable,14,8,2,3,0.2,1.0,3001,18.319138,0.19983244
dss_fedavg,correlated_sybil_unstable,15,8,2,3,0.2,1.0,3001,18.28139,0.19942066
dss_fedavg,correlated_sybil_unstable,16,8,2,3,0.2,1.0,3001,18.411812,0.20084336
dss_fedavg,correlated_sybil_unstable,17,8,2,3,0.2,1.0,3001,18.517864,0.20200023
dss_fedavg,correlated_sybil_unstable,18,8,2,3,0.2,1.0,3001,18.386648,0.20056887
dss_fedavg,correlated_sybil_unstable,19,8,2,3,0.2,1.0,3001,18.42045,0.2009376
dss_fedavg,correlated_sybil_unstable,0,8,2,3,0.2,1.0,4001,17.828625,0.19933644
dss_fedavg,correlated_sybil_unstable,1,8,2,3,0.2,1.0,4001,17.856983,0.1996535
dss_fedavg,correlated_sybil_unstable,2,8,2,3,0.2,1.0,4001,17.875727,0.19986308
dss_fedavg,correlated_sybil_unstable,3,8,2,3,0.2,1.0,4001,17.865717,0.19975117
dss_fedavg,correlated_sybil_unstable,4,8,2,3,0.2,1.0,4001,17.85628,0.19964564
dss_fedavg,correlated_sybil_unstable,5,8,2,3,0.2,1.0,4001,17.99421,0.20118779
dss_fedavg,correlated_sybil_unstable,6,8,2,3,0.2,1.0,4001,17.87224,0.1998241
dss_fedavg,correlated_sybil_unstable,7,8,2,3,0.2,1.0,4001,17.93998,0.20058148
dss_fedavg,correlated_sybil_unstable,8,8,2,3,0.2,1.0,4001,17.96995,0.20091656
dss_fedavg,correlated_sybil_unstable,9,8,2,3,0.2,1.0,4001,17.949692,0.20069006
dss_fedavg,correlated_sybil_unstable,10,8,2,3,0.2,1.0,4001,17.917551,0.2003307
dss_fedavg,correlated_sybil_unstable,11,8,2,3,0.2,1.0,4001,17.907629,0.20021977
dss_fedavg,correlated_sybil_unstable,12,8,2,3,0.2,1.0,4001,17.874685,0.19985144
dss_fedavg,correlated_sybil_unstable,13,8,2,3,0.2,1.0,4001,17.9836,0.20106918
dss_fedavg,correlated_sybil_unstable,14,8,2,3,0.2,1.0,4001,17.860928,0.19969761
dss_fedavg,correlated_sybil_unstable,15,8,2,3,0.2,1.0,4001,17.840443,0.19946858
dss_fedavg,correlated_sybil_unstable,16,8,2,3,0.2,1.0,4001,17.85961,0.19968288
dss_fedavg,correlated_sybil_unstable,17,8,2,3,0.2,1.0,4001,17.819952,0.19923948
dss_fedavg,correlated_sybil_unstable,18,8,2,3,0.2,1.0,4001,17.977036,0.20099579
dss_fedavg,correlated_sybil_unstable,19,8,2,3,0.2,1.0,4001,17.871649,0.19981748
dssstab_fedavg,correlated_sybil_unstable,0,8,2,3,0.2,1.0,1,16.376663,0.2003835
dssstab_fedavg,correlated_sybil_unstable,1,8,2,3,0.2,1.0,1,16.310974,0.19957973
dssstab_fedavg,correlated_sybil_unstable,2,8,2,3,0.2,1.0,1,16.40424,0.20072092
dssstab_fedavg,correlated_sybil_unstable,3,8,2,3,0.2,1.0,1,16.45436,0.20133418
dssstab_fedavg,correlated_sybil_unstable,4,8,2,3,0.2,1.0,1,16.362478,0.20020993
dssstab_fedavg,correlated_sybil_unstable,5,8,2,3,0.2,1.0,1,16.448586,0.20126353
dssstab_fedavg,correlated_sybil_unstable,6,8,2,3,0.2,1.0,1,16.2766,0.19915913
dssstab_fedavg,correlated_sybil_unstable,7,8,2,3,0.2,1.0,1,16.25618,0.19890927
dssstab_fedavg,correlated_sybil_unstable,8,8,2,3,0.2,1.0,1,16.477055,0.20161188
dssstab_fedavg,correlated_sybil_unstable,9,8,2,3,0.2,1.0,1,16.278988,0.19918835
dssstab_fedavg,correlated_sybil_unstable,10,8,2,3,0.2,1.0,1,16.569483,0.20274282
dssstab_fedavg,correlated_sybil_unstable,11,8,2,3,0.2,1.0,1,16.34367,0.19997978
dssstab_fedavg,correlated_sybil_unstable,12,8,2,3,0.2,1.0,1,16.279367,0.19919299
dssstab_fedavg,correlated_sybil_unstable,13,8,2,3,0.2,1.0,1,16.430162,0.2010381
dssstab_fedavg,correlated_sybil_unstable,14,8,2,3,0.2,1.0,1,16.489428,0.20176327
dssstab_fedavg,correlated_sybil_unstable,15,8,2,3,0.2,1.0,1,16.28542,0.19926704
dssstab_fedavg,correlated_sybil_unstable,16,8,2,3,0.2,1.0,1,16.349089,0.20004609
dssstab_fedavg,correlated_sybil_unstable,17,8,2,3,0.2,1.0,1,16.352322,0.20008565
dssstab_fedavg,correlated_sybil_unstable,18,8,2,3,0.2,1.0,1,16.403984,0.20071779
dssstab_fedavg,correlated_sybil_unstable,19,8,2,3,0.2,1.0,1,16.284449,0.19925517
dssstab_fedavg,correlated_sybil_unstable,0,8,2,3,0.2,1.0,1001,19.179497,0.19951099
dssstab_fedavg,correlated_sybil_unstable,1,8,2,3,0.2,1.0,1001,19.297749,0.20074108
dssstab_fedavg,correlated_sybil_unstable,2,8,2,3,0.2,1.0,1001,19.200912,0.19973376
dssstab_fedavg,correlated_sybil_unstable,3,8,2,3,0.2,1.0,1001,19.24206,0.2001618
dssstab_fedavg,correlated_sybil_unstable,4,8,2,3,0.2,1.0,1001,19.137573,0.1990749
dssstab_fedavg,correlated_sybil_unstable,5,8,2,3,0.2,1.0,1001,19.296556,0.20072868
dssstab_fedavg,correlated_sybil_unstable,6,8,2,3,0.2,1.0,1001,19.255959,0.20030637
dssstab_fedavg,correlated_sybil_unstable,7,8,2,3,0.2,1.0,1001,19.134007,0.19903779
dssstab_fedavg,correlated_sybil_unstable,8,8,2,3,0.2,1.0,1001,19.363346,0.20142345
dssstab_fedavg,correlated_sybil_unstable,9,8,2,3,0.2,1.0,1001,19.329067,0.20106687
dssstab_fedavg,correlated_sybil_unstable,10,8,2,3,0.2,1.0,1001,19.161287,0.19932157
dssstab_fedavg,correlated_sybil_unstable,11,8,2,3,0.2,1.0,1001,19.30191,0.20078439
dssstab_fedavg,correlated_sybil_unstable,12,8,2,3,0.2,1.0,1001,19.285812,0.20061693
dssstab_fedavg,correlated_sybil_unstable,13,8,2,3,0.2,1.0,1001,19.383348,0.20163152
dssstab_fedavg,correlated_sybil_unstable,14,8,2,3,0.2,1.0,1001,19.310349,0.20087215
dssstab_fedavg,correlated_sybil_unstable,15,8,2,3,0.2,1.0,1001,19.152084,0.19922584
dssstab_fedavg,correlated_sybil_unstable,16,8,2,3,0.2,1.0,1001,19.107325,0.19876024
dssstab_fedavg,correlated_sybil_unstable,17,8,2,3,0.2,1.0,1001,19.255533,0.20030195
dssstab_fedavg,correlated_sybil_unstable,18,8,2,3,0.2,1.0,1001,19.239452,0.20013466
dssstab_fedavg,correlated_sybil_unstable,19,8,2,3,0.2,1.0,1001,19.260294,0.20035148
dssstab_fedavg,correlated_sybil_unstable,0,8,2,3,0.2,1.0,2001,18.176655,0.20047422
dssstab_fedavg,correlated_sybil_unstable,1,8,2,3,0.2,1.0,2001,17.885365,0.19726153
dssstab_fedavg,correlated_sybil_unstable,2,8,2,3,0.2,1.0,2001,18.00693,0.19860229
dssstab_fedavg,correlated_sybil_unstable,3,8,2,3,0.2,1.0,2001,18.056614,0.19915026
dssstab_fedavg,correlated_sybil_unstable,4,8,2,3,0.2,1.0,2001,18.25862,0.20137823
dssstab_fedavg,correlated_sybil_unstable,5,8,2,3,0.2,1.0,2001,18.042953,0.1989996
dssstab_fedavg,correlated_sybil_unstable,6,8,2,3,0.2,1.0,2001,18.117268,0.19981922
dssstab_fedavg,correlated_sybil_unstable,7,8,2,3,0.2,1.0,2001,18.115088,0.19979519
dssstab_fedavg,correlated_sybil_unstable,8,8,2,3,0.2,1.0,2001,18.187176,0.20059027
dssstab_fedavg,correlated_sybil_unstable,9,8,2,3,0.2,1.0,2001,18.208021,0.20082016
dssstab_fedavg,correlated_sybil_unstable,10,8,2,3,0.2,1.0,2001,18.067743,0.19927302
dssstab_fedavg,correlated_sybil_unstable,11,8,2,3,0.2,1.0,2001,18.12833,0.19994125
dssstab_fedavg,correlated_sybil_unstable,12,8,2,3,0.2,1.0,2001,18.320887,0.20206499
dssstab_fedavg,correlated_sybil_unstable,13,8,2,3,0.2,1.0,2001,18.311565,0.20196219
dssstab_fedavg,correlated_sybil_unstable,14,8,2,3,0.2,1.0,2001,18.02542,0.19880621
dssstab_fedavg,correlated_sybil_unstable,15,8,2,3,0.2,1.0,2001,18.157244,0.20026013
dssstab_fedavg,correlated_sybil_unstable,16,8,2,3,0.2,1.0,2001,18.038311,0.1989484
dssstab_fedavg,correlated_sybil_unstable,17,8,2,3,0.2,1.0,2001,18.255575,0.20134465
dssstab_fedavg,correlated_sybil_unstable,18,8,2,3,0.2,1.0,2001,18.18684,0.20058656
dssstab_fedavg,correlated_sybil_unstable,19,8,2,3,0.2,1.0,2001,18.285471,0.20167439
dssstab_fedavg,correlated_sybil_unstable,0,8,2,3,0.2,1.0,3001,18.319378,0.19983506
dssstab_fedavg,correlated_sybil_unstable,1,8,2,3,0.2,1.0,3001,18.291044,0.19952598
dssstab_fedavg,correlated_sybil_unstable,2,8,2,3,0.2,1.0,3001,18.495695,0.2017584
dssstab_fedavg,correlated_sybil_unstable,3,8,2,3,0.2,1.0,3001,18.248007,0.1990565
dssstab_fedavg,correlated_sybil_unstable,4,8,2,3,0.2,1.0,3001,18.324648,0.19989255
dssstab_fedavg,correlated_sybil_unstable,5,8,2,3,0.2,1.0,3001,18.322935,0.19987386
dssstab_fedavg,correlated_sybil_unstable,6,8,2,3,0.2,1.0,3001,18.25527,0.19913574
dssstab_fedavg,correlated_sybil_unstable,7,8,2,3,0.2,1.0,3001,18.257671,0.19916193
dssstab_fedavg,correlated_sybil_unstable,8,8,2,3,0.2,1.0,3001,18.285536,0.1994659
dssstab_fedavg,correlated_sybil_unstable,9,8,2,3,0.2,1.0,3001,18.372343,0.20041282
dssstab_fedavg,correlated_sybil_unstable,10,8,2,3,0.2,1.0,3001,18.441938,0.201172
dssstab_fedavg,correlated_sybil_unstable,11,8,2,3,0.2,1.0,3001,18.151863,0.19800773
dssstab_fedavg,correlated_sybil_unstable,12,8,2,3,0.2,1.0,3001,18.457169,0.20133813
dssstab_fedavg,correlated_sybil_unstable,13,8,2,3,0.2,1.0,3001,18.253902,0.19912082
dssstab_fedavg,correlated_sybil_unstable,14,8,2,3,0.2,1.0,3001,18.319138,0.19983244
dssstab_fedavg,correlated_sybil_unstable,15,8,2,3,0.2,1.0,3001,18.28139,0.19942066
dssstab_fedavg,correlated_sybil_unstable,16,8,2,3,0.2,1.0,3001,18.411812,0.20084336
dssstab_fedavg,correlated_sybil_unstable,17,8,2,3,0.2,1.0,3001,18.517864,0.20200023
dssstab_fedavg,correlated_sybil_unstable,18,8,2,3,0.2,1.0,3001,18.386648,0.20056887
dssstab_fedavg,correlated_sybil_unstable,19,8,2,3,0.2,1.0,3001,18.42045,0.2009376
dssstab_fedavg,correlated_sybil_unstable,0,8,2,3,0.2,1.0,4001,17.828625,0.19933644
dssstab_fedavg,correlated_sybil_unstable,1,8,2,3,0.2,1.0,4001,17.856983,0.1996535
dssstab_fedavg,correlated_sybil_unstable,2,8,2,3,0.2,1.0,4001,17.875727,0.19986308
dssstab_fedavg,correlated_sybil_unstable,3,8,2,3,0.2,1.0,4001,17.865717,0.19975117
dssstab_fedavg,correlated_sybil_unstable,4,8,2,3,0.2,1.0,4001,17.85628,0.19964564
dssstab_fedavg,correlated_sybil_unstable,5,8,2,3,0.2,1.0,4001,17.99421,0.20118779
dssstab_fedavg,correlated_sybil_unstable,6,8,2,3,0.2,1.0,4001,17.87224,0.1998241
dssstab_fedavg,correlated_sybil_unstable,7,8,2,3,0.2,1.0,4001,17.93998,0.20058148
dssstab_fedavg,correlated_sybil_unstable,8,8,2,3,0.2,1.0,4001,17.96995,0.20091656
dssstab_fedavg,correlated_sybil_unstable,9,8,2,3,0.2,1.0,4001,17.949692,0.20069006
dssstab_fedavg,correlated_sybil_unstable,10,8,2,3,0.2,1.0,4001,17.917551,0.2003307
dssstab_fedavg,correlated_sybil_unstable,11,8,2,3,0.2,1.0,4001,17.907629,0.20021977
dssstab_fedavg,correlated_sybil_unstable,12,8,2,3,0.2,1.0,4001,17.874685,0.19985144
dssstab_fedavg,correlated_sybil_unstable,13,8,2,3,0.2,1.0,4001,17.9836,0.20106918
dssstab_fedavg,correlated_sybil_unstable,14,8,2,3,0.2,1.0,4001,17.860928,0.19969761
dssstab_fedavg,correlated_sybil_unstable,15,8,2,3,0.2,1.0,4001,17.840443,0.19946858
dssstab_fedavg,correlated_sybil_unstable,16,8,2,3,0.2,1.0,4001,17.85961,0.19968288
dssstab_fedavg,correlated_sybil_unstable,17,8,2,3,0.2,1.0,4001,17.819952,0.19923948
dssstab_fedavg,correlated_sybil_unstable,18,8,2,3,0.2,1.0,4001,17.977036,0.20099579
dssstab_fedavg,correlated_sybil_unstable,19,8,2,3,0.2,1.0,4001,17.871649,0.19981748
dsscoll_fedavg,correlated_sybil_unstable,0,8,2,3,0.2,1.0,1,16.376663,0.2003835
dsscoll_fedavg,correlated_sybil_unstable,1,8,2,3,0.2,1.0,1,0.44966152,0.005502021
dsscoll_fedavg,correlated_sybil_unstable,2,8,2,3,0.2,1.0,1,0.06960527,0.0008516843
dsscoll_fedavg,correlated_sybil_unstable,3,8,2,3,0.2,1.0,1,0.2048447,0.0025064626
dsscoll_fedavg,correlated_sybil_unstable,4,8,2,3,0.2,1.0,1,0.121406145,0.0014855155
dsscoll_fedavg,correlated_sybil_unstable,5,8,2,3,0.2,1.0,1,0.25160185,0.0030785792
dsscoll_fedavg,correlated_sybil_unstable,6,8,2,3,0.2,1.0,1,0.22577906,0.0027626138
dsscoll_fedavg,correlated_sybil_unstable,7,8,2,3,0.2,1.0,1,0.42459202,0.0051952726
dsscoll_fedavg,correlated_sybil_unstable,8,8,2,3,0.2,1.0,1,0.12761313,0.0015614637
dsscoll_fedavg,correlated_sybil_unstable,9,8,2,3,0.2,1.0,1,0.28986472,0.0035467607
dsscoll_fedavg,correlated_sybil_unstable,10,8,2,3,0.2,1.0,1,0.35030785,0.0042863376
dsscoll_fedavg,correlated_sybil_unstable,11,8,2,3,0.2,1.0,1,0.25255552,0.0030902484
dsscoll_fedavg,correlated_sybil_unstable,12,8,2,3,0.2,1.0,1,0.175869,0.0021519186
dsscoll_fedavg,correlated_sybil_unstable,13,8,2,3,0.2,1.0,1,0.13930477,0.0017045216
dsscoll_fedavg,correlated_sybil_unstable,14,8,2,3,0.2,1.0,1,0.26114258,0.0031953189
dsscoll_fedavg,correlated_sybil_unstable,15,8,2,3,0.2,1.0,1,0.1812612,0.002217897
dsscoll_fedavg,correlated_sybil_unstable,16,8,2,3,0.2,1.0,1,0.21660788,0.0026503962
dsscoll_fedavg,correlated_sybil_unstable,17,8,2,3,0.2,1.0,1,0.1998816,0.0024457346
dsscoll_fedavg,correlated_sybil_unstable,18,8,2,3,0.2,1.0,1,0.26377988,0.0032275887
dsscoll_fedavg,correlated_sybil_unstable,19,8,2,3,0.2,1.0,1,0.19851145,0.0024289696
dsscoll_fedavg,correlated_sybil_unstable,0,8,2,3,0.2,1.0,1001,19.179497,0.19951099
dsscoll_fedavg,correlated_sybil_unstable,1,8,2,3,0.2,1.0,1001,0.5652287,0.005879682
dsscoll_fedavg,correlated_sybil_unstable,2,8,2,3,0.2,1.0,1001,0.14687148,0.0015278021
dsscoll_fedavg,correlated_sybil_unstable,3,8,2,3,0.2,1.0,1001,0.3760599,0.00391189
dsscoll_fedavg,correlated_sybil_unstable,4,8,2,3,0.2,1.0,1001,0.20584054,0.0021412163
dsscoll_fedavg,correlated_sybil_unstable,5,8,2,3,0.2,1.0,1001,0.43046087,0.004477786
dsscoll_fedavg,correlated_sybil_unstable,6,8,2,3,0.2,1.0,1001,0.22502616,0.002340791
dsscoll_fedavg,correlated_sybil_unstable,7,8,2,3,0.2,1.0,1001,0.32888213,0.0034211325
dsscoll_fedavg,correlated_sybil_unstable,8,8,2,3,0.2,1.0,1001,0.45758936,0.0047599846
dsscoll_fedavg,correlated_sybil_unstable,9,8,2,3,0.2,1.0,1001,0.25779057,0.0026816165
dsscoll_fedavg,correlated_sybil_unstable,10,8,2,3,0.2,1.0,1001,0.18577178,0.0019324549
dsscoll_fedavg,correlated_sybil_unstable,11,8,2,3,0.2,1.0,1001,0.17115207,0.0017803762
dsscoll_fedavg,correlated_sybil_unstable,12,8,2,3,0.2,1.0,1001,0.17760913,0.0018475446
dsscoll_fedavg,correlated_sybil_unstable,13,8,2,3,0.2,1.0,1001,0.48153532,0.005009078
dsscoll_fedavg,correlated_sybil_unstable,14,8,2,3,0.2,1.0,1001,0.28929365,0.003009321
dsscoll_fedavg,correlated_sybil_unstable,15,8,2,3,0.2,1.0,1001,0.07555403,0.00078593614
dsscoll_fedavg,correlated_sybil_unstable,16,8,2,3,0.2,1.0,1001,0.1887864,0.001963814
dsscoll_fedavg,correlated_sybil_unstable,17,8,2,3,0.2,1.0,1001,0.20899126,0.002173991
dsscoll_fedavg,correlated_sybil_unstable,18,8,2,3,0.2,1.0,1001,0.30247578,0.0031464456
dsscoll_fedavg,correlated_sybil_unstable,19,8,2,3,0.2,1.0,1001,0.2867222,0.0029825722
dsscoll_fedavg,correlated_sybil_unstable,0,8,2,3,0.2,1.0,2001,18.176655,0.20047422
dsscoll_fedavg,correlated_sybil_unstable,1,8,2,3,0.2,1.0,2001,2.0936203,0.023090987
dsscoll_fedavg,correlated_sybil_unstable,2,8,2,3,0.2,1.0,2001,0.12670217,0.0013974254
dsscoll_fedavg,correlated_sybil_unstable,3,8,2,3,0.2,1.0,2001,0.47118363,0.005196785
dsscoll_fedavg,correlated_sybil_unstable,4,8,2,3,0.2,1.0,2001,0.48670122,0.005367932
dsscoll_fedavg,correlated_sybil_unstable,5,8,2,3,0.2,1.0,2001,0.27298823,0.0030108457
dsscoll_fedavg,correlated_sybil_unstable,6,8,2,3,0.2,1.0,2001,0.1541134,0.0016997497
dsscoll_fedavg,correlated_sybil_unstable,7,8,2,3,0.2,1.0,2001,0.051939197,0.00057284854
dsscoll_fedavg,correlated_sybil_unstable,8,8,2,3,0.2,1.0,2001,0.23550774,0.0025974654
dsscoll_fedavg,correlated_sybil_unstable,9,8,2,3,0.2,1.0,2001,0.31554183,0.0034801785
dsscoll_fedavg,correlated_sybil_unstable,10,8,2,3,0.2,1.0,2001,0.2939441,0.0032419723
dsscoll_fedavg,correlated_sybil_unstable,11,8,2,3,0.2,1.0,2001,0.1815122,0.002001937
dsscoll_fedavg,correlated_sybil_unstable,12,8,2,3,0.2,1.0,2001,0.30672842,0.0033829736
dsscoll_fedavg,correlated_sybil_unstable,13,8,2,3,0.2,1.0,2001,0.4697196,0.005180638
dsscoll_fedavg,correlated_sybil_unstable,14,8,2,3,0.2,1.0,2001,0.25786614,0.002844061
dsscoll_fedavg,correlated_sybil_unstable,15,8,2,3,0.2,1.0,2001,0.17025207,0.0018777465
dsscoll_fedavg,correlated_sybil_unstable,16,8,2,3,0.2,1.0,2001,0.09075886,0.0010009989
dsscoll_fedavg,correlated_sybil_unstable,17,8,2,3,0.2,1.0,2001,0.42579585,0.0046961936
dsscoll_fedavg,correlated_sybil_unstable,18,8,2,3,0.2,1.0,2001,0.13331929,0.001470407
dsscoll_fedavg,correlated_sybil_unstable,19,8,2,3,0.2,1.0,2001,0.23636243,0.0026068918
dsscoll_fedavg,correlated_sybil_unstable,0,8,2,3,0.2,1.0,3001,18.319378,0.19983506
dsscoll_fedavg,correlated_sybil_unstable,1,8,2,3,0.2,1.0,3001,0.64313793,0.007015604
dsscoll_fedavg,correlated_sybil_unstable,2,8,2,3,0.2,1.0,3001,0.3903836,0.0042584594
dsscoll_fedavg,correlated_sybil_unstable,3,8,2,3,0.2,1.0,3001,0.16851951,0.0018382778
dsscoll_fedavg,correlated_sybil_unstable,4,8,2,3,0.2,1.0,3001,0.11504667,0.0012549749
dsscoll_fedavg,correlated_sybil_unstable,5,8,2,3,0.2,1.0,3001,0.1532827,0.0016720686
dsscoll_fedavg,correlated_sybil_unstable,6,8,2,3,0.2,1.0,3001,0.32941276,0.0035933654
dsscoll_fedavg,correlated_sybil_unstable,7,8,2,3,0.2,1.0,3001,0.14653292,0.0015984394
dsscoll_fedavg,correlated_sybil_unstable,8,8,2,3,0.2,1.0,3001,0.21750985,0.002372684
dsscoll_fedavg,correlated_sybil_unstable,9,8,2,3,0.2,1.0,3001,0.31828985,0.0034720323
dsscoll_fedavg,correlated_sybil_unstable,10,8,2,3,0.2,1.0,3001,0.22977425,0.002506469
dsscoll_fedavg,correlated_sybil_unstable,11,8,2,3,0.2,1.0,3001,0.3318177,0.0036195992
dsscoll_fedavg,correlated_sybil_unstable,12,8,2,3,0.2,1.0,3001,0.2571435,0.0028050235
dsscoll_fedavg,correlated_sybil_unstable,13,8,2,3,0.2,1.0,3001,0.09034302,0.0009854976
dsscoll_fedavg,correlated_sybil_unstable,14,8,2,3,0.2,1.0,3001,0.2975667,0.003245976
dsscoll_fedavg,correlated_sybil_unstable,15,8,2,3,0.2,1.0,3001,0.07585149,0.00082741823
dsscoll_fedavg,correlated_sybil_unstable,16,8,2,3,0.2,1.0,3001,0.108200416,0.0011802932
dsscoll_fedavg,correlated_sybil_unstable,17,8,2,3,0.2,1.0,3001,0.119632035,0.0013049938
dsscoll_fedavg,correlated_sybil_unstable,18,8,2,3,0.2,1.0,3001,0.25322616,0.0027622916
dsscoll_fedavg,correlated_sybil_unstable,19,8,2,3,0.2,1.0,3001,0.24977405,0.0027246347
dsscoll_fedavg,correlated_sybil_unstable,0,8,2,3,0.2,1.0,4001,17.828625,0.19933644
dsscoll_fedavg,correlated_sybil_unstable,1,8,2,3,0.2,1.0,4001,0.4354105,0.0048681926
dsscoll_fedavg,correlated_sybil_unstable,2,8,2,3,0.2,1.0,4001,0.24001497,0.0026835345
dsscoll_fedavg,correlated_sybil_unstable,3,8,2,3,0.2,1.0,4001,0.33866134,0.0037864698
dsscoll_fedavg,correlated_sybil_unstable,4,8,2,3,0.2,1.0,4001,0.35569772,0.003976948
dsscoll_fedavg,correlated_sybil_unstable,5,8,2,3,0.2,1.0,4001,0.29934868,0.0033469268
dsscoll_fedavg,correlated_sybil_unstable,6,8,2,3,0.2,1.0,4001,0.07723867,0.0008635821
dsscoll_fedavg,correlated_sybil_unstable,7,8,2,3,0.2,1.0,4001,0.23449823,0.0026218535
dsscoll_fedavg,correlated_sybil_unstable,8,8,2,3,0.2,1.0,4001,0.3245442,0.0036286302
dsscoll_fedavg,correlated_sybil_unstable,9,8,2,3,0.2,1.0,4001,0.09022939,0.0010088275
dsscoll_fedavg,correlated_sybil_unstable,10,8,2,3,0.2,1.0,4001,0.29109907,0.0032546904
dsscoll_fedavg,correlated_sybil_unstable,11,8,2,3,0.2,1.0,4001,0.24389122,0.0027268738
dsscoll_fedavg,correlated_sybil_unstable,12,8,2,3,0.2,1.0,4001,0.33858836,0.0037856537
dsscoll_fedavg,correlated_sybil_unstable,13,8,2,3,0.2,1.0,4001,0.23829813,0.002664339
dsscoll_fedavg,correlated_sybil_unstable,14,8,2,3,0.2,1.0,4001,0.22763193,0.0025450834
dsscoll_fedavg,correlated_sybil_unstable,15,8,2,3,0.2,1.0,4001,0.21243308,0.0023751499
dsscoll_fedavg,correlated_sybil_unstable,16,8,2,3,0.2,1.0,4001,0.13247909,0.0014812085
dsscoll_fedavg,correlated_sybil_unstable,17,8,2,3,0.2,1.0,4001,0.09735381,0.0010884834
dsscoll_fedavg,correlated_sybil_unstable,18,8,2,3,0.2,1.0,4001,0.22139272,0.0024753248
dsscoll_fedavg,correlated_sybil_unstable,19,8,2,3,0.2,1.0,4001,0.35194674,0.0039350097
krum,correlated_sybil_unstable,0,8,2,3,0.2,1.0,1,0.13920565,0.0017033088
krum,correlated_sybil_unstable,1,8,2,3,0.2,1.0,1,0.3879176,0.004746528
krum,correlated_sybil_unstable,2,8,2,3,0.2,1.0,1,0.20969842,0.0025658526
krum,correlated_sybil_unstable,3,8,2,3,0.2,1.0,1,0.4022157,0.0049214778
krum,correlated_sybil_unstable,4,8,2,3,0.2,1.0,1,0.3633399,0.004445797
krum,correlated_sybil_unstable,5,8,2,3,0.2,1.0,1,0.37281993,0.0045617935
krum,correlated_sybil_unstable,6,8,2,3,0.2,1.0,1,0.29438955,0.0036021261
krum,correlated_sybil_unstable,7,8,2,3,0.2,1.0,1,0.31431276,0.0038459047
krum,correlated_sybil_unstable,8,8,2,3,0.2,1.0,1,0.2603167,0.0031852135
krum,correlated_sybil_unstable,9,8,2,3,0.2,1.0,1,0.28637066,0.0035040076
krum,correlated_sybil_unstable,10,8,2,3,0.2,1.0,1,0.51315945,0.0062789763
krum,correlated_sybil_unstable,11,8,2,3,0.2,1.0,1,0.34140223,0.004177369
krum,correlated_sybil_unstable,12,8,2,3,0.2,1.0,1,0.19943902,0.0024403194
krum,correlated_sybil_unstable,13,8,2,3,0.2,1.0,1,0.3415129,0.0041787233
krum,correlated_sybil_unstable,14,8,2,3,0.2,1.0,1,0.2785409,0.0034082034
krum,correlated_sybil_unstable,15,8,2,3,0.2,1.0,1,0.41518614,0.005080183
krum,correlated_sybil_unstable,16,8,2,3,0.2,1.0,1,0.3948724,0.004831626
krum,correlated_sybil_unstable,17,8,2,3,0.2,1.0,1,0.23228851,0.0028422629
krum,correlated_sybil_unstable,18,8,2,3,0.2,1.0,1,0.25847915,0.0031627293
krum,correlated_sybil_unstable,19,8,2,3,0.2,1.0,1,0.21981928,0.0026896906
krum,correlated_sybil_unstable,0,8,2,3,0.2,1.0,1001,0.16645326,0.0017314977
krum,correlated_sybil_unstable,1,8,2,3,0.2,1.0,1001,0.27051345,0.0028139637
krum,correlated_sybil_unstable,2,8,2,3,0.2,1.0,1001,0.22888859,0.0023809692
krum,correlated_sybil_unstable,3,8,2,3,0.2,1.0,1001,0.6076259,0.0063207108
krum,correlated_sybil_unstable,4,8,2,3,0.2,1.0,1001,0.41570494,0.00432429
krum,correlated_sybil_unstable,5,8,2,3,0.2,1.0,1001,0.54728705,0.0056930473
krum,correlated_sybil_unstable,6,8,2,3,0.2,1.0,1001,0.4003571,0.004164637
krum,correlated_sybil_unstable,7,8,2,3,0.2,1.0,1001,0.19864288,0.002066344
krum,correlated_sybil_unstable,8,8,2,3,0.2,1.0,1001,0.46703863,0.0048582787
krum,correlated_sybil_unstable,9,8,2,3,0.2,1.0,1001,0.26184466,0.0027237884
krum,correlated_sybil_unstable,10,8,2,3,0.2,1.0,1001,0.2804325,0.0029171447
krum,correlated_sybil_unstable,11,8,2,3,0.2,1.0,1001,0.42490202,0.004419961
krum,correlated_sybil_unstable,12,8,2,3,0.2,1.0,1001,0.27972367,0.0029097712
krum,correlated_sybil_unstable,13,8,2,3,0.2,1.0,1001,0.37002152,0.003849077
krum,correlated_sybil_unstable,14,8,2,3,0.2,1.0,1001,0.18068449,0.0018795354
krum,correlated_sybil_unstable,15,8,2,3,0.2,1.0,1001,0.14282694,0.0014857296
krum,correlated_sybil_unstable,16,8,2,3,0.2,1.0,1001,0.40057808,0.0041669356
krum,correlated_sybil_unstable,17,8,2,3,0.2,1.0,1001,0.27728048,0.0028843563
krum,correlated_sybil_unstable,18,8,2,3,0.2,1.0,1001,0.28859493,0.003002053
krum,correlated_sybil_unstable,19,8,2,3,0.2,1.0,1001,0.16043086,0.0016688509
krum,correlated_sybil_unstable,0,8,2,3,0.2,1.0,2001,0.29126975,0.0032124766
krum,correlated_sybil_unstable,1,8,2,3,0.2,1.0,2001,0.3292758,0.0036316533
krum,correlated_sybil_unstable,2,8,2,3,0.2,1.0,2001,0.34467104,0.0038014508
krum,correlated_sybil_unstable,3,8,2,3,0.2,1.0,2001,0.16976169,0.001872338
krum,correlated_sybil_unstable,4,8,2,3,0.2,1.0,2001,0.38036036,0.004195076
krum,correlated_sybil_unstable,5,8,2,3,0.2,1.0,2001,0.3990603,0.0044013215
krum,correlated_sybil_unstable,6,8,2,3,0.2,1.0,2001,0.2913096,0.003212916
krum,correlated_sybil_unstable,7,8,2,3,0.2,1.0,2001,0.2423743,0.0026731982
krum,correlated_sybil_unstable,8,8,2,3,0.2,1.0,2001,0.41956717,0.0046274965
krum,correlated_sybil_unstable,9,8,2,3,0.2,1.0,2001,0.33082277,0.0036487153
krum,correlated_sybil_unstable,10,8,2,3,0.2,1.0,2001,0.2349113,0.002590887
krum,correlated_sybil_unstable,11,8,2,3,0.2,1.0,2001,0.101560086,0.001120128
krum,correlated_sybil_unstable,12,8,2,3,0.2,1.0,2001,0.10289896,0.0011348947
krum,correlated_sybil_unstable,13,8,2,3,0.2,1.0,2001,0.27210334,0.0030010862
krum,correlated_sybil_unstable,14,8,2,3,0.2,1.0,2001,0.34389913,0.0037929371
krum,correlated_sybil_unstable,15,8,2,3,0.2,1.0,2001,0.21052183,0.0023218903
krum,correlated_sybil_unstable,16,8,2,3,0.2,1.0,2001,0.266199,0.0029359658
krum,correlated_sybil_unstable,17,8,2,3,0.2,1.0,2001,0.13482744,0.0014870407
krum,correlated_sybil_unstable,18,8,2,3,0.2,1.0,2001,0.22355184,0.002465601
krum,correlated_sybil_unstable,19,8,2,3,0.2,1.0,2001,0.46310046,0.0051076342
krum,correlated_sybil_unstable,0,8,2,3,0.2,1.0,3001,0.31443003,0.0034299279
krum,correlated_sybil_unstable,1,8,2,3,0.2,1.0,3001,0.39238477,0.004280289
krum,correlated_sybil_unstable,2,8,2,3,0.2,1.0,3001,0.28589442,0.00311865
krum,correlated_sybil_unstable,3,8,2,3,0.2,1.0,3001,0.3875281,0.0042273104
krum,correlated_sybil_unstable,4,8,2,3,0.2,1.0,3001,0.1783196,0.0019451812
krum,correlated_sybil_unstable,5,8,2,3,0.2,1.0,3001,0.20347826,0.0022196218
krum,correlated_sybil_unstable,6,8,2,3,0.2,1.0,3001,0.26395652,0.0028793425
krum,correlated_sybil_unstable,7,8,2,3,0.2,1.0,3001,0.28944552,0.0031573868
krum,correlated_sybil_unstable,8,8,2,3,0.2,1.0,3001,0.2579448,0.0028137644
krum,correlated_sybil_unstable,9,8,2,3,0.2,1.0,3001,0.19625004,0.0021407735
krum,correlated_sybil_unstable,10,8,2,3,0.2,1.0,3001,0.24041775,0.0026225725
krum,correlated_sybil_unstable,11,8,2,3,0.2,1.0,3001,0.75307834,0.008214878
krum,correlated_sybil_unstable,12,8,2,3,0.2,1.0,3001,0.1466147,0.0015993314
krum,correlated_sybil_unstable,13,8,2,3,0.2,1.0,3001,0.3064112,0.0033424553
krum,correlated_sybil_unstable,14,8,2,3,0.2,1.0,3001,0.4802889,0.005239182
krum,correlated_sybil_unstable,15,8,2,3,0.2,1.0,3001,0.355309,0.0038758519
krum,correlated_sybil_unstable,16,8,2,3,0.2,1.0,3001,0.3194902,0.003485126
krum,correlated_sybil_unstable,17,8,2,3,0.2,1.0,3001,0.3595727,0.003922362
krum,correlated_sybil_unstable,18,8,2,3,0.2,1.0,3001,0.08774578,0.00095716584
krum,correlated_sybil_unstable,19,8,2,3,0.2,1.0,3001,0.32685292,0.0035654416
krum,correlated_sybil_unstable,0,8,2,3,0.2,1.0,4001,0.44883117,0.005018245
krum,correlated_sybil_unstable,1,8,2,3,0.2,1.0,4001,0.0701128,0.00078391
krum,correlated_sybil_unstable,2,8,2,3,0.2,1.0,4001,0.20258364,0.0022650263
krum,correlated_sybil_unstable,3,8,2,3,0.2,1.0,4001,0.30310154,0.0033888863
krum,correlated_sybil_unstable,4,8,2,3,0.2,1.0,4001,0.32085848,0.0035874213
krum,correlated_sybil_unstable,5,8,2,3,0.2,1.0,4001,0.41667515,0.0046587186
krum,correlated_sybil_unstable,6,8,2,3,0.2,1.0,4001,0.2685083,0.0030021097
krum,correlated_sybil_unstable,7,8,2,3,0.2,1.0,4001,0.16424228,0.0018363431
krum,correlated_sybil_unstable,8,8,2,3,0.2,1.0,4001,0.48581445,0.005431744
krum,correlated_sybil_unstable,9,8,2,3,0.2,1.0,4001,0.20409724,0.0022819494
krum,correlated_sybil_unstable,10,8,2,3,0.2,1.0,4001,0.067562744,0.00075539853
krum,correlated_sybil_unstable,11,8,2,3,0.2,1.0,4001,0.20453368,0.002286829
krum,correlated_sybil_unstable,12,8,2,3,0.2,1.0,4001,0.28902102,0.0032314563
krum,correlated_sybil_unstable,13,8,2,3,0.2,1.0,4001,0.21608566,0.0024159881
krum,correlated_sybil_unstable,14,8,2,3,0.2,1.0,4001,0.31876493,0.0035640139
krum,correlated_sybil_unstable,15,8,2,3,0.2,1.0,4001,0.34230888,0.0038272517
krum,correlated_sybil_unstable,16,8,2,3,0.2,1.0,4001,0.14624308,0.0016350995
krum,correlated_sybil_unstable,17,8,2,3,0.2,1.0,4001,0.35645863,0.0039854557
krum,correlated_sybil_unstable,18,8,2,3,0.2,1.0,4001,0.48746258,0.0054501714
krum,correlated_sybil_unstable,19,8,2,3,0.2,1.0,4001,0.11688235,0.001306826
foolsgold,correlated_sybil_unstable,0,8,2,3,0.2,1.0,1,1.5534024,0.019007303
foolsgold,correlated_sybil_unstable,1,8,2,3,0.2,1.0,1,1.5178956,0.018572845
foolsgold,correlated_sybil_unstable,2,8,2,3,0.2,1.0,1,4.360093,0.053349737
foolsgold,correlated_sybil_unstable,3,8,2,3,0.2,1.0,1,15.002945,0.1835748
foolsgold,correlated_sybil_unstable,4,8,2,3,0.2,1.0,1,13.666872,0.16722672
foolsgold,correlated_sybil_unstable,5,8,2,3,0.2,1.0,1,15.442426,0.18895224
foolsgold,correlated_sybil_unstable,6,8,2,3,0.2,1.0,1,13.377748,0.163689
foolsgold,correlated_sybil_unstable,7,8,2,3,0.2,1.0,1,14.975208,0.1832354
foolsgold,correlated_sybil_unstable,8,8,2,3,0.2,1.0,1,14.975208,0.1832354
foolsgold,correlated_sybil_unstable,9,8,2,3,0.2,1.0,1,14.975208,0.1832354
foolsgold,correlated_sybil_unstable,10,8,2,3,0.2,1.0,1,14.975208,0.1832354
foolsgold,correlated_sybil_unstable,11,8,2,3,0.2,1.0,1,9.049118,0.110724255
foolsgold,correlated_sybil_unstable,12,8,2,3,0.2,1.0,1,14.259816,0.17448193
foolsgold,correlated_sybil_unstable,13,8,2,3,0.2,1.0,1,14.975208,0.1832354
foolsgold,correlated_sybil_unstable,14,8,2,3,0.2,1.0,1,14.975208,0.1832354
foolsgold,correlated_sybil_unstable,15,8,2,3,0.2,1.0,1,14.975208,0.1832354
foolsgold,correlated_sybil_unstable,16,8,2,3,0.2,1.0,1,14.975208,0.1832354
foolsgold,correlated_sybil_unstable,17,8,2,3,0.2,1.0,1,14.975208,0.1832354
foolsgold,correlated_sybil_unstable,18,8,2,3,0.2,1.0,1,14.36421,0.17575929
foolsgold,correlated_sybil_unstable,19,8,2,3,0.2,1.0,1,6.729424,0.08234067
foolsgold,correlated_sybil_unstable,0,8,2,3,0.2,1.0,1001,1.5780144,0.016414989
foolsgold,correlated_sybil_unstable,1,8,2,3,0.2,1.0,1001,1.6269209,0.01692373
foolsgold,correlated_sybil_unstable,2,8,2,3,0.2,1.0,1001,1.5770144,0.016404588
foolsgold,correlated_sybil_unstable,3,8,2,3,0.2,1.0,1001,1.5129067,0.015737718
foolsgold,correlated_sybil_unstable,4,8,2,3,0.2,1.0,1001,1.4984751,0.015587596
foolsgold,correlated_sybil_unstable,5,8,2,3,0.2,1.0,1001,1.5089021,0.015696062
foolsgold,correlated_sybil_unstable,6,8,2,3,0.2,1.0,1001,8.001292,0.08323189
foolsgold,correlated_sybil_unstable,7,8,2,3,0.2,1.0,1001,1.3495991,0.014038943
foolsgold,correlated_sybil_unstable,8,8,2,3,0.2,1.0,1001,8.639166,0.08986725
foolsgold,correlated_sybil_unstable,9,8,2,3,0.2,1.0,1001,1.4114999,0.014682854
foolsgold,correlated_sybil_unstable,10,8,2,3,0.2,1.0,1001,8.678146,0.09027273
foolsgold,correlated_sybil_unstable,11,8,2,3,0.2,1.0,1001,1.5328261,0.015944926
foolsgold,correlated_sybil_unstable,12,8,2,3,0.2,1.0,1001,1.5630133,0.016258942
foolsgold,correlated_sybil_unstable,13,8,2,3,0.2,1.0,1001,8.795085,0.091489166
foolsgold,correlated_sybil_unstable,14,8,2,3,0.2,1.0,1001,8.841826,0.09197538
foolsgold,correlated_sybil_unstable,15,8,2,3,0.2,1.0,1001,8.480375,0.088215455
foolsgold,correlated_sybil_unstable,16,8,2,3,0.2,1.0,1001,8.440179,0.08779732
foolsgold,correlated_sybil_unstable,17,8,2,3,0.2,1.0,1001,8.672152,0.09021038
foolsgold,correlated_sybil_unstable,18,8,2,3,0.2,1.0,1001,5.6377807,0.05864592
foolsgold,correlated_sybil_unstable,19,8,2,3,0.2,1.0,1001,3.947333,0.041061368
foolsgold,correlated_sybil_unstable,0,8,2,3,0.2,1.0,2001,7.4927297,0.08263892
foolsgold,correlated_sybil_unstable,1,8,2,3,0.2,1.0,2001,8.132308,0.089692965
foolsgold,correlated_sybil_unstable,2,8,2,3,0.2,1.0,2001,8.132308,0.089692965
foolsgold,correlated_sybil_unstable,3,8,2,3,0.2,1.0,2001,8.132308,0.089692965
foolsgold,correlated_sybil_unstable,4,8,2,3,0.2,1.0,2001,8.132308,0.089692965
foolsgold,correlated_sybil_unstable,5,8,2,3,0.2,1.0,2001,8.132308,0.089692965
foolsgold,correlated_sybil_unstable,6,8,2,3,0.2,1.0,2001,8.132308,0.089692965
foolsgold,correlated_sybil_unstable,7,8,2,3,0.2,1.0,2001,8.132308,0.089692965
foolsgold,correlated_sybil_unstable,8,8,2,3,0.2,1.0,2001,8.132308,0.089692965
foolsgold,correlated_sybil_unstable,9,8,2,3,0.2,1.0,2001,8.132308,0.089692965
foolsgold,correlated_sybil_unstable,10,8,2,3,0.2,1.0,2001,8.132308,0.089692965
foolsgold,correlated_sybil_unstable,11,8,2,3,0.2,1.0,2001,8.132308,0.089692965
foolsgold,correlated_sybil_unstable,12,8,2,3,0.2,1.0,2001,8.132308,0.089692965
foolsgold,correlated_sybil_unstable,13,8,2,3,0.2,1.0,2001,8.132308,0.089692965
foolsgold,correlated_sybil_unstable,14,8,2,3,0.2,1.0,2001,8.132308,0.089692965
foolsgold,correlated_sybil_unstable,15,8,2,3,0.2,1.0,2001,8.132308,0.089692965
foolsgold,correlated_sybil_unstable,16,8,2,3,0.2,1.0,2001,8.132308,0.089692965
foolsgold,correlated_sybil_unstable,17,8,2,3,0.2,1.0,2001,8.132308,0.089692965
foolsgold,correlated_sybil_unstable,18,8,2,3,0.2,1.0,2001,8.132308,0.089692965
foolsgold,correlated_sybil_unstable,19,8,2,3,0.2,1.0,2001,8.132308,0.089692965
foolsgold,correlated_sybil_unstable,0,8,2,3,0.2,1.0,3001,7.7863693,0.08493681
foolsgold,correlated_sybil_unstable,1,8,2,3,0.2,1.0,3001,7.6176276,0.08309611
foolsgold,correlated_sybil_unstable,2,8,2,3,0.2,1.0,3001,16.994991,0.18538812
foolsgold,correlated_sybil_unstable,3,8,2,3,0.2,1.0,3001,7.6176276,0.08309611
foolsgold,correlated_sybil_unstable,4,8,2,3,0.2,1.0,3001,7.6176276,0.08309611
foolsgold,correlated_sybil_unstable,5,8,2,3,0.2,1.0,3001,7.6176276,0.08309611
foolsgold,correlated_sybil_unstable,6,8,2,3,0.2,1.0,3001,10.536297,0.11493412
foolsgold,correlated_sybil_unstable,7,8,2,3,0.2,1.0,3001,16.134283,0.17599918
foolsgold,correlated_sybil_unstable,8,8,2,3,0.2,1.0,3001,16.994991,0.18538812
foolsgold,correlated_sybil_unstable,9,8,2,3,0.2,1.0,3001,16.577003,0.18082854
foolsgold,correlated_sybil_unstable,10,8,2,3,0.2,1.0,3001,9.726791,0.10610371
foolsgold,correlated_sybil_unstable,11,8,2,3,0.2,1.0,3001,16.994991,0.18538812
foolsgold,correlated_sybil_unstable,12,8,2,3,0.2,1.0,3001,16.90657,0.1844236
foolsgold,correlated_sybil_unstable,13,8,2,3,0.2,1.0,3001,14.66348,0.15995507
foolsgold,correlated_sybil_unstable,14,8,2,3,0.2,1.0,3001,16.994991,0.18538812
foolsgold,correlated_sybil_unstable,15,8,2,3,0.2,1.0,3001,16.994991,0.18538812
foolsgold,correlated_sybil_unstable,16,8,2,3,0.2,1.0,3001,16.994991,0.18538812
foolsgold,correlated_sybil_unstable,17,8,2,3,0.2,1.0,3001,16.994991,0.18538812
foolsgold,correlated_sybil_unstable,18,8,2,3,0.2,1.0,3001,16.978441,0.18520759
foolsgold,correlated_sybil_unstable,19,8,2,3,0.2,1.0,3001,16.26593,0.17743523
foolsgold,correlated_sybil_unstable,0,8,2,3,0.2,1.0,4001,1.4044499,0.015702728
foolsgold,correlated_sybil_unstable,1,8,2,3,0.2,1.0,4001,1.517469,0.016966362
foolsgold,correlated_sybil_unstable,2,8,2,3,0.2,1.0,4001,1.4501189,0.016213339
foolsgold,correlated_sybil_unstable,3,8,2,3,0.2,1.0,4001,1.1943448,0.013353607
foolsgold,correlated_sybil_unstable,4,8,2,3,0.2,1.0,4001,1.2085872,0.013512846
foolsgold,correlated_sybil_unstable,5,8,2,3,0.2,1.0,4001,1.4078754,0.015741028
foolsgold,correlated_sybil_unstable,6,8,2,3,0.2,1.0,4001,7.999082,0.08943531
foolsgold,correlated_sybil_unstable,7,8,2,3,0.2,1.0,4001,16.789883,0.18772258
foolsgold,correlated_sybil_unstable,8,8,2,3,0.2,1.0,4001,1.5752745,0.017612666
foolsgold,correlated_sybil_unstable,9,8,2,3,0.2,1.0,4001,16.95241,0.18953975
foolsgold,correlated_sybil_unstable,10,8,2,3,0.2,1.0,4001,17.041508,0.19053593
foolsgold,correlated_sybil_unstable,11,8,2,3,0.2,1.0,4001,16.884434,0.18877973
foolsgold,correlated_sybil_unstable,12,8,2,3,0.2,1.0,4001,16.732565,0.18708174
foolsgold,correlated_sybil_unstable,13,8,2,3,0.2,1.0,4001,16.52694,0.1847827
foolsgold,correlated_sybil_unstable,14,8,2,3,0.2,1.0,4001,16.688019,0.18658368
foolsgold,correlated_sybil_unstable,15,8,2,3,0.2,1.0,4001,16.54186,0.18494953
foolsgold,correlated_sybil_unstable,16,8,2,3,0.2,1.0,4001,16.52694,0.1847827
foolsgold,correlated_sybil_unstable,17,8,2,3,0.2,1.0,4001,16.646852,0.1861234
foolsgold,correlated_sybil_unstable,18,8,2,3,0.2,1.0,4001,16.661879,0.18629141
foolsgold,correlated_sybil_unstable,19,8,2,3,0.2,1.0,4001,16.680025,0.1864943
