aggregator,attack,round,num_honest,num_attackers,dim,byzantine_fraction,seed,distance_from_true_value,asr
fedavg,persistent_sybil,0,8,2,3,0.2,1,17.012531,0.20045285
fedavg,persistent_sybil,1,8,2,3,0.2,1,16.932629,0.19951138
fedavg,persistent_sybil,2,8,2,3,0.2,1,17.01689,0.2005042
fedavg,persistent_sybil,3,8,2,3,0.2,1,17.081415,0.20126449
fedavg,persistent_sybil,4,8,2,3,0.2,1,16.999651,0.20030108
fedavg,persistent_sybil,5,8,2,3,0.2,1,17.075895,0.20119944
fedavg,persistent_sybil,6,8,2,3,0.2,1,16.906866,0.19920783
fedavg,persistent_sybil,7,8,2,3,0.2,1,16.885195,0.19895248
fedavg,persistent_sybil,8,8,2,3,0.2,1,17.099262,0.20147477
fedavg,persistent_sybil,9,8,2,3,0.2,1,16.92806,0.19945756
fedavg,persistent_sybil,10,8,2,3,0.2,1,17.19645,0.20261988
fedavg,persistent_sybil,11,8,2,3,0.2,1,16.97356,0.19999366
fedavg,persistent_sybil,12,8,2,3,0.2,1,16.911606,0.19926368
fedavg,persistent_sybil,13,8,2,3,0.2,1,17.068186,0.2011086
fedavg,persistent_sybil,14,8,2,3,0.2,1,17.104067,0.20153138
fedavg,persistent_sybil,15,8,2,3,0.2,1,16.91897,0.19935045
fedavg,persistent_sybil,16,8,2,3,0.2,1,16.962631,0.1998649
fedavg,persistent_sybil,17,8,2,3,0.2,1,16.98579,0.20013776
fedavg,persistent_sybil,18,8,2,3,0.2,1,17.038263,0.20075603
fedavg,persistent_sybil,19,8,2,3,0.2,1,16.905859,0.19919597
fedavg,persistent_sybil,0,8,2,3,0.2,1001,16.926119,0.19943468
fedavg,persistent_sybil,1,8,2,3,0.2,1001,17.048243,0.20087361
fedavg,persistent_sybil,2,8,2,3,0.2,1001,16.949984,0.19971587
fedavg,persistent_sybil,3,8,2,3,0.2,1001,16.976948,0.20003358
fedavg,persistent_sybil,4,8,2,3,0.2,1001,16.88125,0.198906
fedavg,persistent_sybil,5,8,2,3,0.2,1001,17.049185,0.20088471
fedavg,persistent_sybil,6,8,2,3,0.2,1001,16.997623,0.2002772
fedavg,persistent_sybil,7,8,2,3,0.2,1001,16.885332,0.1989541
fedavg,persistent_sybil,8,8,2,3,0.2,1001,17.118654,0.20170325
fedavg,persistent_sybil,9,8,2,3,0.2,1001,17.075825,0.20119861
fedavg,persistent_sybil,10,8,2,3,0.2,1001,16.911064,0.19925728
fedavg,persistent_sybil,11,8,2,3,0.2,1001,17.053932,0.20094065
fedavg,persistent_sybil,12,8,2,3,0.2,1001,17.026289,0.20061494
fedavg,persistent_sybil,13,8,2,3,0.2,1001,17.131077,0.20184962
fedavg,persistent_sybil,14,8,2,3,0.2,1001,17.060017,0.20101234
fedavg,persistent_sybil,15,8,2,3,0.2,1001,16.900433,0.19913203
fedavg,persistent_sybil,16,8,2,3,0.2,1001,16.851702,0.19855784
fedavg,persistent_sybil,17,8,2,3,0.2,1001,17.002214,0.20033129
fedavg,persistent_sybil,18,8,2,3,0.2,1001,16.984417,0.20012158
fedavg,persistent_sybil,19,8,2,3,0.2,1001,17.002941,0.20033985
fedavg,persistent_sybil,0,8,2,3,0.2,2001,17.026028,0.20061187
fedavg,persistent_sybil,1,8,2,3,0.2,2001,16.73597,0.19719422
fedavg,persistent_sybil,2,8,2,3,0.2,2001,16.83839,0.198401
fedavg,persistent_sybil,3,8,2,3,0.2,2001,16.905746,0.19919464
fedavg,persistent_sybil,4,8,2,3,0.2,2001,17.090366,0.20136994
fedavg,persistent_sybil,5,8,2,3,0.2,2001,16.88737,0.1989781
fedavg,persistent_sybil,6,8,2,3,0.2,2001,16.952198,0.19974196
fedavg,persistent_sybil,7,8,2,3,0.2,2001,16.955162,0.19977689
fedavg,persistent_sybil,8,8,2,3,0.2,2001,17.038013,0.2007531
fedavg,persistent_sybil,9,8,2,3,0.2,2001,17.044405,0.2008284
fedavg,persistent_sybil,10,8,2,3,0.2,2001,16.917152,0.19932903
fedavg,persistent_sybil,11,8,2,3,0.2,2001,16.972807,0.19998479
fedavg,persistent_sybil,12,8,2,3,0.2,2001,17.15824,0.20216967
fedavg,persistent_sybil,13,8,2,3,0.2,2001,17.149744,0.20206958
fedavg,persistent_sybil,14,8,2,3,0.2,2001,16.88247,0.19892037
fedavg,persistent_sybil,15,8,2,3,0.2,2001,16.986656,0.20014797
fedavg,persistent_sybil,16,8,2,3,0.2,2001,16.874382,0.19882508
fedavg,persistent_sybil,17,8,2,3,0.2,2001,17.09483,0.20142254
fedavg,persistent_sybil,18,8,2,3,0.2,2001,17.0207,0.2005491
fedavg,persistent_sybil,19,8,2,3,0.2,2001,17.111414,0.20161794
fedavg,persistent_sybil,0,8,2,3,0.2,3001,16.98005,0.20007011
fedavg,persistent_sybil,1,8,2,3,0.2,3001,16.945242,0.19966
fedavg,persistent_sybil,2,8,2,3,0.2,3001,17.155369,0.20213585
fedavg,persistent_sybil,3,8,2,3,0.2,3001,16.876078,0.19884506
fedavg,persistent_sybil,4,8,2,3,0.2,3001,16.93854,0.19958103
fedavg,persistent_sybil,5,8,2,3,0.2,3001,16.951605,0.19973497
fedavg,persistent_sybil,6,8,2,3,0.2,3001,16.933462,0.1995212
fedavg,persistent_sybil,7,8,2,3,0.2,3001,16.909292,0.19923641
fedavg,persistent_sybil,8,8,2,3,0.2,3001,16.935732,0.19954795
fedavg,persistent_sybil,9,8,2,3,0.2,3001,17.04365,0.2008195
fedavg,persistent_sybil,10,8,2,3,0.2,3001,17.080673,0.20125574
fedavg,persistent_sybil,11,8,2,3,0.2,3001,16.806553,0.19802587
fedavg,persistent_sybil,12,8,2,3,0.2,3001,17.081898,0.20127016
fedavg,persistent_sybil,13,8,2,3,0.2,3001,16.898067,0.19910416
fedavg,persistent_sybil,14,8,2,3,0.2,3001,16.93225,0.19950691
fedavg,persistent_sybil,15,8,2,3,0.2,3001,16.92433,0.1994136
fedavg,persistent_sybil,16,8,2,3,0.2,3001,17.042038,0.20080051
fedavg,persistent_sybil,17,8,2,3,0.2,3001,17.168282,0.202288
fedavg,persistent_sybil,18,8,2,3,0.2,3001,17.020422,0.20054582
fedavg,persistent_sybil,19,8,2,3,0.2,3001,17.070965,0.20114134
fedavg,persistent_sybil,0,8,2,3,0.2,4001,16.940168,0.19960022
fedavg,persistent_sybil,1,8,2,3,0.2,4001,16.953426,0.19975643
fedavg,persistent_sybil,2,8,2,3,0.2,4001,16.95562,0.19978228
fedavg,persistent_sybil,3,8,2,3,0.2,4001,16.974546,0.20000528
fedavg,persistent_sybil,4,8,2,3,0.2,4001,16.964914,0.19989179
fedavg,persistent_sybil,5,8,2,3,0.2,4001,17.065178,0.20107315
fedavg,persistent_sybil,6,8,2,3,0.2,4001,16.952446,0.19974488
fedavg,persistent_sybil,7,8,2,3,0.2,4001,17.029116,0.20064825
fedavg,persistent_sybil,8,8,2,3,0.2,4001,17.049046,0.20088308
fedavg,persistent_sybil,9,8,2,3,0.2,4001,17.030855,0.20066875
fedavg,persistent_sybil,10,8,2,3,0.2,4001,16.977266,0.20003733
fedavg,persistent_sybil,11,8,2,3,0.2,4001,17.000307,0.20030881
fedavg,persistent_sybil,12,8,2,3,0.2,4001,16.984943,0.20012778
fedavg,persistent_sybil,13,8,2,3,0.2,4001,17.065851,0.2010811
fedavg,persistent_sybil,14,8,2,3,0.2,4001,16.940279,0.19960152
fedavg,persistent_sybil,15,8,2,3,0.2,4001,16.943071,0.19963442
fedavg,persistent_sybil,16,8,2,3,0.2,4001,16.95906,0.19982281
fedavg,persistent_sybil,17,8,2,3,0.2,4001,16.902973,0.19916196
fedavg,persistent_sybil,18,8,2,3,0.2,4001,17.057077,0.20097771
fedavg,persistent_sybil,19,8,2,3,0.2,4001,16.956657,0.1997945
krum,persistent_sybil,0,8,2,3,0.2,1,0.13920565,0.0016402126
krum,persistent_sybil,1,8,2,3,0.2,1,0.3879176,0.0045707007
krum,persistent_sybil,2,8,2,3,0.2,1,0.20969842,0.0024708048
krum,persistent_sybil,3,8,2,3,0.2,1,0.4022157,0.00473917
krum,persistent_sybil,4,8,2,3,0.2,1,0.3633399,0.00428111
krum,persistent_sybil,5,8,2,3,0.2,1,0.37281993,0.0043928097
krum,persistent_sybil,6,8,2,3,0.2,1,0.29438955,0.0034686914
krum,persistent_sybil,7,8,2,3,0.2,1,0.31431276,0.0037034398
krum,persistent_sybil,8,8,2,3,0.2,1,0.2603167,0.0030672227
krum,persistent_sybil,9,8,2,3,0.2,1,0.28637066,0.0033742078
krum,persistent_sybil,10,8,2,3,0.2,1,0.51315945,0.0060463827
krum,persistent_sybil,11,8,2,3,0.2,1,0.34140223,0.0040226257
krum,persistent_sybil,12,8,2,3,0.2,1,0.19943902,0.0023499217
krum,persistent_sybil,13,8,2,3,0.2,1,0.3415129,0.0040239296
krum,persistent_sybil,14,8,2,3,0.2,1,0.2785409,0.0032819523
krum,persistent_sybil,15,8,2,3,0.2,1,0.41518614,0.0048919963
krum,persistent_sybil,16,8,2,3,0.2,1,0.3948724,0.0046526464
krum,persistent_sybil,17,8,2,3,0.2,1,0.23228851,0.0027369761
krum,persistent_sybil,18,8,2,3,0.2,1,0.25847915,0.0030455715
krum,persistent_sybil,19,8,2,3,0.2,1,0.21981928,0.0025900553
krum,persistent_sybil,0,8,2,3,0.2,1001,0.16645326,0.001961262
krum,persistent_sybil,1,8,2,3,0.2,1001,0.27051345,0.0031873675
krum,persistent_sybil,2,8,2,3,0.2,1001,0.22888859,0.002696916
krum,persistent_sybil,3,8,2,3,0.2,1001,0.6076259,0.007159448
krum,persistent_sybil,4,8,2,3,0.2,1001,0.41570494,0.004898109
krum,persistent_sybil,5,8,2,3,0.2,1001,0.54728705,0.006448496
krum,persistent_sybil,6,8,2,3,0.2,1001,0.4003571,0.004717271
krum,persistent_sybil,7,8,2,3,0.2,1001,0.19864288,0.0023405412
krum,persistent_sybil,8,8,2,3,0.2,1001,0.46703863,0.0055029565
krum,persistent_sybil,9,8,2,3,0.2,1001,0.26184466,0.0030852263
krum,persistent_sybil,10,8,2,3,0.2,1001,0.2804325,0.0033042403
krum,persistent_sybil,11,8,2,3,0.2,1001,0.42490202,0.0050064754
krum,persistent_sybil,12,8,2,3,0.2,1001,0.27972367,0.0032958884
krum,persistent_sybil,13,8,2,3,0.2,1001,0.37002152,0.004359837
krum,persistent_sybil,14,8,2,3,0.2,1001,0.18068449,0.0021289436
krum,persistent_sybil,15,8,2,3,0.2,1001,0.14282694,0.0016828811
krum,persistent_sybil,16,8,2,3,0.2,1001,0.40057808,0.004719875
krum,persistent_sybil,17,8,2,3,0.2,1001,0.27728048,0.0032671012
krum,persistent_sybil,18,8,2,3,0.2,1001,0.28859493,0.0034004154
krum,persistent_sybil,19,8,2,3,0.2,1001,0.16043086,0.001890302
krum,persistent_sybil,0,8,2,3,0.2,2001,0.29126975,0.0034319318
krum,persistent_sybil,1,8,2,3,0.2,2001,0.3292758,0.003879744
krum,persistent_sybil,2,8,2,3,0.2,2001,0.34467104,0.004061141
krum,persistent_sybil,3,8,2,3,0.2,2001,0.16976169,0.0020002439
krum,persistent_sybil,4,8,2,3,0.2,2001,0.38036036,0.004481656
krum,persistent_sybil,5,8,2,3,0.2,2001,0.3990603,0.004701991
krum,persistent_sybil,6,8,2,3,0.2,2001,0.2913096,0.0034324015
krum,persistent_sybil,7,8,2,3,0.2,2001,0.2423743,0.0028558136
krum,persistent_sybil,8,8,2,3,0.2,2001,0.41956717,0.0049436167
krum,persistent_sybil,9,8,2,3,0.2,2001,0.33082277,0.0038979717
krum,persistent_sybil,10,8,2,3,0.2,2001,0.2349113,0.0027678795
krum,persistent_sybil,11,8,2,3,0.2,2001,0.101560086,0.0011966478
krum,persistent_sybil,12,8,2,3,0.2,2001,0.10289896,0.0012124233
krum,persistent_sybil,13,8,2,3,0.2,2001,0.27210334,0.0032061008
krum,persistent_sybil,14,8,2,3,0.2,2001,0.34389913,0.0040520458
krum,persistent_sybil,15,8,2,3,0.2,2001,0.21052183,0.002480507
krum,persistent_sybil,16,8,2,3,0.2,2001,0.266199,0.0031365317
krum,persistent_sybil,17,8,2,3,0.2,2001,0.13482744,0.0015886256
krum,persistent_sybil,18,8,2,3,0.2,2001,0.22355184,0.002634035
krum,persistent_sybil,19,8,2,3,0.2,2001,0.46310046,0.0054565547
krum,persistent_sybil,0,8,2,3,0.2,3001,0.31443003,0.0037048217
krum,persistent_sybil,1,8,2,3,0.2,3001,0.39238477,0.004623336
krum,persistent_sybil,2,8,2,3,0.2,3001,0.28589442,0.0033685963
krum,persistent_sybil,3,8,2,3,0.2,3001,0.3875281,0.004566111
krum,persistent_sybil,4,8,2,3,0.2,3001,0.1783196,0.0021010789
krum,persistent_sybil,5,8,2,3,0.2,3001,0.20347826,0.0023975149
krum,persistent_sybil,6,8,2,3,0.2,3001,0.26395652,0.0031101094
krum,persistent_sybil,7,8,2,3,0.2,3001,0.28944552,0.0034104376
krum,persistent_sybil,8,8,2,3,0.2,3001,0.2579448,0.0030392753
krum,persistent_sybil,9,8,2,3,0.2,3001,0.19625004,0.002312347
krum,persistent_sybil,10,8,2,3,0.2,3001,0.24041775,0.00283276
krum,persistent_sybil,11,8,2,3,0.2,3001,0.75307834,0.008873265
krum,persistent_sybil,12,8,2,3,0.2,3001,0.1466147,0.001727511
krum,persistent_sybil,13,8,2,3,0.2,3001,0.3064112,0.0036103386
krum,persistent_sybil,14,8,2,3,0.2,3001,0.4802889,0.00565908
krum,persistent_sybil,15,8,2,3,0.2,3001,0.355309,0.0041864845
krum,persistent_sybil,16,8,2,3,0.2,3001,0.3194902,0.0037644438
krum,persistent_sybil,17,8,2,3,0.2,3001,0.3595727,0.0042367224
krum,persistent_sybil,18,8,2,3,0.2,3001,0.08774578,0.0010338785
krum,persistent_sybil,19,8,2,3,0.2,3001,0.32685292,0.0038511963
krum,persistent_sybil,0,8,2,3,0.2,4001,0.44883117,0.0052884244
krum,persistent_sybil,1,8,2,3,0.2,4001,0.0701128,0.0008261152
krum,persistent_sybil,2,8,2,3,0.2,4001,0.20258364,0.002386974
krum,persistent_sybil,3,8,2,3,0.2,4001,0.30310154,0.003571342
krum,persistent_sybil,4,8,2,3,0.2,4001,0.32085848,0.003780566
krum,persistent_sybil,5,8,2,3,0.2,4001,0.41667515,0.004909541
krum,persistent_sybil,6,8,2,3,0.2,4001,0.2685083,0.0031637414
krum,persistent_sybil,7,8,2,3,0.2,4001,0.16424228,0.0019352107
krum,persistent_sybil,8,8,2,3,0.2,4001,0.48581445,0.0057241856
krum,persistent_sybil,9,8,2,3,0.2,4001,0.20409724,0.002404808
krum,persistent_sybil,10,8,2,3,0.2,4001,0.067562744,0.00079606875
krum,persistent_sybil,11,8,2,3,0.2,4001,0.20453368,0.0024099506
krum,persistent_sybil,12,8,2,3,0.2,4001,0.28902102,0.003405436
krum,persistent_sybil,13,8,2,3,0.2,4001,0.21608566,0.0025460634
krum,persistent_sybil,14,8,2,3,0.2,4001,0.31876493,0.0037558982
krum,persistent_sybil,15,8,2,3,0.2,4001,0.34230888,0.0040333085
krum,persistent_sybil,16,8,2,3,0.2,4001,0.14624308,0.0017231322
krum,persistent_sybil,17,8,2,3,0.2,4001,0.35645863,0.00420003
krum,persistent_sybil,18,8,2,3,0.2,4001,0.48746258,0.005743605
krum,persistent_sybil,19,8,2,3,0.2,4001,0.11688235,0.0013771848
multi_krum,persistent_sybil,0,8,2,3,0.2,1,0.09130984,0.0010758726
multi_krum,persistent_sybil,1,8,2,3,0.2,1,0.16155167,0.0019035081
multi_krum,persistent_sybil,2,8,2,3,0.2,1,0.16640949,0.0019607462
multi_krum,persistent_sybil,3,8,2,3,0.2,1,0.23850659,0.0028102417
multi_krum,persistent_sybil,4,8,2,3,0.2,1,0.08631606,0.0010170327
multi_krum,persistent_sybil,5,8,2,3,0.2,1,0.20534198,0.0024194743
multi_krum,persistent_sybil,6,8,2,3,0.2,1,0.091160536,0.0010741134
multi_krum,persistent_sybil,7,8,2,3,0.2,1,0.12923342,0.0015227132
multi_krum,persistent_sybil,8,8,2,3,0.2,1,0.17155503,0.0020213742
multi_krum,persistent_sybil,9,8,2,3,0.2,1,0.19107847,0.0022514123
multi_krum,persistent_sybil,10,8,2,3,0.2,1,0.30065653,0.0035425331
multi_krum,persistent_sybil,11,8,2,3,0.2,1,0.014737415,0.00017364592
multi_krum,persistent_sybil,12,8,2,3,0.2,1,0.105662316,0.0012449829
multi_krum,persistent_sybil,13,8,2,3,0.2,1,0.16074833,0.0018940427
multi_krum,persistent_sybil,14,8,2,3,0.2,1,0.28514582,0.0033597758
multi_krum,persistent_sybil,15,8,2,3,0.2,1,0.13542593,0.0015956775
multi_krum,persistent_sybil,16,8,2,3,0.2,1,0.19463722,0.002293344
multi_krum,persistent_sybil,17,8,2,3,0.2,1,0.12056412,0.0014205658
multi_krum,persistent_sybil,18,8,2,3,0.2,1,0.10319564,0.0012159189
multi_krum,persistent_sybil,19,8,2,3,0.2,1,0.21041752,0.0024792778
multi_krum,persistent_sybil,0,8,2,3,0.2,1001,0.13331048,0.0015707519
multi_krum,persistent_sybil,1,8,2,3,0.2,1001,0.11451197,0.0013492553
multi_krum,persistent_sybil,2,8,2,3,0.2,1001,0.05046344,0.00059459347
multi_krum,persistent_sybil,3,8,2,3,0.2,1001,0.34378058,0.0040506492
multi_krum,persistent_sybil,4,8,2,3,0.2,1001,0.15308267,0.0018037208
multi_krum,persistent_sybil,5,8,2,3,0.2,1001,0.37664187,0.0044378424
multi_krum,persistent_sybil,6,8,2,3,0.2,1001,0.19811253,0.0023342923
multi_krum,persistent_sybil,7,8,2,3,0.2,1001,0.18833597,0.0022190984
multi_krum,persistent_sybil,8,8,2,3,0.2,1001,0.25478095,0.0030019968
multi_krum,persistent_sybil,9,8,2,3,0.2,1001,0.20227963,0.0023833918
multi_krum,persistent_sybil,10,8,2,3,0.2,1001,0.16930111,0.001994817
multi_krum,persistent_sybil,11,8,2,3,0.2,1001,0.1666822,0.0019639593
multi_krum,persistent_sybil,12,8,2,3,0.2,1001,0.22706729,0.0026754562
multi_krum,persistent_sybil,13,8,2,3,0.2,1001,0.23869063,0.0028124102
multi_krum,persistent_sybil,14,8,2,3,0.2,1001,0.11934321,0.0014061802
multi_krum,persistent_sybil,15,8,2,3,0.2,1001,0.13368867,0.0015752079
multi_krum,persistent_sybil,16,8,2,3,0.2,1001,0.22704922,0.0026752434
multi_krum,persistent_sybil,17,8,2,3,0.2,1001,0.099514395,0.0011725441
multi_krum,persistent_sybil,18,8,2,3,0.2,1001,0.17173456,0.0020234897
multi_krum,persistent_sybil,19,8,2,3,0.2,1001,0.14199027,0.0016730229
multi_krum,persistent_sybil,0,8,2,3,0.2,2001,0.29097116,0.0034284138
multi_krum,persistent_sybil,1,8,2,3,0.2,2001,0.34145078,0.004023198
multi_krum,persistent_sybil,2,8,2,3,0.2,2001,0.21334082,0.002513722
multi_krum,persistent_sybil,3,8,2,3,0.2,2001,0.1739292,0.0020493483
multi_krum,persistent_sybil,4,8,2,3,0.2,2001,0.18159948,0.0021397246
multi_krum,persistent_sybil,5,8,2,3,0.2,2001,0.21369864,0.0025179381
multi_krum,persistent_sybil,6,8,2,3,0.2,2001,0.09514481,0.0011210588
multi_krum,persistent_sybil,7,8,2,3,0.2,2001,0.03486664,0.0004108217
multi_krum,persistent_sybil,8,8,2,3,0.2,2001,0.19313756,0.002275674
multi_krum,persistent_sybil,9,8,2,3,0.2,2001,0.14237557,0.0016775627
multi_krum,persistent_sybil,10,8,2,3,0.2,2001,0.17137504,0.0020192536
multi_krum,persistent_sybil,11,8,2,3,0.2,2001,0.17588313,0.0020723708
multi_krum,persistent_sybil,12,8,2,3,0.2,2001,0.23511872,0.0027703235
multi_krum,persistent_sybil,13,8,2,3,0.2,2001,0.27402654,0.003228761
multi_krum,persistent_sybil,14,8,2,3,0.2,2001,0.2548344,0.0030026268
multi_krum,persistent_sybil,15,8,2,3,0.2,2001,0.14029968,0.0016531032
multi_krum,persistent_sybil,16,8,2,3,0.2,2001,0.13125697,0.001546556
multi_krum,persistent_sybil,17,8,2,3,0.2,2001,0.153924,0.001813634
multi_krum,persistent_sybil,18,8,2,3,0.2,2001,0.13531749,0.0015943998
multi_krum,persistent_sybil,19,8,2,3,0.2,2001,0.24131583,0.002843342
multi_krum,persistent_sybil,0,8,2,3,0.2,3001,0.13815947,0.0016278859
multi_krum,persistent_sybil,1,8,2,3,0.2,3001,0.22956407,0.002704875
multi_krum,persistent_sybil,2,8,2,3,0.2,3001,0.30266336,0.003566179
multi_krum,persistent_sybil,3,8,2,3,0.2,3001,0.16175407,0.001905893
multi_krum,persistent_sybil,4,8,2,3,0.2,3001,0.1371996,0.001616576
multi_krum,persistent_sybil,5,8,2,3,0.2,3001,0.08722355,0.0010277253
multi_krum,persistent_sybil,6,8,2,3,0.2,3001,0.23414339,0.0027588315
multi_krum,persistent_sybil,7,8,2,3,0.2,3001,0.16183282,0.0019068209
multi_krum,persistent_sybil,8,8,2,3,0.2,3001,0.098083295,0.0011556819
multi_krum,persistent_sybil,9,8,2,3,0.2,3001,0.17345354,0.0020437439
multi_krum,persistent_sybil,10,8,2,3,0.2,3001,0.13487487,0.0015891845
multi_krum,persistent_sybil,11,8,2,3,0.2,3001,0.43272933,0.005098702
multi_krum,persistent_sybil,12,8,2,3,0.2,3001,0.22118776,0.0026061798
multi_krum,persistent_sybil,13,8,2,3,0.2,3001,0.10767205,0.001268663
multi_krum,persistent_sybil,14,8,2,3,0.2,3001,0.13815124,0.0016277889
multi_krum,persistent_sybil,15,8,2,3,0.2,3001,0.06708015,0.00079038244
multi_krum,persistent_sybil,16,8,2,3,0.2,3001,0.15590908,0.0018370234
multi_krum,persistent_sybil,17,8,2,3,0.2,3001,0.24400753,0.0028750573
multi_krum,persistent_sybil,18,8,2,3,0.2,3001,0.10876588,0.0012815512
multi_krum,persistent_sybil,19,8,2,3,0.2,3001,0.21983077,0.0025901909
multi_krum,persistent_sybil,0,8,2,3,0.2,4001,0.20224643,0.0023830005
multi_krum,persistent_sybil,1,8,2,3,0.2,4001,0.16083111,0.001895018
multi_krum,persistent_sybil,2,8,2,3,0.2,4001,0.049382646,0.00058185885
multi_krum,persistent_sybil,3,8,2,3,0.2,4001,0.2100872,0.0024753856
multi_krum,persistent_sybil,4,8,2,3,0.2,4001,0.1805922,0.002127856
multi_krum,persistent_sybil,5,8,2,3,0.2,4001,0.2590583,0.0030523953
multi_krum,persistent_sybil,6,8,2,3,0.2,4001,0.052704,0.0006209932
multi_krum,persistent_sybil,7,8,2,3,0.2,4001,0.09778985,0.0011522244
multi_krum,persistent_sybil,8,8,2,3,0.2,4001,0.31222102,0.0036787936
multi_krum,persistent_sybil,9,8,2,3,0.2,4001,0.082312964,0.00096986553
multi_krum,persistent_sybil,10,8,2,3,0.2,4001,0.18491596,0.0021788017
multi_krum,persistent_sybil,11,8,2,3,0.2,4001,0.15050846,0.0017733898
multi_krum,persistent_sybil,12,8,2,3,0.2,4001,0.27828765,0.0032789684
multi_krum,persistent_sybil,13,8,2,3,0.2,4001,0.16988316,0.0020016753
multi_krum,persistent_sybil,14,8,2,3,0.2,4001,0.07504213,0.0008841958
multi_krum,persistent_sybil,15,8,2,3,0.2,4001,0.124666005,0.001468897
multi_krum,persistent_sybil,16,8,2,3,0.2,4001,0.09679694,0.0011405252
multi_krum,persistent_sybil,17,8,2,3,0.2,4001,0.1423877,0.0016777057
multi_krum,persistent_sybil,18,8,2,3,0.2,4001,0.20953552,0.0024688854
multi_krum,persistent_sybil,19,8,2,3,0.2,4001,0.03174618,0.0003740544
trimmed_mean,persistent_sybil,0,8,2,3,0.2,1,0.26851684,0.0031638423
trimmed_mean,persistent_sybil,1,8,2,3,0.2,1,0.24468066,0.0028829887
trimmed_mean,persistent_sybil,2,8,2,3,0.2,1,0.2663055,0.0031377869
trimmed_mean,persistent_sybil,3,8,2,3,0.2,1,0.4095592,0.004825696
trimmed_mean,persistent_sybil,4,8,2,3,0.2,1,0.26363784,0.0031063545
trimmed_mean,persistent_sybil,5,8,2,3,0.2,1,0.37445968,0.0044121305
trimmed_mean,persistent_sybil,6,8,2,3,0.2,1,0.11492526,0.0013541251
trimmed_mean,persistent_sybil,7,8,2,3,0.2,1,0.19402331,0.0022861103
trimmed_mean,persistent_sybil,8,8,2,3,0.2,1,0.4100174,0.0048310948
trimmed_mean,persistent_sybil,9,8,2,3,0.2,1,0.19281232,0.0022718417
trimmed_mean,persistent_sybil,10,8,2,3,0.2,1,0.503513,0.0059327213
trimmed_mean,persistent_sybil,11,8,2,3,0.2,1,0.21236672,0.0025022444
trimmed_mean,persistent_sybil,12,8,2,3,0.2,1,0.16097,0.0018966545
trimmed_mean,persistent_sybil,13,8,2,3,0.2,1,0.34785548,0.004098662
trimmed_mean,persistent_sybil,14,8,2,3,0.2,1,0.4983801,0.0058722426
trimmed_mean,persistent_sybil,15,8,2,3,0.2,1,0.21354283,0.0025161023
trimmed_mean,persistent_sybil,16,8,2,3,0.2,1,0.2814887,0.003316685
trimmed_mean,persistent_sybil,17,8,2,3,0.2,1,0.18526308,0.0021828916
trimmed_mean,persistent_sybil,18,8,2,3,0.2,1,0.30515605,0.0035955496
trimmed_mean,persistent_sybil,19,8,2,3,0.2,1,0.22349176,0.002633327
trimmed_mean,persistent_sybil,0,8,2,3,0.2,1001,0.13582318,0.001600358
trimmed_mean,persistent_sybil,1,8,2,3,0.2,1001,0.30453843,0.0035882723
trimmed_mean,persistent_sybil,2,8,2,3,0.2,1001,0.206303,0.0024307978
trimmed_mean,persistent_sybil,3,8,2,3,0.2,1001,0.37684727,0.0044402624
trimmed_mean,persistent_sybil,4,8,2,3,0.2,1001,0.09799547,0.0011546471
trimmed_mean,persistent_sybil,5,8,2,3,0.2,1001,0.49992284,0.00589042
trimmed_mean,persistent_sybil,6,8,2,3,0.2,1001,0.32170874,0.0037905842
trimmed_mean,persistent_sybil,7,8,2,3,0.2,1001,0.11194938,0.0013190613
trimmed_mean,persistent_sybil,8,8,2,3,0.2,1001,0.42039055,0.0049533183
trimmed_mean,persistent_sybil,9,8,2,3,0.2,1001,0.35841233,0.00422305
trimmed_mean,persistent_sybil,10,8,2,3,0.2,1001,0.17084588,0.0020130186
trimmed_mean,persistent_sybil,11,8,2,3,0.2,1001,0.36561885,0.004307962
trimmed_mean,persistent_sybil,12,8,2,3,0.2,1001,0.31646484,0.0037287972
trimmed_mean,persistent_sybil,13,8,2,3,0.2,1001,0.5050911,0.0059513156
trimmed_mean,persistent_sybil,14,8,2,3,0.2,1001,0.24798672,0.0029219429
trimmed_mean,persistent_sybil,15,8,2,3,0.2,1001,0.12402904,0.0014613918
trimmed_mean,persistent_sybil,16,8,2,3,0.2,1001,0.18311642,0.0021575983
trimmed_mean,persistent_sybil,17,8,2,3,0.2,1001,0.20558514,0.0024223395
trimmed_mean,persistent_sybil,18,8,2,3,0.2,1001,0.24862073,0.0029294132
trimmed_mean,persistent_sybil,19,8,2,3,0.2,1001,0.29817334,0.0035132745
trimmed_mean,persistent_sybil,0,8,2,3,0.2,2001,0.38922924,0.004586155
trimmed_mean,persistent_sybil,1,8,2,3,0.2,2001,0.23931402,0.0028197553
trimmed_mean,persistent_sybil,2,8,2,3,0.2,2001,0.13203378,0.0015557089
trimmed_mean,persistent_sybil,3,8,2,3,0.2,2001,0.29302883,0.0034526587
trimmed_mean,persistent_sybil,4,8,2,3,0.2,2001,0.35658905,0.004201567
trimmed_mean,persistent_sybil,5,8,2,3,0.2,2001,0.1545688,0.0018212314
trimmed_mean,persistent_sybil,6,8,2,3,0.2,2001,0.23819984,0.0028066274
trimmed_mean,persistent_sybil,7,8,2,3,0.2,2001,0.17193085,0.0020258024
trimmed_mean,persistent_sybil,8,8,2,3,0.2,2001,0.27558523,0.0032471267
trimmed_mean,persistent_sybil,9,8,2,3,0.2,2001,0.28351432,0.0033405523
trimmed_mean,persistent_sybil,10,8,2,3,0.2,2001,0.1849391,0.0021790743
trimmed_mean,persistent_sybil,11,8,2,3,0.2,2001,0.24079327,0.0028371848
trimmed_mean,persistent_sybil,12,8,2,3,0.2,2001,0.416402,0.004906323
trimmed_mean,persistent_sybil,13,8,2,3,0.2,2001,0.4555734,0.005367866
trimmed_mean,persistent_sybil,14,8,2,3,0.2,2001,0.27913404,0.003288941
trimmed_mean,persistent_sybil,15,8,2,3,0.2,2001,0.23474838,0.0027659598
trimmed_mean,persistent_sybil,16,8,2,3,0.2,2001,0.101250745,0.0011930029
trimmed_mean,persistent_sybil,17,8,2,3,0.2,2001,0.33144704,0.0039053273
trimmed_mean,persistent_sybil,18,8,2,3,0.2,2001,0.26049048,0.0030692704
trimmed_mean,persistent_sybil,19,8,2,3,0.2,2001,0.40971917,0.004827581
trimmed_mean,persistent_sybil,0,8,2,3,0.2,3001,0.19474354,0.0022945968
trimmed_mean,persistent_sybil,1,8,2,3,0.2,3001,0.30326533,0.003573272
trimmed_mean,persistent_sybil,2,8,2,3,0.2,3001,0.44544357,0.0052485093
trimmed_mean,persistent_sybil,3,8,2,3,0.2,3001,0.16363917,0.0019281044
trimmed_mean,persistent_sybil,4,8,2,3,0.2,3001,0.14153785,0.0016676921
trimmed_mean,persistent_sybil,5,8,2,3,0.2,3001,0.17108932,0.002015887
trimmed_mean,persistent_sybil,6,8,2,3,0.2,3001,0.25053266,0.0029519408
trimmed_mean,persistent_sybil,7,8,2,3,0.2,3001,0.23163834,0.0027293155
trimmed_mean,persistent_sybil,8,8,2,3,0.2,3001,0.154333,0.001818453
trimmed_mean,persistent_sybil,9,8,2,3,0.2,3001,0.3449763,0.004064738
trimmed_mean,persistent_sybil,10,8,2,3,0.2,3001,0.35667217,0.004202546
trimmed_mean,persistent_sybil,11,8,2,3,0.2,3001,0.39452112,0.0046485076
trimmed_mean,persistent_sybil,12,8,2,3,0.2,3001,0.38907254,0.0045843087
trimmed_mean,persistent_sybil,13,8,2,3,0.2,3001,0.0819924,0.0009660885
trimmed_mean,persistent_sybil,14,8,2,3,0.2,3001,0.21585982,0.0025434024
trimmed_mean,persistent_sybil,15,8,2,3,0.2,3001,0.19833936,0.002336965
trimmed_mean,persistent_sybil,16,8,2,3,0.2,3001,0.34934396,0.0041162004
trimmed_mean,persistent_sybil,17,8,2,3,0.2,3001,0.43558612,0.0051323627
trimmed_mean,persistent_sybil,18,8,2,3,0.2,3001,0.24595991,0.0028980616
trimmed_mean,persistent_sybil,19,8,2,3,0.2,3001,0.40270296,0.0047449116
trimmed_mean,persistent_sybil,0,8,2,3,0.2,4001,0.26768097,0.0031539935
trimmed_mean,persistent_sybil,1,8,2,3,0.2,4001,0.2698647,0.0031797236
trimmed_mean,persistent_sybil,2,8,2,3,0.2,4001,0.23543566,0.002774058
trimmed_mean,persistent_sybil,3,8,2,3,0.2,4001,0.25934747,0.0030558025
trimmed_mean,persistent_sybil,4,8,2,3,0.2,4001,0.22214144,0.0026174167
trimmed_mean,persistent_sybil,5,8,2,3,0.2,4001,0.44185215,0.005206193
trimmed_mean,persistent_sybil,6,8,2,3,0.2,4001,0.19559069,0.0023045782
trimmed_mean,persistent_sybil,7,8,2,3,0.2,4001,0.21138231,0.0024906455
trimmed_mean,persistent_sybil,8,8,2,3,0.2,4001,0.41450042,0.0048839166
trimmed_mean,persistent_sybil,9,8,2,3,0.2,4001,0.24459314,0.0028819575
trimmed_mean,persistent_sybil,10,8,2,3,0.2,4001,0.24529174,0.0028901887
trimmed_mean,persistent_sybil,11,8,2,3,0.2,4001,0.25478184,0.0030020075
trimmed_mean,persistent_sybil,12,8,2,3,0.2,4001,0.3371233,0.0039722086
trimmed_mean,persistent_sybil,13,8,2,3,0.2,4001,0.28090677,0.0033098285
trimmed_mean,persistent_sybil,14,8,2,3,0.2,4001,0.20301566,0.002392064
trimmed_mean,persistent_sybil,15,8,2,3,0.2,4001,0.22357117,0.0026342627
trimmed_mean,persistent_sybil,16,8,2,3,0.2,4001,0.19643195,0.0023144905
trimmed_mean,persistent_sybil,17,8,2,3,0.2,4001,0.15548277,0.0018320003
trimmed_mean,persistent_sybil,18,8,2,3,0.2,4001,0.39671925,0.004674407
trimmed_mean,persistent_sybil,19,8,2,3,0.2,4001,0.18276355,0.0021534404
median,persistent_sybil,0,8,2,3,0.2,1,0.19433166,0.0022897436
median,persistent_sybil,1,8,2,3,0.2,1,0.14201252,0.001673285
median,persistent_sybil,2,8,2,3,0.2,1,0.28596482,0.0033694257
median,persistent_sybil,3,8,2,3,0.2,1,0.42618325,0.0050215716
median,persistent_sybil,4,8,2,3,0.2,1,0.31905589,0.0037593264
median,persistent_sybil,5,8,2,3,0.2,1,0.3451333,0.004066588
median,persistent_sybil,6,8,2,3,0.2,1,0.12325972,0.0014523272
median,persistent_sybil,7,8,2,3,0.2,1,0.21165885,0.002493904
median,persistent_sybil,8,8,2,3,0.2,1,0.34070027,0.0040143547
median,persistent_sybil,9,8,2,3,0.2,1,0.20264217,0.0023876636
median,persistent_sybil,10,8,2,3,0.2,1,0.5300715,0.0062456513
median,persistent_sybil,11,8,2,3,0.2,1,0.19923449,0.002347512
median,persistent_sybil,12,8,2,3,0.2,1,0.15803827,0.001862111
median,persistent_sybil,13,8,2,3,0.2,1,0.2915658,0.0034354203
median,persistent_sybil,14,8,2,3,0.2,1,0.44319332,0.0052219955
median,persistent_sybil,15,8,2,3,0.2,1,0.16842572,0.0019845027
median,persistent_sybil,16,8,2,3,0.2,1,0.26990587,0.0031802086
median,persistent_sybil,17,8,2,3,0.2,1,0.121500105,0.0014315943
median,persistent_sybil,18,8,2,3,0.2,1,0.25921783,0.0030542752
median,persistent_sybil,19,8,2,3,0.2,1,0.18293737,0.0021554886
median,persistent_sybil,0,8,2,3,0.2,1001,0.10113035,0.0011915844
median,persistent_sybil,1,8,2,3,0.2,1001,0.26969048,0.0031776708
median,persistent_sybil,2,8,2,3,0.2,1001,0.16867985,0.001987497
median,persistent_sybil,3,8,2,3,0.2,1001,0.34979954,0.0041215685
median,persistent_sybil,4,8,2,3,0.2,1001,0.12659311,0.0014916034
median,persistent_sybil,5,8,2,3,0.2,1001,0.5194063,0.006119987
median,persistent_sybil,6,8,2,3,0.2,1001,0.27652633,0.0032582153
median,persistent_sybil,7,8,2,3,0.2,1001,0.109956846,0.0012955839
median,persistent_sybil,8,8,2,3,0.2,1001,0.42911842,0.005056156
median,persistent_sybil,9,8,2,3,0.2,1001,0.33912998,0.0039958525
median,persistent_sybil,10,8,2,3,0.2,1001,0.16275586,0.0019176967
median,persistent_sybil,11,8,2,3,0.2,1001,0.34084776,0.0040160925
median,persistent_sybil,12,8,2,3,0.2,1001,0.21226236,0.0025010149
median,persistent_sybil,13,8,2,3,0.2,1001,0.46282068,0.005453258
median,persistent_sybil,14,8,2,3,0.2,1001,0.21119179,0.0024884008
median,persistent_sybil,15,8,2,3,0.2,1001,0.12057815,0.0014207311
median,persistent_sybil,16,8,2,3,0.2,1001,0.21795568,0.0025680973
median,persistent_sybil,17,8,2,3,0.2,1001,0.14793509,0.0017430687
median,persistent_sybil,18,8,2,3,0.2,1001,0.17867966,0.0021053215
median,persistent_sybil,19,8,2,3,0.2,1001,0.27905756,0.00328804
median,persistent_sybil,0,8,2,3,0.2,2001,0.35994273,0.0042410824
median,persistent_sybil,1,8,2,3,0.2,2001,0.29867586,0.0035191956
median,persistent_sybil,2,8,2,3,0.2,2001,0.09259435,0.0010910076
median,persistent_sybil,3,8,2,3,0.2,2001,0.34751457,0.0040946454
median,persistent_sybil,4,8,2,3,0.2,2001,0.39229125,0.0046222336
median,persistent_sybil,5,8,2,3,0.2,2001,0.18621346,0.0021940896
median,persistent_sybil,6,8,2,3,0.2,2001,0.2670931,0.0031470666
median,persistent_sybil,7,8,2,3,0.2,2001,0.20431541,0.0024073787
median,persistent_sybil,8,8,2,3,0.2,2001,0.2370984,0.0027936494
median,persistent_sybil,9,8,2,3,0.2,2001,0.31738022,0.0037395826
median,persistent_sybil,10,8,2,3,0.2,2001,0.21936725,0.0025847293
median,persistent_sybil,11,8,2,3,0.2,2001,0.21972732,0.002588972
median,persistent_sybil,12,8,2,3,0.2,2001,0.3482065,0.004102798
median,persistent_sybil,13,8,2,3,0.2,2001,0.4299444,0.0050658877
median,persistent_sybil,14,8,2,3,0.2,2001,0.21026392,0.002477468
median,persistent_sybil,15,8,2,3,0.2,2001,0.18112363,0.0021341178
median,persistent_sybil,16,8,2,3,0.2,2001,0.065327995,0.00076973747
median,persistent_sybil,17,8,2,3,0.2,2001,0.24679002,0.0029078424
median,persistent_sybil,18,8,2,3,0.2,2001,0.30270308,0.003566647
median,persistent_sybil,19,8,2,3,0.2,2001,0.5254711,0.0061914464
median,persistent_sybil,0,8,2,3,0.2,3001,0.08446721,0.0009952483
median,persistent_sybil,1,8,2,3,0.2,3001,0.2870322,0.0033820022
median,persistent_sybil,2,8,2,3,0.2,3001,0.4509818,0.0053137643
median,persistent_sybil,3,8,2,3,0.2,3001,0.23507977,0.0027698646
median,persistent_sybil,4,8,2,3,0.2,3001,0.112057544,0.0013203358
median,persistent_sybil,5,8,2,3,0.2,3001,0.17364886,0.0020460451
median,persistent_sybil,6,8,2,3,0.2,3001,0.21673352,0.002553697
median,persistent_sybil,7,8,2,3,0.2,3001,0.23192532,0.002732697
median,persistent_sybil,8,8,2,3,0.2,3001,0.1234052,0.0014540413
median,persistent_sybil,9,8,2,3,0.2,3001,0.38989145,0.0045939577
median,persistent_sybil,10,8,2,3,0.2,3001,0.29023573,0.0034197485
median,persistent_sybil,11,8,2,3,0.2,3001,0.32356188,0.003812419
median,persistent_sybil,12,8,2,3,0.2,3001,0.33771178,0.0039791428
median,persistent_sybil,13,8,2,3,0.2,3001,0.035887785,0.0004228535
median,persistent_sybil,14,8,2,3,0.2,3001,0.2766415,0.0032595722
median,persistent_sybil,15,8,2,3,0.2,3001,0.17112084,0.0020162584
median,persistent_sybil,16,8,2,3,0.2,3001,0.3283884,0.0038692881
median,persistent_sybil,17,8,2,3,0.2,3001,0.40898114,0.004818885
median,persistent_sybil,18,8,2,3,0.2,3001,0.20110586,0.0023695617
median,persistent_sybil,19,8,2,3,0.2,3001,0.36372668,0.004285667
median,persistent_sybil,0,8,2,3,0.2,4001,0.2855066,0.0033640268
median,persistent_sybil,1,8,2,3,0.2,4001,0.25682727,0.003026108
median,persistent_sybil,2,8,2,3,0.2,4001,0.19225034,0.00226522
median,persistent_sybil,3,8,2,3,0.2,4001,0.2551473,0.0030063135
median,persistent_sybil,4,8,2,3,0.2,4001,0.22899741,0.0026981982
median,persistent_sybil,5,8,2,3,0.2,4001,0.39236808,0.004623139
median,persistent_sybil,6,8,2,3,0.2,4001,0.21241185,0.0025027762
median,persistent_sybil,7,8,2,3,0.2,4001,0.16441607,0.0019372584
median,persistent_sybil,8,8,2,3,0.2,4001,0.39301878,0.004630806
median,persistent_sybil,9,8,2,3,0.2,4001,0.23813441,0.0028058565
median,persistent_sybil,10,8,2,3,0.2,4001,0.0950918,0.0011204341
median,persistent_sybil,11,8,2,3,0.2,4001,0.12824193,0.0015110308
median,persistent_sybil,12,8,2,3,0.2,4001,0.26097682,0.0030750008
median,persistent_sybil,13,8,2,3,0.2,4001,0.30235398,0.0035625335
median,persistent_sybil,14,8,2,3,0.2,4001,0.20023173,0.002359262
median,persistent_sybil,15,8,2,3,0.2,4001,0.3379047,0.0039814156
median,persistent_sybil,16,8,2,3,0.2,4001,0.19742249,0.0023261618
median,persistent_sybil,17,8,2,3,0.2,4001,0.25535023,0.0030087046
median,persistent_sybil,18,8,2,3,0.2,4001,0.468022,0.005514543
median,persistent_sybil,19,8,2,3,0.2,4001,0.15103127,0.0017795499
faba,persistent_sybil,0,8,2,3,0.2,1,0.09130984,0.0010758726
faba,persistent_sybil,1,8,2,3,0.2,1,0.16155167,0.0019035081
faba,persistent_sybil,2,8,2,3,0.2,1,0.16640949,0.0019607462
faba,persistent_sybil,3,8,2,3,0.2,1,0.23850659,0.0028102417
faba,persistent_sybil,4,8,2,3,0.2,1,0.08631606,0.0010170327
faba,persistent_sybil,5,8,2,3,0.2,1,0.20534198,0.0024194743
faba,persistent_sybil,6,8,2,3,0.2,1,0.091160536,0.0010741134
faba,persistent_sybil,7,8,2,3,0.2,1,0.12923342,0.0015227132
faba,persistent_sybil,8,8,2,3,0.2,1,0.17155503,0.0020213742
faba,persistent_sybil,9,8,2,3,0.2,1,0.19107847,0.0022514123
faba,persistent_sybil,10,8,2,3,0.2,1,0.30065653,0.0035425331
faba,persistent_sybil,11,8,2,3,0.2,1,0.014737415,0.00017364592
faba,persistent_sybil,12,8,2,3,0.2,1,0.105662316,0.0012449829
faba,persistent_sybil,13,8,2,3,0.2,1,0.16074833,0.0018940427
faba,persistent_sybil,14,8,2,3,0.2,1,0.28514582,0.0033597758
faba,persistent_sybil,15,8,2,3,0.2,1,0.13542593,0.0015956775
faba,persistent_sybil,16,8,2,3,0.2,1,0.19463722,0.002293344
faba,persistent_sybil,17,8,2,3,0.2,1,0.12056412,0.0014205658
faba,persistent_sybil,18,8,2,3,0.2,1,0.10319564,0.0012159189
faba,persistent_sybil,19,8,2,3,0.2,1,0.21041752,0.0024792778
faba,persistent_sybil,0,8,2,3,0.2,1001,0.13331048,0.0015707519
faba,persistent_sybil,1,8,2,3,0.2,1001,0.11451197,0.0013492553
faba,persistent_sybil,2,8,2,3,0.2,1001,0.05046344,0.00059459347
faba,persistent_sybil,3,8,2,3,0.2,1001,0.34378058,0.0040506492
faba,persistent_sybil,4,8,2,3,0.2,1001,0.15308267,0.0018037208
faba,persistent_sybil,5,8,2,3,0.2,1001,0.37664187,0.0044378424
faba,persistent_sybil,6,8,2,3,0.2,1001,0.19811253,0.0023342923
faba,persistent_sybil,7,8,2,3,0.2,1001,0.18833597,0.0022190984
faba,persistent_sybil,8,8,2,3,0.2,1001,0.25478095,0.0030019968
faba,persistent_sybil,9,8,2,3,0.2,1001,0.20227963,0.0023833918
faba,persistent_sybil,10,8,2,3,0.2,1001,0.16930111,0.001994817
faba,persistent_sybil,11,8,2,3,0.2,1001,0.1666822,0.0019639593
faba,persistent_sybil,12,8,2,3,0.2,1001,0.22706729,0.0026754562
faba,persistent_sybil,13,8,2,3,0.2,1001,0.23869063,0.0028124102
faba,persistent_sybil,14,8,2,3,0.2,1001,0.11934321,0.0014061802
faba,persistent_sybil,15,8,2,3,0.2,1001,0.13368867,0.0015752079
faba,persistent_sybil,16,8,2,3,0.2,1001,0.22704922,0.0026752434
faba,persistent_sybil,17,8,2,3,0.2,1001,0.099514395,0.0011725441
faba,persistent_sybil,18,8,2,3,0.2,1001,0.17173456,0.0020234897
faba,persistent_sybil,19,8,2,3,0.2,1001,0.14199027,0.0016730229
faba,persistent_sybil,0,8,2,3,0.2,2001,0.29097116,0.0034284138
faba,persistent_sybil,1,8,2,3,0.2,2001,0.34145078,0.004023198
faba,persistent_sybil,2,8,2,3,0.2,2001,0.21334082,0.002513722
faba,persistent_sybil,3,8,2,3,0.2,2001,0.1739292,0.0020493483
faba,persistent_sybil,4,8,2,3,0.2,2001,0.18159948,0.0021397246
faba,persistent_sybil,5,8,2,3,0.2,2001,0.21369864,0.0025179381
faba,persistent_sybil,6,8,2,3,0.2,2001,0.09514481,0.0011210588
faba,persistent_sybil,7,8,2,3,0.2,2001,0.03486664,0.0004108217
faba,persistent_sybil,8,8,2,3,0.2,2001,0.19313756,0.002275674
faba,persistent_sybil,9,8,2,3,0.2,2001,0.14237557,0.0016775627
faba,persistent_sybil,10,8,2,3,0.2,2001,0.17137504,0.0020192536
faba,persistent_sybil,11,8,2,3,0.2,2001,0.17588313,0.0020723708
faba,persistent_sybil,12,8,2,3,0.2,2001,0.23511872,0.0027703235
faba,persistent_sybil,13,8,2,3,0.2,2001,0.27402654,0.003228761
faba,persistent_sybil,14,8,2,3,0.2,2001,0.2548344,0.0030026268
faba,persistent_sybil,15,8,2,3,0.2,2001,0.14029968,0.0016531032
faba,persistent_sybil,16,8,2,3,0.2,2001,0.13125697,0.001546556
faba,persistent_sybil,17,8,2,3,0.2,2001,0.153924,0.001813634
faba,persistent_sybil,18,8,2,3,0.2,2001,0.13531749,0.0015943998
faba,persistent_sybil,19,8,2,3,0.2,2001,0.24131583,0.002843342
faba,persistent_sybil,0,8,2,3,0.2,3001,0.13815947,0.0016278859
faba,persistent_sybil,1,8,2,3,0.2,3001,0.22956407,0.002704875
faba,persistent_sybil,2,8,2,3,0.2,3001,0.30266336,0.003566179
faba,persistent_sybil,3,8,2,3,0.2,3001,0.16175407,0.001905893
faba,persistent_sybil,4,8,2,3,0.2,3001,0.1371996,0.001616576
faba,persistent_sybil,5,8,2,3,0.2,3001,0.08722355,0.0010277253
faba,persistent_sybil,6,8,2,3,0.2,3001,0.23414339,0.0027588315
faba,persistent_sybil,7,8,2,3,0.2,3001,0.16183282,0.0019068209
faba,persistent_sybil,8,8,2,3,0.2,3001,0.098083295,0.0011556819
faba,persistent_sybil,9,8,2,3,0.2,3001,0.17345354,0.0020437439
faba,persistent_sybil,10,8,2,3,0.2,3001,0.13487487,0.0015891845
faba,persistent_sybil,11,8,2,3,0.2,3001,0.43272933,0.005098702
faba,persistent_sybil,12,8,2,3,0.2,3001,0.22118776,0.0026061798
faba,persistent_sybil,13,8,2,3,0.2,3001,0.10767205,0.001268663
faba,persistent_sybil,14,8,2,3,0.2,3001,0.13815124,0.0016277889
faba,persistent_sybil,15,8,2,3,0.2,3001,0.06708015,0.00079038244
faba,persistent_sybil,16,8,2,3,0.2,3001,0.15590908,0.0018370234
faba,persistent_sybil,17,8,2,3,0.2,3001,0.24400753,0.0028750573
faba,persistent_sybil,18,8,2,3,0.2,3001,0.10876588,0.0012815512
faba,persistent_sybil,19,8,2,3,0.2,3001,0.21983077,0.0025901909
faba,persistent_sybil,0,8,2,3,0.2,4001,0.20224643,0.0023830005
faba,persistent_sybil,1,8,2,3,0.2,4001,0.16083111,0.001895018
faba,persistent_sybil,2,8,2,3,0.2,4001,0.049382646,0.00058185885
faba,persistent_sybil,3,8,2,3,0.2,4001,0.2100872,0.0024753856
faba,persistent_sybil,4,8,2,3,0.2,4001,0.1805922,0.002127856
faba,persistent_sybil,5,8,2,3,0.2,4001,0.2590583,0.0030523953
faba,persistent_sybil,6,8,2,3,0.2,4001,0.052704,0.0006209932
faba,persistent_sybil,7,8,2,3,0.2,4001,0.09778985,0.0011522244
faba,persistent_sybil,8,8,2,3,0.2,4001,0.31222102,0.0036787936
faba,persistent_sybil,9,8,2,3,0.2,4001,0.082312964,0.00096986553
faba,persistent_sybil,10,8,2,3,0.2,4001,0.18491596,0.0021788017
faba,persistent_sybil,11,8,2,3,0.2,4001,0.15050846,0.0017733898
faba,persistent_sybil,12,8,2,3,0.2,4001,0.27828765,0.0032789684
faba,persistent_sybil,13,8,2,3,0.2,4001,0.16988316,0.0020016753
faba,persistent_sybil,14,8,2,3,0.2,4001,0.07504213,0.0008841958
faba,persistent_sybil,15,8,2,3,0.2,4001,0.124666005,0.001468897
faba,persistent_sybil,16,8,2,3,0.2,4001,0.09679694,0.0011405252
faba,persistent_sybil,17,8,2,3,0.2,4001,0.1423877,0.0016777057
faba,persistent_sybil,18,8,2,3,0.2,4001,0.20953552,0.0024688854
faba,persistent_sybil,19,8,2,3,0.2,4001,0.03174618,0.0003740544
bulyan,persistent_sybil,0,8,2,3,0.2,1,0.12704699,0.0014969512
bulyan,persistent_sybil,1,8,2,3,0.2,1,0.26747686,0.0031515884
bulyan,persistent_sybil,2,8,2,3,0.2,1,0.15792902,0.0018608237
bulyan,persistent_sybil,3,8,2,3,0.2,1,0.24736524,0.00291462
bulyan,persistent_sybil,4,8,2,3,0.2,1,0.19062845,0.00224611
bulyan,persistent_sybil,5,8,2,3,0.2,1,0.27805954,0.0032762806
bulyan,persistent_sybil,6,8,2,3,0.2,1,0.116840295,0.0013766893
bulyan,persistent_sybil,7,8,2,3,0.2,1,0.04389515,0.00051720155
bulyan,persistent_sybil,8,8,2,3,0.2,1,0.2139549,0.0025209575
bulyan,persistent_sybil,9,8,2,3,0.2,1,0.23788,0.0028028588
bulyan,persistent_sybil,10,8,2,3,0.2,1,0.28409776,0.003347427
bulyan,persistent_sybil,11,8,2,3,0.2,1,0.06171711,0.0007271916
bulyan,persistent_sybil,12,8,2,3,0.2,1,0.120753065,0.0014227921
bulyan,persistent_sybil,13,8,2,3,0.2,1,0.22239822,0.0026204423
bulyan,persistent_sybil,14,8,2,3,0.2,1,0.2822071,0.0033251499
bulyan,persistent_sybil,15,8,2,3,0.2,1,0.0540285,0.0006365994
bulyan,persistent_sybil,16,8,2,3,0.2,1,0.23832498,0.002808102
bulyan,persistent_sybil,17,8,2,3,0.2,1,0.14339837,0.001689614
bulyan,persistent_sybil,18,8,2,3,0.2,1,0.16247505,0.001914388
bulyan,persistent_sybil,19,8,2,3,0.2,1,0.2000277,0.002356858
bulyan,persistent_sybil,0,8,2,3,0.2,1001,0.109267995,0.0012874674
bulyan,persistent_sybil,1,8,2,3,0.2,1001,0.17057109,0.0020097808
bulyan,persistent_sybil,2,8,2,3,0.2,1001,0.15320145,0.0018051203
bulyan,persistent_sybil,3,8,2,3,0.2,1001,0.3991399,0.0047029294
bulyan,persistent_sybil,4,8,2,3,0.2,1001,0.20633815,0.002431212
bulyan,persistent_sybil,5,8,2,3,0.2,1001,0.37895617,0.004465111
bulyan,persistent_sybil,6,8,2,3,0.2,1001,0.1664208,0.0019608794
bulyan,persistent_sybil,7,8,2,3,0.2,1001,0.064810045,0.0007636346
bulyan,persistent_sybil,8,8,2,3,0.2,1001,0.29684305,0.0034976003
bulyan,persistent_sybil,9,8,2,3,0.2,1001,0.09126375,0.0010753296
bulyan,persistent_sybil,10,8,2,3,0.2,1001,0.11558478,0.001361896
bulyan,persistent_sybil,11,8,2,3,0.2,1001,0.13477618,0.0015880216
bulyan,persistent_sybil,12,8,2,3,0.2,1001,0.2917427,0.0034375046
bulyan,persistent_sybil,13,8,2,3,0.2,1001,0.2730754,0.0032175542
bulyan,persistent_sybil,14,8,2,3,0.2,1001,0.15108898,0.0017802299
bulyan,persistent_sybil,15,8,2,3,0.2,1001,0.16949971,0.0019971572
bulyan,persistent_sybil,16,8,2,3,0.2,1001,0.30817223,0.003631088
bulyan,persistent_sybil,17,8,2,3,0.2,1001,0.111653835,0.0013155789
bulyan,persistent_sybil,18,8,2,3,0.2,1001,0.27834025,0.0032795882
bulyan,persistent_sybil,19,8,2,3,0.2,1001,0.23552857,0.0027751527
bulyan,persistent_sybil,0,8,2,3,0.2,2001,0.29651725,0.0034937614
bulyan,persistent_sybil,1,8,2,3,0.2,2001,0.35958865,0.00423691
bulyan,persistent_sybil,2,8,2,3,0.2,2001,0.2243795,0.0026437868
bulyan,persistent_sybil,3,8,2,3,0.2,2001,0.077778906,0.00091644225
bulyan,persistent_sybil,4,8,2,3,0.2,2001,0.1302737,0.0015349705
bulyan,persistent_sybil,5,8,2,3,0.2,2001,0.26396918,0.0031102586
bulyan,persistent_sybil,6,8,2,3,0.2,2001,0.15718228,0.001852025
bulyan,persistent_sybil,7,8,2,3,0.2,2001,0.080113225,0.00094394677
bulyan,persistent_sybil,8,8,2,3,0.2,2001,0.17121528,0.0020173711
bulyan,persistent_sybil,9,8,2,3,0.2,2001,0.1964463,0.0023146595
bulyan,persistent_sybil,10,8,2,3,0.2,2001,0.13602102,0.0016026892
bulyan,persistent_sybil,11,8,2,3,0.2,2001,0.25885296,0.003049976
bulyan,persistent_sybil,12,8,2,3,0.2,2001,0.27499217,0.0032401388
bulyan,persistent_sybil,13,8,2,3,0.2,2001,0.17804037,0.002097789
bulyan,persistent_sybil,14,8,2,3,0.2,2001,0.31286687,0.0036864034
bulyan,persistent_sybil,15,8,2,3,0.2,2001,0.16577281,0.0019532444
bulyan,persistent_sybil,16,8,2,3,0.2,2001,0.12275488,0.0014463788
bulyan,persistent_sybil,17,8,2,3,0.2,2001,0.17462061,0.002057495
bulyan,persistent_sybil,18,8,2,3,0.2,2001,0.17372343,0.0020469239
bulyan,persistent_sybil,19,8,2,3,0.2,2001,0.31286865,0.0036864246
bulyan,persistent_sybil,0,8,2,3,0.2,3001,0.14755784,0.0017386236
bulyan,persistent_sybil,1,8,2,3,0.2,3001,0.23037983,0.0027144868
bulyan,persistent_sybil,2,8,2,3,0.2,3001,0.3472555,0.004091593
bulyan,persistent_sybil,3,8,2,3,0.2,3001,0.18091679,0.0021316807
bulyan,persistent_sybil,4,8,2,3,0.2,3001,0.15572469,0.0018348508
bulyan,persistent_sybil,5,8,2,3,0.2,3001,0.1139385,0.0013424985
bulyan,persistent_sybil,6,8,2,3,0.2,3001,0.28268033,0.0033307257
bulyan,persistent_sybil,7,8,2,3,0.2,3001,0.20088832,0.0023669985
bulyan,persistent_sybil,8,8,2,3,0.2,3001,0.15758462,0.0018567658
bulyan,persistent_sybil,9,8,2,3,0.2,3001,0.20364106,0.002399433
bulyan,persistent_sybil,10,8,2,3,0.2,3001,0.20251255,0.0023861362
bulyan,persistent_sybil,11,8,2,3,0.2,3001,0.5192077,0.006117647
bulyan,persistent_sybil,12,8,2,3,0.2,3001,0.26867238,0.0031656749
bulyan,persistent_sybil,13,8,2,3,0.2,3001,0.13658635,0.0016093503
bulyan,persistent_sybil,14,8,2,3,0.2,3001,0.20237829,0.0023845541
bulyan,persistent_sybil,15,8,2,3,0.2,3001,0.15354493,0.0018091674
bulyan,persistent_sybil,16,8,2,3,0.2,3001,0.17629236,0.0020771925
bulyan,persistent_sybil,17,8,2,3,0.2,3001,0.25667065,0.0030242626
bulyan,persistent_sybil,18,8,2,3,0.2,3001,0.10704417,0.0012612649
bulyan,persistent_sybil,19,8,2,3,0.2,3001,0.245921,0.0028976032
bulyan,persistent_sybil,0,8,2,3,0.2,4001,0.22843738,0.0026915995
bulyan,persistent_sybil,1,8,2,3,0.2,4001,0.12674373,0.0014933781
bulyan,persistent_sybil,2,8,2,3,0.2,4001,0.21606149,0.0025457786
bulyan,persistent_sybil,3,8,2,3,0.2,4001,0.25603724,0.0030167992
bulyan,persistent_sybil,4,8,2,3,0.2,4001,0.15911974,0.0018748535
bulyan,persistent_sybil,5,8,2,3,0.2,4001,0.37525174,0.0044214632
bulyan,persistent_sybil,6,8,2,3,0.2,4001,0.11941093,0.0014069782
bulyan,persistent_sybil,7,8,2,3,0.2,4001,0.08329258,0.000981408
bulyan,persistent_sybil,8,8,2,3,0.2,4001,0.3576767,0.0042143827
bulyan,persistent_sybil,9,8,2,3,0.2,4001,0.1496597,0.001763389
bulyan,persistent_sybil,10,8,2,3,0.2,4001,0.08101842,0.00095461233
bulyan,persistent_sybil,11,8,2,3,0.2,4001,0.107064776,0.0012615076
bulyan,persistent_sybil,12,8,2,3,0.2,4001,0.16438934,0.0019369435
bulyan,persistent_sybil,13,8,2,3,0.2,4001,0.18520294,0.002182183
bulyan,persistent_sybil,14,8,2,3,0.2,4001,0.072930805,0.00085931877
bulyan,persistent_sybil,15,8,2,3,0.2,4001,0.23002614,0.0027103194
bulyan,persistent_sybil,16,8,2,3,0.2,4001,0.09734696,0.0011470059
bulyan,persistent_sybil,17,8,2,3,0.2,4001,0.093480565,0.0011014496
bulyan,persistent_sybil,18,8,2,3,0.2,4001,0.28271905,0.0033311818
bulyan,persistent_sybil,19,8,2,3,0.2,4001,0.1452246,0.0017111319
geometric_median,persistent_sybil,0,8,2,3,0.2,1,0.1493684,0.0017599569
geometric_median,persistent_sybil,1,8,2,3,0.2,1,0.13255967,0.0015619054
geometric_median,persistent_sybil,2,8,2,3,0.2,1,0.22754484,0.002681083
geometric_median,persistent_sybil,3,8,2,3,0.2,1,0.36590984,0.0043113907
geometric_median,persistent_sybil,4,8,2,3,0.2,1,0.28559428,0.0033650598
geometric_median,persistent_sybil,5,8,2,3,0.2,1,0.31758797,0.0037420306
geometric_median,persistent_sybil,6,8,2,3,0.2,1,0.07626407,0.00089859345
geometric_median,persistent_sybil,7,8,2,3,0.2,1,0.2137841,0.002518945
geometric_median,persistent_sybil,8,8,2,3,0.2,1,0.29839566,0.003515894
geometric_median,persistent_sybil,9,8,2,3,0.2,1,0.2009315,0.0023675072
geometric_median,persistent_sybil,10,8,2,3,0.2,1,0.47797656,0.0056318347
geometric_median,persistent_sybil,11,8,2,3,0.2,1,0.14694205,0.001731368
geometric_median,persistent_sybil,12,8,2,3,0.2,1,0.095943406,0.0011304683
geometric_median,persistent_sybil,13,8,2,3,0.2,1,0.33770704,0.003979087
geometric_median,persistent_sybil,14,8,2,3,0.2,1,0.53709036,0.0063283523
geometric_median,persistent_sybil,15,8,2,3,0.2,1,0.11063463,0.0013035701
geometric_median,persistent_sybil,16,8,2,3,0.2,1,0.31900242,0.0037586966
geometric_median,persistent_sybil,17,8,2,3,0.2,1,0.19327506,0.002277294
geometric_median,persistent_sybil,18,8,2,3,0.2,1,0.29084533,0.003426931
geometric_median,persistent_sybil,19,8,2,3,0.2,1,0.18323068,0.0021589445
geometric_median,persistent_sybil,0,8,2,3,0.2,1001,0.114157684,0.001345081
geometric_median,persistent_sybil,1,8,2,3,0.2,1001,0.25649315,0.003022171
geometric_median,persistent_sybil,2,8,2,3,0.2,1001,0.22619142,0.0026651362
geometric_median,persistent_sybil,3,8,2,3,0.2,1001,0.34456894,0.0040599382
geometric_median,persistent_sybil,4,8,2,3,0.2,1001,0.1430414,0.001685408
geometric_median,persistent_sybil,5,8,2,3,0.2,1001,0.5507,0.00648871
geometric_median,persistent_sybil,6,8,2,3,0.2,1001,0.2857659,0.0033670818
geometric_median,persistent_sybil,7,8,2,3,0.2,1001,0.18050544,0.002126834
geometric_median,persistent_sybil,8,8,2,3,0.2,1001,0.37932262,0.0044694287
geometric_median,persistent_sybil,9,8,2,3,0.2,1001,0.2524786,0.002974869
geometric_median,persistent_sybil,10,8,2,3,0.2,1001,0.19398741,0.0022856875
geometric_median,persistent_sybil,11,8,2,3,0.2,1001,0.30484152,0.0035918434
geometric_median,persistent_sybil,12,8,2,3,0.2,1001,0.2606081,0.0030706562
geometric_median,persistent_sybil,13,8,2,3,0.2,1001,0.36267504,0.0042732763
geometric_median,persistent_sybil,14,8,2,3,0.2,1001,0.16745986,0.0019731224
geometric_median,persistent_sybil,15,8,2,3,0.2,1001,0.11497601,0.001354723
geometric_median,persistent_sybil,16,8,2,3,0.2,1001,0.20591868,0.0024262695
geometric_median,persistent_sybil,17,8,2,3,0.2,1001,0.21164611,0.0024937538
geometric_median,persistent_sybil,18,8,2,3,0.2,1001,0.2772732,0.0032670156
geometric_median,persistent_sybil,19,8,2,3,0.2,1001,0.22983117,0.0027080222
geometric_median,persistent_sybil,0,8,2,3,0.2,2001,0.36275712,0.004274243
geometric_median,persistent_sybil,1,8,2,3,0.2,2001,0.30398646,0.0035817686
geometric_median,persistent_sybil,2,8,2,3,0.2,2001,0.10822992,0.0012752361
geometric_median,persistent_sybil,3,8,2,3,0.2,2001,0.20400056,0.0024036688
geometric_median,persistent_sybil,4,8,2,3,0.2,2001,0.2980282,0.0035115646
geometric_median,persistent_sybil,5,8,2,3,0.2,2001,0.20393778,0.0024029291
geometric_median,persistent_sybil,6,8,2,3,0.2,2001,0.17843932,0.0021024896
geometric_median,persistent_sybil,7,8,2,3,0.2,2001,0.11162566,0.0013152469
geometric_median,persistent_sybil,8,8,2,3,0.2,2001,0.22924276,0.002701089
geometric_median,persistent_sybil,9,8,2,3,0.2,2001,0.25172502,0.00296599
geometric_median,persistent_sybil,10,8,2,3,0.2,2001,0.20270257,0.002388375
geometric_median,persistent_sybil,11,8,2,3,0.2,2001,0.1879723,0.0022148134
geometric_median,persistent_sybil,12,8,2,3,0.2,2001,0.3576087,0.0042135813
geometric_median,persistent_sybil,13,8,2,3,0.2,2001,0.3766276,0.0044376743
geometric_median,persistent_sybil,14,8,2,3,0.2,2001,0.235304,0.0027725066
geometric_median,persistent_sybil,15,8,2,3,0.2,2001,0.1805773,0.0021276805
geometric_median,persistent_sybil,16,8,2,3,0.2,2001,0.13351205,0.0015731269
geometric_median,persistent_sybil,17,8,2,3,0.2,2001,0.23626618,0.0027838438
geometric_median,persistent_sybil,18,8,2,3,0.2,2001,0.22380246,0.002636988
geometric_median,persistent_sybil,19,8,2,3,0.2,2001,0.4116307,0.004850104
geometric_median,persistent_sybil,0,8,2,3,0.2,3001,0.17367569,0.0020463613
geometric_median,persistent_sybil,1,8,2,3,0.2,3001,0.27919707,0.0032896837
geometric_median,persistent_sybil,2,8,2,3,0.2,3001,0.39099172,0.0046069217
geometric_median,persistent_sybil,3,8,2,3,0.2,3001,0.17156565,0.0020214994
geometric_median,persistent_sybil,4,8,2,3,0.2,3001,0.17976213,0.0021180757
geometric_median,persistent_sybil,5,8,2,3,0.2,3001,0.1471323,0.0017336097
geometric_median,persistent_sybil,6,8,2,3,0.2,3001,0.22821924,0.0026890293
geometric_median,persistent_sybil,7,8,2,3,0.2,3001,0.18860613,0.0022222816
geometric_median,persistent_sybil,8,8,2,3,0.2,3001,0.13127638,0.0015467848
geometric_median,persistent_sybil,9,8,2,3,0.2,3001,0.24229372,0.002854864
geometric_median,persistent_sybil,10,8,2,3,0.2,3001,0.2709084,0.003192021
geometric_median,persistent_sybil,11,8,2,3,0.2,3001,0.4398075,0.0051821014
geometric_median,persistent_sybil,12,8,2,3,0.2,3001,0.28869244,0.0034015644
geometric_median,persistent_sybil,13,8,2,3,0.2,3001,0.07379684,0.0008695229
geometric_median,persistent_sybil,14,8,2,3,0.2,3001,0.1903557,0.0022428962
geometric_median,persistent_sybil,15,8,2,3,0.2,3001,0.19663145,0.0023168412
geometric_median,persistent_sybil,16,8,2,3,0.2,3001,0.35340673,0.004164071
geometric_median,persistent_sybil,17,8,2,3,0.2,3001,0.45018283,0.0053043505
geometric_median,persistent_sybil,18,8,2,3,0.2,3001,0.20795669,0.0024502827
geometric_median,persistent_sybil,19,8,2,3,0.2,3001,0.37350374,0.004400867
geometric_median,persistent_sybil,0,8,2,3,0.2,4001,0.28882676,0.003403147
geometric_median,persistent_sybil,1,8,2,3,0.2,4001,0.22272256,0.0026242638
geometric_median,persistent_sybil,2,8,2,3,0.2,4001,0.16140367,0.0019017643
geometric_median,persistent_sybil,3,8,2,3,0.2,4001,0.213159,0.0025115795
geometric_median,persistent_sybil,4,8,2,3,0.2,4001,0.20150161,0.0023742246
geometric_median,persistent_sybil,5,8,2,3,0.2,4001,0.37880236,0.0044632987
geometric_median,persistent_sybil,6,8,2,3,0.2,4001,0.10963979,0.0012918483
geometric_median,persistent_sybil,7,8,2,3,0.2,4001,0.1873077,0.0022069826
geometric_median,persistent_sybil,8,8,2,3,0.2,4001,0.38414803,0.004526285
geometric_median,persistent_sybil,9,8,2,3,0.2,4001,0.23412678,0.002758636
geometric_median,persistent_sybil,10,8,2,3,0.2,4001,0.1674107,0.001972543
geometric_median,persistent_sybil,11,8,2,3,0.2,4001,0.14242145,0.0016781033
geometric_median,persistent_sybil,12,8,2,3,0.2,4001,0.2535884,0.0029879457
geometric_median,persistent_sybil,13,8,2,3,0.2,4001,0.25669473,0.0030245464
geometric_median,persistent_sybil,14,8,2,3,0.2,4001,0.21084194,0.0024842785
geometric_median,persistent_sybil,15,8,2,3,0.2,4001,0.25336087,0.0029852646
geometric_median,persistent_sybil,16,8,2,3,0.2,4001,0.14795801,0.0017433387
geometric_median,persistent_sybil,17,8,2,3,0.2,4001,0.18921126,0.0022294116
geometric_median,persistent_sybil,18,8,2,3,0.2,4001,0.41552767,0.0048960205
geometric_median,persistent_sybil,19,8,2,3,0.2,4001,0.1122811,0.0013229698
median_of_means,persistent_sybil,0,8,2,3,0.2,1,0.18002899,0.00212122
median_of_means,persistent_sybil,1,8,2,3,0.2,1,0.2677556,0.0031548727
median_of_means,persistent_sybil,2,8,2,3,0.2,1,0.23179175,0.002731123
median_of_means,persistent_sybil,3,8,2,3,0.2,1,0.34401736,0.004053439
median_of_means,persistent_sybil,4,8,2,3,0.2,1,0.36884168,0.0043459353
median_of_means,persistent_sybil,5,8,2,3,0.2,1,0.22383504,0.0026373717
median_of_means,persistent_sybil,6,8,2,3,0.2,1,0.13572784,0.0015992348
median_of_means,persistent_sybil,7,8,2,3,0.2,1,0.21223481,0.0025006903
median_of_means,persistent_sybil,8,8,2,3,0.2,1,0.2882101,0.003395881
median_of_means,persistent_sybil,9,8,2,3,0.2,1,0.11432136,0.0013470096
median_of_means,persistent_sybil,10,8,2,3,0.2,1,0.4647698,0.005476224
median_of_means,persistent_sybil,11,8,2,3,0.2,1,0.15898046,0.0018732124
median_of_means,persistent_sybil,12,8,2,3,0.2,1,0.041348822,0.00048719905
median_of_means,persistent_sybil,13,8,2,3,0.2,1,0.33931395,0.00399802
median_of_means,persistent_sybil,14,8,2,3,0.2,1,0.47455987,0.005591577
median_of_means,persistent_sybil,15,8,2,3,0.2,1,0.22913362,0.002699803
median_of_means,persistent_sybil,16,8,2,3,0.2,1,0.32748997,0.0038587025
median_of_means,persistent_sybil,17,8,2,3,0.2,1,0.18455315,0.0021745267
median_of_means,persistent_sybil,18,8,2,3,0.2,1,0.17908986,0.0021101546
median_of_means,persistent_sybil,19,8,2,3,0.2,1,0.2130257,0.002510009
median_of_means,persistent_sybil,0,8,2,3,0.2,1001,0.17476827,0.0020592348
median_of_means,persistent_sybil,1,8,2,3,0.2,1001,0.26886207,0.0031679098
median_of_means,persistent_sybil,2,8,2,3,0.2,1001,0.12338959,0.0014538574
median_of_means,persistent_sybil,3,8,2,3,0.2,1001,0.3825243,0.0045071533
median_of_means,persistent_sybil,4,8,2,3,0.2,1001,0.12000198,0.0014139423
median_of_means,persistent_sybil,5,8,2,3,0.2,1001,0.46350068,0.00546127
median_of_means,persistent_sybil,6,8,2,3,0.2,1001,0.3237842,0.0038150386
median_of_means,persistent_sybil,7,8,2,3,0.2,1001,0.14429285,0.0017001533
median_of_means,persistent_sybil,8,8,2,3,0.2,1001,0.23842861,0.002809323
median_of_means,persistent_sybil,9,8,2,3,0.2,1001,0.20988104,0.0024729567
median_of_means,persistent_sybil,10,8,2,3,0.2,1001,0.15662044,0.0018454052
median_of_means,persistent_sybil,11,8,2,3,0.2,1001,0.32233524,0.003797966
median_of_means,persistent_sybil,12,8,2,3,0.2,1001,0.14387685,0.0016952518
median_of_means,persistent_sybil,13,8,2,3,0.2,1001,0.41719887,0.004915712
median_of_means,persistent_sybil,14,8,2,3,0.2,1001,0.27684203,0.003261935
median_of_means,persistent_sybil,15,8,2,3,0.2,1001,0.16007972,0.0018861647
median_of_means,persistent_sybil,16,8,2,3,0.2,1001,0.29444546,0.0034693503
median_of_means,persistent_sybil,17,8,2,3,0.2,1001,0.18004777,0.0021214413
median_of_means,persistent_sybil,18,8,2,3,0.2,1001,0.16780297,0.0019771652
median_of_means,persistent_sybil,19,8,2,3,0.2,1001,0.12490268,0.0014716856
median_of_means,persistent_sybil,0,8,2,3,0.2,2001,0.3933684,0.004634925
median_of_means,persistent_sybil,1,8,2,3,0.2,2001,0.21403426,0.0025218925
median_of_means,persistent_sybil,2,8,2,3,0.2,2001,0.16124155,0.001899854
median_of_means,persistent_sybil,3,8,2,3,0.2,2001,0.32900223,0.0038765208
median_of_means,persistent_sybil,4,8,2,3,0.2,2001,0.13292377,0.0015661953
median_of_means,persistent_sybil,5,8,2,3,0.2,2001,0.07120911,0.00083903264
median_of_means,persistent_sybil,6,8,2,3,0.2,2001,0.19719867,0.0023235246
median_of_means,persistent_sybil,7,8,2,3,0.2,2001,0.124558,0.0014676243
median_of_means,persistent_sybil,8,8,2,3,0.2,2001,0.3399709,0.004005761
median_of_means,persistent_sybil,9,8,2,3,0.2,2001,0.31173187,0.0036730303
median_of_means,persistent_sybil,10,8,2,3,0.2,2001,0.1853077,0.0021834173
median_of_means,persistent_sybil,11,8,2,3,0.2,2001,0.15907875,0.0018743705
median_of_means,persistent_sybil,12,8,2,3,0.2,2001,0.30647135,0.0036110473
median_of_means,persistent_sybil,13,8,2,3,0.2,2001,0.41048053,0.004836552
median_of_means,persistent_sybil,14,8,2,3,0.2,2001,0.25422207,0.0029954116
median_of_means,persistent_sybil,15,8,2,3,0.2,2001,0.1948637,0.0022960126
median_of_means,persistent_sybil,16,8,2,3,0.2,2001,0.13517429,0.0015927125
median_of_means,persistent_sybil,17,8,2,3,0.2,2001,0.2803209,0.0033029255
median_of_means,persistent_sybil,18,8,2,3,0.2,2001,0.18668489,0.0021996442
median_of_means,persistent_sybil,19,8,2,3,0.2,2001,0.23516367,0.0027708532
median_of_means,persistent_sybil,0,8,2,3,0.2,3001,0.014180575,0.00016708487
median_of_means,persistent_sybil,1,8,2,3,0.2,3001,0.30220914,0.003560827
median_of_means,persistent_sybil,2,8,2,3,0.2,3001,0.3401006,0.004007289
median_of_means,persistent_sybil,3,8,2,3,0.2,3001,0.12036551,0.0014182257
median_of_means,persistent_sybil,4,8,2,3,0.2,3001,0.15137354,0.0017835826
median_of_means,persistent_sybil,5,8,2,3,0.2,3001,0.17266327,0.0020344323
median_of_means,persistent_sybil,6,8,2,3,0.2,3001,0.17229609,0.002030106
median_of_means,persistent_sybil,7,8,2,3,0.2,3001,0.20096362,0.0023678856
median_of_means,persistent_sybil,8,8,2,3,0.2,3001,0.16228318,0.0019121272
median_of_means,persistent_sybil,9,8,2,3,0.2,3001,0.19458635,0.0022927446
median_of_means,persistent_sybil,10,8,2,3,0.2,3001,0.33742797,0.0039757984
median_of_means,persistent_sybil,11,8,2,3,0.2,3001,0.5346502,0.006299601
median_of_means,persistent_sybil,12,8,2,3,0.2,3001,0.2831031,0.0033357071
median_of_means,persistent_sybil,13,8,2,3,0.2,3001,0.060909085,0.00071767095
median_of_means,persistent_sybil,14,8,2,3,0.2,3001,0.1967334,0.0023180423
median_of_means,persistent_sybil,15,8,2,3,0.2,3001,0.10908522,0.0012853139
median_of_means,persistent_sybil,16,8,2,3,0.2,3001,0.25687692,0.003026693
median_of_means,persistent_sybil,17,8,2,3,0.2,3001,0.3354907,0.003952972
median_of_means,persistent_sybil,18,8,2,3,0.2,3001,0.2744094,0.0032332723
median_of_means,persistent_sybil,19,8,2,3,0.2,3001,0.31383204,0.0036977758
median_of_means,persistent_sybil,0,8,2,3,0.2,4001,0.26820055,0.0031601153
median_of_means,persistent_sybil,1,8,2,3,0.2,4001,0.20371577,0.0024003133
median_of_means,persistent_sybil,2,8,2,3,0.2,4001,0.15415294,0.0018163315
median_of_means,persistent_sybil,3,8,2,3,0.2,4001,0.3025873,0.0035652828
median_of_means,persistent_sybil,4,8,2,3,0.2,4001,0.20576414,0.0024244487
median_of_means,persistent_sybil,5,8,2,3,0.2,4001,0.4136655,0.0048740795
median_of_means,persistent_sybil,6,8,2,3,0.2,4001,0.14877468,0.0017529613
median_of_means,persistent_sybil,7,8,2,3,0.2,4001,0.19336496,0.0022783533
median_of_means,persistent_sybil,8,8,2,3,0.2,4001,0.30269018,0.003566495
median_of_means,persistent_sybil,9,8,2,3,0.2,4001,0.20231234,0.0023837772
median_of_means,persistent_sybil,10,8,2,3,0.2,4001,0.27367827,0.0032246576
median_of_means,persistent_sybil,11,8,2,3,0.2,4001,0.34226614,0.004032805
median_of_means,persistent_sybil,12,8,2,3,0.2,4001,0.15605985,0.0018387998
median_of_means,persistent_sybil,13,8,2,3,0.2,4001,0.23692021,0.0027915498
median_of_means,persistent_sybil,14,8,2,3,0.2,4001,0.09936507,0.0011707847
median_of_means,persistent_sybil,15,8,2,3,0.2,4001,0.2516979,0.0029656703
median_of_means,persistent_sybil,16,8,2,3,0.2,4001,0.1688055,0.0019889774
median_of_means,persistent_sybil,17,8,2,3,0.2,4001,0.055436004,0.0006531835
median_of_means,persistent_sybil,18,8,2,3,0.2,4001,0.34024984,0.0040090475
median_of_means,persistent_sybil,19,8,2,3,0.2,4001,0.1023764,0.0012062661
divide_and_conquer,persistent_sybil,0,8,2,3,0.2,1,0.09130984,0.0010758726
divide_and_conquer,persistent_sybil,1,8,2,3,0.2,1,0.16155167,0.0019035081
divide_and_conquer,persistent_sybil,2,8,2,3,0.2,1,0.16640949,0.0019607462
divide_and_conquer,persistent_sybil,3,8,2,3,0.2,1,0.23850659,0.0028102417
divide_and_conquer,persistent_sybil,4,8,2,3,0.2,1,0.08631606,0.0010170327
divide_and_conquer,persistent_sybil,5,8,2,3,0.2,1,0.20534198,0.0024194743
divide_and_conquer,persistent_sybil,6,8,2,3,0.2,1,0.091160536,0.0010741134
divide_and_conquer,persistent_sybil,7,8,2,3,0.2,1,0.12923342,0.0015227132
divide_and_conquer,persistent_sybil,8,8,2,3,0.2,1,0.17155503,0.0020213742
divide_and_conquer,persistent_sybil,9,8,2,3,0.2,1,0.19107847,0.0022514123
divide_and_conquer,persistent_sybil,10,8,2,3,0.2,1,0.30065653,0.0035425331
divide_and_conquer,persistent_sybil,11,8,2,3,0.2,1,0.014737415,0.00017364592
divide_and_conquer,persistent_sybil,12,8,2,3,0.2,1,0.105662316,0.0012449829
divide_and_conquer,persistent_sybil,13,8,2,3,0.2,1,0.16074833,0.0018940427
divide_and_conquer,persistent_sybil,14,8,2,3,0.2,1,0.28514582,0.0033597758
divide_and_conquer,persistent_sybil,15,8,2,3,0.2,1,0.13542593,0.0015956775
divide_and_conquer,persistent_sybil,16,8,2,3,0.2,1,0.19463722,0.002293344
divide_and_conquer,persistent_sybil,17,8,2,3,0.2,1,0.12056412,0.0014205658
divide_and_conquer,persistent_sybil,18,8,2,3,0.2,1,0.10319564,0.0012159189
divide_and_conquer,persistent_sybil,19,8,2,3,0.2,1,0.21041752,0.0024792778
divide_and_conquer,persistent_sybil,0,8,2,3,0.2,1001,0.13331048,0.0015707519
divide_and_conquer,persistent_sybil,1,8,2,3,0.2,1001,0.11451197,0.0013492553
divide_and_conquer,persistent_sybil,2,8,2,3,0.2,1001,0.05046344,0.00059459347
divide_and_conquer,persistent_sybil,3,8,2,3,0.2,1001,0.34378058,0.0040506492
divide_and_conquer,persistent_sybil,4,8,2,3,0.2,1001,0.15308267,0.0018037208
divide_and_conquer,persistent_sybil,5,8,2,3,0.2,1001,0.37664187,0.0044378424
divide_and_conquer,persistent_sybil,6,8,2,3,0.2,1001,0.19811253,0.0023342923
divide_and_conquer,persistent_sybil,7,8,2,3,0.2,1001,0.18833597,0.0022190984
divide_and_conquer,persistent_sybil,8,8,2,3,0.2,1001,0.25478095,0.0030019968
divide_and_conquer,persistent_sybil,9,8,2,3,0.2,1001,0.20227963,0.0023833918
divide_and_conquer,persistent_sybil,10,8,2,3,0.2,1001,0.16930111,0.001994817
divide_and_conquer,persistent_sybil,11,8,2,3,0.2,1001,0.1666822,0.0019639593
divide_and_conquer,persistent_sybil,12,8,2,3,0.2,1001,0.22706729,0.0026754562
divide_and_conquer,persistent_sybil,13,8,2,3,0.2,1001,0.23869063,0.0028124102
divide_and_conquer,persistent_sybil,14,8,2,3,0.2,1001,0.11934321,0.0014061802
divide_and_conquer,persistent_sybil,15,8,2,3,0.2,1001,0.13368867,0.0015752079
divide_and_conquer,persistent_sybil,16,8,2,3,0.2,1001,0.22704922,0.0026752434
divide_and_conquer,persistent_sybil,17,8,2,3,0.2,1001,0.099514395,0.0011725441
divide_and_conquer,persistent_sybil,18,8,2,3,0.2,1001,0.17173456,0.0020234897
divide_and_conquer,persistent_sybil,19,8,2,3,0.2,1001,0.14199027,0.0016730229
divide_and_conquer,persistent_sybil,0,8,2,3,0.2,2001,0.29097116,0.0034284138
divide_and_conquer,persistent_sybil,1,8,2,3,0.2,2001,0.34145078,0.004023198
divide_and_conquer,persistent_sybil,2,8,2,3,0.2,2001,0.21334082,0.002513722
divide_and_conquer,persistent_sybil,3,8,2,3,0.2,2001,0.1739292,0.0020493483
divide_and_conquer,persistent_sybil,4,8,2,3,0.2,2001,0.18159948,0.0021397246
divide_and_conquer,persistent_sybil,5,8,2,3,0.2,2001,0.21369864,0.0025179381
divide_and_conquer,persistent_sybil,6,8,2,3,0.2,2001,0.09514481,0.0011210588
divide_and_conquer,persistent_sybil,7,8,2,3,0.2,2001,0.03486664,0.0004108217
divide_and_conquer,persistent_sybil,8,8,2,3,0.2,2001,0.19313756,0.002275674
divide_and_conquer,persistent_sybil,9,8,2,3,0.2,2001,0.14237557,0.0016775627
divide_and_conquer,persistent_sybil,10,8,2,3,0.2,2001,0.17137504,0.0020192536
divide_and_conquer,persistent_sybil,11,8,2,3,0.2,2001,0.17588313,0.0020723708
divide_and_conquer,persistent_sybil,12,8,2,3,0.2,2001,0.23511872,0.0027703235
divide_and_conquer,persistent_sybil,13,8,2,3,0.2,2001,0.27402654,0.003228761
divide_and_conquer,persistent_sybil,14,8,2,3,0.2,2001,0.2548344,0.0030026268
divide_and_conquer,persistent_sybil,15,8,2,3,0.2,2001,0.14029968,0.0016531032
divide_and_conquer,persistent_sybil,16,8,2,3,0.2,2001,0.13125697,0.001546556
divide_and_conquer,persistent_sybil,17,8,2,3,0.2,2001,0.153924,0.001813634
divide_and_conquer,persistent_sybil,18,8,2,3,0.2,2001,0.13531749,0.0015943998
divide_and_conquer,persistent_sybil,19,8,2,3,0.2,2001,0.24131583,0.002843342
divide_and_conquer,persistent_sybil,0,8,2,3,0.2,3001,0.13815947,0.0016278859
divide_and_conquer,persistent_sybil,1,8,2,3,0.2,3001,0.22956407,0.002704875
divide_and_conquer,persistent_sybil,2,8,2,3,0.2,3001,0.30266336,0.003566179
divide_and_conquer,persistent_sybil,3,8,2,3,0.2,3001,0.16175407,0.001905893
divide_and_conquer,persistent_sybil,4,8,2,3,0.2,3001,0.1371996,0.001616576
divide_and_conquer,persistent_sybil,5,8,2,3,0.2,3001,0.08722355,0.0010277253
divide_and_conquer,persistent_sybil,6,8,2,3,0.2,3001,0.23414339,0.0027588315
divide_and_conquer,persistent_sybil,7,8,2,3,0.2,3001,0.16183282,0.0019068209
divide_and_conquer,persistent_sybil,8,8,2,3,0.2,3001,0.098083295,0.0011556819
divide_and_conquer,persistent_sybil,9,8,2,3,0.2,3001,0.17345354,0.0020437439
divide_and_conquer,persistent_sybil,10,8,2,3,0.2,3001,0.13487487,0.0015891845
divide_and_conquer,persistent_sybil,11,8,2,3,0.2,3001,0.43272933,0.005098702
divide_and_conquer,persistent_sybil,12,8,2,3,0.2,3001,0.22118776,0.0026061798
divide_and_conquer,persistent_sybil,13,8,2,3,0.2,3001,0.10767205,0.001268663
divide_and_conquer,persistent_sybil,14,8,2,3,0.2,3001,0.13815124,0.0016277889
divide_and_conquer,persistent_sybil,15,8,2,3,0.2,3001,0.06708015,0.00079038244
divide_and_conquer,persistent_sybil,16,8,2,3,0.2,3001,0.15590908,0.0018370234
divide_and_conquer,persistent_sybil,17,8,2,3,0.2,3001,0.24400753,0.0028750573
divide_and_conquer,persistent_sybil,18,8,2,3,0.2,3001,0.10876588,0.0012815512
divide_and_conquer,persistent_sybil,19,8,2,3,0.2,3001,0.21983077,0.0025901909
divide_and_conquer,persistent_sybil,0,8,2,3,0.2,4001,0.20224643,0.0023830005
divide_and_conquer,persistent_sybil,1,8,2,3,0.2,4001,0.16083111,0.001895018
divide_and_conquer,persistent_sybil,2,8,2,3,0.2,4001,0.049382646,0.00058185885
divide_and_conquer,persistent_sybil,3,8,2,3,0.2,4001,0.2100872,0.0024753856
divide_and_conquer,persistent_sybil,4,8,2,3,0.2,4001,0.1805922,0.002127856
divide_and_conquer,persistent_sybil,5,8,2,3,0.2,4001,0.2590583,0.0030523953
divide_and_conquer,persistent_sybil,6,8,2,3,0.2,4001,0.052704,0.0006209932
divide_and_conquer,persistent_sybil,7,8,2,3,0.2,4001,0.09778985,0.0011522244
divide_and_conquer,persistent_sybil,8,8,2,3,0.2,4001,0.31222102,0.0036787936
divide_and_conquer,persistent_sybil,9,8,2,3,0.2,4001,0.082312964,0.00096986553
divide_and_conquer,persistent_sybil,10,8,2,3,0.2,4001,0.18491596,0.0021788017
divide_and_conquer,persistent_sybil,11,8,2,3,0.2,4001,0.15050846,0.0017733898
divide_and_conquer,persistent_sybil,12,8,2,3,0.2,4001,0.27828765,0.0032789684
divide_and_conquer,persistent_sybil,13,8,2,3,0.2,4001,0.16988316,0.0020016753
divide_and_conquer,persistent_sybil,14,8,2,3,0.2,4001,0.07504213,0.0008841958
divide_and_conquer,persistent_sybil,15,8,2,3,0.2,4001,0.124666005,0.001468897
divide_and_conquer,persistent_sybil,16,8,2,3,0.2,4001,0.09679694,0.0011405252
divide_and_conquer,persistent_sybil,17,8,2,3,0.2,4001,0.1423877,0.0016777057
divide_and_conquer,persistent_sybil,18,8,2,3,0.2,4001,0.20953552,0.0024688854
divide_and_conquer,persistent_sybil,19,8,2,3,0.2,4001,0.03174618,0.0003740544
foolsgold,persistent_sybil,0,8,2,3,0.2,1,1.5534024,0.01830321
foolsgold,persistent_sybil,1,8,2,3,0.2,1,1.5178956,0.017884845
foolsgold,persistent_sybil,2,8,2,3,0.2,1,1.0781219,0.012703142
foolsgold,persistent_sybil,3,8,2,3,0.2,1,0.6730838,0.0079307165
foolsgold,persistent_sybil,4,8,2,3,0.2,1,1.2668116,0.014926408
foolsgold,persistent_sybil,5,8,2,3,0.2,1,1.3487223,0.015891535
foolsgold,persistent_sybil,6,8,2,3,0.2,1,1.4874004,0.017525531
foolsgold,persistent_sybil,7,8,2,3,0.2,1,1.2021092,0.014164043
foolsgold,persistent_sybil,8,8,2,3,0.2,1,1.5959134,0.018804103
foolsgold,persistent_sybil,9,8,2,3,0.2,1,0.6921558,0.008155435
foolsgold,persistent_sybil,10,8,2,3,0.2,1,1.4812311,0.01745284
foolsgold,persistent_sybil,11,8,2,3,0.2,1,1.3333961,0.01571095
foolsgold,persistent_sybil,12,8,2,3,0.2,1,1.3309408,0.015682021
foolsgold,persistent_sybil,13,8,2,3,0.2,1,0.63847154,0.007522892
foolsgold,persistent_sybil,14,8,2,3,0.2,1,0.95658475,0.011271112
foolsgold,persistent_sybil,15,8,2,3,0.2,1,1.2712831,0.014979095
foolsgold,persistent_sybil,16,8,2,3,0.2,1,1.2077156,0.0142301
foolsgold,persistent_sybil,17,8,2,3,0.2,1,1.2315371,0.014510781
foolsgold,persistent_sybil,18,8,2,3,0.2,1,1.3745681,0.016196067
foolsgold,persistent_sybil,19,8,2,3,0.2,1,1.5529135,0.01829745
foolsgold,persistent_sybil,0,8,2,3,0.2,1001,1.5780144,0.018593205
foolsgold,persistent_sybil,1,8,2,3,0.2,1001,1.5690718,0.018487837
foolsgold,persistent_sybil,2,8,2,3,0.2,1001,1.5322478,0.018053953
foolsgold,persistent_sybil,3,8,2,3,0.2,1001,1.3221436,0.015578366
foolsgold,persistent_sybil,4,8,2,3,0.2,1001,1.5021855,0.017699739
foolsgold,persistent_sybil,5,8,2,3,0.2,1001,1.5089021,0.017778877
foolsgold,persistent_sybil,6,8,2,3,0.2,1001,1.4632568,0.017241055
foolsgold,persistent_sybil,7,8,2,3,0.2,1001,1.408589,0.016596923
foolsgold,persistent_sybil,8,8,2,3,0.2,1001,1.2168574,0.014337815
foolsgold,persistent_sybil,9,8,2,3,0.2,1001,1.2967888,0.01527962
foolsgold,persistent_sybil,10,8,2,3,0.2,1001,1.4737065,0.01736418
foolsgold,persistent_sybil,11,8,2,3,0.2,1001,1.5328261,0.018060766
foolsgold,persistent_sybil,12,8,2,3,0.2,1001,1.1883292,0.014001677
foolsgold,persistent_sybil,13,8,2,3,0.2,1001,1.4339862,0.01689617
foolsgold,persistent_sybil,14,8,2,3,0.2,1001,1.1593636,0.013660385
foolsgold,persistent_sybil,15,8,2,3,0.2,1001,1.4080242,0.016590267
foolsgold,persistent_sybil,16,8,2,3,0.2,1001,1.4211382,0.016744785
foolsgold,persistent_sybil,17,8,2,3,0.2,1001,1.3096052,0.015430631
foolsgold,persistent_sybil,18,8,2,3,0.2,1001,1.6194062,0.01908091
foolsgold,persistent_sybil,19,8,2,3,0.2,1001,1.3102963,0.015438774
foolsgold,persistent_sybil,0,8,2,3,0.2,2001,1.3495185,0.015900915
foolsgold,persistent_sybil,1,8,2,3,0.2,2001,1.1957084,0.014088623
foolsgold,persistent_sybil,2,8,2,3,0.2,2001,1.5617044,0.018401029
foolsgold,persistent_sybil,3,8,2,3,0.2,2001,1.5237736,0.017954104
foolsgold,persistent_sybil,4,8,2,3,0.2,2001,1.546558,0.018222565
foolsgold,persistent_sybil,5,8,2,3,0.2,2001,1.3540806,0.015954668
foolsgold,persistent_sybil,6,8,2,3,0.2,2001,1.2183708,0.014355646
foolsgold,persistent_sybil,7,8,2,3,0.2,2001,1.4444321,0.01701925
foolsgold,persistent_sybil,8,8,2,3,0.2,2001,1.403713,0.016539471
foolsgold,persistent_sybil,9,8,2,3,0.2,2001,1.4771779,0.017405082
foolsgold,persistent_sybil,10,8,2,3,0.2,2001,1.3419849,0.01581215
foolsgold,persistent_sybil,11,8,2,3,0.2,2001,1.1566428,0.013628327
foolsgold,persistent_sybil,12,8,2,3,0.2,2001,1.4650424,0.017262094
foolsgold,persistent_sybil,13,8,2,3,0.2,2001,0.9693022,0.011420957
foolsgold,persistent_sybil,14,8,2,3,0.2,2001,1.0847241,0.012780933
foolsgold,persistent_sybil,15,8,2,3,0.2,2001,1.5226938,0.01794138
foolsgold,persistent_sybil,16,8,2,3,0.2,2001,1.4742509,0.017370595
foolsgold,persistent_sybil,17,8,2,3,0.2,2001,1.304107,0.015365846
foolsgold,persistent_sybil,18,8,2,3,0.2,2001,1.4072552,0.016581208
foolsgold,persistent_sybil,19,8,2,3,0.2,2001,1.5150535,0.017851358
foolsgold,persistent_sybil,0,8,2,3,0.2,3001,1.3631084,0.01606104
foolsgold,persistent_sybil,1,8,2,3,0.2,3001,1.1741881,0.013835058
foolsgold,persistent_sybil,2,8,2,3,0.2,3001,1.4701931,0.017322784
foolsgold,persistent_sybil,3,8,2,3,0.2,3001,1.5780519,0.018593647
foolsgold,persistent_sybil,4,8,2,3,0.2,3001,0.9158195,0.010790789
foolsgold,persistent_sybil,5,8,2,3,0.2,3001,1.4632164,0.017240578
foolsgold,persistent_sybil,6,8,2,3,0.2,3001,1.2755512,0.015029384
foolsgold,persistent_sybil,7,8,2,3,0.2,3001,1.5576229,0.018352939
foolsgold,persistent_sybil,8,8,2,3,0.2,3001,1.5532084,0.018300923
foolsgold,persistent_sybil,9,8,2,3,0.2,3001,1.5795205,0.01861095
foolsgold,persistent_sybil,10,8,2,3,0.2,3001,1.5722096,0.018524809
foolsgold,persistent_sybil,11,8,2,3,0.2,3001,1.4781622,0.01741668
foolsgold,persistent_sybil,12,8,2,3,0.2,3001,1.1515164,0.0135679245
foolsgold,persistent_sybil,13,8,2,3,0.2,3001,1.3662187,0.016097687
foolsgold,persistent_sybil,14,8,2,3,0.2,3001,1.5493119,0.018255012
foolsgold,persistent_sybil,15,8,2,3,0.2,3001,1.3133917,0.015475245
foolsgold,persistent_sybil,16,8,2,3,0.2,3001,0.808896,0.009530946
foolsgold,persistent_sybil,17,8,2,3,0.2,3001,1.3785737,0.016243262
foolsgold,persistent_sybil,18,8,2,3,0.2,3001,1.3609352,0.016035434
foolsgold,persistent_sybil,19,8,2,3,0.2,3001,1.2212056,0.014389048
foolsgold,persistent_sybil,0,8,2,3,0.2,4001,1.406373,0.016570812
foolsgold,persistent_sybil,1,8,2,3,0.2,4001,1.4582074,0.017181559
foolsgold,persistent_sybil,2,8,2,3,0.2,4001,1.5688808,0.018485587
foolsgold,persistent_sybil,3,8,2,3,0.2,4001,1.1943448,0.014072556
foolsgold,persistent_sybil,4,8,2,3,0.2,4001,1.2085872,0.01424037
foolsgold,persistent_sybil,5,8,2,3,0.2,4001,1.4078754,0.016588515
foolsgold,persistent_sybil,6,8,2,3,0.2,4001,1.407745,0.016586978
foolsgold,persistent_sybil,7,8,2,3,0.2,4001,1.5151428,0.01785241
foolsgold,persistent_sybil,8,8,2,3,0.2,4001,1.5752745,0.018560922
foolsgold,persistent_sybil,9,8,2,3,0.2,4001,1.2373471,0.014579238
foolsgold,persistent_sybil,10,8,2,3,0.2,4001,1.1716423,0.013805061
foolsgold,persistent_sybil,11,8,2,3,0.2,4001,1.3745346,0.016195672
foolsgold,persistent_sybil,12,8,2,3,0.2,4001,1.4215442,0.01674957
foolsgold,persistent_sybil,13,8,2,3,0.2,4001,0.97404236,0.011476808
foolsgold,persistent_sybil,14,8,2,3,0.2,4001,1.2977421,0.015290852
foolsgold,persistent_sybil,15,8,2,3,0.2,4001,1.1847258,0.013959219
foolsgold,persistent_sybil,16,8,2,3,0.2,4001,1.3984069,0.01647695
foolsgold,persistent_sybil,17,8,2,3,0.2,4001,1.2216439,0.014394213
foolsgold,persistent_sybil,18,8,2,3,0.2,4001,1.5885684,0.018717559
foolsgold,persistent_sybil,19,8,2,3,0.2,4001,1.3567355,0.01598595
fedavg,adaptive_evasion,0,8,2,3,0.2,1,17.012531,0.20045285
fedavg,adaptive_evasion,1,8,2,3,0.2,1,20.396658,0.19959347
fedavg,adaptive_evasion,2,8,2,3,0.2,1,24.637772,0.2003468
fedavg,adaptive_evasion,3,8,2,3,0.2,1,29.690437,0.20072341
fedavg,adaptive_evasion,4,8,2,3,0.2,1,35.59489,0.20014332
fedavg,adaptive_evasion,5,8,2,3,0.2,1,42.854065,0.20047483
fedavg,adaptive_evasion,6,8,2,3,0.2,1,51.305115,0.19973819
fedavg,adaptive_evasion,7,8,2,3,0.2,1,61.627155,0.1997117
fedavg,adaptive_evasion,8,8,2,3,0.2,1,74.25372,0.2003375
fedavg,adaptive_evasion,9,8,2,3,0.2,1,88.97709,0.19989544
fedavg,adaptive_evasion,10,8,2,3,0.2,1,107.1198,0.20041561
fedavg,adaptive_evasion,11,8,2,3,0.2,1,128.34592,0.19999914
fedavg,adaptive_evasion,12,8,2,3,0.2,1,154.02246,0.19991876
fedavg,adaptive_evasion,13,8,2,3,0.2,1,185.06522,0.20010151
fedavg,adaptive_evasion,14,8,2,3,0.2,1,222.16391,0.20011622
fedavg,adaptive_evasion,15,8,2,3,0.2,1,266.4558,0.19995844
fedavg,adaptive_evasion,16,8,2,3,0.2,1,319.87057,0.19999242
fedavg,adaptive_evasion,17,8,2,3,0.2,1,383.93997,0.20000595
fedavg,adaptive_evasion,18,8,2,3,0.2,1,460.84766,0.20002781
fedavg,adaptive_evasion,19,8,2,3,0.2,1,552.94073,0.19997509
fedavg,adaptive_evasion,0,8,2,3,0.2,1001,16.926119,0.19943468
fedavg,adaptive_evasion,1,8,2,3,0.2,1001,20.512333,0.20072542
fedavg,adaptive_evasion,2,8,2,3,0.2,1001,24.571001,0.19980384
fedavg,adaptive_evasion,3,8,2,3,0.2,1001,29.585333,0.20001285
fedavg,adaptive_evasion,4,8,2,3,0.2,1001,35.47646,0.19947742
fedavg,adaptive_evasion,5,8,2,3,0.2,1001,42.82614,0.2003442
fedavg,adaptive_evasion,6,8,2,3,0.2,1001,51.395405,0.20008971
fedavg,adaptive_evasion,7,8,2,3,0.2,1001,61.627037,0.19971132
fedavg,adaptive_evasion,8,8,2,3,0.2,1001,74.27272,0.20038876
fedavg,adaptive_evasion,9,8,2,3,0.2,1001,89.124985,0.2002277
fedavg,adaptive_evasion,10,8,2,3,0.2,1001,106.83427,0.1998814
fedavg,adaptive_evasion,11,8,2,3,0.2,1001,128.42601,0.20012394
fedavg,adaptive_evasion,12,8,2,3,0.2,1001,154.13644,0.20006672
fedavg,adaptive_evasion,13,8,2,3,0.2,1001,185.12799,0.20016938
fedavg,adaptive_evasion,14,8,2,3,0.2,1001,222.12076,0.20007735
fedavg,adaptive_evasion,15,8,2,3,0.2,1001,266.43735,0.19994459
fedavg,adaptive_evasion,16,8,2,3,0.2,1001,319.7598,0.19992316
fedavg,adaptive_evasion,17,8,2,3,0.2,1001,383.9565,0.20001458
fedavg,adaptive_evasion,18,8,2,3,0.2,1001,460.79337,0.20000423
fedavg,adaptive_evasion,19,8,2,3,0.2,1001,553.0381,0.2000103
fedavg,adaptive_evasion,0,8,2,3,0.2,2001,17.026028,0.20061187
fedavg,adaptive_evasion,1,8,2,3,0.2,2001,20.199984,0.1976689
fedavg,adaptive_evasion,2,8,2,3,0.2,2001,24.459318,0.19889568
fedavg,adaptive_evasion,3,8,2,3,0.2,2001,29.514894,0.19953665
fedavg,adaptive_evasion,4,8,2,3,0.2,2001,35.685555,0.20065312
fedavg,adaptive_evasion,5,8,2,3,0.2,2001,42.66545,0.19959249
fedavg,adaptive_evasion,6,8,2,3,0.2,2001,51.35036,0.19991434
fedavg,adaptive_evasion,7,8,2,3,0.2,2001,61.697174,0.19993861
fedavg,adaptive_evasion,8,8,2,3,0.2,2001,74.1921,0.20017125
fedavg,adaptive_evasion,9,8,2,3,0.2,2001,89.09376,0.20015754
fedavg,adaptive_evasion,10,8,2,3,0.2,2001,106.840324,0.19989273
fedavg,adaptive_evasion,11,8,2,3,0.2,2001,128.34467,0.19999719
fedavg,adaptive_evasion,12,8,2,3,0.2,2001,154.26915,0.20023896
fedavg,adaptive_evasion,13,8,2,3,0.2,2001,185.14651,0.20018941
fedavg,adaptive_evasion,14,8,2,3,0.2,2001,221.94237,0.19991666
fedavg,adaptive_evasion,15,8,2,3,0.2,2001,266.52338,0.20000915
fedavg,adaptive_evasion,16,8,2,3,0.2,2001,319.78296,0.19993764
fedavg,adaptive_evasion,17,8,2,3,0.2,2001,384.0493,0.2000629
fedavg,adaptive_evasion,18,8,2,3,0.2,2001,460.82993,0.2000201
fedavg,adaptive_evasion,19,8,2,3,0.2,2001,553.1464,0.20004947
fedavg,adaptive_evasion,0,8,2,3,0.2,3001,16.98005,0.20007011
fedavg,adaptive_evasion,1,8,2,3,0.2,3001,20.409182,0.19971602
fedavg,adaptive_evasion,2,8,2,3,0.2,3001,24.776163,0.20147216
fedavg,adaptive_evasion,3,8,2,3,0.2,3001,29.485323,0.19933672
fedavg,adaptive_evasion,4,8,2,3,0.2,3001,35.533676,0.19979914
fedavg,adaptive_evasion,5,8,2,3,0.2,3001,42.729996,0.19989443
fedavg,adaptive_evasion,6,8,2,3,0.2,3001,51.331066,0.19983922
fedavg,adaptive_evasion,7,8,2,3,0.2,3001,61.651043,0.1997891
fedavg,adaptive_evasion,8,8,2,3,0.2,3001,74.09016,0.19989619
fedavg,adaptive_evasion,9,8,2,3,0.2,3001,89.09284,0.20015548
fedavg,adaptive_evasion,10,8,2,3,0.2,3001,107.00422,0.20019938
fedavg,adaptive_evasion,11,8,2,3,0.2,3001,128.17657,0.19973525
fedavg,adaptive_evasion,12,8,2,3,0.2,3001,154.19234,0.20013925
fedavg,adaptive_evasion,13,8,2,3,0.2,3001,184.89526,0.19991775
fedavg,adaptive_evasion,14,8,2,3,0.2,3001,221.99275,0.19996205
fedavg,adaptive_evasion,15,8,2,3,0.2,3001,266.4614,0.19996265
fedavg,adaptive_evasion,16,8,2,3,0.2,3001,319.95035,0.2000423
fedavg,adaptive_evasion,17,8,2,3,0.2,3001,384.1227,0.20010115
fedavg,adaptive_evasion,18,8,2,3,0.2,3001,460.82974,0.20002003
fedavg,adaptive_evasion,19,8,2,3,0.2,3001,553.10583,0.2000348
fedavg,adaptive_evasion,0,8,2,3,0.2,4001,16.940168,0.19960022
fedavg,adaptive_evasion,1,8,2,3,0.2,4001,20.417446,0.19979689
fedavg,adaptive_evasion,2,8,2,3,0.2,4001,24.576635,0.19984967
fedavg,adaptive_evasion,3,8,2,3,0.2,4001,29.583529,0.20000066
fedavg,adaptive_evasion,4,8,2,3,0.2,4001,35.5599,0.19994657
fedavg,adaptive_evasion,5,8,2,3,0.2,4001,42.843033,0.20042323
fedavg,adaptive_evasion,6,8,2,3,0.2,4001,51.35069,0.19991562
fedavg,adaptive_evasion,7,8,2,3,0.2,4001,61.77107,0.20017807
fedavg,adaptive_evasion,8,8,2,3,0.2,4001,74.202286,0.20019872
fedavg,adaptive_evasion,9,8,2,3,0.2,4001,89.08037,0.20012747
fedavg,adaptive_evasion,10,8,2,3,0.2,4001,106.90028,0.20000492
fedavg,adaptive_evasion,11,8,2,3,0.2,4001,128.37233,0.2000403
fedavg,adaptive_evasion,12,8,2,3,0.2,4001,154.09459,0.20001239
fedavg,adaptive_evasion,13,8,2,3,0.2,4001,185.0628,0.2000989
fedavg,adaptive_evasion,14,8,2,3,0.2,4001,222.001,0.19996949
fedavg,adaptive_evasion,15,8,2,3,0.2,4001,266.4799,0.19997652
fedavg,adaptive_evasion,16,8,2,3,0.2,4001,319.8675,0.1999905
fedavg,adaptive_evasion,17,8,2,3,0.2,4001,383.85718,0.19996282
fedavg,adaptive_evasion,18,8,2,3,0.2,4001,460.86594,0.20003574
fedavg,adaptive_evasion,19,8,2,3,0.2,4001,552.9922,0.1999937
krum,adaptive_evasion,0,8,2,3,0.2,1,0.13920565,0.0016402126
krum,adaptive_evasion,1,8,2,3,0.2,1,0.3879176,0.009331848
krum,adaptive_evasion,2,8,2,3,0.2,1,0.20969842,0.0105277775
krum,adaptive_evasion,3,8,2,3,0.2,1,0.4022157,0.044232257
krum,adaptive_evasion,4,8,2,3,0.2,1,0.3633399,0.09871736
krum,adaptive_evasion,5,8,2,3,0.2,1,0.37281993,0.07827188
krum,adaptive_evasion,6,8,2,3,0.2,1,0.29438955,0.048561674
krum,adaptive_evasion,7,8,2,3,0.2,1,0.31431276,0.14517482
krum,adaptive_evasion,8,8,2,3,0.2,1,0.2603167,0.08840817
krum,adaptive_evasion,9,8,2,3,0.2,1,0.28637066,0.07381078
krum,adaptive_evasion,10,8,2,3,0.2,1,0.51315945,0.10258749
krum,adaptive_evasion,11,8,2,3,0.2,1,0.34140223,0.053772535
krum,adaptive_evasion,12,8,2,3,0.2,1,0.19943902,0.086394146
krum,adaptive_evasion,13,8,2,3,0.2,1,0.3415129,0.109579235
krum,adaptive_evasion,14,8,2,3,0.2,1,0.2785409,0.06816438
krum,adaptive_evasion,15,8,2,3,0.2,1,0.41518614,0.3527104
krum,adaptive_evasion,16,8,2,3,0.2,1,0.3948724,0.22449112
krum,adaptive_evasion,17,8,2,3,0.2,1,0.013457935,1.0
krum,adaptive_evasion,18,8,2,3,0.2,1,0.31885374,0.87945145
krum,adaptive_evasion,19,8,2,3,0.2,1,0.21981928,0.28128517
krum,adaptive_evasion,0,8,2,3,0.2,1001,0.16645326,0.001961262
krum,adaptive_evasion,1,8,2,3,0.2,1001,0.27051345,0.0065075424
krum,adaptive_evasion,2,8,2,3,0.2,1001,0.22888859,0.011491207
krum,adaptive_evasion,3,8,2,3,0.2,1001,0.6076259,0.06682152
krum,adaptive_evasion,4,8,2,3,0.2,1001,0.41570494,0.11294463
krum,adaptive_evasion,5,8,2,3,0.2,1001,0.54728705,0.11490047
krum,adaptive_evasion,6,8,2,3,0.2,1001,0.4003571,0.06604178
krum,adaptive_evasion,7,8,2,3,0.2,1001,0.19864288,0.0917492
krum,adaptive_evasion,8,8,2,3,0.2,1001,0.46703863,0.1586146
krum,adaptive_evasion,9,8,2,3,0.2,1001,0.26184466,0.06748931
krum,adaptive_evasion,10,8,2,3,0.2,1001,0.2804325,0.056062236
krum,adaptive_evasion,11,8,2,3,0.2,1001,0.42490202,0.06692416
krum,adaptive_evasion,12,8,2,3,0.2,1001,0.27972367,0.03511814
krum,adaptive_evasion,13,8,2,3,0.2,1001,0.37002152,0.118726626
krum,adaptive_evasion,14,8,2,3,0.2,1001,0.18068449,0.04421701
krum,adaptive_evasion,15,8,2,3,0.2,1001,0.14282694,0.027205214
krum,adaptive_evasion,16,8,2,3,0.2,1001,0.40057808,0.060270008
krum,adaptive_evasion,17,8,2,3,0.2,1001,0.27728048,0.112845436
krum,adaptive_evasion,18,8,2,3,0.2,1001,0.28859493,0.08758533
krum,adaptive_evasion,19,8,2,3,0.2,1001,0.36760324,0.4703925
krum,adaptive_evasion,0,8,2,3,0.2,2001,0.29126975,0.0034319318
krum,adaptive_evasion,1,8,2,3,0.2,2001,0.3292758,0.007921144
krum,adaptive_evasion,2,8,2,3,0.2,2001,0.34467104,0.017303992
krum,adaptive_evasion,3,8,2,3,0.2,2001,0.16976169,0.018668944
krum,adaptive_evasion,4,8,2,3,0.2,2001,0.38036036,0.10334172
krum,adaptive_evasion,5,8,2,3,0.2,2001,0.3990603,0.08378093
krum,adaptive_evasion,6,8,2,3,0.2,2001,0.2913096,0.19221446
krum,adaptive_evasion,7,8,2,3,0.2,2001,0.2423743,0.11194788
krum,adaptive_evasion,8,8,2,3,0.2,2001,0.41956717,0.14249246
krum,adaptive_evasion,9,8,2,3,0.2,2001,0.33082277,0.5457158
krum,adaptive_evasion,10,8,2,3,0.2,2001,0.2349113,0.2187517
krum,adaptive_evasion,11,8,2,3,0.2,2001,0.101560086,0.06211411
krum,adaptive_evasion,12,8,2,3,0.2,2001,0.10289896,0.04457437
krum,adaptive_evasion,13,8,2,3,0.2,2001,0.27210334,0.0873082
krum,adaptive_evasion,14,8,2,3,0.2,2001,0.34389913,0.08415881
krum,adaptive_evasion,15,8,2,3,0.2,2001,0.21052183,0.17884324
krum,adaptive_evasion,16,8,2,3,0.2,2001,0.266199,0.15133828
krum,adaptive_evasion,17,8,2,3,0.2,2001,0.13482744,0.054871015
krum,adaptive_evasion,18,8,2,3,0.2,2001,0.22355184,0.06784548
krum,adaptive_evasion,19,8,2,3,0.2,2001,0.46310046,0.10768706
krum,adaptive_evasion,0,8,2,3,0.2,3001,0.31443003,0.0037048217
krum,adaptive_evasion,1,8,2,3,0.2,3001,0.39238477,0.009439311
krum,adaptive_evasion,2,8,2,3,0.2,3001,0.28589442,0.01435315
krum,adaptive_evasion,3,8,2,3,0.2,3001,0.3875281,0.042617038
krum,adaptive_evasion,4,8,2,3,0.2,3001,0.1783196,0.04844841
krum,adaptive_evasion,5,8,2,3,0.2,3001,0.20347826,0.20885019
krum,adaptive_evasion,6,8,2,3,0.2,3001,0.26395652,0.17416611
krum,adaptive_evasion,7,8,2,3,0.2,3001,0.28944552,0.13368914
krum,adaptive_evasion,8,8,2,3,0.2,3001,0.2579448,0.08760263
krum,adaptive_evasion,9,8,2,3,0.2,3001,0.19625004,0.050582584
krum,adaptive_evasion,10,8,2,3,0.2,3001,0.24041775,0.04806275
krum,adaptive_evasion,11,8,2,3,0.2,3001,0.75307834,0.11861355
krum,adaptive_evasion,12,8,2,3,0.2,3001,0.1466147,0.0635114
krum,adaptive_evasion,13,8,2,3,0.2,3001,0.3064112,0.098316364
krum,adaptive_evasion,14,8,2,3,0.2,3001,0.43575683,0.6294638
krum,adaptive_evasion,15,8,2,3,0.2,3001,0.355309,0.30184335
krum,adaptive_evasion,16,8,2,3,0.2,3001,0.3194902,0.18163516
krum,adaptive_evasion,17,8,2,3,0.2,3001,0.3595727,0.14633608
krum,adaptive_evasion,18,8,2,3,0.2,3001,0.08774578,0.02662986
krum,adaptive_evasion,19,8,2,3,0.2,3001,0.32685292,0.07600474
krum,adaptive_evasion,0,8,2,3,0.2,4001,0.44883117,0.0052884244
krum,adaptive_evasion,1,8,2,3,0.2,4001,0.0701128,0.001686652
krum,adaptive_evasion,2,8,2,3,0.2,4001,0.20258364,0.010170584
krum,adaptive_evasion,3,8,2,3,0.2,4001,0.30310154,0.033332527
krum,adaptive_evasion,4,8,2,3,0.2,4001,0.32085848,0.0871754
krum,adaptive_evasion,5,8,2,3,0.2,4001,0.40144774,0.41204616
krum,adaptive_evasion,6,8,2,3,0.2,4001,0.2685083,0.1771695
krum,adaptive_evasion,7,8,2,3,0.2,4001,0.16424228,0.07586025
krum,adaptive_evasion,8,8,2,3,0.2,4001,0.48581445,0.16499121
krum,adaptive_evasion,9,8,2,3,0.2,4001,0.20409724,0.052605167
krum,adaptive_evasion,10,8,2,3,0.2,4001,0.067562744,0.013506703
krum,adaptive_evasion,11,8,2,3,0.2,4001,0.20453368,0.032215063
krum,adaptive_evasion,12,8,2,3,0.2,4001,0.28902102,0.1251998
krum,adaptive_evasion,13,8,2,3,0.2,4001,0.21608566,0.069334134
krum,adaptive_evasion,14,8,2,3,0.2,4001,0.31876493,0.07800798
krum,adaptive_evasion,15,8,2,3,0.2,4001,0.34230888,0.065201886
krum,adaptive_evasion,16,8,2,3,0.2,4001,0.14624308,0.083141476
krum,adaptive_evasion,17,8,2,3,0.2,4001,0.35645863,0.14506875
krum,adaptive_evasion,18,8,2,3,0.2,4001,0.48746258,0.14793943
krum,adaptive_evasion,19,8,2,3,0.2,4001,0.11688235,0.027179236
multi_krum,adaptive_evasion,0,8,2,3,0.2,1,0.09130984,0.0010758726
multi_krum,adaptive_evasion,1,8,2,3,0.2,1,0.16155167,0.0038863292
multi_krum,adaptive_evasion,2,8,2,3,0.2,1,0.16640949,0.008354484
multi_krum,adaptive_evasion,3,8,2,3,0.2,1,0.23850659,0.026228923
multi_krum,adaptive_evasion,4,8,2,3,0.2,1,0.08631606,0.023451576
multi_krum,adaptive_evasion,5,8,2,3,0.2,1,0.20534198,0.04311063
multi_krum,adaptive_evasion,6,8,2,3,0.2,1,0.091160536,0.015037587
multi_krum,adaptive_evasion,7,8,2,3,0.2,1,0.12923342,0.05969035
multi_krum,adaptive_evasion,8,8,2,3,0.2,1,0.17155503,0.05826313
multi_krum,adaptive_evasion,9,8,2,3,0.2,1,0.19107847,0.049249634
multi_krum,adaptive_evasion,10,8,2,3,0.2,1,0.30065653,0.060105294
multi_krum,adaptive_evasion,11,8,2,3,0.2,1,0.014737415,0.0023212156
multi_krum,adaptive_evasion,12,8,2,3,0.2,1,0.105662316,0.045771413
multi_krum,adaptive_evasion,13,8,2,3,0.2,1,0.16074833,0.051578373
multi_krum,adaptive_evasion,14,8,2,3,0.2,1,0.28514582,0.06978073
multi_krum,adaptive_evasion,15,8,2,3,0.2,1,0.13542593,0.025795491
multi_krum,adaptive_evasion,16,8,2,3,0.2,1,0.19463722,0.1106543
multi_krum,adaptive_evasion,17,8,2,3,0.2,1,0.12056412,0.04906624
multi_krum,adaptive_evasion,18,8,2,3,0.2,1,0.10319564,0.03131872
multi_krum,adaptive_evasion,19,8,2,3,0.2,1,0.21041752,0.048929438
multi_krum,adaptive_evasion,0,8,2,3,0.2,1001,0.13331048,0.0015707519
multi_krum,adaptive_evasion,1,8,2,3,0.2,1001,0.11451197,0.00275473
multi_krum,adaptive_evasion,2,8,2,3,0.2,1001,0.05046344,0.0025334852
multi_krum,adaptive_evasion,3,8,2,3,0.2,1001,0.34378058,0.03780606
multi_krum,adaptive_evasion,4,8,2,3,0.2,1001,0.15308267,0.041591678
multi_krum,adaptive_evasion,5,8,2,3,0.2,1001,0.37664187,0.07907428
multi_krum,adaptive_evasion,6,8,2,3,0.2,1001,0.19811253,0.032680087
multi_krum,adaptive_evasion,7,8,2,3,0.2,1001,0.18833597,0.08698864
multi_krum,adaptive_evasion,8,8,2,3,0.2,1001,0.25478095,0.08652813
multi_krum,adaptive_evasion,9,8,2,3,0.2,1001,0.20227963,0.052136686
multi_krum,adaptive_evasion,10,8,2,3,0.2,1001,0.16930111,0.033845574
multi_krum,adaptive_evasion,11,8,2,3,0.2,1001,0.1666822,0.10194277
multi_krum,adaptive_evasion,12,8,2,3,0.2,1001,0.22706729,0.09836232
multi_krum,adaptive_evasion,13,8,2,3,0.2,1001,0.23869063,0.07658726
multi_krum,adaptive_evasion,14,8,2,3,0.2,1001,0.11934321,0.029205604
multi_krum,adaptive_evasion,15,8,2,3,0.2,1001,0.13368867,0.025464585
multi_krum,adaptive_evasion,16,8,2,3,0.2,1001,0.22704922,0.12908103
multi_krum,adaptive_evasion,17,8,2,3,0.2,1001,0.099514395,0.04049959
multi_krum,adaptive_evasion,18,8,2,3,0.2,1001,0.17173456,0.052119512
multi_krum,adaptive_evasion,19,8,2,3,0.2,1001,0.14199027,0.03301771
multi_krum,adaptive_evasion,0,8,2,3,0.2,2001,0.29097116,0.0034284138
multi_krum,adaptive_evasion,1,8,2,3,0.2,2001,0.34145078,0.0082140295
multi_krum,adaptive_evasion,2,8,2,3,0.2,2001,0.21334082,0.010710642
multi_krum,adaptive_evasion,3,8,2,3,0.2,2001,0.1739292,0.019127252
multi_krum,adaptive_evasion,4,8,2,3,0.2,2001,0.18159948,0.049339533
multi_krum,adaptive_evasion,5,8,2,3,0.2,2001,0.21369864,0.044865075
multi_krum,adaptive_evasion,6,8,2,3,0.2,2001,0.09514481,0.062779285
multi_krum,adaptive_evasion,7,8,2,3,0.2,2001,0.03486664,0.016104208
multi_krum,adaptive_evasion,8,8,2,3,0.2,2001,0.19313756,0.065592945
multi_krum,adaptive_evasion,9,8,2,3,0.2,2001,0.14237557,0.03669668
multi_krum,adaptive_evasion,10,8,2,3,0.2,2001,0.17137504,0.03426018
multi_krum,adaptive_evasion,11,8,2,3,0.2,2001,0.17588313,0.10757005
multi_krum,adaptive_evasion,12,8,2,3,0.2,2001,0.23511872,0.101850085
multi_krum,adaptive_evasion,13,8,2,3,0.2,2001,0.27402654,0.087925285
multi_krum,adaptive_evasion,14,8,2,3,0.2,2001,0.2548344,0.06236294
multi_krum,adaptive_evasion,15,8,2,3,0.2,2001,0.14029968,0.026723828
multi_krum,adaptive_evasion,16,8,2,3,0.2,2001,0.13125697,0.07462163
multi_krum,adaptive_evasion,17,8,2,3,0.2,2001,0.153924,0.06264278
multi_krum,adaptive_evasion,18,8,2,3,0.2,2001,0.13531749,0.04106734
multi_krum,adaptive_evasion,19,8,2,3,0.2,2001,0.24131583,0.056114376
multi_krum,adaptive_evasion,0,8,2,3,0.2,3001,0.13815947,0.0016278859
multi_krum,adaptive_evasion,1,8,2,3,0.2,3001,0.22956407,0.0055224537
multi_krum,adaptive_evasion,2,8,2,3,0.2,3001,0.30266336,0.015195023
multi_krum,adaptive_evasion,3,8,2,3,0.2,3001,0.16175407,0.017788336
multi_krum,adaptive_evasion,4,8,2,3,0.2,3001,0.1371996,0.03727634
multi_krum,adaptive_evasion,5,8,2,3,0.2,3001,0.08722355,0.018312195
multi_krum,adaptive_evasion,6,8,2,3,0.2,3001,0.23414339,0.03862364
multi_krum,adaptive_evasion,7,8,2,3,0.2,3001,0.16183282,0.07474737
multi_krum,adaptive_evasion,8,8,2,3,0.2,3001,0.098083295,0.033310827
multi_krum,adaptive_evasion,9,8,2,3,0.2,3001,0.17345354,0.04470689
multi_krum,adaptive_evasion,10,8,2,3,0.2,3001,0.13487487,0.026963305
multi_krum,adaptive_evasion,11,8,2,3,0.2,3001,0.43272933,0.068157
multi_krum,adaptive_evasion,12,8,2,3,0.2,3001,0.22118776,0.09581539
multi_krum,adaptive_evasion,13,8,2,3,0.2,3001,0.10767205,0.034548096
multi_krum,adaptive_evasion,14,8,2,3,0.2,3001,0.13815124,0.0338083
multi_krum,adaptive_evasion,15,8,2,3,0.2,3001,0.06708015,0.012777209
multi_krum,adaptive_evasion,16,8,2,3,0.2,3001,0.15590908,0.08863674
multi_krum,adaptive_evasion,17,8,2,3,0.2,3001,0.24400753,0.09930427
multi_krum,adaptive_evasion,18,8,2,3,0.2,3001,0.10876588,0.033009224
multi_krum,adaptive_evasion,19,8,2,3,0.2,3001,0.21983077,0.051118348
multi_krum,adaptive_evasion,0,8,2,3,0.2,4001,0.20224643,0.0023830005
multi_krum,adaptive_evasion,1,8,2,3,0.2,4001,0.16083111,0.0038689952
multi_krum,adaptive_evasion,2,8,2,3,0.2,4001,0.049382646,0.0024792247
multi_krum,adaptive_evasion,3,8,2,3,0.2,4001,0.2100872,0.0231036
multi_krum,adaptive_evasion,4,8,2,3,0.2,4001,0.1805922,0.049065858
multi_krum,adaptive_evasion,5,8,2,3,0.2,4001,0.2590583,0.054388132
multi_krum,adaptive_evasion,6,8,2,3,0.2,4001,0.052704,0.008693904
multi_krum,adaptive_evasion,7,8,2,3,0.2,4001,0.09778985,0.04516719
multi_krum,adaptive_evasion,8,8,2,3,0.2,4001,0.31222102,0.1060358
multi_krum,adaptive_evasion,9,8,2,3,0.2,4001,0.082312964,0.021215804
multi_krum,adaptive_evasion,10,8,2,3,0.2,4001,0.18491596,0.03696719
multi_krum,adaptive_evasion,11,8,2,3,0.2,4001,0.15050846,0.023705825
multi_krum,adaptive_evasion,12,8,2,3,0.2,4001,0.27828765,0.12055025
multi_krum,adaptive_evasion,13,8,2,3,0.2,4001,0.16988316,0.054509412
multi_krum,adaptive_evasion,14,8,2,3,0.2,4001,0.07504213,0.01836427
multi_krum,adaptive_evasion,15,8,2,3,0.2,4001,0.124666005,0.023745976
multi_krum,adaptive_evasion,16,8,2,3,0.2,4001,0.09679694,0.05503057
multi_krum,adaptive_evasion,17,8,2,3,0.2,4001,0.1423877,0.057947833
multi_krum,adaptive_evasion,18,8,2,3,0.2,4001,0.20953552,0.06359168
multi_krum,adaptive_evasion,19,8,2,3,0.2,4001,0.03174618,0.0073820977
trimmed_mean,adaptive_evasion,0,8,2,3,0.2,1,0.26851684,0.0031638423
trimmed_mean,adaptive_evasion,1,8,2,3,0.2,1,0.24468066,0.005886102
trimmed_mean,adaptive_evasion,2,8,2,3,0.2,1,0.2663055,0.0133697
trimmed_mean,adaptive_evasion,3,8,2,3,0.2,1,0.4095592,0.045039833
trimmed_mean,adaptive_evasion,4,8,2,3,0.2,1,0.26363784,0.023417134
trimmed_mean,adaptive_evasion,5,8,2,3,0.2,1,0.37445968,0.078616135
trimmed_mean,adaptive_evasion,6,8,2,3,0.2,1,0.11492526,0.018957749
trimmed_mean,adaptive_evasion,7,8,2,3,0.2,1,0.19402331,0.025458954
trimmed_mean,adaptive_evasion,8,8,2,3,0.2,1,0.4100174,0.04319774
trimmed_mean,adaptive_evasion,9,8,2,3,0.2,1,0.19281232,0.016428605
trimmed_mean,adaptive_evasion,10,8,2,3,0.2,1,0.503513,0.100659035
trimmed_mean,adaptive_evasion,11,8,2,3,0.2,1,0.21236672,0.033448804
trimmed_mean,adaptive_evasion,12,8,2,3,0.2,1,0.16097,0.020209111
trimmed_mean,adaptive_evasion,13,8,2,3,0.2,1,0.34785548,0.035120334
trimmed_mean,adaptive_evasion,14,8,2,3,0.2,1,0.4983801,0.12196331
trimmed_mean,adaptive_evasion,15,8,2,3,0.2,1,0.21354283,0.040674947
trimmed_mean,adaptive_evasion,16,8,2,3,0.2,1,0.2814887,0.042352106
trimmed_mean,adaptive_evasion,17,8,2,3,0.2,1,0.18526308,0.02226163
trimmed_mean,adaptive_evasion,18,8,2,3,0.2,1,0.30515605,0.09261144
trimmed_mean,adaptive_evasion,19,8,2,3,0.2,1,0.22349176,0.051969655
trimmed_mean,adaptive_evasion,0,8,2,3,0.2,1001,0.13582318,0.001600358
trimmed_mean,adaptive_evasion,1,8,2,3,0.2,1001,0.30453843,0.0073260562
trimmed_mean,adaptive_evasion,2,8,2,3,0.2,1001,0.206303,0.010357312
trimmed_mean,adaptive_evasion,3,8,2,3,0.2,1001,0.37684727,0.041442454
trimmed_mean,adaptive_evasion,4,8,2,3,0.2,1001,0.09799547,0.026624804
trimmed_mean,adaptive_evasion,5,8,2,3,0.2,1001,0.49992284,0.10495657
trimmed_mean,adaptive_evasion,6,8,2,3,0.2,1001,0.32170874,0.053068172
trimmed_mean,adaptive_evasion,7,8,2,3,0.2,1001,0.11194938,0.014689544
trimmed_mean,adaptive_evasion,8,8,2,3,0.2,1001,0.42039055,0.044290613
trimmed_mean,adaptive_evasion,9,8,2,3,0.2,1001,0.35841233,0.03053858
trimmed_mean,adaptive_evasion,10,8,2,3,0.2,1001,0.17084588,0.034154397
trimmed_mean,adaptive_evasion,11,8,2,3,0.2,1001,0.36561885,0.05758677
trimmed_mean,adaptive_evasion,12,8,2,3,0.2,1001,0.31646484,0.03973084
trimmed_mean,adaptive_evasion,13,8,2,3,0.2,1001,0.5050911,0.050995223
trimmed_mean,adaptive_evasion,14,8,2,3,0.2,1001,0.24798672,0.020273574
trimmed_mean,adaptive_evasion,15,8,2,3,0.2,1001,0.12402904,0.02362465
trimmed_mean,adaptive_evasion,16,8,2,3,0.2,1001,0.18311642,0.027551252
trimmed_mean,adaptive_evasion,17,8,2,3,0.2,1001,0.20558514,0.024703573
trimmed_mean,adaptive_evasion,18,8,2,3,0.2,1001,0.24862073,0.07545361
trimmed_mean,adaptive_evasion,19,8,2,3,0.2,1001,0.29817334,0.06933574
trimmed_mean,adaptive_evasion,0,8,2,3,0.2,2001,0.38922924,0.004586155
trimmed_mean,adaptive_evasion,1,8,2,3,0.2,2001,0.23931402,0.0057570008
trimmed_mean,adaptive_evasion,2,8,2,3,0.2,2001,0.13203378,0.0066286726
trimmed_mean,adaptive_evasion,3,8,2,3,0.2,2001,0.29302883,0.032224815
trimmed_mean,adaptive_evasion,4,8,2,3,0.2,2001,0.35658905,0.03167335
trimmed_mean,adaptive_evasion,5,8,2,3,0.2,2001,0.1545688,0.03245103
trimmed_mean,adaptive_evasion,6,8,2,3,0.2,2001,0.23819984,0.03929278
trimmed_mean,adaptive_evasion,7,8,2,3,0.2,2001,0.17193085,0.02256007
trimmed_mean,adaptive_evasion,8,8,2,3,0.2,2001,0.27558523,0.029034521
trimmed_mean,adaptive_evasion,9,8,2,3,0.2,2001,0.28351432,0.07307457
trimmed_mean,adaptive_evasion,10,8,2,3,0.2,2001,0.1849391,0.03697182
trimmed_mean,adaptive_evasion,11,8,2,3,0.2,2001,0.24079327,0.037926126
trimmed_mean,adaptive_evasion,12,8,2,3,0.2,2001,0.416402,0.052277535
trimmed_mean,adaptive_evasion,13,8,2,3,0.2,2001,0.4555734,0.045995798
trimmed_mean,adaptive_evasion,14,8,2,3,0.2,2001,0.27913404,0.02281995
trimmed_mean,adaptive_evasion,15,8,2,3,0.2,2001,0.23474838,0.04471411
trimmed_mean,adaptive_evasion,16,8,2,3,0.2,2001,0.101250745,0.015233941
trimmed_mean,adaptive_evasion,17,8,2,3,0.2,2001,0.33144704,0.039827425
trimmed_mean,adaptive_evasion,18,8,2,3,0.2,2001,0.26049048,0.025209798
trimmed_mean,adaptive_evasion,19,8,2,3,0.2,2001,0.40971917,0.095274046
trimmed_mean,adaptive_evasion,0,8,2,3,0.2,3001,0.19474354,0.0022945968
trimmed_mean,adaptive_evasion,1,8,2,3,0.2,3001,0.30326533,0.00729543
trimmed_mean,adaptive_evasion,2,8,2,3,0.2,3001,0.44544357,0.022363214
trimmed_mean,adaptive_evasion,3,8,2,3,0.2,3001,0.16363917,0.017995642
trimmed_mean,adaptive_evasion,4,8,2,3,0.2,3001,0.14153785,0.038455017
trimmed_mean,adaptive_evasion,5,8,2,3,0.2,3001,0.17108932,0.03591944
trimmed_mean,adaptive_evasion,6,8,2,3,0.2,3001,0.25053266,0.041327164
trimmed_mean,adaptive_evasion,7,8,2,3,0.2,3001,0.23163834,0.030394645
trimmed_mean,adaptive_evasion,8,8,2,3,0.2,3001,0.154333,0.016259886
trimmed_mean,adaptive_evasion,9,8,2,3,0.2,3001,0.3449763,0.08891612
trimmed_mean,adaptive_evasion,10,8,2,3,0.2,3001,0.35667217,0.071303576
trimmed_mean,adaptive_evasion,11,8,2,3,0.2,3001,0.39452112,0.06213902
trimmed_mean,adaptive_evasion,12,8,2,3,0.2,3001,0.38907254,0.048846435
trimmed_mean,adaptive_evasion,13,8,2,3,0.2,3001,0.0819924,0.008278152
trimmed_mean,adaptive_evasion,14,8,2,3,0.2,3001,0.21585982,0.052825097
trimmed_mean,adaptive_evasion,15,8,2,3,0.2,3001,0.19833936,0.037779037
trimmed_mean,adaptive_evasion,16,8,2,3,0.2,3001,0.34934396,0.052561443
trimmed_mean,adaptive_evasion,17,8,2,3,0.2,3001,0.43558612,0.052341014
trimmed_mean,adaptive_evasion,18,8,2,3,0.2,3001,0.24595991,0.023803554
trimmed_mean,adaptive_evasion,19,8,2,3,0.2,3001,0.40270296,0.09364253
trimmed_mean,adaptive_evasion,0,8,2,3,0.2,4001,0.26768097,0.0031539935
trimmed_mean,adaptive_evasion,1,8,2,3,0.2,4001,0.2698647,0.0064919363
trimmed_mean,adaptive_evasion,2,8,2,3,0.2,4001,0.23543566,0.011819899
trimmed_mean,adaptive_evasion,3,8,2,3,0.2,4001,0.25934747,0.028520826
trimmed_mean,adaptive_evasion,4,8,2,3,0.2,4001,0.22214144,0.06035455
trimmed_mean,adaptive_evasion,5,8,2,3,0.2,4001,0.44185215,0.092764884
trimmed_mean,adaptive_evasion,6,8,2,3,0.2,4001,0.19559069,0.03226409
trimmed_mean,adaptive_evasion,7,8,2,3,0.2,4001,0.21138231,0.02773673
trimmed_mean,adaptive_evasion,8,8,2,3,0.2,4001,0.41450042,0.04367005
trimmed_mean,adaptive_evasion,9,8,2,3,0.2,4001,0.24459314,0.063042805
trimmed_mean,adaptive_evasion,10,8,2,3,0.2,4001,0.24529174,0.049037125
trimmed_mean,adaptive_evasion,11,8,2,3,0.2,4001,0.25478184,0.040129397
trimmed_mean,adaptive_evasion,12,8,2,3,0.2,4001,0.3371233,0.042324424
trimmed_mean,adaptive_evasion,13,8,2,3,0.2,4001,0.28090677,0.02836103
trimmed_mean,adaptive_evasion,14,8,2,3,0.2,4001,0.20301566,0.04968188
trimmed_mean,adaptive_evasion,15,8,2,3,0.2,4001,0.22357117,0.042585112
trimmed_mean,adaptive_evasion,16,8,2,3,0.2,4001,0.19643195,0.029554674
trimmed_mean,adaptive_evasion,17,8,2,3,0.2,4001,0.15548277,0.01868316
trimmed_mean,adaptive_evasion,18,8,2,3,0.2,4001,0.39671925,0.03839377
trimmed_mean,adaptive_evasion,19,8,2,3,0.2,4001,0.18276355,0.014339008
median,adaptive_evasion,0,8,2,3,0.2,1,0.19433166,0.0022897436
median,adaptive_evasion,1,8,2,3,0.2,1,0.14201252,0.0034162905
median,adaptive_evasion,2,8,2,3,0.2,1,0.28596482,0.014356683
median,adaptive_evasion,3,8,2,3,0.2,1,0.42618325,0.046868004
median,adaptive_evasion,4,8,2,3,0.2,1,0.31905589,0.028339537
median,adaptive_evasion,5,8,2,3,0.2,1,0.3451333,0.0724592
median,adaptive_evasion,6,8,2,3,0.2,1,0.12325972,0.020332579
median,adaptive_evasion,7,8,2,3,0.2,1,0.21165885,0.027773017
median,adaptive_evasion,8,8,2,3,0.2,1,0.34070027,0.035894774
median,adaptive_evasion,9,8,2,3,0.2,1,0.20264217,0.05223013
median,adaptive_evasion,10,8,2,3,0.2,1,0.5300715,0.10596844
median,adaptive_evasion,11,8,2,3,0.2,1,0.19923449,0.031380415
median,adaptive_evasion,12,8,2,3,0.2,1,0.15803827,0.019841045
median,adaptive_evasion,13,8,2,3,0.2,1,0.2915658,0.029437192
median,adaptive_evasion,14,8,2,3,0.2,1,0.44319332,0.10845803
median,adaptive_evasion,15,8,2,3,0.2,1,0.16842572,0.032081187
median,adaptive_evasion,16,8,2,3,0.2,1,0.26990587,0.040609382
median,adaptive_evasion,17,8,2,3,0.2,1,0.121500105,0.014599727
median,adaptive_evasion,18,8,2,3,0.2,1,0.25921783,0.078669704
median,adaptive_evasion,19,8,2,3,0.2,1,0.18293737,0.04253934
median,adaptive_evasion,0,8,2,3,0.2,1001,0.10113035,0.0011915844
median,adaptive_evasion,1,8,2,3,0.2,1001,0.26969048,0.006487745
median,adaptive_evasion,2,8,2,3,0.2,1001,0.16867985,0.008468466
median,adaptive_evasion,3,8,2,3,0.2,1001,0.34979954,0.038467973
median,adaptive_evasion,4,8,2,3,0.2,1001,0.12659311,0.011244394
median,adaptive_evasion,5,8,2,3,0.2,1001,0.5194063,0.10904703
median,adaptive_evasion,6,8,2,3,0.2,1001,0.27652633,0.04561501
median,adaptive_evasion,7,8,2,3,0.2,1001,0.109956846,0.014428092
median,adaptive_evasion,8,8,2,3,0.2,1001,0.42911842,0.045210145
median,adaptive_evasion,9,8,2,3,0.2,1001,0.33912998,0.087409265
median,adaptive_evasion,10,8,2,3,0.2,1001,0.16275586,0.03253709
median,adaptive_evasion,11,8,2,3,0.2,1001,0.34084776,0.053685203
median,adaptive_evasion,12,8,2,3,0.2,1001,0.21226236,0.026648654
median,adaptive_evasion,13,8,2,3,0.2,1001,0.46282068,0.14850254
median,adaptive_evasion,14,8,2,3,0.2,1001,0.21119179,0.05168274
median,adaptive_evasion,15,8,2,3,0.2,1001,0.12057815,0.022967335
median,adaptive_evasion,16,8,2,3,0.2,1001,0.21795568,0.032793082
median,adaptive_evasion,17,8,2,3,0.2,1001,0.14793509,0.017776215
median,adaptive_evasion,18,8,2,3,0.2,1001,0.17867966,0.054227274
median,adaptive_evasion,19,8,2,3,0.2,1001,0.27905756,0.06489065
median,adaptive_evasion,0,8,2,3,0.2,2001,0.35994273,0.0042410824
median,adaptive_evasion,1,8,2,3,0.2,2001,0.29867586,0.007185025
median,adaptive_evasion,2,8,2,3,0.2,2001,0.09259435,0.0046486408
median,adaptive_evasion,3,8,2,3,0.2,2001,0.34751457,0.03821669
median,adaptive_evasion,4,8,2,3,0.2,2001,0.39229125,0.03484453
median,adaptive_evasion,5,8,2,3,0.2,2001,0.18621346,0.039094683
median,adaptive_evasion,6,8,2,3,0.2,2001,0.2670931,0.044058926
median,adaptive_evasion,7,8,2,3,0.2,2001,0.20431541,0.02680944
median,adaptive_evasion,8,8,2,3,0.2,2001,0.2370984,0.024979707
median,adaptive_evasion,9,8,2,3,0.2,2001,0.31738022,0.08180336
median,adaptive_evasion,10,8,2,3,0.2,2001,0.21936725,0.04385447
median,adaptive_evasion,11,8,2,3,0.2,2001,0.21972732,0.034608137
median,adaptive_evasion,12,8,2,3,0.2,2001,0.3482065,0.043715872
median,adaptive_evasion,13,8,2,3,0.2,2001,0.4299444,0.04340823
median,adaptive_evasion,14,8,2,3,0.2,2001,0.21026392,0.051455673
median,adaptive_evasion,15,8,2,3,0.2,2001,0.18112363,0.034499843
median,adaptive_evasion,16,8,2,3,0.2,2001,0.065327995,0.009829092
median,adaptive_evasion,17,8,2,3,0.2,2001,0.24679002,0.029654846
median,adaptive_evasion,18,8,2,3,0.2,2001,0.30270308,0.09186699
median,adaptive_evasion,19,8,2,3,0.2,2001,0.5254711,0.12219042
median,adaptive_evasion,0,8,2,3,0.2,3001,0.08446721,0.0009952483
median,adaptive_evasion,1,8,2,3,0.2,3001,0.2870322,0.0069049215
median,adaptive_evasion,2,8,2,3,0.2,3001,0.4509818,0.022641256
median,adaptive_evasion,3,8,2,3,0.2,3001,0.23507977,0.025852071
median,adaptive_evasion,4,8,2,3,0.2,3001,0.112057544,0.0099533
median,adaptive_evasion,5,8,2,3,0.2,3001,0.17364886,0.036456805
median,adaptive_evasion,6,8,2,3,0.2,3001,0.21673352,0.035751753
median,adaptive_evasion,7,8,2,3,0.2,3001,0.23192532,0.030432303
median,adaptive_evasion,8,8,2,3,0.2,3001,0.1234052,0.013001462
median,adaptive_evasion,9,8,2,3,0.2,3001,0.38989145,0.100492805
median,adaptive_evasion,10,8,2,3,0.2,3001,0.29023573,0.058022033
median,adaptive_evasion,11,8,2,3,0.2,3001,0.32356188,0.05096259
median,adaptive_evasion,12,8,2,3,0.2,3001,0.33771178,0.042398304
median,adaptive_evasion,13,8,2,3,0.2,3001,0.035887785,0.011515102
median,adaptive_evasion,14,8,2,3,0.2,3001,0.2766415,0.06769955
median,adaptive_evasion,15,8,2,3,0.2,3001,0.17112084,0.032594543
median,adaptive_evasion,16,8,2,3,0.2,3001,0.3283884,0.04940852
median,adaptive_evasion,17,8,2,3,0.2,3001,0.40898114,0.049144097
median,adaptive_evasion,18,8,2,3,0.2,3001,0.20110586,0.019462662
median,adaptive_evasion,19,8,2,3,0.2,3001,0.36372668,0.084579185
median,adaptive_evasion,0,8,2,3,0.2,4001,0.2855066,0.0033640268
median,adaptive_evasion,1,8,2,3,0.2,4001,0.25682727,0.006178304
median,adaptive_evasion,2,8,2,3,0.2,4001,0.19225034,0.009651807
median,adaptive_evasion,3,8,2,3,0.2,4001,0.2551473,0.028058928
median,adaptive_evasion,4,8,2,3,0.2,4001,0.22899741,0.062217277
median,adaptive_evasion,5,8,2,3,0.2,4001,0.39236808,0.08237592
median,adaptive_evasion,6,8,2,3,0.2,4001,0.21241185,0.035038862
median,adaptive_evasion,7,8,2,3,0.2,4001,0.16441607,0.021574011
median,adaptive_evasion,8,8,2,3,0.2,4001,0.39301878,0.13347615
median,adaptive_evasion,9,8,2,3,0.2,4001,0.23813441,0.0613781
median,adaptive_evasion,10,8,2,3,0.2,4001,0.0950918,0.019010132
median,adaptive_evasion,11,8,2,3,0.2,4001,0.12824193,0.020198736
median,adaptive_evasion,12,8,2,3,0.2,4001,0.26097682,0.11305145
median,adaptive_evasion,13,8,2,3,0.2,4001,0.30235398,0.09701455
median,adaptive_evasion,14,8,2,3,0.2,4001,0.20023173,0.0490006
median,adaptive_evasion,15,8,2,3,0.2,4001,0.3379047,0.06436299
median,adaptive_evasion,16,8,2,3,0.2,4001,0.19742249,0.029703708
median,adaptive_evasion,17,8,2,3,0.2,4001,0.25535023,0.03068346
median,adaptive_evasion,18,8,2,3,0.2,4001,0.468022,0.045294322
median,adaptive_evasion,19,8,2,3,0.2,4001,0.15103127,0.0118494015
faba,adaptive_evasion,0,8,2,3,0.2,1,0.09130984,0.0010758726
faba,adaptive_evasion,1,8,2,3,0.2,1,0.16155167,0.0038863292
faba,adaptive_evasion,2,8,2,3,0.2,1,0.16640949,0.008354484
faba,adaptive_evasion,3,8,2,3,0.2,1,0.23850659,0.026228923
faba,adaptive_evasion,4,8,2,3,0.2,1,0.08631606,0.023451576
faba,adaptive_evasion,5,8,2,3,0.2,1,0.20534198,0.04311063
faba,adaptive_evasion,6,8,2,3,0.2,1,0.091160536,0.015037587
faba,adaptive_evasion,7,8,2,3,0.2,1,0.12923342,0.05969035
faba,adaptive_evasion,8,8,2,3,0.2,1,0.17155503,0.05826313
faba,adaptive_evasion,9,8,2,3,0.2,1,0.19107847,0.049249634
faba,adaptive_evasion,10,8,2,3,0.2,1,0.30065653,0.060105294
faba,adaptive_evasion,11,8,2,3,0.2,1,0.014737415,0.0023212156
faba,adaptive_evasion,12,8,2,3,0.2,1,0.105662316,0.045771413
faba,adaptive_evasion,13,8,2,3,0.2,1,0.16074833,0.051578373
faba,adaptive_evasion,14,8,2,3,0.2,1,0.28514582,0.06978073
faba,adaptive_evasion,15,8,2,3,0.2,1,0.13542593,0.025795491
faba,adaptive_evasion,16,8,2,3,0.2,1,0.19463722,0.1106543
faba,adaptive_evasion,17,8,2,3,0.2,1,0.12056412,0.04906624
faba,adaptive_evasion,18,8,2,3,0.2,1,0.10319564,0.03131872
faba,adaptive_evasion,19,8,2,3,0.2,1,0.21041752,0.048929438
faba,adaptive_evasion,0,8,2,3,0.2,1001,0.13331048,0.0015707519
faba,adaptive_evasion,1,8,2,3,0.2,1001,0.11451197,0.00275473
faba,adaptive_evasion,2,8,2,3,0.2,1001,0.05046344,0.0025334852
faba,adaptive_evasion,3,8,2,3,0.2,1001,0.34378058,0.03780606
faba,adaptive_evasion,4,8,2,3,0.2,1001,0.15308267,0.041591678
faba,adaptive_evasion,5,8,2,3,0.2,1001,0.37664187,0.07907428
faba,adaptive_evasion,6,8,2,3,0.2,1001,0.19811253,0.032680087
faba,adaptive_evasion,7,8,2,3,0.2,1001,0.18833597,0.08698864
faba,adaptive_evasion,8,8,2,3,0.2,1001,0.25478095,0.08652813
faba,adaptive_evasion,9,8,2,3,0.2,1001,0.20227963,0.052136686
faba,adaptive_evasion,10,8,2,3,0.2,1001,0.16930111,0.033845574
faba,adaptive_evasion,11,8,2,3,0.2,1001,0.1666822,0.10194277
faba,adaptive_evasion,12,8,2,3,0.2,1001,0.22706729,0.09836232
faba,adaptive_evasion,13,8,2,3,0.2,1001,0.23869063,0.07658726
faba,adaptive_evasion,14,8,2,3,0.2,1001,0.11934321,0.029205604
faba,adaptive_evasion,15,8,2,3,0.2,1001,0.13368867,0.025464585
faba,adaptive_evasion,16,8,2,3,0.2,1001,0.22704922,0.12908103
faba,adaptive_evasion,17,8,2,3,0.2,1001,0.099514395,0.04049959
faba,adaptive_evasion,18,8,2,3,0.2,1001,0.17173456,0.052119512
faba,adaptive_evasion,19,8,2,3,0.2,1001,0.14199027,0.03301771
faba,adaptive_evasion,0,8,2,3,0.2,2001,0.29097116,0.0034284138
faba,adaptive_evasion,1,8,2,3,0.2,2001,0.34145078,0.0082140295
faba,adaptive_evasion,2,8,2,3,0.2,2001,0.21334082,0.010710642
faba,adaptive_evasion,3,8,2,3,0.2,2001,0.1739292,0.019127252
faba,adaptive_evasion,4,8,2,3,0.2,2001,0.18159948,0.049339533
faba,adaptive_evasion,5,8,2,3,0.2,2001,0.21369864,0.044865075
faba,adaptive_evasion,6,8,2,3,0.2,2001,0.09514481,0.062779285
faba,adaptive_evasion,7,8,2,3,0.2,2001,0.03486664,0.016104208
faba,adaptive_evasion,8,8,2,3,0.2,2001,0.19313756,0.065592945
faba,adaptive_evasion,9,8,2,3,0.2,2001,0.14237557,0.03669668
faba,adaptive_evasion,10,8,2,3,0.2,2001,0.17137504,0.03426018
faba,adaptive_evasion,11,8,2,3,0.2,2001,0.17588313,0.10757005
faba,adaptive_evasion,12,8,2,3,0.2,2001,0.23511872,0.101850085
faba,adaptive_evasion,13,8,2,3,0.2,2001,0.27402654,0.087925285
faba,adaptive_evasion,14,8,2,3,0.2,2001,0.2548344,0.06236294
faba,adaptive_evasion,15,8,2,3,0.2,2001,0.14029968,0.026723828
faba,adaptive_evasion,16,8,2,3,0.2,2001,0.13125697,0.07462163
faba,adaptive_evasion,17,8,2,3,0.2,2001,0.153924,0.06264278
faba,adaptive_evasion,18,8,2,3,0.2,2001,0.13531749,0.04106734
faba,adaptive_evasion,19,8,2,3,0.2,2001,0.24131583,0.056114376
faba,adaptive_evasion,0,8,2,3,0.2,3001,0.13815947,0.0016278859
faba,adaptive_evasion,1,8,2,3,0.2,3001,0.22956407,0.0055224537
faba,adaptive_evasion,2,8,2,3,0.2,3001,0.30266336,0.015195023
faba,adaptive_evasion,3,8,2,3,0.2,3001,0.16175407,0.017788336
faba,adaptive_evasion,4,8,2,3,0.2,3001,0.1371996,0.03727634
faba,adaptive_evasion,5,8,2,3,0.2,3001,0.08722355,0.018312195
faba,adaptive_evasion,6,8,2,3,0.2,3001,0.23414339,0.03862364
faba,adaptive_evasion,7,8,2,3,0.2,3001,0.16183282,0.07474737
faba,adaptive_evasion,8,8,2,3,0.2,3001,0.098083295,0.033310827
faba,adaptive_evasion,9,8,2,3,0.2,3001,0.17345354,0.04470689
faba,adaptive_evasion,10,8,2,3,0.2,3001,0.13487487,0.026963305
faba,adaptive_evasion,11,8,2,3,0.2,3001,0.43272933,0.068157
faba,adaptive_evasion,12,8,2,3,0.2,3001,0.22118776,0.09581539
faba,adaptive_evasion,13,8,2,3,0.2,3001,0.10767205,0.034548096
faba,adaptive_evasion,14,8,2,3,0.2,3001,0.13815124,0.0338083
faba,adaptive_evasion,15,8,2,3,0.2,3001,0.06708015,0.012777209
faba,adaptive_evasion,16,8,2,3,0.2,3001,0.15590908,0.08863674
faba,adaptive_evasion,17,8,2,3,0.2,3001,0.24400753,0.09930427
faba,adaptive_evasion,18,8,2,3,0.2,3001,0.10876588,0.033009224
faba,adaptive_evasion,19,8,2,3,0.2,3001,0.21983077,0.051118348
faba,adaptive_evasion,0,8,2,3,0.2,4001,0.20224643,0.0023830005
faba,adaptive_evasion,1,8,2,3,0.2,4001,0.16083111,0.0038689952
faba,adaptive_evasion,2,8,2,3,0.2,4001,0.049382646,0.0024792247
faba,adaptive_evasion,3,8,2,3,0.2,4001,0.2100872,0.0231036
faba,adaptive_evasion,4,8,2,3,0.2,4001,0.1805922,0.049065858
faba,adaptive_evasion,5,8,2,3,0.2,4001,0.2590583,0.054388132
faba,adaptive_evasion,6,8,2,3,0.2,4001,0.052704,0.008693904
faba,adaptive_evasion,7,8,2,3,0.2,4001,0.09778985,0.04516719
faba,adaptive_evasion,8,8,2,3,0.2,4001,0.31222102,0.1060358
faba,adaptive_evasion,9,8,2,3,0.2,4001,0.082312964,0.021215804
faba,adaptive_evasion,10,8,2,3,0.2,4001,0.18491596,0.03696719
faba,adaptive_evasion,11,8,2,3,0.2,4001,0.15050846,0.023705825
faba,adaptive_evasion,12,8,2,3,0.2,4001,0.27828765,0.12055025
faba,adaptive_evasion,13,8,2,3,0.2,4001,0.16988316,0.054509412
faba,adaptive_evasion,14,8,2,3,0.2,4001,0.07504213,0.01836427
faba,adaptive_evasion,15,8,2,3,0.2,4001,0.124666005,0.023745976
faba,adaptive_evasion,16,8,2,3,0.2,4001,0.09679694,0.05503057
faba,adaptive_evasion,17,8,2,3,0.2,4001,0.1423877,0.057947833
faba,adaptive_evasion,18,8,2,3,0.2,4001,0.20953552,0.06359168
faba,adaptive_evasion,19,8,2,3,0.2,4001,0.03174618,0.0073820977
bulyan,adaptive_evasion,0,8,2,3,0.2,1,0.12704699,0.0014969512
bulyan,adaptive_evasion,1,8,2,3,0.2,1,0.26747686,0.006434493
bulyan,adaptive_evasion,2,8,2,3,0.2,1,0.15792902,0.007928727
bulyan,adaptive_evasion,3,8,2,3,0.2,1,0.24736524,0.027203122
bulyan,adaptive_evasion,4,8,2,3,0.2,1,0.19062845,0.05179265
bulyan,adaptive_evasion,5,8,2,3,0.2,1,0.27805954,0.05837736
bulyan,adaptive_evasion,6,8,2,3,0.2,1,0.116840295,0.019273648
bulyan,adaptive_evasion,7,8,2,3,0.2,1,0.04389515,0.020274298
bulyan,adaptive_evasion,8,8,2,3,0.2,1,0.2139549,0.07266288
bulyan,adaptive_evasion,9,8,2,3,0.2,1,0.23788,0.061312526
bulyan,adaptive_evasion,10,8,2,3,0.2,1,0.520157,0.48437527
bulyan,adaptive_evasion,11,8,2,3,0.2,1,0.082786694,0.05063231
bulyan,adaptive_evasion,12,8,2,3,0.2,1,0.120753065,0.05230851
bulyan,adaptive_evasion,13,8,2,3,0.2,1,0.22239822,0.07135961
bulyan,adaptive_evasion,14,8,2,3,0.2,1,0.2822071,0.06906157
bulyan,adaptive_evasion,15,8,2,3,0.2,1,0.0540285,0.010291174
bulyan,adaptive_evasion,16,8,2,3,0.2,1,0.23832498,0.0358578
bulyan,adaptive_evasion,17,8,2,3,0.2,1,0.14339837,0.058359146
bulyan,adaptive_evasion,18,8,2,3,0.2,1,0.16247505,0.049309358
bulyan,adaptive_evasion,19,8,2,3,0.2,1,0.2000277,0.046513442
bulyan,adaptive_evasion,0,8,2,3,0.2,1001,0.109267995,0.0012874674
bulyan,adaptive_evasion,1,8,2,3,0.2,1001,0.17057109,0.004103303
bulyan,adaptive_evasion,2,8,2,3,0.2,1001,0.15320145,0.007691382
bulyan,adaptive_evasion,3,8,2,3,0.2,1001,0.3991399,0.043894008
bulyan,adaptive_evasion,4,8,2,3,0.2,1001,0.20633815,0.056060888
bulyan,adaptive_evasion,5,8,2,3,0.2,1001,0.37895617,0.07956015
bulyan,adaptive_evasion,6,8,2,3,0.2,1001,0.1664208,0.027452309
bulyan,adaptive_evasion,7,8,2,3,0.2,1001,0.064810045,0.029934473
bulyan,adaptive_evasion,8,8,2,3,0.2,1001,0.29684305,0.10081317
bulyan,adaptive_evasion,9,8,2,3,0.2,1001,0.09126375,0.02352283
bulyan,adaptive_evasion,10,8,2,3,0.2,1001,0.11558478,0.023106957
bulyan,adaptive_evasion,11,8,2,3,0.2,1001,0.13477618,0.021227911
bulyan,adaptive_evasion,12,8,2,3,0.2,1001,0.2917427,0.12637879
bulyan,adaptive_evasion,13,8,2,3,0.2,1001,0.2730754,0.0876201
bulyan,adaptive_evasion,14,8,2,3,0.2,1001,0.15108898,0.036974415
bulyan,adaptive_evasion,15,8,2,3,0.2,1001,0.16949971,0.032285757
bulyan,adaptive_evasion,16,8,2,3,0.2,1001,0.30817223,0.17520072
bulyan,adaptive_evasion,17,8,2,3,0.2,1001,0.111653835,0.045440003
bulyan,adaptive_evasion,18,8,2,3,0.2,1001,0.27834025,0.08447315
bulyan,adaptive_evasion,19,8,2,3,0.2,1001,0.23552857,0.054768637
bulyan,adaptive_evasion,0,8,2,3,0.2,2001,0.29651725,0.0034937614
bulyan,adaptive_evasion,1,8,2,3,0.2,2001,0.35958865,0.008650359
bulyan,adaptive_evasion,2,8,2,3,0.2,2001,0.2243795,0.011264831
bulyan,adaptive_evasion,3,8,2,3,0.2,2001,0.077778906,0.008553461
bulyan,adaptive_evasion,4,8,2,3,0.2,2001,0.1302737,0.035394613
bulyan,adaptive_evasion,5,8,2,3,0.2,2001,0.26396918,0.05541915
bulyan,adaptive_evasion,6,8,2,3,0.2,2001,0.080719285,0.053260908
bulyan,adaptive_evasion,7,8,2,3,0.2,2001,0.080113225,0.03700271
bulyan,adaptive_evasion,8,8,2,3,0.2,2001,0.17121528,0.058147747
bulyan,adaptive_evasion,9,8,2,3,0.2,2001,0.1964463,0.05063317
bulyan,adaptive_evasion,10,8,2,3,0.2,2001,0.13602102,0.027192436
bulyan,adaptive_evasion,11,8,2,3,0.2,2001,0.25885296,0.040770616
bulyan,adaptive_evasion,12,8,2,3,0.2,2001,0.27499217,0.1191227
bulyan,adaptive_evasion,13,8,2,3,0.2,2001,0.17804037,0.057126768
bulyan,adaptive_evasion,14,8,2,3,0.2,2001,0.31286687,0.07656461
bulyan,adaptive_evasion,15,8,2,3,0.2,2001,0.15103047,0.12830393
bulyan,adaptive_evasion,16,8,2,3,0.2,2001,0.12275488,0.06978806
bulyan,adaptive_evasion,17,8,2,3,0.2,2001,0.24144824,0.09826271
bulyan,adaptive_evasion,18,8,2,3,0.2,2001,0.17372343,0.052723113
bulyan,adaptive_evasion,19,8,2,3,0.2,2001,0.31286865,0.072752915
bulyan,adaptive_evasion,0,8,2,3,0.2,3001,0.14755784,0.0017386236
bulyan,adaptive_evasion,1,8,2,3,0.2,3001,0.23037983,0.0055420776
bulyan,adaptive_evasion,2,8,2,3,0.2,3001,0.3472555,0.017433744
bulyan,adaptive_evasion,3,8,2,3,0.2,3001,0.18091679,0.019895688
bulyan,adaptive_evasion,4,8,2,3,0.2,3001,0.15572469,0.0423095
bulyan,adaptive_evasion,5,8,2,3,0.2,3001,0.1139385,0.023920879
bulyan,adaptive_evasion,6,8,2,3,0.2,3001,0.23301557,0.15375037
bulyan,adaptive_evasion,7,8,2,3,0.2,3001,0.20088832,0.09278633
bulyan,adaptive_evasion,8,8,2,3,0.2,3001,0.15758462,0.053518534
bulyan,adaptive_evasion,9,8,2,3,0.2,3001,0.20364106,0.052487586
bulyan,adaptive_evasion,10,8,2,3,0.2,3001,0.20251255,0.040484987
bulyan,adaptive_evasion,11,8,2,3,0.2,3001,0.5192077,0.081777774
bulyan,adaptive_evasion,12,8,2,3,0.2,3001,0.26867238,0.11638505
bulyan,adaptive_evasion,13,8,2,3,0.2,3001,0.13658635,0.04382566
bulyan,adaptive_evasion,14,8,2,3,0.2,3001,0.20237829,0.049525905
bulyan,adaptive_evasion,15,8,2,3,0.2,3001,0.15354493,0.029246742
bulyan,adaptive_evasion,16,8,2,3,0.2,3001,0.17629236,0.026524521
bulyan,adaptive_evasion,17,8,2,3,0.2,3001,0.25667065,0.10445781
bulyan,adaptive_evasion,18,8,2,3,0.2,3001,0.10704417,0.032486703
bulyan,adaptive_evasion,19,8,2,3,0.2,3001,0.245921,0.05718524
bulyan,adaptive_evasion,0,8,2,3,0.2,4001,0.22843738,0.0026915995
bulyan,adaptive_evasion,1,8,2,3,0.2,4001,0.12674373,0.0030489806
bulyan,adaptive_evasion,2,8,2,3,0.2,4001,0.21606149,0.01084723
bulyan,adaptive_evasion,3,8,2,3,0.2,4001,0.25603724,0.028156795
bulyan,adaptive_evasion,4,8,2,3,0.2,4001,0.15911974,0.043231916
bulyan,adaptive_evasion,5,8,2,3,0.2,4001,0.37525174,0.078782424
bulyan,adaptive_evasion,6,8,2,3,0.2,4001,0.11941093,0.019697692
bulyan,adaptive_evasion,7,8,2,3,0.2,4001,0.08329258,0.03847119
bulyan,adaptive_evasion,8,8,2,3,0.2,4001,0.3576767,0.121473365
bulyan,adaptive_evasion,9,8,2,3,0.2,4001,0.1496597,0.03857413
bulyan,adaptive_evasion,10,8,2,3,0.2,4001,0.08101842,0.016196674
bulyan,adaptive_evasion,11,8,2,3,0.2,4001,0.107064776,0.01686323
bulyan,adaptive_evasion,12,8,2,3,0.2,4001,0.16438934,0.07121112
bulyan,adaptive_evasion,13,8,2,3,0.2,4001,0.18520294,0.059424978
bulyan,adaptive_evasion,14,8,2,3,0.2,4001,0.072930805,0.017847586
bulyan,adaptive_evasion,15,8,2,3,0.2,4001,0.23002614,0.043814633
bulyan,adaptive_evasion,16,8,2,3,0.2,4001,0.09734696,0.055343267
bulyan,adaptive_evasion,17,8,2,3,0.2,4001,0.093480565,0.038043987
bulyan,adaptive_evasion,18,8,2,3,0.2,4001,0.28271905,0.08580206
bulyan,adaptive_evasion,19,8,2,3,0.2,4001,0.1452246,0.0337698
geometric_median,adaptive_evasion,0,8,2,3,0.2,1,0.1493684,0.0017599569
geometric_median,adaptive_evasion,1,8,2,3,0.2,1,0.13079931,0.0031465425
geometric_median,adaptive_evasion,2,8,2,3,0.2,1,0.22627595,0.011360042
geometric_median,adaptive_evasion,3,8,2,3,0.2,1,0.36338615,0.039962113
geometric_median,adaptive_evasion,4,8,2,3,0.2,1,0.2850244,0.025316754
geometric_median,adaptive_evasion,5,8,2,3,0.2,1,0.3150518,0.066143714
geometric_median,adaptive_evasion,6,8,2,3,0.2,1,0.07516991,0.012399819
geometric_median,adaptive_evasion,7,8,2,3,0.2,1,0.21113673,0.027704507
geometric_median,adaptive_evasion,8,8,2,3,0.2,1,0.2946865,0.031046953
geometric_median,adaptive_evasion,9,8,2,3,0.2,1,0.19249254,0.049614105
geometric_median,adaptive_evasion,10,8,2,3,0.2,1,0.47459328,0.09487759
geometric_median,adaptive_evasion,11,8,2,3,0.2,1,0.1449928,0.02283708
geometric_median,adaptive_evasion,12,8,2,3,0.2,1,0.094757006,0.011896347
geometric_median,adaptive_evasion,13,8,2,3,0.2,1,0.33942434,0.10890909
geometric_median,adaptive_evasion,14,8,2,3,0.2,1,0.5202115,0.12730588
geometric_median,adaptive_evasion,15,8,2,3,0.2,1,0.10953781,0.020864407
geometric_median,adaptive_evasion,16,8,2,3,0.2,1,0.31307372,0.047104314
geometric_median,adaptive_evasion,17,8,2,3,0.2,1,0.19376552,0.023283303
geometric_median,adaptive_evasion,18,8,2,3,0.2,1,0.28847915,0.087550186
geometric_median,adaptive_evasion,19,8,2,3,0.2,1,0.1763971,0.0410185
geometric_median,adaptive_evasion,0,8,2,3,0.2,1001,0.114157684,0.001345081
geometric_median,adaptive_evasion,1,8,2,3,0.2,1001,0.25680336,0.006177729
geometric_median,adaptive_evasion,2,8,2,3,0.2,1001,0.22640619,0.01136658
geometric_median,adaptive_evasion,3,8,2,3,0.2,1001,0.34042358,0.037436888
geometric_median,adaptive_evasion,4,8,2,3,0.2,1001,0.14052676,0.03818031
geometric_median,adaptive_evasion,5,8,2,3,0.2,1001,0.53917533,0.11319745
geometric_median,adaptive_evasion,6,8,2,3,0.2,1001,0.28304598,0.04669047
geometric_median,adaptive_evasion,7,8,2,3,0.2,1001,0.18123089,0.023780383
geometric_median,adaptive_evasion,8,8,2,3,0.2,1001,0.37597826,0.03961152
geometric_median,adaptive_evasion,9,8,2,3,0.2,1001,0.24617013,0.06344927
geometric_median,adaptive_evasion,10,8,2,3,0.2,1001,0.19314446,0.03861218
geometric_median,adaptive_evasion,11,8,2,3,0.2,1001,0.3027856,0.047690224
geometric_median,adaptive_evasion,12,8,2,3,0.2,1001,0.2597523,0.03261082
geometric_median,adaptive_evasion,13,8,2,3,0.2,1001,0.3584366,0.11500945
geometric_median,adaptive_evasion,14,8,2,3,0.2,1001,0.16512291,0.04040879
geometric_median,adaptive_evasion,15,8,2,3,0.2,1001,0.112839125,0.021493232
geometric_median,adaptive_evasion,16,8,2,3,0.2,1001,0.20432949,0.03074292
geometric_median,adaptive_evasion,17,8,2,3,0.2,1001,0.2066976,0.08412017
geometric_median,adaptive_evasion,18,8,2,3,0.2,1001,0.2644741,0.080264926
geometric_median,adaptive_evasion,19,8,2,3,0.2,1001,0.22430004,0.05215761
geometric_median,adaptive_evasion,0,8,2,3,0.2,2001,0.36275712,0.004274243
geometric_median,adaptive_evasion,1,8,2,3,0.2,2001,0.30469355,0.007329788
geometric_median,adaptive_evasion,2,8,2,3,0.2,2001,0.10750947,0.005397445
geometric_median,adaptive_evasion,3,8,2,3,0.2,2001,0.18634215,0.020492323
geometric_median,adaptive_evasion,4,8,2,3,0.2,2001,0.29574782,0.08035298
geometric_median,adaptive_evasion,5,8,2,3,0.2,2001,0.21231167,0.04457389
geometric_median,adaptive_evasion,6,8,2,3,0.2,2001,0.15984057,0.026366852
geometric_median,adaptive_evasion,7,8,2,3,0.2,2001,0.11053273,0.014503658
geometric_median,adaptive_evasion,8,8,2,3,0.2,2001,0.22817025,0.024039075
geometric_median,adaptive_evasion,9,8,2,3,0.2,2001,0.24776183,0.06385952
geometric_median,adaptive_evasion,10,8,2,3,0.2,2001,0.19190718,0.03836483
geometric_median,adaptive_evasion,11,8,2,3,0.2,2001,0.18434995,0.029036026
geometric_median,adaptive_evasion,12,8,2,3,0.2,2001,0.35649875,0.04475693
geometric_median,adaptive_evasion,13,8,2,3,0.2,2001,0.36984882,0.037340835
geometric_median,adaptive_evasion,14,8,2,3,0.2,2001,0.23226982,0.056840945
geometric_median,adaptive_evasion,15,8,2,3,0.2,2001,0.16456732,0.03134625
geometric_median,adaptive_evasion,16,8,2,3,0.2,2001,0.14490612,0.021802222
geometric_median,adaptive_evasion,17,8,2,3,0.2,2001,0.22222234,0.09043831
geometric_median,adaptive_evasion,18,8,2,3,0.2,2001,0.2235606,0.06784814
geometric_median,adaptive_evasion,19,8,2,3,0.2,2001,0.4071583,0.09467855
geometric_median,adaptive_evasion,0,8,2,3,0.2,3001,0.17367569,0.0020463613
geometric_median,adaptive_evasion,1,8,2,3,0.2,3001,0.2777278,0.006681093
geometric_median,adaptive_evasion,2,8,2,3,0.2,3001,0.38649952,0.019403964
geometric_median,adaptive_evasion,3,8,2,3,0.2,3001,0.16576615,0.01822955
geometric_median,adaptive_evasion,4,8,2,3,0.2,3001,0.1738849,0.047243524
geometric_median,adaptive_evasion,5,8,2,3,0.2,3001,0.14149868,0.029707016
geometric_median,adaptive_evasion,6,8,2,3,0.2,3001,0.22855227,0.037701342
geometric_median,adaptive_evasion,7,8,2,3,0.2,3001,0.18681914,0.08628805
geometric_median,adaptive_evasion,8,8,2,3,0.2,3001,0.12854707,0.043656867
geometric_median,adaptive_evasion,9,8,2,3,0.2,3001,0.2419427,0.06235967
geometric_median,adaptive_evasion,10,8,2,3,0.2,3001,0.27024347,0.05402531
geometric_median,adaptive_evasion,11,8,2,3,0.2,3001,0.42965916,0.06767344
geometric_median,adaptive_evasion,12,8,2,3,0.2,3001,0.2828769,0.035514016
geometric_median,adaptive_evasion,13,8,2,3,0.2,3001,0.05905409,0.0059622447
geometric_median,adaptive_evasion,14,8,2,3,0.2,3001,0.18462655,0.04518171
geometric_median,adaptive_evasion,15,8,2,3,0.2,3001,0.19446366,0.037040807
geometric_median,adaptive_evasion,16,8,2,3,0.2,3001,0.34858498,0.052447252
geometric_median,adaptive_evasion,17,8,2,3,0.2,3001,0.44614217,0.05360945
geometric_median,adaptive_evasion,18,8,2,3,0.2,3001,0.20508233,0.019847495
geometric_median,adaptive_evasion,19,8,2,3,0.2,3001,0.36139628,0.08403728
geometric_median,adaptive_evasion,0,8,2,3,0.2,4001,0.28882676,0.003403147
geometric_median,adaptive_evasion,1,8,2,3,0.2,4001,0.21919098,0.0052729156
geometric_median,adaptive_evasion,2,8,2,3,0.2,4001,0.1593691,0.008001025
geometric_median,adaptive_evasion,3,8,2,3,0.2,4001,0.211614,0.023271505
geometric_median,adaptive_evasion,4,8,2,3,0.2,4001,0.19314554,0.052476533
geometric_median,adaptive_evasion,5,8,2,3,0.2,4001,0.3765819,0.07906169
geometric_median,adaptive_evasion,6,8,2,3,0.2,4001,0.108340174,0.017871492
geometric_median,adaptive_evasion,7,8,2,3,0.2,4001,0.18640086,0.024458766
geometric_median,adaptive_evasion,8,8,2,3,0.2,4001,0.37779137,0.12830466
geometric_median,adaptive_evasion,9,8,2,3,0.2,4001,0.2307535,0.059475698
geometric_median,adaptive_evasion,10,8,2,3,0.2,4001,0.16354291,0.032694433
geometric_median,adaptive_evasion,11,8,2,3,0.2,4001,0.13999437,0.022049803
geometric_median,adaptive_evasion,12,8,2,3,0.2,4001,0.2519797,0.031635
geometric_median,adaptive_evasion,13,8,2,3,0.2,4001,0.24996024,0.08020327
geometric_median,adaptive_evasion,14,8,2,3,0.2,4001,0.21255223,0.052015666
geometric_median,adaptive_evasion,15,8,2,3,0.2,4001,0.24746785,0.047136873
geometric_median,adaptive_evasion,16,8,2,3,0.2,4001,0.14677267,0.022083059
geometric_median,adaptive_evasion,17,8,2,3,0.2,4001,0.18808997,0.022601316
geometric_median,adaptive_evasion,18,8,2,3,0.2,4001,0.40797508,0.123815864
geometric_median,adaptive_evasion,19,8,2,3,0.2,4001,0.11375198,0.026451316
median_of_means,adaptive_evasion,0,8,2,3,0.2,1,0.18002899,0.00212122
median_of_means,adaptive_evasion,1,8,2,3,0.2,1,0.2677556,0.0064411988
median_of_means,adaptive_evasion,2,8,2,3,0.2,1,0.23179175,0.011636958
median_of_means,adaptive_evasion,3,8,2,3,0.2,1,0.34401736,0.0378321
median_of_means,adaptive_evasion,4,8,2,3,0.2,1,0.36884168,0.032761663
median_of_means,adaptive_evasion,5,8,2,3,0.2,1,0.22383504,0.046993166
median_of_means,adaptive_evasion,6,8,2,3,0.2,1,0.13572784,0.022389283
median_of_means,adaptive_evasion,7,8,2,3,0.2,1,0.21223481,0.027848592
median_of_means,adaptive_evasion,8,8,2,3,0.2,1,0.2882101,0.030364625
median_of_means,adaptive_evasion,9,8,2,3,0.2,1,0.11432136,0.029465828
median_of_means,adaptive_evasion,10,8,2,3,0.2,1,0.4647698,0.092913754
median_of_means,adaptive_evasion,11,8,2,3,0.2,1,0.15898046,0.025040206
median_of_means,adaptive_evasion,12,8,2,3,0.2,1,0.041348822,0.005191172
median_of_means,adaptive_evasion,13,8,2,3,0.2,1,0.33931395,0.10887367
median_of_means,adaptive_evasion,14,8,2,3,0.2,1,0.47455987,0.11613403
median_of_means,adaptive_evasion,15,8,2,3,0.2,1,0.22913362,0.04364463
median_of_means,adaptive_evasion,16,8,2,3,0.2,1,0.32748997,0.049273346
median_of_means,adaptive_evasion,17,8,2,3,0.2,1,0.18455315,0.022176323
median_of_means,adaptive_evasion,18,8,2,3,0.2,1,0.17908986,0.054351766
median_of_means,adaptive_evasion,19,8,2,3,0.2,1,0.2130257,0.04953593
median_of_means,adaptive_evasion,0,8,2,3,0.2,1001,0.17476827,0.0020592348
median_of_means,adaptive_evasion,1,8,2,3,0.2,1001,0.26886207,0.0064678164
median_of_means,adaptive_evasion,2,8,2,3,0.2,1001,0.12338959,0.0061946963
median_of_means,adaptive_evasion,3,8,2,3,0.2,1001,0.3825243,0.042066764
median_of_means,adaptive_evasion,4,8,2,3,0.2,1001,0.12000198,0.032603845
median_of_means,adaptive_evasion,5,8,2,3,0.2,1001,0.46350068,0.097309895
median_of_means,adaptive_evasion,6,8,2,3,0.2,1001,0.3237842,0.053410534
median_of_means,adaptive_evasion,7,8,2,3,0.2,1001,0.14429285,0.018933523
median_of_means,adaptive_evasion,8,8,2,3,0.2,1001,0.23842861,0.025119854
median_of_means,adaptive_evasion,9,8,2,3,0.2,1001,0.20988104,0.054095916
median_of_means,adaptive_evasion,10,8,2,3,0.2,1001,0.15662044,0.03131054
median_of_means,adaptive_evasion,11,8,2,3,0.2,1001,0.32233524,0.19714011
median_of_means,adaptive_evasion,12,8,2,3,0.2,1001,0.14387685,0.062325407
median_of_means,adaptive_evasion,13,8,2,3,0.2,1001,0.41719887,0.13386415
median_of_means,adaptive_evasion,14,8,2,3,0.2,1001,0.27684203,0.06774863
median_of_means,adaptive_evasion,15,8,2,3,0.2,1001,0.16007972,0.030491466
median_of_means,adaptive_evasion,16,8,2,3,0.2,1001,0.29444546,0.04430155
median_of_means,adaptive_evasion,17,8,2,3,0.2,1001,0.18004777,0.073274426
median_of_means,adaptive_evasion,18,8,2,3,0.2,1001,0.16780297,0.05092632
median_of_means,adaptive_evasion,19,8,2,3,0.2,1001,0.12490268,0.029044244
median_of_means,adaptive_evasion,0,8,2,3,0.2,2001,0.3933684,0.004634925
median_of_means,adaptive_evasion,1,8,2,3,0.2,2001,0.21403426,0.0051488644
median_of_means,adaptive_evasion,2,8,2,3,0.2,2001,0.16124155,0.008095031
median_of_means,adaptive_evasion,3,8,2,3,0.2,2001,0.32900223,0.036180865
median_of_means,adaptive_evasion,4,8,2,3,0.2,2001,0.13292377,0.011806702
median_of_means,adaptive_evasion,5,8,2,3,0.2,2001,0.07120911,0.014950034
median_of_means,adaptive_evasion,6,8,2,3,0.2,2001,0.19719867,0.03252934
median_of_means,adaptive_evasion,7,8,2,3,0.2,2001,0.124558,0.016343996
median_of_means,adaptive_evasion,8,8,2,3,0.2,2001,0.3399709,0.03581793
median_of_means,adaptive_evasion,9,8,2,3,0.2,2001,0.31173187,0.026561163
median_of_means,adaptive_evasion,10,8,2,3,0.2,2001,0.1853077,0.03704551
median_of_means,adaptive_evasion,11,8,2,3,0.2,2001,0.15907875,0.025055688
median_of_means,adaptive_evasion,12,8,2,3,0.2,2001,0.30647135,0.0384762
median_of_means,adaptive_evasion,13,8,2,3,0.2,2001,0.41048053,0.13170847
median_of_means,adaptive_evasion,14,8,2,3,0.2,2001,0.25422207,0.062213086
median_of_means,adaptive_evasion,15,8,2,3,0.2,2001,0.1948637,0.037117008
median_of_means,adaptive_evasion,16,8,2,3,0.2,2001,0.13517429,0.020337995
median_of_means,adaptive_evasion,17,8,2,3,0.2,2001,0.2803209,0.114082806
median_of_means,adaptive_evasion,18,8,2,3,0.2,2001,0.18668489,0.05665677
median_of_means,adaptive_evasion,19,8,2,3,0.2,2001,0.23516367,0.054683786
median_of_means,adaptive_evasion,0,8,2,3,0.2,3001,0.014180575,0.00016708487
median_of_means,adaptive_evasion,1,8,2,3,0.2,3001,0.30220914,0.0072700223
median_of_means,adaptive_evasion,2,8,2,3,0.2,3001,0.3401006,0.017074537
median_of_means,adaptive_evasion,3,8,2,3,0.2,3001,0.12036551,0.013236773
median_of_means,adaptive_evasion,4,8,2,3,0.2,3001,0.15137354,0.041127317
median_of_means,adaptive_evasion,5,8,2,3,0.2,3001,0.17266327,0.036249883
median_of_means,adaptive_evasion,6,8,2,3,0.2,3001,0.17229609,0.02842148
median_of_means,adaptive_evasion,7,8,2,3,0.2,3001,0.20096362,0.09282111
median_of_means,adaptive_evasion,8,8,2,3,0.2,3001,0.16228318,0.05511425
median_of_means,adaptive_evasion,9,8,2,3,0.2,3001,0.19458635,0.050153777
median_of_means,adaptive_evasion,10,8,2,3,0.2,3001,0.33742797,0.0674564
median_of_means,adaptive_evasion,11,8,2,3,0.2,3001,0.5346502,0.084210046
median_of_means,adaptive_evasion,12,8,2,3,0.2,3001,0.2831031,0.12263624
median_of_means,adaptive_evasion,13,8,2,3,0.2,3001,0.060909085,0.01954354
median_of_means,adaptive_evasion,14,8,2,3,0.2,3001,0.1967334,0.04814449
median_of_means,adaptive_evasion,15,8,2,3,0.2,3001,0.10908522,0.0207782
median_of_means,adaptive_evasion,16,8,2,3,0.2,3001,0.25687692,0.03864908
median_of_means,adaptive_evasion,17,8,2,3,0.2,3001,0.3354907,0.040313322
median_of_means,adaptive_evasion,18,8,2,3,0.2,3001,0.2744094,0.08328018
median_of_means,adaptive_evasion,19,8,2,3,0.2,3001,0.31383204,0.07297693
median_of_means,adaptive_evasion,0,8,2,3,0.2,4001,0.26820055,0.0031601153
median_of_means,adaptive_evasion,1,8,2,3,0.2,4001,0.20371577,0.00490064
median_of_means,adaptive_evasion,2,8,2,3,0.2,4001,0.15415294,0.0077391514
median_of_means,adaptive_evasion,3,8,2,3,0.2,4001,0.3025873,0.033275973
median_of_means,adaptive_evasion,4,8,2,3,0.2,4001,0.20576414,0.055904932
median_of_means,adaptive_evasion,5,8,2,3,0.2,4001,0.4136655,0.08684722
median_of_means,adaptive_evasion,6,8,2,3,0.2,4001,0.14877468,0.024541454
median_of_means,adaptive_evasion,7,8,2,3,0.2,4001,0.19336496,0.025372569
median_of_means,adaptive_evasion,8,8,2,3,0.2,4001,0.30269018,0.031890187
median_of_means,adaptive_evasion,9,8,2,3,0.2,4001,0.20231234,0.052145116
median_of_means,adaptive_evasion,10,8,2,3,0.2,4001,0.27367827,0.054711975
median_of_means,adaptive_evasion,11,8,2,3,0.2,4001,0.34226614,0.053908605
median_of_means,adaptive_evasion,12,8,2,3,0.2,4001,0.15605985,0.019592661
median_of_means,adaptive_evasion,13,8,2,3,0.2,4001,0.23692021,0.07601919
median_of_means,adaptive_evasion,14,8,2,3,0.2,4001,0.09936507,0.024316566
median_of_means,adaptive_evasion,15,8,2,3,0.2,4001,0.2516979,0.0479426
median_of_means,adaptive_evasion,16,8,2,3,0.2,4001,0.1688055,0.025398064
median_of_means,adaptive_evasion,17,8,2,3,0.2,4001,0.055436004,0.022560911
median_of_means,adaptive_evasion,18,8,2,3,0.2,4001,0.34024984,0.103262015
median_of_means,adaptive_evasion,19,8,2,3,0.2,4001,0.1023764,0.023806097
divide_and_conquer,adaptive_evasion,0,8,2,3,0.2,1,0.09130984,0.0010758726
divide_and_conquer,adaptive_evasion,1,8,2,3,0.2,1,0.16155167,0.0038863292
divide_and_conquer,adaptive_evasion,2,8,2,3,0.2,1,0.16640949,0.008354484
divide_and_conquer,adaptive_evasion,3,8,2,3,0.2,1,0.23850659,0.026228923
divide_and_conquer,adaptive_evasion,4,8,2,3,0.2,1,0.08631606,0.023451576
divide_and_conquer,adaptive_evasion,5,8,2,3,0.2,1,0.20534198,0.04311063
divide_and_conquer,adaptive_evasion,6,8,2,3,0.2,1,0.091160536,0.015037587
divide_and_conquer,adaptive_evasion,7,8,2,3,0.2,1,0.12923342,0.05969035
divide_and_conquer,adaptive_evasion,8,8,2,3,0.2,1,0.17155503,0.05826313
divide_and_conquer,adaptive_evasion,9,8,2,3,0.2,1,0.19107847,0.049249634
divide_and_conquer,adaptive_evasion,10,8,2,3,0.2,1,0.30065653,0.060105294
divide_and_conquer,adaptive_evasion,11,8,2,3,0.2,1,0.014737415,0.0023212156
divide_and_conquer,adaptive_evasion,12,8,2,3,0.2,1,0.105662316,0.045771413
divide_and_conquer,adaptive_evasion,13,8,2,3,0.2,1,0.16074833,0.051578373
divide_and_conquer,adaptive_evasion,14,8,2,3,0.2,1,0.28514582,0.06978073
divide_and_conquer,adaptive_evasion,15,8,2,3,0.2,1,0.13542593,0.025795491
divide_and_conquer,adaptive_evasion,16,8,2,3,0.2,1,0.19463722,0.1106543
divide_and_conquer,adaptive_evasion,17,8,2,3,0.2,1,0.12056412,0.04906624
divide_and_conquer,adaptive_evasion,18,8,2,3,0.2,1,0.10319564,0.03131872
divide_and_conquer,adaptive_evasion,19,8,2,3,0.2,1,0.21041752,0.048929438
divide_and_conquer,adaptive_evasion,0,8,2,3,0.2,1001,0.13331048,0.0015707519
divide_and_conquer,adaptive_evasion,1,8,2,3,0.2,1001,0.11451197,0.00275473
divide_and_conquer,adaptive_evasion,2,8,2,3,0.2,1001,0.05046344,0.0025334852
divide_and_conquer,adaptive_evasion,3,8,2,3,0.2,1001,0.34378058,0.03780606
divide_and_conquer,adaptive_evasion,4,8,2,3,0.2,1001,0.15308267,0.041591678
divide_and_conquer,adaptive_evasion,5,8,2,3,0.2,1001,0.37664187,0.07907428
divide_and_conquer,adaptive_evasion,6,8,2,3,0.2,1001,0.19811253,0.032680087
divide_and_conquer,adaptive_evasion,7,8,2,3,0.2,1001,0.18833597,0.08698864
divide_and_conquer,adaptive_evasion,8,8,2,3,0.2,1001,0.25478095,0.08652813
divide_and_conquer,adaptive_evasion,9,8,2,3,0.2,1001,0.20227963,0.052136686
divide_and_conquer,adaptive_evasion,10,8,2,3,0.2,1001,0.16930111,0.033845574
divide_and_conquer,adaptive_evasion,11,8,2,3,0.2,1001,0.1666822,0.10194277
divide_and_conquer,adaptive_evasion,12,8,2,3,0.2,1001,0.22706729,0.09836232
divide_and_conquer,adaptive_evasion,13,8,2,3,0.2,1001,0.23869063,0.07658726
divide_and_conquer,adaptive_evasion,14,8,2,3,0.2,1001,0.11934321,0.029205604
divide_and_conquer,adaptive_evasion,15,8,2,3,0.2,1001,0.13368867,0.025464585
divide_and_conquer,adaptive_evasion,16,8,2,3,0.2,1001,0.22704922,0.12908103
divide_and_conquer,adaptive_evasion,17,8,2,3,0.2,1001,0.099514395,0.04049959
divide_and_conquer,adaptive_evasion,18,8,2,3,0.2,1001,0.17173456,0.052119512
divide_and_conquer,adaptive_evasion,19,8,2,3,0.2,1001,0.14199027,0.03301771
divide_and_conquer,adaptive_evasion,0,8,2,3,0.2,2001,0.29097116,0.0034284138
divide_and_conquer,adaptive_evasion,1,8,2,3,0.2,2001,0.34145078,0.0082140295
divide_and_conquer,adaptive_evasion,2,8,2,3,0.2,2001,0.21334082,0.010710642
divide_and_conquer,adaptive_evasion,3,8,2,3,0.2,2001,0.1739292,0.019127252
divide_and_conquer,adaptive_evasion,4,8,2,3,0.2,2001,0.18159948,0.049339533
divide_and_conquer,adaptive_evasion,5,8,2,3,0.2,2001,0.21369864,0.044865075
divide_and_conquer,adaptive_evasion,6,8,2,3,0.2,2001,0.09514481,0.062779285
divide_and_conquer,adaptive_evasion,7,8,2,3,0.2,2001,0.03486664,0.016104208
divide_and_conquer,adaptive_evasion,8,8,2,3,0.2,2001,0.19313756,0.065592945
divide_and_conquer,adaptive_evasion,9,8,2,3,0.2,2001,0.14237557,0.03669668
divide_and_conquer,adaptive_evasion,10,8,2,3,0.2,2001,0.17137504,0.03426018
divide_and_conquer,adaptive_evasion,11,8,2,3,0.2,2001,0.17588313,0.10757005
divide_and_conquer,adaptive_evasion,12,8,2,3,0.2,2001,0.23511872,0.101850085
divide_and_conquer,adaptive_evasion,13,8,2,3,0.2,2001,0.27402654,0.087925285
divide_and_conquer,adaptive_evasion,14,8,2,3,0.2,2001,0.2548344,0.06236294
divide_and_conquer,adaptive_evasion,15,8,2,3,0.2,2001,0.14029968,0.026723828
divide_and_conquer,adaptive_evasion,16,8,2,3,0.2,2001,0.13125697,0.07462163
divide_and_conquer,adaptive_evasion,17,8,2,3,0.2,2001,0.153924,0.06264278
divide_and_conquer,adaptive_evasion,18,8,2,3,0.2,2001,0.13531749,0.04106734
divide_and_conquer,adaptive_evasion,19,8,2,3,0.2,2001,0.24131583,0.056114376
divide_and_conquer,adaptive_evasion,0,8,2,3,0.2,3001,0.13815947,0.0016278859
divide_and_conquer,adaptive_evasion,1,8,2,3,0.2,3001,0.22956407,0.0055224537
divide_and_conquer,adaptive_evasion,2,8,2,3,0.2,3001,0.30266336,0.015195023
divide_and_conquer,adaptive_evasion,3,8,2,3,0.2,3001,0.16175407,0.017788336
divide_and_conquer,adaptive_evasion,4,8,2,3,0.2,3001,0.1371996,0.03727634
divide_and_conquer,adaptive_evasion,5,8,2,3,0.2,3001,0.08722355,0.018312195
divide_and_conquer,adaptive_evasion,6,8,2,3,0.2,3001,0.23414339,0.03862364
divide_and_conquer,adaptive_evasion,7,8,2,3,0.2,3001,0.16183282,0.07474737
divide_and_conquer,adaptive_evasion,8,8,2,3,0.2,3001,0.098083295,0.033310827
divide_and_conquer,adaptive_evasion,9,8,2,3,0.2,3001,0.17345354,0.04470689
divide_and_conquer,adaptive_evasion,10,8,2,3,0.2,3001,0.13487487,0.026963305
divide_and_conquer,adaptive_evasion,11,8,2,3,0.2,3001,0.43272933,0.068157
divide_and_conquer,adaptive_evasion,12,8,2,3,0.2,3001,0.22118776,0.09581539
divide_and_conquer,adaptive_evasion,13,8,2,3,0.2,3001,0.10767205,0.034548096
divide_and_conquer,adaptive_evasion,14,8,2,3,0.2,3001,0.13815124,0.0338083
divide_and_conquer,adaptive_evasion,15,8,2,3,0.2,3001,0.06708015,0.012777209
divide_and_conquer,adaptive_evasion,16,8,2,3,0.2,3001,0.15590908,0.08863674
divide_and_conquer,adaptive_evasion,17,8,2,3,0.2,3001,0.24400753,0.09930427
divide_and_conquer,adaptive_evasion,18,8,2,3,0.2,3001,0.10876588,0.033009224
divide_and_conquer,adaptive_evasion,19,8,2,3,0.2,3001,0.21983077,0.051118348
divide_and_conquer,adaptive_evasion,0,8,2,3,0.2,4001,0.20224643,0.0023830005
divide_and_conquer,adaptive_evasion,1,8,2,3,0.2,4001,0.16083111,0.0038689952
divide_and_conquer,adaptive_evasion,2,8,2,3,0.2,4001,0.049382646,0.0024792247
divide_and_conquer,adaptive_evasion,3,8,2,3,0.2,4001,0.2100872,0.0231036
divide_and_conquer,adaptive_evasion,4,8,2,3,0.2,4001,0.1805922,0.049065858
divide_and_conquer,adaptive_evasion,5,8,2,3,0.2,4001,0.2590583,0.054388132
divide_and_conquer,adaptive_evasion,6,8,2,3,0.2,4001,0.052704,0.008693904
divide_and_conquer,adaptive_evasion,7,8,2,3,0.2,4001,0.09778985,0.04516719
divide_and_conquer,adaptive_evasion,8,8,2,3,0.2,4001,0.31222102,0.1060358
divide_and_conquer,adaptive_evasion,9,8,2,3,0.2,4001,0.082312964,0.021215804
divide_and_conquer,adaptive_evasion,10,8,2,3,0.2,4001,0.18491596,0.03696719
divide_and_conquer,adaptive_evasion,11,8,2,3,0.2,4001,0.15050846,0.023705825
divide_and_conquer,adaptive_evasion,12,8,2,3,0.2,4001,0.27828765,0.12055025
divide_and_conquer,adaptive_evasion,13,8,2,3,0.2,4001,0.16988316,0.054509412
divide_and_conquer,adaptive_evasion,14,8,2,3,0.2,4001,0.07504213,0.01836427
divide_and_conquer,adaptive_evasion,15,8,2,3,0.2,4001,0.124666005,0.023745976
divide_and_conquer,adaptive_evasion,16,8,2,3,0.2,4001,0.09679694,0.05503057
divide_and_conquer,adaptive_evasion,17,8,2,3,0.2,4001,0.1423877,0.057947833
divide_and_conquer,adaptive_evasion,18,8,2,3,0.2,4001,0.20953552,0.06359168
divide_and_conquer,adaptive_evasion,19,8,2,3,0.2,4001,0.03174618,0.0073820977
foolsgold,adaptive_evasion,0,8,2,3,0.2,1,1.5534024,0.01830321
foolsgold,adaptive_evasion,1,8,2,3,0.2,1,1.5178956,0.036514893
foolsgold,adaptive_evasion,2,8,2,3,0.2,1,1.0781188,0.054126274
foolsgold,adaptive_evasion,3,8,2,3,0.2,1,0.6730838,0.07402002
foolsgold,adaptive_evasion,4,8,2,3,0.2,1,1.2668116,0.3441854
foolsgold,adaptive_evasion,5,8,2,3,0.2,1,1.3487223,1.3843293
foolsgold,adaptive_evasion,6,8,2,3,0.2,1,1.4873722,3.9256446
foolsgold,adaptive_evasion,7,8,2,3,0.2,1,1.2021092,1.1389343
foolsgold,adaptive_evasion,8,8,2,3,0.2,1,1.5959134,1.734402
foolsgold,adaptive_evasion,9,8,2,3,0.2,1,0.6921558,0.9134088
foolsgold,adaptive_evasion,10,8,2,3,0.2,1,1.4812311,2.631352
foolsgold,adaptive_evasion,11,8,2,3,0.2,1,1.3333961,1.1620176
foolsgold,adaptive_evasion,12,8,2,3,0.2,1,1.3309408,1.2914609
foolsgold,adaptive_evasion,13,8,2,3,0.2,1,0.63847154,0.7171629
foolsgold,adaptive_evasion,14,8,2,3,0.2,1,0.95658475,1.3250592
foolsgold,adaptive_evasion,15,8,2,3,0.2,1,1.2712831,2.445283
foolsgold,adaptive_evasion,16,8,2,3,0.2,1,1.2077156,1.0725988
foolsgold,adaptive_evasion,17,8,2,3,0.2,1,1.2315371,1.2257082
foolsgold,adaptive_evasion,18,8,2,3,0.2,1,1.3745444,1.599616
foolsgold,adaptive_evasion,19,8,2,3,0.2,1,1.5529135,2.2678697
foolsgold,adaptive_evasion,0,8,2,3,0.2,1001,1.5780144,0.018593205
foolsgold,adaptive_evasion,1,8,2,3,0.2,1001,1.5690718,0.037746
foolsgold,adaptive_evasion,2,8,2,3,0.2,1001,1.5322512,0.07692571
foolsgold,adaptive_evasion,3,8,2,3,0.2,1001,1.3221569,0.14539956
foolsgold,adaptive_evasion,4,8,2,3,0.2,1001,1.5021855,0.40813515
foolsgold,adaptive_evasion,5,8,2,3,0.2,1001,1.5089021,1.5487379
foolsgold,adaptive_evasion,6,8,2,3,0.2,1001,1.4632337,3.8619356
foolsgold,adaptive_evasion,7,8,2,3,0.2,1001,1.4086015,1.3345747
foolsgold,adaptive_evasion,8,8,2,3,0.2,1001,1.2168574,1.3224527
foolsgold,adaptive_evasion,9,8,2,3,0.2,1001,1.2967998,1.7113321
foolsgold,adaptive_evasion,10,8,2,3,0.2,1001,1.473702,2.6179767
foolsgold,adaptive_evasion,11,8,2,3,0.2,1001,1.5328261,1.3358152
foolsgold,adaptive_evasion,12,8,2,3,0.2,1001,1.1883292,1.1530795
foolsgold,adaptive_evasion,13,8,2,3,0.2,1001,1.4339862,1.6107244
foolsgold,adaptive_evasion,14,8,2,3,0.2,1001,1.1594042,1.6060041
foolsgold,adaptive_evasion,15,8,2,3,0.2,1001,1.4080164,2.7082863
foolsgold,adaptive_evasion,16,8,2,3,0.2,1001,1.4211382,1.2621441
foolsgold,adaptive_evasion,17,8,2,3,0.2,1001,1.3096052,1.3034068
foolsgold,adaptive_evasion,18,8,2,3,0.2,1001,1.6194062,1.8845723
foolsgold,adaptive_evasion,19,8,2,3,0.2,1001,1.3102963,1.9135523
foolsgold,adaptive_evasion,0,8,2,3,0.2,2001,1.3495185,0.015900915
foolsgold,adaptive_evasion,1,8,2,3,0.2,2001,1.1957084,0.028764274
foolsgold,adaptive_evasion,2,8,2,3,0.2,2001,1.5617044,0.07840438
foolsgold,adaptive_evasion,3,8,2,3,0.2,2001,1.5237736,0.16757163
foolsgold,adaptive_evasion,4,8,2,3,0.2,2001,1.546558,0.4201909
foolsgold,adaptive_evasion,5,8,2,3,0.2,2001,1.3540806,1.3898289
foolsgold,adaptive_evasion,6,8,2,3,0.2,2001,1.2183708,3.215665
foolsgold,adaptive_evasion,7,8,2,3,0.2,2001,1.4444321,1.3685223
foolsgold,adaptive_evasion,8,8,2,3,0.2,2001,1.403713,1.525523
foolsgold,adaptive_evasion,9,8,2,3,0.2,2001,1.4772177,1.949422
foolsgold,adaptive_evasion,10,8,2,3,0.2,2001,1.3419849,2.383986
foolsgold,adaptive_evasion,11,8,2,3,0.2,2001,1.1566428,1.007982
foolsgold,adaptive_evasion,12,8,2,3,0.2,2001,1.4650424,1.4215845
foolsgold,adaptive_evasion,13,8,2,3,0.2,2001,0.9693022,1.0887684
foolsgold,adaptive_evasion,14,8,2,3,0.2,2001,1.0847241,1.5025575
foolsgold,adaptive_evasion,15,8,2,3,0.2,2001,1.5225366,2.928563
foolsgold,adaptive_evasion,16,8,2,3,0.2,2001,1.4742509,1.3093146
foolsgold,adaptive_evasion,17,8,2,3,0.2,2001,1.3037856,1.2976148
foolsgold,adaptive_evasion,18,8,2,3,0.2,2001,1.4072552,1.637683
foolsgold,adaptive_evasion,19,8,2,3,0.2,2001,1.5150535,2.212579
foolsgold,adaptive_evasion,0,8,2,3,0.2,3001,1.3631084,0.01606104
foolsgold,adaptive_evasion,1,8,2,3,0.2,3001,1.1741881,0.028246578
foolsgold,adaptive_evasion,2,8,2,3,0.2,3001,1.4701931,0.07381012
foolsgold,adaptive_evasion,3,8,2,3,0.2,3001,1.5780519,0.17354071
foolsgold,adaptive_evasion,4,8,2,3,0.2,3001,0.9158195,0.24882288
foolsgold,adaptive_evasion,5,8,2,3,0.2,3001,1.4632164,1.5018461
foolsgold,adaptive_evasion,6,8,2,3,0.2,3001,1.2755696,3.3666306
foolsgold,adaptive_evasion,7,8,2,3,0.2,3001,1.5575972,1.4757402
foolsgold,adaptive_evasion,8,8,2,3,0.2,3001,1.5532346,1.6880195
foolsgold,adaptive_evasion,9,8,2,3,0.2,3001,1.5795205,2.0844266
foolsgold,adaptive_evasion,10,8,2,3,0.2,3001,1.5722096,2.7929718
foolsgold,adaptive_evasion,11,8,2,3,0.2,3001,1.4781622,1.2881771
foolsgold,adaptive_evasion,12,8,2,3,0.2,3001,1.1514702,1.1173139
foolsgold,adaptive_evasion,13,8,2,3,0.2,3001,1.3662187,1.5346047
foolsgold,adaptive_evasion,14,8,2,3,0.2,3001,1.5493119,2.1461036
foolsgold,adaptive_evasion,15,8,2,3,0.2,3001,1.3133917,1.0704223
foolsgold,adaptive_evasion,16,8,2,3,0.2,3001,0.8088805,0.71838456
foolsgold,adaptive_evasion,17,8,2,3,0.2,3001,1.3784195,1.3718954
foolsgold,adaptive_evasion,18,8,2,3,0.2,3001,1.3609514,1.5837973
foolsgold,adaptive_evasion,19,8,2,3,0.2,3001,1.2212173,1.7834616
foolsgold,adaptive_evasion,0,8,2,3,0.2,4001,1.406373,0.016570812
foolsgold,adaptive_evasion,1,8,2,3,0.2,4001,1.4582074,0.035079017
foolsgold,adaptive_evasion,2,8,2,3,0.2,4001,1.5688826,0.07876476
foolsgold,adaptive_evasion,3,8,2,3,0.2,4001,1.1943448,0.13134387
foolsgold,adaptive_evasion,4,8,2,3,0.2,4001,1.2085872,0.32836616
foolsgold,adaptive_evasion,5,8,2,3,0.2,4001,1.4078754,1.445044
foolsgold,adaptive_evasion,6,8,2,3,0.2,4001,1.407745,3.7154834
foolsgold,adaptive_evasion,7,8,2,3,0.2,4001,1.5151311,1.4355059
foolsgold,adaptive_evasion,8,8,2,3,0.2,4001,1.5752745,1.711972
foolsgold,adaptive_evasion,9,8,2,3,0.2,4001,1.2373471,1.632875
foolsgold,adaptive_evasion,10,8,2,3,0.2,4001,1.1716423,2.081379
foolsgold,adaptive_evasion,11,8,2,3,0.2,4001,1.3745346,4.176781
foolsgold,adaptive_evasion,12,8,2,3,0.2,4001,1.4215442,1.3793766
foolsgold,adaptive_evasion,13,8,2,3,0.2,4001,0.9740259,1.0940742
foolsgold,adaptive_evasion,14,8,2,3,0.2,4001,1.2977421,1.7976296
foolsgold,adaptive_evasion,15,8,2,3,0.2,4001,1.1847258,2.278792
foolsgold,adaptive_evasion,16,8,2,3,0.2,4001,1.3984069,1.2419559
foolsgold,adaptive_evasion,17,8,2,3,0.2,4001,1.2216698,1.2158877
foolsgold,adaptive_evasion,18,8,2,3,0.2,4001,1.5885684,1.848685
foolsgold,adaptive_evasion,19,8,2,3,0.2,4001,1.3567575,1.9814041
