aggregator,attack,round,num_honest,num_attackers,dim,byzantine_fraction,clip_radius,seed,distance_from_true_value,asr
fedavg,persistent_sybil,0,8,2,3,0.2,1.0,1,17.012531,0.20045285
fedavg,persistent_sybil,1,8,2,3,0.2,1.0,1,16.932629,0.19951138
fedavg,persistent_sybil,2,8,2,3,0.2,1.0,1,17.01689,0.2005042
fedavg,persistent_sybil,3,8,2,3,0.2,1.0,1,17.081415,0.20126449
fedavg,persistent_sybil,4,8,2,3,0.2,1.0,1,16.999651,0.20030108
fedavg,persistent_sybil,5,8,2,3,0.2,1.0,1,17.075895,0.20119944
fedavg,persistent_sybil,6,8,2,3,0.2,1.0,1,16.906866,0.19920783
fedavg,persistent_sybil,7,8,2,3,0.2,1.0,1,16.885195,0.19895248
fedavg,persistent_sybil,8,8,2,3,0.2,1.0,1,17.099262,0.20147477
fedavg,persistent_sybil,9,8,2,3,0.2,1.0,1,16.92806,0.19945756
fedavg,persistent_sybil,10,8,2,3,0.2,1.0,1,17.19645,0.20261988
fedavg,persistent_sybil,11,8,2,3,0.2,1.0,1,16.97356,0.19999366
fedavg,persistent_sybil,12,8,2,3,0.2,1.0,1,16.911606,0.19926368
fedavg,persistent_sybil,13,8,2,3,0.2,1.0,1,17.068186,0.2011086
fedavg,persistent_sybil,14,8,2,3,0.2,1.0,1,17.104067,0.20153138
fedavg,persistent_sybil,15,8,2,3,0.2,1.0,1,16.91897,0.19935045
fedavg,persistent_sybil,16,8,2,3,0.2,1.0,1,16.962631,0.1998649
fedavg,persistent_sybil,17,8,2,3,0.2,1.0,1,16.98579,0.20013776
fedavg,persistent_sybil,18,8,2,3,0.2,1.0,1,17.038263,0.20075603
fedavg,persistent_sybil,19,8,2,3,0.2,1.0,1,16.905859,0.19919597
fedavg,persistent_sybil,0,8,2,3,0.2,1.0,1001,16.926119,0.19943468
fedavg,persistent_sybil,1,8,2,3,0.2,1.0,1001,17.048243,0.20087361
fedavg,persistent_sybil,2,8,2,3,0.2,1.0,1001,16.949984,0.19971587
fedavg,persistent_sybil,3,8,2,3,0.2,1.0,1001,16.976948,0.20003358
fedavg,persistent_sybil,4,8,2,3,0.2,1.0,1001,16.88125,0.198906
fedavg,persistent_sybil,5,8,2,3,0.2,1.0,1001,17.049185,0.20088471
fedavg,persistent_sybil,6,8,2,3,0.2,1.0,1001,16.997623,0.2002772
fedavg,persistent_sybil,7,8,2,3,0.2,1.0,1001,16.885332,0.1989541
fedavg,persistent_sybil,8,8,2,3,0.2,1.0,1001,17.118654,0.20170325
fedavg,persistent_sybil,9,8,2,3,0.2,1.0,1001,17.075825,0.20119861
fedavg,persistent_sybil,10,8,2,3,0.2,1.0,1001,16.911064,0.19925728
fedavg,persistent_sybil,11,8,2,3,0.2,1.0,1001,17.053932,0.20094065
fedavg,persistent_sybil,12,8,2,3,0.2,1.0,1001,17.026289,0.20061494
fedavg,persistent_sybil,13,8,2,3,0.2,1.0,1001,17.131077,0.20184962
fedavg,persistent_sybil,14,8,2,3,0.2,1.0,1001,17.060017,0.20101234
fedavg,persistent_sybil,15,8,2,3,0.2,1.0,1001,16.900433,0.19913203
fedavg,persistent_sybil,16,8,2,3,0.2,1.0,1001,16.851702,0.19855784
fedavg,persistent_sybil,17,8,2,3,0.2,1.0,1001,17.002214,0.20033129
fedavg,persistent_sybil,18,8,2,3,0.2,1.0,1001,16.984417,0.20012158
fedavg,persistent_sybil,19,8,2,3,0.2,1.0,1001,17.002941,0.20033985
fedavg,persistent_sybil,0,8,2,3,0.2,1.0,2001,17.026028,0.20061187
fedavg,persistent_sybil,1,8,2,3,0.2,1.0,2001,16.73597,0.19719422
fedavg,persistent_sybil,2,8,2,3,0.2,1.0,2001,16.83839,0.198401
fedavg,persistent_sybil,3,8,2,3,0.2,1.0,2001,16.905746,0.19919464
fedavg,persistent_sybil,4,8,2,3,0.2,1.0,2001,17.090366,0.20136994
fedavg,persistent_sybil,5,8,2,3,0.2,1.0,2001,16.88737,0.1989781
fedavg,persistent_sybil,6,8,2,3,0.2,1.0,2001,16.952198,0.19974196
fedavg,persistent_sybil,7,8,2,3,0.2,1.0,2001,16.955162,0.19977689
fedavg,persistent_sybil,8,8,2,3,0.2,1.0,2001,17.038013,0.2007531
fedavg,persistent_sybil,9,8,2,3,0.2,1.0,2001,17.044405,0.2008284
fedavg,persistent_sybil,10,8,2,3,0.2,1.0,2001,16.917152,0.19932903
fedavg,persistent_sybil,11,8,2,3,0.2,1.0,2001,16.972807,0.19998479
fedavg,persistent_sybil,12,8,2,3,0.2,1.0,2001,17.15824,0.20216967
fedavg,persistent_sybil,13,8,2,3,0.2,1.0,2001,17.149744,0.20206958
fedavg,persistent_sybil,14,8,2,3,0.2,1.0,2001,16.88247,0.19892037
fedavg,persistent_sybil,15,8,2,3,0.2,1.0,2001,16.986656,0.20014797
fedavg,persistent_sybil,16,8,2,3,0.2,1.0,2001,16.874382,0.19882508
fedavg,persistent_sybil,17,8,2,3,0.2,1.0,2001,17.09483,0.20142254
fedavg,persistent_sybil,18,8,2,3,0.2,1.0,2001,17.0207,0.2005491
fedavg,persistent_sybil,19,8,2,3,0.2,1.0,2001,17.111414,0.20161794
fedavg,persistent_sybil,0,8,2,3,0.2,1.0,3001,16.98005,0.20007011
fedavg,persistent_sybil,1,8,2,3,0.2,1.0,3001,16.945242,0.19966
fedavg,persistent_sybil,2,8,2,3,0.2,1.0,3001,17.155369,0.20213585
fedavg,persistent_sybil,3,8,2,3,0.2,1.0,3001,16.876078,0.19884506
fedavg,persistent_sybil,4,8,2,3,0.2,1.0,3001,16.93854,0.19958103
fedavg,persistent_sybil,5,8,2,3,0.2,1.0,3001,16.951605,0.19973497
fedavg,persistent_sybil,6,8,2,3,0.2,1.0,3001,16.933462,0.1995212
fedavg,persistent_sybil,7,8,2,3,0.2,1.0,3001,16.909292,0.19923641
fedavg,persistent_sybil,8,8,2,3,0.2,1.0,3001,16.935732,0.19954795
fedavg,persistent_sybil,9,8,2,3,0.2,1.0,3001,17.04365,0.2008195
fedavg,persistent_sybil,10,8,2,3,0.2,1.0,3001,17.080673,0.20125574
fedavg,persistent_sybil,11,8,2,3,0.2,1.0,3001,16.806553,0.19802587
fedavg,persistent_sybil,12,8,2,3,0.2,1.0,3001,17.081898,0.20127016
fedavg,persistent_sybil,13,8,2,3,0.2,1.0,3001,16.898067,0.19910416
fedavg,persistent_sybil,14,8,2,3,0.2,1.0,3001,16.93225,0.19950691
fedavg,persistent_sybil,15,8,2,3,0.2,1.0,3001,16.92433,0.1994136
fedavg,persistent_sybil,16,8,2,3,0.2,1.0,3001,17.042038,0.20080051
fedavg,persistent_sybil,17,8,2,3,0.2,1.0,3001,17.168282,0.202288
fedavg,persistent_sybil,18,8,2,3,0.2,1.0,3001,17.020422,0.20054582
fedavg,persistent_sybil,19,8,2,3,0.2,1.0,3001,17.070965,0.20114134
fedavg,persistent_sybil,0,8,2,3,0.2,1.0,4001,16.940168,0.19960022
fedavg,persistent_sybil,1,8,2,3,0.2,1.0,4001,16.953426,0.19975643
fedavg,persistent_sybil,2,8,2,3,0.2,1.0,4001,16.95562,0.19978228
fedavg,persistent_sybil,3,8,2,3,0.2,1.0,4001,16.974546,0.20000528
fedavg,persistent_sybil,4,8,2,3,0.2,1.0,4001,16.964914,0.19989179
fedavg,persistent_sybil,5,8,2,3,0.2,1.0,4001,17.065178,0.20107315
fedavg,persistent_sybil,6,8,2,3,0.2,1.0,4001,16.952446,0.19974488
fedavg,persistent_sybil,7,8,2,3,0.2,1.0,4001,17.029116,0.20064825
fedavg,persistent_sybil,8,8,2,3,0.2,1.0,4001,17.049046,0.20088308
fedavg,persistent_sybil,9,8,2,3,0.2,1.0,4001,17.030855,0.20066875
fedavg,persistent_sybil,10,8,2,3,0.2,1.0,4001,16.977266,0.20003733
fedavg,persistent_sybil,11,8,2,3,0.2,1.0,4001,17.000307,0.20030881
fedavg,persistent_sybil,12,8,2,3,0.2,1.0,4001,16.984943,0.20012778
fedavg,persistent_sybil,13,8,2,3,0.2,1.0,4001,17.065851,0.2010811
fedavg,persistent_sybil,14,8,2,3,0.2,1.0,4001,16.940279,0.19960152
fedavg,persistent_sybil,15,8,2,3,0.2,1.0,4001,16.943071,0.19963442
fedavg,persistent_sybil,16,8,2,3,0.2,1.0,4001,16.95906,0.19982281
fedavg,persistent_sybil,17,8,2,3,0.2,1.0,4001,16.902973,0.19916196
fedavg,persistent_sybil,18,8,2,3,0.2,1.0,4001,17.057077,0.20097771
fedavg,persistent_sybil,19,8,2,3,0.2,1.0,4001,16.956657,0.1997945
dssraw_fedavg,persistent_sybil,0,8,2,3,0.2,1.0,1,17.012531,0.20045285
dssraw_fedavg,persistent_sybil,1,8,2,3,0.2,1.0,1,16.932629,0.19951138
dssraw_fedavg,persistent_sybil,2,8,2,3,0.2,1.0,1,17.01689,0.2005042
dssraw_fedavg,persistent_sybil,3,8,2,3,0.2,1.0,1,17.081415,0.20126449
dssraw_fedavg,persistent_sybil,4,8,2,3,0.2,1.0,1,16.999651,0.20030108
dssraw_fedavg,persistent_sybil,5,8,2,3,0.2,1.0,1,17.075895,0.20119944
dssraw_fedavg,persistent_sybil,6,8,2,3,0.2,1.0,1,16.906864,0.1992078
dssraw_fedavg,persistent_sybil,7,8,2,3,0.2,1.0,1,16.885197,0.19895251
dssraw_fedavg,persistent_sybil,8,8,2,3,0.2,1.0,1,17.099262,0.20147477
dssraw_fedavg,persistent_sybil,9,8,2,3,0.2,1.0,1,16.92806,0.19945756
dssraw_fedavg,persistent_sybil,10,8,2,3,0.2,1.0,1,17.196447,0.20261987
dssraw_fedavg,persistent_sybil,11,8,2,3,0.2,1.0,1,16.973562,0.19999368
dssraw_fedavg,persistent_sybil,12,8,2,3,0.2,1.0,1,16.911606,0.19926368
dssraw_fedavg,persistent_sybil,13,8,2,3,0.2,1.0,1,17.068186,0.2011086
dssraw_fedavg,persistent_sybil,14,8,2,3,0.2,1.0,1,17.104067,0.20153138
dssraw_fedavg,persistent_sybil,15,8,2,3,0.2,1.0,1,16.91897,0.19935045
dssraw_fedavg,persistent_sybil,16,8,2,3,0.2,1.0,1,16.962631,0.1998649
dssraw_fedavg,persistent_sybil,17,8,2,3,0.2,1.0,1,16.98579,0.20013776
dssraw_fedavg,persistent_sybil,18,8,2,3,0.2,1.0,1,17.038263,0.20075603
dssraw_fedavg,persistent_sybil,19,8,2,3,0.2,1.0,1,16.905859,0.19919597
dssraw_fedavg,persistent_sybil,0,8,2,3,0.2,1.0,1001,16.926119,0.19943468
dssraw_fedavg,persistent_sybil,1,8,2,3,0.2,1.0,1001,17.048244,0.20087364
dssraw_fedavg,persistent_sybil,2,8,2,3,0.2,1.0,1001,16.949986,0.19971588
dssraw_fedavg,persistent_sybil,3,8,2,3,0.2,1.0,1001,16.976948,0.20003358
dssraw_fedavg,persistent_sybil,4,8,2,3,0.2,1.0,1001,16.881252,0.19890603
dssraw_fedavg,persistent_sybil,5,8,2,3,0.2,1.0,1001,17.049185,0.20088471
dssraw_fedavg,persistent_sybil,6,8,2,3,0.2,1.0,1001,16.997623,0.2002772
dssraw_fedavg,persistent_sybil,7,8,2,3,0.2,1.0,1001,16.885332,0.1989541
dssraw_fedavg,persistent_sybil,8,8,2,3,0.2,1.0,1001,17.118652,0.20170324
dssraw_fedavg,persistent_sybil,9,8,2,3,0.2,1.0,1001,17.075827,0.20119864
dssraw_fedavg,persistent_sybil,10,8,2,3,0.2,1.0,1001,16.911066,0.19925731
dssraw_fedavg,persistent_sybil,11,8,2,3,0.2,1.0,1001,17.053932,0.20094065
dssraw_fedavg,persistent_sybil,12,8,2,3,0.2,1.0,1001,17.02629,0.20061497
dssraw_fedavg,persistent_sybil,13,8,2,3,0.2,1.0,1001,17.131077,0.20184962
dssraw_fedavg,persistent_sybil,14,8,2,3,0.2,1.0,1001,17.060015,0.20101233
dssraw_fedavg,persistent_sybil,15,8,2,3,0.2,1.0,1001,16.900433,0.19913203
dssraw_fedavg,persistent_sybil,16,8,2,3,0.2,1.0,1001,16.851702,0.19855784
dssraw_fedavg,persistent_sybil,17,8,2,3,0.2,1.0,1001,17.002213,0.20033126
dssraw_fedavg,persistent_sybil,18,8,2,3,0.2,1.0,1001,16.984415,0.20012157
dssraw_fedavg,persistent_sybil,19,8,2,3,0.2,1.0,1001,17.002941,0.20033985
dssraw_fedavg,persistent_sybil,0,8,2,3,0.2,1.0,2001,17.026028,0.20061187
dssraw_fedavg,persistent_sybil,1,8,2,3,0.2,1.0,2001,16.73597,0.19719422
dssraw_fedavg,persistent_sybil,2,8,2,3,0.2,1.0,2001,16.83839,0.198401
dssraw_fedavg,persistent_sybil,3,8,2,3,0.2,1.0,2001,16.905746,0.19919464
dssraw_fedavg,persistent_sybil,4,8,2,3,0.2,1.0,2001,17.090364,0.20136993
dssraw_fedavg,persistent_sybil,5,8,2,3,0.2,1.0,2001,16.88737,0.1989781
dssraw_fedavg,persistent_sybil,6,8,2,3,0.2,1.0,2001,16.952198,0.19974196
dssraw_fedavg,persistent_sybil,7,8,2,3,0.2,1.0,2001,16.955162,0.19977689
dssraw_fedavg,persistent_sybil,8,8,2,3,0.2,1.0,2001,17.038013,0.2007531
dssraw_fedavg,persistent_sybil,9,8,2,3,0.2,1.0,2001,17.044405,0.2008284
dssraw_fedavg,persistent_sybil,10,8,2,3,0.2,1.0,2001,16.917152,0.19932903
dssraw_fedavg,persistent_sybil,11,8,2,3,0.2,1.0,2001,16.972807,0.19998479
dssraw_fedavg,persistent_sybil,12,8,2,3,0.2,1.0,2001,17.158237,0.20216966
dssraw_fedavg,persistent_sybil,13,8,2,3,0.2,1.0,2001,17.149742,0.20206955
dssraw_fedavg,persistent_sybil,14,8,2,3,0.2,1.0,2001,16.882471,0.19892038
dssraw_fedavg,persistent_sybil,15,8,2,3,0.2,1.0,2001,16.986656,0.20014797
dssraw_fedavg,persistent_sybil,16,8,2,3,0.2,1.0,2001,16.874382,0.19882508
dssraw_fedavg,persistent_sybil,17,8,2,3,0.2,1.0,2001,17.09483,0.20142254
dssraw_fedavg,persistent_sybil,18,8,2,3,0.2,1.0,2001,17.020699,0.20054908
dssraw_fedavg,persistent_sybil,19,8,2,3,0.2,1.0,2001,17.111414,0.20161794
dssraw_fedavg,persistent_sybil,0,8,2,3,0.2,1.0,3001,16.98005,0.20007011
dssraw_fedavg,persistent_sybil,1,8,2,3,0.2,1.0,3001,16.945244,0.19966002
dssraw_fedavg,persistent_sybil,2,8,2,3,0.2,1.0,3001,17.15537,0.20213588
dssraw_fedavg,persistent_sybil,3,8,2,3,0.2,1.0,3001,16.876078,0.19884506
dssraw_fedavg,persistent_sybil,4,8,2,3,0.2,1.0,3001,16.938538,0.199581
dssraw_fedavg,persistent_sybil,5,8,2,3,0.2,1.0,3001,16.951605,0.19973497
dssraw_fedavg,persistent_sybil,6,8,2,3,0.2,1.0,3001,16.933462,0.1995212
dssraw_fedavg,persistent_sybil,7,8,2,3,0.2,1.0,3001,16.909292,0.19923641
dssraw_fedavg,persistent_sybil,8,8,2,3,0.2,1.0,3001,16.935732,0.19954795
dssraw_fedavg,persistent_sybil,9,8,2,3,0.2,1.0,3001,17.04365,0.2008195
dssraw_fedavg,persistent_sybil,10,8,2,3,0.2,1.0,3001,17.080673,0.20125574
dssraw_fedavg,persistent_sybil,11,8,2,3,0.2,1.0,3001,16.806553,0.19802587
dssraw_fedavg,persistent_sybil,12,8,2,3,0.2,1.0,3001,17.081898,0.20127016
dssraw_fedavg,persistent_sybil,13,8,2,3,0.2,1.0,3001,16.898067,0.19910416
dssraw_fedavg,persistent_sybil,14,8,2,3,0.2,1.0,3001,16.932251,0.19950692
dssraw_fedavg,persistent_sybil,15,8,2,3,0.2,1.0,3001,16.924332,0.19941361
dssraw_fedavg,persistent_sybil,16,8,2,3,0.2,1.0,3001,17.042038,0.20080051
dssraw_fedavg,persistent_sybil,17,8,2,3,0.2,1.0,3001,17.168282,0.202288
dssraw_fedavg,persistent_sybil,18,8,2,3,0.2,1.0,3001,17.020422,0.20054582
dssraw_fedavg,persistent_sybil,19,8,2,3,0.2,1.0,3001,17.070967,0.20114137
dssraw_fedavg,persistent_sybil,0,8,2,3,0.2,1.0,4001,16.940166,0.19960019
dssraw_fedavg,persistent_sybil,1,8,2,3,0.2,1.0,4001,16.953426,0.19975643
dssraw_fedavg,persistent_sybil,2,8,2,3,0.2,1.0,4001,16.95562,0.19978228
dssraw_fedavg,persistent_sybil,3,8,2,3,0.2,1.0,4001,16.974548,0.20000531
dssraw_fedavg,persistent_sybil,4,8,2,3,0.2,1.0,4001,16.964914,0.19989179
dssraw_fedavg,persistent_sybil,5,8,2,3,0.2,1.0,4001,17.065178,0.20107315
dssraw_fedavg,persistent_sybil,6,8,2,3,0.2,1.0,4001,16.952446,0.19974488
dssraw_fedavg,persistent_sybil,7,8,2,3,0.2,1.0,4001,17.029116,0.20064825
dssraw_fedavg,persistent_sybil,8,8,2,3,0.2,1.0,4001,17.049044,0.20088306
dssraw_fedavg,persistent_sybil,9,8,2,3,0.2,1.0,4001,17.030853,0.20066872
dssraw_fedavg,persistent_sybil,10,8,2,3,0.2,1.0,4001,16.977268,0.20003735
dssraw_fedavg,persistent_sybil,11,8,2,3,0.2,1.0,4001,17.000307,0.20030881
dssraw_fedavg,persistent_sybil,12,8,2,3,0.2,1.0,4001,16.984945,0.20012781
dssraw_fedavg,persistent_sybil,13,8,2,3,0.2,1.0,4001,17.065851,0.2010811
dssraw_fedavg,persistent_sybil,14,8,2,3,0.2,1.0,4001,16.940279,0.19960152
dssraw_fedavg,persistent_sybil,15,8,2,3,0.2,1.0,4001,16.943071,0.19963442
dssraw_fedavg,persistent_sybil,16,8,2,3,0.2,1.0,4001,16.95906,0.19982281
dssraw_fedavg,persistent_sybil,17,8,2,3,0.2,1.0,4001,16.902973,0.19916196
dssraw_fedavg,persistent_sybil,18,8,2,3,0.2,1.0,4001,17.057077,0.20097771
dssraw_fedavg,persistent_sybil,19,8,2,3,0.2,1.0,4001,16.956657,0.1997945
dss_fedavg,persistent_sybil,0,8,2,3,0.2,1.0,1,17.012531,0.20045285
dss_fedavg,persistent_sybil,1,8,2,3,0.2,1.0,1,16.932629,0.19951138
dss_fedavg,persistent_sybil,2,8,2,3,0.2,1.0,1,17.01689,0.2005042
dss_fedavg,persistent_sybil,3,8,2,3,0.2,1.0,1,17.081415,0.20126449
dss_fedavg,persistent_sybil,4,8,2,3,0.2,1.0,1,16.999651,0.20030108
dss_fedavg,persistent_sybil,5,8,2,3,0.2,1.0,1,17.075895,0.20119944
dss_fedavg,persistent_sybil,6,8,2,3,0.2,1.0,1,16.906866,0.19920783
dss_fedavg,persistent_sybil,7,8,2,3,0.2,1.0,1,16.885195,0.19895248
dss_fedavg,persistent_sybil,8,8,2,3,0.2,1.0,1,17.099262,0.20147477
dss_fedavg,persistent_sybil,9,8,2,3,0.2,1.0,1,16.92806,0.19945756
dss_fedavg,persistent_sybil,10,8,2,3,0.2,1.0,1,17.19645,0.20261988
dss_fedavg,persistent_sybil,11,8,2,3,0.2,1.0,1,16.97356,0.19999366
dss_fedavg,persistent_sybil,12,8,2,3,0.2,1.0,1,16.911606,0.19926368
dss_fedavg,persistent_sybil,13,8,2,3,0.2,1.0,1,17.068186,0.2011086
dss_fedavg,persistent_sybil,14,8,2,3,0.2,1.0,1,17.104067,0.20153138
dss_fedavg,persistent_sybil,15,8,2,3,0.2,1.0,1,16.91897,0.19935045
dss_fedavg,persistent_sybil,16,8,2,3,0.2,1.0,1,16.962631,0.1998649
dss_fedavg,persistent_sybil,17,8,2,3,0.2,1.0,1,16.98579,0.20013776
dss_fedavg,persistent_sybil,18,8,2,3,0.2,1.0,1,17.038263,0.20075603
dss_fedavg,persistent_sybil,19,8,2,3,0.2,1.0,1,16.905859,0.19919597
dss_fedavg,persistent_sybil,0,8,2,3,0.2,1.0,1001,16.926119,0.19943468
dss_fedavg,persistent_sybil,1,8,2,3,0.2,1.0,1001,17.048243,0.20087361
dss_fedavg,persistent_sybil,2,8,2,3,0.2,1.0,1001,16.949984,0.19971587
dss_fedavg,persistent_sybil,3,8,2,3,0.2,1.0,1001,16.976948,0.20003358
dss_fedavg,persistent_sybil,4,8,2,3,0.2,1.0,1001,16.88125,0.198906
dss_fedavg,persistent_sybil,5,8,2,3,0.2,1.0,1001,17.049185,0.20088471
dss_fedavg,persistent_sybil,6,8,2,3,0.2,1.0,1001,16.997623,0.2002772
dss_fedavg,persistent_sybil,7,8,2,3,0.2,1.0,1001,16.885332,0.1989541
dss_fedavg,persistent_sybil,8,8,2,3,0.2,1.0,1001,17.118654,0.20170325
dss_fedavg,persistent_sybil,9,8,2,3,0.2,1.0,1001,17.075825,0.20119861
dss_fedavg,persistent_sybil,10,8,2,3,0.2,1.0,1001,16.911064,0.19925728
dss_fedavg,persistent_sybil,11,8,2,3,0.2,1.0,1001,17.053932,0.20094065
dss_fedavg,persistent_sybil,12,8,2,3,0.2,1.0,1001,17.026289,0.20061494
dss_fedavg,persistent_sybil,13,8,2,3,0.2,1.0,1001,17.131077,0.20184962
dss_fedavg,persistent_sybil,14,8,2,3,0.2,1.0,1001,17.060017,0.20101234
dss_fedavg,persistent_sybil,15,8,2,3,0.2,1.0,1001,16.900433,0.19913203
dss_fedavg,persistent_sybil,16,8,2,3,0.2,1.0,1001,16.851702,0.19855784
dss_fedavg,persistent_sybil,17,8,2,3,0.2,1.0,1001,17.002214,0.20033129
dss_fedavg,persistent_sybil,18,8,2,3,0.2,1.0,1001,16.984417,0.20012158
dss_fedavg,persistent_sybil,19,8,2,3,0.2,1.0,1001,17.002941,0.20033985
dss_fedavg,persistent_sybil,0,8,2,3,0.2,1.0,2001,17.026028,0.20061187
dss_fedavg,persistent_sybil,1,8,2,3,0.2,1.0,2001,16.73597,0.19719422
dss_fedavg,persistent_sybil,2,8,2,3,0.2,1.0,2001,16.83839,0.198401
dss_fedavg,persistent_sybil,3,8,2,3,0.2,1.0,2001,16.905746,0.19919464
dss_fedavg,persistent_sybil,4,8,2,3,0.2,1.0,2001,17.090366,0.20136994
dss_fedavg,persistent_sybil,5,8,2,3,0.2,1.0,2001,16.88737,0.1989781
dss_fedavg,persistent_sybil,6,8,2,3,0.2,1.0,2001,16.952198,0.19974196
dss_fedavg,persistent_sybil,7,8,2,3,0.2,1.0,2001,16.955162,0.19977689
dss_fedavg,persistent_sybil,8,8,2,3,0.2,1.0,2001,17.038013,0.2007531
dss_fedavg,persistent_sybil,9,8,2,3,0.2,1.0,2001,17.044405,0.2008284
dss_fedavg,persistent_sybil,10,8,2,3,0.2,1.0,2001,16.917152,0.19932903
dss_fedavg,persistent_sybil,11,8,2,3,0.2,1.0,2001,16.972807,0.19998479
dss_fedavg,persistent_sybil,12,8,2,3,0.2,1.0,2001,17.15824,0.20216967
dss_fedavg,persistent_sybil,13,8,2,3,0.2,1.0,2001,17.149744,0.20206958
dss_fedavg,persistent_sybil,14,8,2,3,0.2,1.0,2001,16.88247,0.19892037
dss_fedavg,persistent_sybil,15,8,2,3,0.2,1.0,2001,16.986656,0.20014797
dss_fedavg,persistent_sybil,16,8,2,3,0.2,1.0,2001,16.874382,0.19882508
dss_fedavg,persistent_sybil,17,8,2,3,0.2,1.0,2001,17.09483,0.20142254
dss_fedavg,persistent_sybil,18,8,2,3,0.2,1.0,2001,17.0207,0.2005491
dss_fedavg,persistent_sybil,19,8,2,3,0.2,1.0,2001,17.111414,0.20161794
dss_fedavg,persistent_sybil,0,8,2,3,0.2,1.0,3001,16.98005,0.20007011
dss_fedavg,persistent_sybil,1,8,2,3,0.2,1.0,3001,16.945242,0.19966
dss_fedavg,persistent_sybil,2,8,2,3,0.2,1.0,3001,17.155369,0.20213585
dss_fedavg,persistent_sybil,3,8,2,3,0.2,1.0,3001,16.876078,0.19884506
dss_fedavg,persistent_sybil,4,8,2,3,0.2,1.0,3001,16.93854,0.19958103
dss_fedavg,persistent_sybil,5,8,2,3,0.2,1.0,3001,16.951605,0.19973497
dss_fedavg,persistent_sybil,6,8,2,3,0.2,1.0,3001,16.933462,0.1995212
dss_fedavg,persistent_sybil,7,8,2,3,0.2,1.0,3001,16.909292,0.19923641
dss_fedavg,persistent_sybil,8,8,2,3,0.2,1.0,3001,16.935732,0.19954795
dss_fedavg,persistent_sybil,9,8,2,3,0.2,1.0,3001,17.04365,0.2008195
dss_fedavg,persistent_sybil,10,8,2,3,0.2,1.0,3001,17.080673,0.20125574
dss_fedavg,persistent_sybil,11,8,2,3,0.2,1.0,3001,16.806553,0.19802587
dss_fedavg,persistent_sybil,12,8,2,3,0.2,1.0,3001,17.081898,0.20127016
dss_fedavg,persistent_sybil,13,8,2,3,0.2,1.0,3001,16.898067,0.19910416
dss_fedavg,persistent_sybil,14,8,2,3,0.2,1.0,3001,16.93225,0.19950691
dss_fedavg,persistent_sybil,15,8,2,3,0.2,1.0,3001,16.92433,0.1994136
dss_fedavg,persistent_sybil,16,8,2,3,0.2,1.0,3001,17.042038,0.20080051
dss_fedavg,persistent_sybil,17,8,2,3,0.2,1.0,3001,17.168282,0.202288
dss_fedavg,persistent_sybil,18,8,2,3,0.2,1.0,3001,17.020422,0.20054582
dss_fedavg,persistent_sybil,19,8,2,3,0.2,1.0,3001,17.070965,0.20114134
dss_fedavg,persistent_sybil,0,8,2,3,0.2,1.0,4001,16.940168,0.19960022
dss_fedavg,persistent_sybil,1,8,2,3,0.2,1.0,4001,16.953426,0.19975643
dss_fedavg,persistent_sybil,2,8,2,3,0.2,1.0,4001,16.95562,0.19978228
dss_fedavg,persistent_sybil,3,8,2,3,0.2,1.0,4001,16.974546,0.20000528
dss_fedavg,persistent_sybil,4,8,2,3,0.2,1.0,4001,16.964914,0.19989179
dss_fedavg,persistent_sybil,5,8,2,3,0.2,1.0,4001,17.065178,0.20107315
dss_fedavg,persistent_sybil,6,8,2,3,0.2,1.0,4001,16.952446,0.19974488
dss_fedavg,persistent_sybil,7,8,2,3,0.2,1.0,4001,17.029116,0.20064825
dss_fedavg,persistent_sybil,8,8,2,3,0.2,1.0,4001,17.049046,0.20088308
dss_fedavg,persistent_sybil,9,8,2,3,0.2,1.0,4001,17.030855,0.20066875
dss_fedavg,persistent_sybil,10,8,2,3,0.2,1.0,4001,16.977266,0.20003733
dss_fedavg,persistent_sybil,11,8,2,3,0.2,1.0,4001,17.000307,0.20030881
dss_fedavg,persistent_sybil,12,8,2,3,0.2,1.0,4001,16.984943,0.20012778
dss_fedavg,persistent_sybil,13,8,2,3,0.2,1.0,4001,17.065851,0.2010811
dss_fedavg,persistent_sybil,14,8,2,3,0.2,1.0,4001,16.940279,0.19960152
dss_fedavg,persistent_sybil,15,8,2,3,0.2,1.0,4001,16.943071,0.19963442
dss_fedavg,persistent_sybil,16,8,2,3,0.2,1.0,4001,16.95906,0.19982281
dss_fedavg,persistent_sybil,17,8,2,3,0.2,1.0,4001,16.902973,0.19916196
dss_fedavg,persistent_sybil,18,8,2,3,0.2,1.0,4001,17.057077,0.20097771
dss_fedavg,persistent_sybil,19,8,2,3,0.2,1.0,4001,16.956657,0.1997945
krum,persistent_sybil,0,8,2,3,0.2,1.0,1,0.13920565,0.0016402126
krum,persistent_sybil,1,8,2,3,0.2,1.0,1,0.3879176,0.0045707007
krum,persistent_sybil,2,8,2,3,0.2,1.0,1,0.20969842,0.0024708048
krum,persistent_sybil,3,8,2,3,0.2,1.0,1,0.4022157,0.00473917
krum,persistent_sybil,4,8,2,3,0.2,1.0,1,0.3633399,0.00428111
krum,persistent_sybil,5,8,2,3,0.2,1.0,1,0.37281993,0.0043928097
krum,persistent_sybil,6,8,2,3,0.2,1.0,1,0.29438955,0.0034686914
krum,persistent_sybil,7,8,2,3,0.2,1.0,1,0.31431276,0.0037034398
krum,persistent_sybil,8,8,2,3,0.2,1.0,1,0.2603167,0.0030672227
krum,persistent_sybil,9,8,2,3,0.2,1.0,1,0.28637066,0.0033742078
krum,persistent_sybil,10,8,2,3,0.2,1.0,1,0.51315945,0.0060463827
krum,persistent_sybil,11,8,2,3,0.2,1.0,1,0.34140223,0.0040226257
krum,persistent_sybil,12,8,2,3,0.2,1.0,1,0.19943902,0.0023499217
krum,persistent_sybil,13,8,2,3,0.2,1.0,1,0.3415129,0.0040239296
krum,persistent_sybil,14,8,2,3,0.2,1.0,1,0.2785409,0.0032819523
krum,persistent_sybil,15,8,2,3,0.2,1.0,1,0.41518614,0.0048919963
krum,persistent_sybil,16,8,2,3,0.2,1.0,1,0.3948724,0.0046526464
krum,persistent_sybil,17,8,2,3,0.2,1.0,1,0.23228851,0.0027369761
krum,persistent_sybil,18,8,2,3,0.2,1.0,1,0.25847915,0.0030455715
krum,persistent_sybil,19,8,2,3,0.2,1.0,1,0.21981928,0.0025900553
krum,persistent_sybil,0,8,2,3,0.2,1.0,1001,0.16645326,0.001961262
krum,persistent_sybil,1,8,2,3,0.2,1.0,1001,0.27051345,0.0031873675
krum,persistent_sybil,2,8,2,3,0.2,1.0,1001,0.22888859,0.002696916
krum,persistent_sybil,3,8,2,3,0.2,1.0,1001,0.6076259,0.007159448
krum,persistent_sybil,4,8,2,3,0.2,1.0,1001,0.41570494,0.004898109
krum,persistent_sybil,5,8,2,3,0.2,1.0,1001,0.54728705,0.006448496
krum,persistent_sybil,6,8,2,3,0.2,1.0,1001,0.4003571,0.004717271
krum,persistent_sybil,7,8,2,3,0.2,1.0,1001,0.19864288,0.0023405412
krum,persistent_sybil,8,8,2,3,0.2,1.0,1001,0.46703863,0.0055029565
krum,persistent_sybil,9,8,2,3,0.2,1.0,1001,0.26184466,0.0030852263
krum,persistent_sybil,10,8,2,3,0.2,1.0,1001,0.2804325,0.0033042403
krum,persistent_sybil,11,8,2,3,0.2,1.0,1001,0.42490202,0.0050064754
krum,persistent_sybil,12,8,2,3,0.2,1.0,1001,0.27972367,0.0032958884
krum,persistent_sybil,13,8,2,3,0.2,1.0,1001,0.37002152,0.004359837
krum,persistent_sybil,14,8,2,3,0.2,1.0,1001,0.18068449,0.0021289436
krum,persistent_sybil,15,8,2,3,0.2,1.0,1001,0.14282694,0.0016828811
krum,persistent_sybil,16,8,2,3,0.2,1.0,1001,0.40057808,0.004719875
krum,persistent_sybil,17,8,2,3,0.2,1.0,1001,0.27728048,0.0032671012
krum,persistent_sybil,18,8,2,3,0.2,1.0,1001,0.28859493,0.0034004154
krum,persistent_sybil,19,8,2,3,0.2,1.0,1001,0.16043086,0.001890302
krum,persistent_sybil,0,8,2,3,0.2,1.0,2001,0.29126975,0.0034319318
krum,persistent_sybil,1,8,2,3,0.2,1.0,2001,0.3292758,0.003879744
krum,persistent_sybil,2,8,2,3,0.2,1.0,2001,0.34467104,0.004061141
krum,persistent_sybil,3,8,2,3,0.2,1.0,2001,0.16976169,0.0020002439
krum,persistent_sybil,4,8,2,3,0.2,1.0,2001,0.38036036,0.004481656
krum,persistent_sybil,5,8,2,3,0.2,1.0,2001,0.3990603,0.004701991
krum,persistent_sybil,6,8,2,3,0.2,1.0,2001,0.2913096,0.0034324015
krum,persistent_sybil,7,8,2,3,0.2,1.0,2001,0.2423743,0.0028558136
krum,persistent_sybil,8,8,2,3,0.2,1.0,2001,0.41956717,0.0049436167
krum,persistent_sybil,9,8,2,3,0.2,1.0,2001,0.33082277,0.0038979717
krum,persistent_sybil,10,8,2,3,0.2,1.0,2001,0.2349113,0.0027678795
krum,persistent_sybil,11,8,2,3,0.2,1.0,2001,0.101560086,0.0011966478
krum,persistent_sybil,12,8,2,3,0.2,1.0,2001,0.10289896,0.0012124233
krum,persistent_sybil,13,8,2,3,0.2,1.0,2001,0.27210334,0.0032061008
krum,persistent_sybil,14,8,2,3,0.2,1.0,2001,0.34389913,0.0040520458
krum,persistent_sybil,15,8,2,3,0.2,1.0,2001,0.21052183,0.002480507
krum,persistent_sybil,16,8,2,3,0.2,1.0,2001,0.266199,0.0031365317
krum,persistent_sybil,17,8,2,3,0.2,1.0,2001,0.13482744,0.0015886256
krum,persistent_sybil,18,8,2,3,0.2,1.0,2001,0.22355184,0.002634035
krum,persistent_sybil,19,8,2,3,0.2,1.0,2001,0.46310046,0.0054565547
krum,persistent_sybil,0,8,2,3,0.2,1.0,3001,0.31443003,0.0037048217
krum,persistent_sybil,1,8,2,3,0.2,1.0,3001,0.39238477,0.004623336
krum,persistent_sybil,2,8,2,3,0.2,1.0,3001,0.28589442,0.0033685963
krum,persistent_sybil,3,8,2,3,0.2,1.0,3001,0.3875281,0.004566111
krum,persistent_sybil,4,8,2,3,0.2,1.0,3001,0.1783196,0.0021010789
krum,persistent_sybil,5,8,2,3,0.2,1.0,3001,0.20347826,0.0023975149
krum,persistent_sybil,6,8,2,3,0.2,1.0,3001,0.26395652,0.0031101094
krum,persistent_sybil,7,8,2,3,0.2,1.0,3001,0.28944552,0.0034104376
krum,persistent_sybil,8,8,2,3,0.2,1.0,3001,0.2579448,0.0030392753
krum,persistent_sybil,9,8,2,3,0.2,1.0,3001,0.19625004,0.002312347
krum,persistent_sybil,10,8,2,3,0.2,1.0,3001,0.24041775,0.00283276
krum,persistent_sybil,11,8,2,3,0.2,1.0,3001,0.75307834,0.008873265
krum,persistent_sybil,12,8,2,3,0.2,1.0,3001,0.1466147,0.001727511
krum,persistent_sybil,13,8,2,3,0.2,1.0,3001,0.3064112,0.0036103386
krum,persistent_sybil,14,8,2,3,0.2,1.0,3001,0.4802889,0.00565908
krum,persistent_sybil,15,8,2,3,0.2,1.0,3001,0.355309,0.0041864845
krum,persistent_sybil,16,8,2,3,0.2,1.0,3001,0.3194902,0.0037644438
krum,persistent_sybil,17,8,2,3,0.2,1.0,3001,0.3595727,0.0042367224
krum,persistent_sybil,18,8,2,3,0.2,1.0,3001,0.08774578,0.0010338785
krum,persistent_sybil,19,8,2,3,0.2,1.0,3001,0.32685292,0.0038511963
krum,persistent_sybil,0,8,2,3,0.2,1.0,4001,0.44883117,0.0052884244
krum,persistent_sybil,1,8,2,3,0.2,1.0,4001,0.0701128,0.0008261152
krum,persistent_sybil,2,8,2,3,0.2,1.0,4001,0.20258364,0.002386974
krum,persistent_sybil,3,8,2,3,0.2,1.0,4001,0.30310154,0.003571342
krum,persistent_sybil,4,8,2,3,0.2,1.0,4001,0.32085848,0.003780566
krum,persistent_sybil,5,8,2,3,0.2,1.0,4001,0.41667515,0.004909541
krum,persistent_sybil,6,8,2,3,0.2,1.0,4001,0.2685083,0.0031637414
krum,persistent_sybil,7,8,2,3,0.2,1.0,4001,0.16424228,0.0019352107
krum,persistent_sybil,8,8,2,3,0.2,1.0,4001,0.48581445,0.0057241856
krum,persistent_sybil,9,8,2,3,0.2,1.0,4001,0.20409724,0.002404808
krum,persistent_sybil,10,8,2,3,0.2,1.0,4001,0.067562744,0.00079606875
krum,persistent_sybil,11,8,2,3,0.2,1.0,4001,0.20453368,0.0024099506
krum,persistent_sybil,12,8,2,3,0.2,1.0,4001,0.28902102,0.003405436
krum,persistent_sybil,13,8,2,3,0.2,1.0,4001,0.21608566,0.0025460634
krum,persistent_sybil,14,8,2,3,0.2,1.0,4001,0.31876493,0.0037558982
krum,persistent_sybil,15,8,2,3,0.2,1.0,4001,0.34230888,0.0040333085
krum,persistent_sybil,16,8,2,3,0.2,1.0,4001,0.14624308,0.0017231322
krum,persistent_sybil,17,8,2,3,0.2,1.0,4001,0.35645863,0.00420003
krum,persistent_sybil,18,8,2,3,0.2,1.0,4001,0.48746258,0.005743605
krum,persistent_sybil,19,8,2,3,0.2,1.0,4001,0.11688235,0.0013771848
dssraw_krum,persistent_sybil,0,8,2,3,0.2,1.0,1,17.012531,0.20045285
dssraw_krum,persistent_sybil,1,8,2,3,0.2,1.0,1,16.932629,0.19951138
dssraw_krum,persistent_sybil,2,8,2,3,0.2,1.0,1,17.01689,0.2005042
dssraw_krum,persistent_sybil,3,8,2,3,0.2,1.0,1,17.081415,0.20126449
dssraw_krum,persistent_sybil,4,8,2,3,0.2,1.0,1,16.999651,0.20030108
dssraw_krum,persistent_sybil,5,8,2,3,0.2,1.0,1,17.075895,0.20119944
dssraw_krum,persistent_sybil,6,8,2,3,0.2,1.0,1,16.906864,0.1992078
dssraw_krum,persistent_sybil,7,8,2,3,0.2,1.0,1,16.885197,0.19895251
dssraw_krum,persistent_sybil,8,8,2,3,0.2,1.0,1,17.099262,0.20147477
dssraw_krum,persistent_sybil,9,8,2,3,0.2,1.0,1,16.92806,0.19945756
dssraw_krum,persistent_sybil,10,8,2,3,0.2,1.0,1,17.196447,0.20261987
dssraw_krum,persistent_sybil,11,8,2,3,0.2,1.0,1,16.973562,0.19999368
dssraw_krum,persistent_sybil,12,8,2,3,0.2,1.0,1,16.911606,0.19926368
dssraw_krum,persistent_sybil,13,8,2,3,0.2,1.0,1,17.068186,0.2011086
dssraw_krum,persistent_sybil,14,8,2,3,0.2,1.0,1,17.104067,0.20153138
dssraw_krum,persistent_sybil,15,8,2,3,0.2,1.0,1,16.91897,0.19935045
dssraw_krum,persistent_sybil,16,8,2,3,0.2,1.0,1,16.962631,0.1998649
dssraw_krum,persistent_sybil,17,8,2,3,0.2,1.0,1,16.98579,0.20013776
dssraw_krum,persistent_sybil,18,8,2,3,0.2,1.0,1,17.038263,0.20075603
dssraw_krum,persistent_sybil,19,8,2,3,0.2,1.0,1,16.905859,0.19919597
dssraw_krum,persistent_sybil,0,8,2,3,0.2,1.0,1001,16.926119,0.19943468
dssraw_krum,persistent_sybil,1,8,2,3,0.2,1.0,1001,17.048244,0.20087364
dssraw_krum,persistent_sybil,2,8,2,3,0.2,1.0,1001,16.949986,0.19971588
dssraw_krum,persistent_sybil,3,8,2,3,0.2,1.0,1001,16.976948,0.20003358
dssraw_krum,persistent_sybil,4,8,2,3,0.2,1.0,1001,16.881252,0.19890603
dssraw_krum,persistent_sybil,5,8,2,3,0.2,1.0,1001,17.049185,0.20088471
dssraw_krum,persistent_sybil,6,8,2,3,0.2,1.0,1001,16.997623,0.2002772
dssraw_krum,persistent_sybil,7,8,2,3,0.2,1.0,1001,16.885332,0.1989541
dssraw_krum,persistent_sybil,8,8,2,3,0.2,1.0,1001,17.118652,0.20170324
dssraw_krum,persistent_sybil,9,8,2,3,0.2,1.0,1001,17.075827,0.20119864
dssraw_krum,persistent_sybil,10,8,2,3,0.2,1.0,1001,16.911066,0.19925731
dssraw_krum,persistent_sybil,11,8,2,3,0.2,1.0,1001,17.053932,0.20094065
dssraw_krum,persistent_sybil,12,8,2,3,0.2,1.0,1001,17.02629,0.20061497
dssraw_krum,persistent_sybil,13,8,2,3,0.2,1.0,1001,17.131077,0.20184962
dssraw_krum,persistent_sybil,14,8,2,3,0.2,1.0,1001,17.060015,0.20101233
dssraw_krum,persistent_sybil,15,8,2,3,0.2,1.0,1001,16.900433,0.19913203
dssraw_krum,persistent_sybil,16,8,2,3,0.2,1.0,1001,16.851702,0.19855784
dssraw_krum,persistent_sybil,17,8,2,3,0.2,1.0,1001,17.002213,0.20033126
dssraw_krum,persistent_sybil,18,8,2,3,0.2,1.0,1001,16.984415,0.20012157
dssraw_krum,persistent_sybil,19,8,2,3,0.2,1.0,1001,17.002941,0.20033985
dssraw_krum,persistent_sybil,0,8,2,3,0.2,1.0,2001,17.026028,0.20061187
dssraw_krum,persistent_sybil,1,8,2,3,0.2,1.0,2001,16.73597,0.19719422
dssraw_krum,persistent_sybil,2,8,2,3,0.2,1.0,2001,16.83839,0.198401
dssraw_krum,persistent_sybil,3,8,2,3,0.2,1.0,2001,16.905746,0.19919464
dssraw_krum,persistent_sybil,4,8,2,3,0.2,1.0,2001,17.090364,0.20136993
dssraw_krum,persistent_sybil,5,8,2,3,0.2,1.0,2001,16.88737,0.1989781
dssraw_krum,persistent_sybil,6,8,2,3,0.2,1.0,2001,16.952198,0.19974196
dssraw_krum,persistent_sybil,7,8,2,3,0.2,1.0,2001,16.955162,0.19977689
dssraw_krum,persistent_sybil,8,8,2,3,0.2,1.0,2001,17.038013,0.2007531
dssraw_krum,persistent_sybil,9,8,2,3,0.2,1.0,2001,17.044405,0.2008284
dssraw_krum,persistent_sybil,10,8,2,3,0.2,1.0,2001,16.917152,0.19932903
dssraw_krum,persistent_sybil,11,8,2,3,0.2,1.0,2001,16.972807,0.19998479
dssraw_krum,persistent_sybil,12,8,2,3,0.2,1.0,2001,17.158237,0.20216966
dssraw_krum,persistent_sybil,13,8,2,3,0.2,1.0,2001,17.149742,0.20206955
dssraw_krum,persistent_sybil,14,8,2,3,0.2,1.0,2001,16.882471,0.19892038
dssraw_krum,persistent_sybil,15,8,2,3,0.2,1.0,2001,16.986656,0.20014797
dssraw_krum,persistent_sybil,16,8,2,3,0.2,1.0,2001,16.874382,0.19882508
dssraw_krum,persistent_sybil,17,8,2,3,0.2,1.0,2001,17.09483,0.20142254
dssraw_krum,persistent_sybil,18,8,2,3,0.2,1.0,2001,17.020699,0.20054908
dssraw_krum,persistent_sybil,19,8,2,3,0.2,1.0,2001,17.111414,0.20161794
dssraw_krum,persistent_sybil,0,8,2,3,0.2,1.0,3001,16.98005,0.20007011
dssraw_krum,persistent_sybil,1,8,2,3,0.2,1.0,3001,16.945244,0.19966002
dssraw_krum,persistent_sybil,2,8,2,3,0.2,1.0,3001,17.15537,0.20213588
dssraw_krum,persistent_sybil,3,8,2,3,0.2,1.0,3001,16.876078,0.19884506
dssraw_krum,persistent_sybil,4,8,2,3,0.2,1.0,3001,16.938538,0.199581
dssraw_krum,persistent_sybil,5,8,2,3,0.2,1.0,3001,16.951605,0.19973497
dssraw_krum,persistent_sybil,6,8,2,3,0.2,1.0,3001,16.933462,0.1995212
dssraw_krum,persistent_sybil,7,8,2,3,0.2,1.0,3001,16.909292,0.19923641
dssraw_krum,persistent_sybil,8,8,2,3,0.2,1.0,3001,16.935732,0.19954795
dssraw_krum,persistent_sybil,9,8,2,3,0.2,1.0,3001,17.04365,0.2008195
dssraw_krum,persistent_sybil,10,8,2,3,0.2,1.0,3001,17.080673,0.20125574
dssraw_krum,persistent_sybil,11,8,2,3,0.2,1.0,3001,16.806553,0.19802587
dssraw_krum,persistent_sybil,12,8,2,3,0.2,1.0,3001,17.081898,0.20127016
dssraw_krum,persistent_sybil,13,8,2,3,0.2,1.0,3001,16.898067,0.19910416
dssraw_krum,persistent_sybil,14,8,2,3,0.2,1.0,3001,16.932251,0.19950692
dssraw_krum,persistent_sybil,15,8,2,3,0.2,1.0,3001,16.924332,0.19941361
dssraw_krum,persistent_sybil,16,8,2,3,0.2,1.0,3001,17.042038,0.20080051
dssraw_krum,persistent_sybil,17,8,2,3,0.2,1.0,3001,17.168282,0.202288
dssraw_krum,persistent_sybil,18,8,2,3,0.2,1.0,3001,17.020422,0.20054582
dssraw_krum,persistent_sybil,19,8,2,3,0.2,1.0,3001,17.070967,0.20114137
dssraw_krum,persistent_sybil,0,8,2,3,0.2,1.0,4001,16.940166,0.19960019
dssraw_krum,persistent_sybil,1,8,2,3,0.2,1.0,4001,16.953426,0.19975643
dssraw_krum,persistent_sybil,2,8,2,3,0.2,1.0,4001,16.95562,0.19978228
dssraw_krum,persistent_sybil,3,8,2,3,0.2,1.0,4001,16.974548,0.20000531
dssraw_krum,persistent_sybil,4,8,2,3,0.2,1.0,4001,16.964914,0.19989179
dssraw_krum,persistent_sybil,5,8,2,3,0.2,1.0,4001,17.065178,0.20107315
dssraw_krum,persistent_sybil,6,8,2,3,0.2,1.0,4001,16.952446,0.19974488
dssraw_krum,persistent_sybil,7,8,2,3,0.2,1.0,4001,17.029116,0.20064825
dssraw_krum,persistent_sybil,8,8,2,3,0.2,1.0,4001,17.049044,0.20088306
dssraw_krum,persistent_sybil,9,8,2,3,0.2,1.0,4001,17.030853,0.20066872
dssraw_krum,persistent_sybil,10,8,2,3,0.2,1.0,4001,16.977268,0.20003735
dssraw_krum,persistent_sybil,11,8,2,3,0.2,1.0,4001,17.000307,0.20030881
dssraw_krum,persistent_sybil,12,8,2,3,0.2,1.0,4001,16.984945,0.20012781
dssraw_krum,persistent_sybil,13,8,2,3,0.2,1.0,4001,17.065851,0.2010811
dssraw_krum,persistent_sybil,14,8,2,3,0.2,1.0,4001,16.940279,0.19960152
dssraw_krum,persistent_sybil,15,8,2,3,0.2,1.0,4001,16.943071,0.19963442
dssraw_krum,persistent_sybil,16,8,2,3,0.2,1.0,4001,16.95906,0.19982281
dssraw_krum,persistent_sybil,17,8,2,3,0.2,1.0,4001,16.902973,0.19916196
dssraw_krum,persistent_sybil,18,8,2,3,0.2,1.0,4001,17.057077,0.20097771
dssraw_krum,persistent_sybil,19,8,2,3,0.2,1.0,4001,16.956657,0.1997945
dss_krum,persistent_sybil,0,8,2,3,0.2,1.0,1,0.13920565,0.0016402126
dss_krum,persistent_sybil,1,8,2,3,0.2,1.0,1,0.3879176,0.0045707007
dss_krum,persistent_sybil,2,8,2,3,0.2,1.0,1,0.20969842,0.0024708048
dss_krum,persistent_sybil,3,8,2,3,0.2,1.0,1,0.4022157,0.00473917
dss_krum,persistent_sybil,4,8,2,3,0.2,1.0,1,0.3633399,0.00428111
dss_krum,persistent_sybil,5,8,2,3,0.2,1.0,1,0.37281993,0.0043928097
dss_krum,persistent_sybil,6,8,2,3,0.2,1.0,1,0.29438955,0.0034686914
dss_krum,persistent_sybil,7,8,2,3,0.2,1.0,1,0.31431276,0.0037034398
dss_krum,persistent_sybil,8,8,2,3,0.2,1.0,1,0.2603167,0.0030672227
dss_krum,persistent_sybil,9,8,2,3,0.2,1.0,1,0.28637066,0.0033742078
dss_krum,persistent_sybil,10,8,2,3,0.2,1.0,1,0.51315945,0.0060463827
dss_krum,persistent_sybil,11,8,2,3,0.2,1.0,1,0.34140223,0.0040226257
dss_krum,persistent_sybil,12,8,2,3,0.2,1.0,1,0.19943902,0.0023499217
dss_krum,persistent_sybil,13,8,2,3,0.2,1.0,1,0.3415129,0.0040239296
dss_krum,persistent_sybil,14,8,2,3,0.2,1.0,1,0.2785409,0.0032819523
dss_krum,persistent_sybil,15,8,2,3,0.2,1.0,1,0.41518614,0.0048919963
dss_krum,persistent_sybil,16,8,2,3,0.2,1.0,1,0.3948724,0.0046526464
dss_krum,persistent_sybil,17,8,2,3,0.2,1.0,1,0.23228851,0.0027369761
dss_krum,persistent_sybil,18,8,2,3,0.2,1.0,1,0.25847915,0.0030455715
dss_krum,persistent_sybil,19,8,2,3,0.2,1.0,1,0.21981928,0.0025900553
dss_krum,persistent_sybil,0,8,2,3,0.2,1.0,1001,0.16645326,0.001961262
dss_krum,persistent_sybil,1,8,2,3,0.2,1.0,1001,0.27051345,0.0031873675
dss_krum,persistent_sybil,2,8,2,3,0.2,1.0,1001,0.22888859,0.002696916
dss_krum,persistent_sybil,3,8,2,3,0.2,1.0,1001,0.6076259,0.007159448
dss_krum,persistent_sybil,4,8,2,3,0.2,1.0,1001,0.41570494,0.004898109
dss_krum,persistent_sybil,5,8,2,3,0.2,1.0,1001,0.54728705,0.006448496
dss_krum,persistent_sybil,6,8,2,3,0.2,1.0,1001,0.4003571,0.004717271
dss_krum,persistent_sybil,7,8,2,3,0.2,1.0,1001,0.19864288,0.0023405412
dss_krum,persistent_sybil,8,8,2,3,0.2,1.0,1001,0.46703863,0.0055029565
dss_krum,persistent_sybil,9,8,2,3,0.2,1.0,1001,0.26184466,0.0030852263
dss_krum,persistent_sybil,10,8,2,3,0.2,1.0,1001,0.2804325,0.0033042403
dss_krum,persistent_sybil,11,8,2,3,0.2,1.0,1001,0.42490202,0.0050064754
dss_krum,persistent_sybil,12,8,2,3,0.2,1.0,1001,0.27972367,0.0032958884
dss_krum,persistent_sybil,13,8,2,3,0.2,1.0,1001,0.37002152,0.004359837
dss_krum,persistent_sybil,14,8,2,3,0.2,1.0,1001,0.18068449,0.0021289436
dss_krum,persistent_sybil,15,8,2,3,0.2,1.0,1001,0.14282694,0.0016828811
dss_krum,persistent_sybil,16,8,2,3,0.2,1.0,1001,0.40057808,0.004719875
dss_krum,persistent_sybil,17,8,2,3,0.2,1.0,1001,0.27728048,0.0032671012
dss_krum,persistent_sybil,18,8,2,3,0.2,1.0,1001,0.28859493,0.0034004154
dss_krum,persistent_sybil,19,8,2,3,0.2,1.0,1001,0.16043086,0.001890302
dss_krum,persistent_sybil,0,8,2,3,0.2,1.0,2001,0.29126975,0.0034319318
dss_krum,persistent_sybil,1,8,2,3,0.2,1.0,2001,0.3292758,0.003879744
dss_krum,persistent_sybil,2,8,2,3,0.2,1.0,2001,0.34467104,0.004061141
dss_krum,persistent_sybil,3,8,2,3,0.2,1.0,2001,0.16976169,0.0020002439
dss_krum,persistent_sybil,4,8,2,3,0.2,1.0,2001,0.38036036,0.004481656
dss_krum,persistent_sybil,5,8,2,3,0.2,1.0,2001,0.3990603,0.004701991
dss_krum,persistent_sybil,6,8,2,3,0.2,1.0,2001,0.2913096,0.0034324015
dss_krum,persistent_sybil,7,8,2,3,0.2,1.0,2001,0.2423743,0.0028558136
dss_krum,persistent_sybil,8,8,2,3,0.2,1.0,2001,0.41956717,0.0049436167
dss_krum,persistent_sybil,9,8,2,3,0.2,1.0,2001,0.33082277,0.0038979717
dss_krum,persistent_sybil,10,8,2,3,0.2,1.0,2001,0.2349113,0.0027678795
dss_krum,persistent_sybil,11,8,2,3,0.2,1.0,2001,0.101560086,0.0011966478
dss_krum,persistent_sybil,12,8,2,3,0.2,1.0,2001,0.10289896,0.0012124233
dss_krum,persistent_sybil,13,8,2,3,0.2,1.0,2001,0.27210334,0.0032061008
dss_krum,persistent_sybil,14,8,2,3,0.2,1.0,2001,0.34389913,0.0040520458
dss_krum,persistent_sybil,15,8,2,3,0.2,1.0,2001,0.21052183,0.002480507
dss_krum,persistent_sybil,16,8,2,3,0.2,1.0,2001,0.266199,0.0031365317
dss_krum,persistent_sybil,17,8,2,3,0.2,1.0,2001,0.13482744,0.0015886256
dss_krum,persistent_sybil,18,8,2,3,0.2,1.0,2001,0.22355184,0.002634035
dss_krum,persistent_sybil,19,8,2,3,0.2,1.0,2001,0.46310046,0.0054565547
dss_krum,persistent_sybil,0,8,2,3,0.2,1.0,3001,0.31443003,0.0037048217
dss_krum,persistent_sybil,1,8,2,3,0.2,1.0,3001,0.39238477,0.004623336
dss_krum,persistent_sybil,2,8,2,3,0.2,1.0,3001,0.28589442,0.0033685963
dss_krum,persistent_sybil,3,8,2,3,0.2,1.0,3001,0.3875281,0.004566111
dss_krum,persistent_sybil,4,8,2,3,0.2,1.0,3001,0.1783196,0.0021010789
dss_krum,persistent_sybil,5,8,2,3,0.2,1.0,3001,0.20347826,0.0023975149
dss_krum,persistent_sybil,6,8,2,3,0.2,1.0,3001,0.26395652,0.0031101094
dss_krum,persistent_sybil,7,8,2,3,0.2,1.0,3001,0.28944552,0.0034104376
dss_krum,persistent_sybil,8,8,2,3,0.2,1.0,3001,0.2579448,0.0030392753
dss_krum,persistent_sybil,9,8,2,3,0.2,1.0,3001,0.19625004,0.002312347
dss_krum,persistent_sybil,10,8,2,3,0.2,1.0,3001,0.24041775,0.00283276
dss_krum,persistent_sybil,11,8,2,3,0.2,1.0,3001,0.75307834,0.008873265
dss_krum,persistent_sybil,12,8,2,3,0.2,1.0,3001,0.1466147,0.001727511
dss_krum,persistent_sybil,13,8,2,3,0.2,1.0,3001,0.3064112,0.0036103386
dss_krum,persistent_sybil,14,8,2,3,0.2,1.0,3001,0.4802889,0.00565908
dss_krum,persistent_sybil,15,8,2,3,0.2,1.0,3001,0.355309,0.0041864845
dss_krum,persistent_sybil,16,8,2,3,0.2,1.0,3001,0.3194902,0.0037644438
dss_krum,persistent_sybil,17,8,2,3,0.2,1.0,3001,0.3595727,0.0042367224
dss_krum,persistent_sybil,18,8,2,3,0.2,1.0,3001,0.08774578,0.0010338785
dss_krum,persistent_sybil,19,8,2,3,0.2,1.0,3001,0.32685292,0.0038511963
dss_krum,persistent_sybil,0,8,2,3,0.2,1.0,4001,0.44883117,0.0052884244
dss_krum,persistent_sybil,1,8,2,3,0.2,1.0,4001,0.0701128,0.0008261152
dss_krum,persistent_sybil,2,8,2,3,0.2,1.0,4001,0.20258364,0.002386974
dss_krum,persistent_sybil,3,8,2,3,0.2,1.0,4001,0.30310154,0.003571342
dss_krum,persistent_sybil,4,8,2,3,0.2,1.0,4001,0.32085848,0.003780566
dss_krum,persistent_sybil,5,8,2,3,0.2,1.0,4001,0.41667515,0.004909541
dss_krum,persistent_sybil,6,8,2,3,0.2,1.0,4001,0.2685083,0.0031637414
dss_krum,persistent_sybil,7,8,2,3,0.2,1.0,4001,0.16424228,0.0019352107
dss_krum,persistent_sybil,8,8,2,3,0.2,1.0,4001,0.48581445,0.0057241856
dss_krum,persistent_sybil,9,8,2,3,0.2,1.0,4001,0.20409724,0.002404808
dss_krum,persistent_sybil,10,8,2,3,0.2,1.0,4001,0.067562744,0.00079606875
dss_krum,persistent_sybil,11,8,2,3,0.2,1.0,4001,0.20453368,0.0024099506
dss_krum,persistent_sybil,12,8,2,3,0.2,1.0,4001,0.28902102,0.003405436
dss_krum,persistent_sybil,13,8,2,3,0.2,1.0,4001,0.21608566,0.0025460634
dss_krum,persistent_sybil,14,8,2,3,0.2,1.0,4001,0.31876493,0.0037558982
dss_krum,persistent_sybil,15,8,2,3,0.2,1.0,4001,0.34230888,0.0040333085
dss_krum,persistent_sybil,16,8,2,3,0.2,1.0,4001,0.14624308,0.0017231322
dss_krum,persistent_sybil,17,8,2,3,0.2,1.0,4001,0.35645863,0.00420003
dss_krum,persistent_sybil,18,8,2,3,0.2,1.0,4001,0.48746258,0.005743605
dss_krum,persistent_sybil,19,8,2,3,0.2,1.0,4001,0.11688235,0.0013771848
multi_krum,persistent_sybil,0,8,2,3,0.2,1.0,1,0.09130984,0.0010758726
multi_krum,persistent_sybil,1,8,2,3,0.2,1.0,1,0.16155167,0.0019035081
multi_krum,persistent_sybil,2,8,2,3,0.2,1.0,1,0.16640949,0.0019607462
multi_krum,persistent_sybil,3,8,2,3,0.2,1.0,1,0.23850659,0.0028102417
multi_krum,persistent_sybil,4,8,2,3,0.2,1.0,1,0.08631606,0.0010170327
multi_krum,persistent_sybil,5,8,2,3,0.2,1.0,1,0.20534198,0.0024194743
multi_krum,persistent_sybil,6,8,2,3,0.2,1.0,1,0.091160536,0.0010741134
multi_krum,persistent_sybil,7,8,2,3,0.2,1.0,1,0.12923342,0.0015227132
multi_krum,persistent_sybil,8,8,2,3,0.2,1.0,1,0.17155503,0.0020213742
multi_krum,persistent_sybil,9,8,2,3,0.2,1.0,1,0.19107847,0.0022514123
multi_krum,persistent_sybil,10,8,2,3,0.2,1.0,1,0.30065653,0.0035425331
multi_krum,persistent_sybil,11,8,2,3,0.2,1.0,1,0.014737415,0.00017364592
multi_krum,persistent_sybil,12,8,2,3,0.2,1.0,1,0.105662316,0.0012449829
multi_krum,persistent_sybil,13,8,2,3,0.2,1.0,1,0.16074833,0.0018940427
multi_krum,persistent_sybil,14,8,2,3,0.2,1.0,1,0.28514582,0.0033597758
multi_krum,persistent_sybil,15,8,2,3,0.2,1.0,1,0.13542593,0.0015956775
multi_krum,persistent_sybil,16,8,2,3,0.2,1.0,1,0.19463722,0.002293344
multi_krum,persistent_sybil,17,8,2,3,0.2,1.0,1,0.12056412,0.0014205658
multi_krum,persistent_sybil,18,8,2,3,0.2,1.0,1,0.10319564,0.0012159189
multi_krum,persistent_sybil,19,8,2,3,0.2,1.0,1,0.21041752,0.0024792778
multi_krum,persistent_sybil,0,8,2,3,0.2,1.0,1001,0.13331048,0.0015707519
multi_krum,persistent_sybil,1,8,2,3,0.2,1.0,1001,0.11451197,0.0013492553
multi_krum,persistent_sybil,2,8,2,3,0.2,1.0,1001,0.05046344,0.00059459347
multi_krum,persistent_sybil,3,8,2,3,0.2,1.0,1001,0.34378058,0.0040506492
multi_krum,persistent_sybil,4,8,2,3,0.2,1.0,1001,0.15308267,0.0018037208
multi_krum,persistent_sybil,5,8,2,3,0.2,1.0,1001,0.37664187,0.0044378424
multi_krum,persistent_sybil,6,8,2,3,0.2,1.0,1001,0.19811253,0.0023342923
multi_krum,persistent_sybil,7,8,2,3,0.2,1.0,1001,0.18833597,0.0022190984
multi_krum,persistent_sybil,8,8,2,3,0.2,1.0,1001,0.25478095,0.0030019968
multi_krum,persistent_sybil,9,8,2,3,0.2,1.0,1001,0.20227963,0.0023833918
multi_krum,persistent_sybil,10,8,2,3,0.2,1.0,1001,0.16930111,0.001994817
multi_krum,persistent_sybil,11,8,2,3,0.2,1.0,1001,0.1666822,0.0019639593
multi_krum,persistent_sybil,12,8,2,3,0.2,1.0,1001,0.22706729,0.0026754562
multi_krum,persistent_sybil,13,8,2,3,0.2,1.0,1001,0.23869063,0.0028124102
multi_krum,persistent_sybil,14,8,2,3,0.2,1.0,1001,0.11934321,0.0014061802
multi_krum,persistent_sybil,15,8,2,3,0.2,1.0,1001,0.13368867,0.0015752079
multi_krum,persistent_sybil,16,8,2,3,0.2,1.0,1001,0.22704922,0.0026752434
multi_krum,persistent_sybil,17,8,2,3,0.2,1.0,1001,0.099514395,0.0011725441
multi_krum,persistent_sybil,18,8,2,3,0.2,1.0,1001,0.17173456,0.0020234897
multi_krum,persistent_sybil,19,8,2,3,0.2,1.0,1001,0.14199027,0.0016730229
multi_krum,persistent_sybil,0,8,2,3,0.2,1.0,2001,0.29097116,0.0034284138
multi_krum,persistent_sybil,1,8,2,3,0.2,1.0,2001,0.34145078,0.004023198
multi_krum,persistent_sybil,2,8,2,3,0.2,1.0,2001,0.21334082,0.002513722
multi_krum,persistent_sybil,3,8,2,3,0.2,1.0,2001,0.1739292,0.0020493483
multi_krum,persistent_sybil,4,8,2,3,0.2,1.0,2001,0.18159948,0.0021397246
multi_krum,persistent_sybil,5,8,2,3,0.2,1.0,2001,0.21369864,0.0025179381
multi_krum,persistent_sybil,6,8,2,3,0.2,1.0,2001,0.09514481,0.0011210588
multi_krum,persistent_sybil,7,8,2,3,0.2,1.0,2001,0.03486664,0.0004108217
multi_krum,persistent_sybil,8,8,2,3,0.2,1.0,2001,0.19313756,0.002275674
multi_krum,persistent_sybil,9,8,2,3,0.2,1.0,2001,0.14237557,0.0016775627
multi_krum,persistent_sybil,10,8,2,3,0.2,1.0,2001,0.17137504,0.0020192536
multi_krum,persistent_sybil,11,8,2,3,0.2,1.0,2001,0.17588313,0.0020723708
multi_krum,persistent_sybil,12,8,2,3,0.2,1.0,2001,0.23511872,0.0027703235
multi_krum,persistent_sybil,13,8,2,3,0.2,1.0,2001,0.27402654,0.003228761
multi_krum,persistent_sybil,14,8,2,3,0.2,1.0,2001,0.2548344,0.0030026268
multi_krum,persistent_sybil,15,8,2,3,0.2,1.0,2001,0.14029968,0.0016531032
multi_krum,persistent_sybil,16,8,2,3,0.2,1.0,2001,0.13125697,0.001546556
multi_krum,persistent_sybil,17,8,2,3,0.2,1.0,2001,0.153924,0.001813634
multi_krum,persistent_sybil,18,8,2,3,0.2,1.0,2001,0.13531749,0.0015943998
multi_krum,persistent_sybil,19,8,2,3,0.2,1.0,2001,0.24131583,0.002843342
multi_krum,persistent_sybil,0,8,2,3,0.2,1.0,3001,0.13815947,0.0016278859
multi_krum,persistent_sybil,1,8,2,3,0.2,1.0,3001,0.22956407,0.002704875
multi_krum,persistent_sybil,2,8,2,3,0.2,1.0,3001,0.30266336,0.003566179
multi_krum,persistent_sybil,3,8,2,3,0.2,1.0,3001,0.16175407,0.001905893
multi_krum,persistent_sybil,4,8,2,3,0.2,1.0,3001,0.1371996,0.001616576
multi_krum,persistent_sybil,5,8,2,3,0.2,1.0,3001,0.08722355,0.0010277253
multi_krum,persistent_sybil,6,8,2,3,0.2,1.0,3001,0.23414339,0.0027588315
multi_krum,persistent_sybil,7,8,2,3,0.2,1.0,3001,0.16183282,0.0019068209
multi_krum,persistent_sybil,8,8,2,3,0.2,1.0,3001,0.098083295,0.0011556819
multi_krum,persistent_sybil,9,8,2,3,0.2,1.0,3001,0.17345354,0.0020437439
multi_krum,persistent_sybil,10,8,2,3,0.2,1.0,3001,0.13487487,0.0015891845
multi_krum,persistent_sybil,11,8,2,3,0.2,1.0,3001,0.43272933,0.005098702
multi_krum,persistent_sybil,12,8,2,3,0.2,1.0,3001,0.22118776,0.0026061798
multi_krum,persistent_sybil,13,8,2,3,0.2,1.0,3001,0.10767205,0.001268663
multi_krum,persistent_sybil,14,8,2,3,0.2,1.0,3001,0.13815124,0.0016277889
multi_krum,persistent_sybil,15,8,2,3,0.2,1.0,3001,0.06708015,0.00079038244
multi_krum,persistent_sybil,16,8,2,3,0.2,1.0,3001,0.15590908,0.0018370234
multi_krum,persistent_sybil,17,8,2,3,0.2,1.0,3001,0.24400753,0.0028750573
multi_krum,persistent_sybil,18,8,2,3,0.2,1.0,3001,0.10876588,0.0012815512
multi_krum,persistent_sybil,19,8,2,3,0.2,1.0,3001,0.21983077,0.0025901909
multi_krum,persistent_sybil,0,8,2,3,0.2,1.0,4001,0.20224643,0.0023830005
multi_krum,persistent_sybil,1,8,2,3,0.2,1.0,4001,0.16083111,0.001895018
multi_krum,persistent_sybil,2,8,2,3,0.2,1.0,4001,0.049382646,0.00058185885
multi_krum,persistent_sybil,3,8,2,3,0.2,1.0,4001,0.2100872,0.0024753856
multi_krum,persistent_sybil,4,8,2,3,0.2,1.0,4001,0.1805922,0.002127856
multi_krum,persistent_sybil,5,8,2,3,0.2,1.0,4001,0.2590583,0.0030523953
multi_krum,persistent_sybil,6,8,2,3,0.2,1.0,4001,0.052704,0.0006209932
multi_krum,persistent_sybil,7,8,2,3,0.2,1.0,4001,0.09778985,0.0011522244
multi_krum,persistent_sybil,8,8,2,3,0.2,1.0,4001,0.31222102,0.0036787936
multi_krum,persistent_sybil,9,8,2,3,0.2,1.0,4001,0.082312964,0.00096986553
multi_krum,persistent_sybil,10,8,2,3,0.2,1.0,4001,0.18491596,0.0021788017
multi_krum,persistent_sybil,11,8,2,3,0.2,1.0,4001,0.15050846,0.0017733898
multi_krum,persistent_sybil,12,8,2,3,0.2,1.0,4001,0.27828765,0.0032789684
multi_krum,persistent_sybil,13,8,2,3,0.2,1.0,4001,0.16988316,0.0020016753
multi_krum,persistent_sybil,14,8,2,3,0.2,1.0,4001,0.07504213,0.0008841958
multi_krum,persistent_sybil,15,8,2,3,0.2,1.0,4001,0.124666005,0.001468897
multi_krum,persistent_sybil,16,8,2,3,0.2,1.0,4001,0.09679694,0.0011405252
multi_krum,persistent_sybil,17,8,2,3,0.2,1.0,4001,0.1423877,0.0016777057
multi_krum,persistent_sybil,18,8,2,3,0.2,1.0,4001,0.20953552,0.0024688854
multi_krum,persistent_sybil,19,8,2,3,0.2,1.0,4001,0.03174618,0.0003740544
dssraw_multi_krum,persistent_sybil,0,8,2,3,0.2,1.0,1,17.012531,0.20045285
dssraw_multi_krum,persistent_sybil,1,8,2,3,0.2,1.0,1,16.932629,0.19951138
dssraw_multi_krum,persistent_sybil,2,8,2,3,0.2,1.0,1,17.01689,0.2005042
dssraw_multi_krum,persistent_sybil,3,8,2,3,0.2,1.0,1,17.081415,0.20126449
dssraw_multi_krum,persistent_sybil,4,8,2,3,0.2,1.0,1,16.999651,0.20030108
dssraw_multi_krum,persistent_sybil,5,8,2,3,0.2,1.0,1,17.075895,0.20119944
dssraw_multi_krum,persistent_sybil,6,8,2,3,0.2,1.0,1,16.906864,0.1992078
dssraw_multi_krum,persistent_sybil,7,8,2,3,0.2,1.0,1,16.885197,0.19895251
dssraw_multi_krum,persistent_sybil,8,8,2,3,0.2,1.0,1,17.099262,0.20147477
dssraw_multi_krum,persistent_sybil,9,8,2,3,0.2,1.0,1,16.92806,0.19945756
dssraw_multi_krum,persistent_sybil,10,8,2,3,0.2,1.0,1,17.196447,0.20261987
dssraw_multi_krum,persistent_sybil,11,8,2,3,0.2,1.0,1,16.973562,0.19999368
dssraw_multi_krum,persistent_sybil,12,8,2,3,0.2,1.0,1,16.911606,0.19926368
dssraw_multi_krum,persistent_sybil,13,8,2,3,0.2,1.0,1,17.068186,0.2011086
dssraw_multi_krum,persistent_sybil,14,8,2,3,0.2,1.0,1,17.104067,0.20153138
dssraw_multi_krum,persistent_sybil,15,8,2,3,0.2,1.0,1,16.91897,0.19935045
dssraw_multi_krum,persistent_sybil,16,8,2,3,0.2,1.0,1,16.962631,0.1998649
dssraw_multi_krum,persistent_sybil,17,8,2,3,0.2,1.0,1,16.98579,0.20013776
dssraw_multi_krum,persistent_sybil,18,8,2,3,0.2,1.0,1,17.038263,0.20075603
dssraw_multi_krum,persistent_sybil,19,8,2,3,0.2,1.0,1,16.905859,0.19919597
dssraw_multi_krum,persistent_sybil,0,8,2,3,0.2,1.0,1001,16.926119,0.19943468
dssraw_multi_krum,persistent_sybil,1,8,2,3,0.2,1.0,1001,17.048244,0.20087364
dssraw_multi_krum,persistent_sybil,2,8,2,3,0.2,1.0,1001,16.949986,0.19971588
dssraw_multi_krum,persistent_sybil,3,8,2,3,0.2,1.0,1001,16.976948,0.20003358
dssraw_multi_krum,persistent_sybil,4,8,2,3,0.2,1.0,1001,16.881252,0.19890603
dssraw_multi_krum,persistent_sybil,5,8,2,3,0.2,1.0,1001,17.049185,0.20088471
dssraw_multi_krum,persistent_sybil,6,8,2,3,0.2,1.0,1001,16.997623,0.2002772
dssraw_multi_krum,persistent_sybil,7,8,2,3,0.2,1.0,1001,16.885332,0.1989541
dssraw_multi_krum,persistent_sybil,8,8,2,3,0.2,1.0,1001,17.118652,0.20170324
dssraw_multi_krum,persistent_sybil,9,8,2,3,0.2,1.0,1001,17.075827,0.20119864
dssraw_multi_krum,persistent_sybil,10,8,2,3,0.2,1.0,1001,16.911066,0.19925731
dssraw_multi_krum,persistent_sybil,11,8,2,3,0.2,1.0,1001,17.053932,0.20094065
dssraw_multi_krum,persistent_sybil,12,8,2,3,0.2,1.0,1001,17.02629,0.20061497
dssraw_multi_krum,persistent_sybil,13,8,2,3,0.2,1.0,1001,17.131077,0.20184962
dssraw_multi_krum,persistent_sybil,14,8,2,3,0.2,1.0,1001,17.060015,0.20101233
dssraw_multi_krum,persistent_sybil,15,8,2,3,0.2,1.0,1001,16.900433,0.19913203
dssraw_multi_krum,persistent_sybil,16,8,2,3,0.2,1.0,1001,16.851702,0.19855784
dssraw_multi_krum,persistent_sybil,17,8,2,3,0.2,1.0,1001,17.002213,0.20033126
dssraw_multi_krum,persistent_sybil,18,8,2,3,0.2,1.0,1001,16.984415,0.20012157
dssraw_multi_krum,persistent_sybil,19,8,2,3,0.2,1.0,1001,17.002941,0.20033985
dssraw_multi_krum,persistent_sybil,0,8,2,3,0.2,1.0,2001,17.026028,0.20061187
dssraw_multi_krum,persistent_sybil,1,8,2,3,0.2,1.0,2001,16.73597,0.19719422
dssraw_multi_krum,persistent_sybil,2,8,2,3,0.2,1.0,2001,16.83839,0.198401
dssraw_multi_krum,persistent_sybil,3,8,2,3,0.2,1.0,2001,16.905746,0.19919464
dssraw_multi_krum,persistent_sybil,4,8,2,3,0.2,1.0,2001,17.090364,0.20136993
dssraw_multi_krum,persistent_sybil,5,8,2,3,0.2,1.0,2001,16.88737,0.1989781
dssraw_multi_krum,persistent_sybil,6,8,2,3,0.2,1.0,2001,16.952198,0.19974196
dssraw_multi_krum,persistent_sybil,7,8,2,3,0.2,1.0,2001,16.955162,0.19977689
dssraw_multi_krum,persistent_sybil,8,8,2,3,0.2,1.0,2001,17.038013,0.2007531
dssraw_multi_krum,persistent_sybil,9,8,2,3,0.2,1.0,2001,17.044405,0.2008284
dssraw_multi_krum,persistent_sybil,10,8,2,3,0.2,1.0,2001,16.917152,0.19932903
dssraw_multi_krum,persistent_sybil,11,8,2,3,0.2,1.0,2001,16.972807,0.19998479
dssraw_multi_krum,persistent_sybil,12,8,2,3,0.2,1.0,2001,17.158237,0.20216966
dssraw_multi_krum,persistent_sybil,13,8,2,3,0.2,1.0,2001,17.149742,0.20206955
dssraw_multi_krum,persistent_sybil,14,8,2,3,0.2,1.0,2001,16.882471,0.19892038
dssraw_multi_krum,persistent_sybil,15,8,2,3,0.2,1.0,2001,16.986656,0.20014797
dssraw_multi_krum,persistent_sybil,16,8,2,3,0.2,1.0,2001,16.874382,0.19882508
dssraw_multi_krum,persistent_sybil,17,8,2,3,0.2,1.0,2001,17.09483,0.20142254
dssraw_multi_krum,persistent_sybil,18,8,2,3,0.2,1.0,2001,17.020699,0.20054908
dssraw_multi_krum,persistent_sybil,19,8,2,3,0.2,1.0,2001,17.111414,0.20161794
dssraw_multi_krum,persistent_sybil,0,8,2,3,0.2,1.0,3001,16.98005,0.20007011
dssraw_multi_krum,persistent_sybil,1,8,2,3,0.2,1.0,3001,16.945244,0.19966002
dssraw_multi_krum,persistent_sybil,2,8,2,3,0.2,1.0,3001,17.15537,0.20213588
dssraw_multi_krum,persistent_sybil,3,8,2,3,0.2,1.0,3001,16.876078,0.19884506
dssraw_multi_krum,persistent_sybil,4,8,2,3,0.2,1.0,3001,16.938538,0.199581
dssraw_multi_krum,persistent_sybil,5,8,2,3,0.2,1.0,3001,16.951605,0.19973497
dssraw_multi_krum,persistent_sybil,6,8,2,3,0.2,1.0,3001,16.933462,0.1995212
dssraw_multi_krum,persistent_sybil,7,8,2,3,0.2,1.0,3001,16.909292,0.19923641
dssraw_multi_krum,persistent_sybil,8,8,2,3,0.2,1.0,3001,16.935732,0.19954795
dssraw_multi_krum,persistent_sybil,9,8,2,3,0.2,1.0,3001,17.04365,0.2008195
dssraw_multi_krum,persistent_sybil,10,8,2,3,0.2,1.0,3001,17.080673,0.20125574
dssraw_multi_krum,persistent_sybil,11,8,2,3,0.2,1.0,3001,16.806553,0.19802587
dssraw_multi_krum,persistent_sybil,12,8,2,3,0.2,1.0,3001,17.081898,0.20127016
dssraw_multi_krum,persistent_sybil,13,8,2,3,0.2,1.0,3001,16.898067,0.19910416
dssraw_multi_krum,persistent_sybil,14,8,2,3,0.2,1.0,3001,16.932251,0.19950692
dssraw_multi_krum,persistent_sybil,15,8,2,3,0.2,1.0,3001,16.924332,0.19941361
dssraw_multi_krum,persistent_sybil,16,8,2,3,0.2,1.0,3001,17.042038,0.20080051
dssraw_multi_krum,persistent_sybil,17,8,2,3,0.2,1.0,3001,17.168282,0.202288
dssraw_multi_krum,persistent_sybil,18,8,2,3,0.2,1.0,3001,17.020422,0.20054582
dssraw_multi_krum,persistent_sybil,19,8,2,3,0.2,1.0,3001,17.070967,0.20114137
dssraw_multi_krum,persistent_sybil,0,8,2,3,0.2,1.0,4001,16.940166,0.19960019
dssraw_multi_krum,persistent_sybil,1,8,2,3,0.2,1.0,4001,16.953426,0.19975643
dssraw_multi_krum,persistent_sybil,2,8,2,3,0.2,1.0,4001,16.95562,0.19978228
dssraw_multi_krum,persistent_sybil,3,8,2,3,0.2,1.0,4001,16.974548,0.20000531
dssraw_multi_krum,persistent_sybil,4,8,2,3,0.2,1.0,4001,16.964914,0.19989179
dssraw_multi_krum,persistent_sybil,5,8,2,3,0.2,1.0,4001,17.065178,0.20107315
dssraw_multi_krum,persistent_sybil,6,8,2,3,0.2,1.0,4001,16.952446,0.19974488
dssraw_multi_krum,persistent_sybil,7,8,2,3,0.2,1.0,4001,17.029116,0.20064825
dssraw_multi_krum,persistent_sybil,8,8,2,3,0.2,1.0,4001,17.049044,0.20088306
dssraw_multi_krum,persistent_sybil,9,8,2,3,0.2,1.0,4001,17.030853,0.20066872
dssraw_multi_krum,persistent_sybil,10,8,2,3,0.2,1.0,4001,16.977268,0.20003735
dssraw_multi_krum,persistent_sybil,11,8,2,3,0.2,1.0,4001,17.000307,0.20030881
dssraw_multi_krum,persistent_sybil,12,8,2,3,0.2,1.0,4001,16.984945,0.20012781
dssraw_multi_krum,persistent_sybil,13,8,2,3,0.2,1.0,4001,17.065851,0.2010811
dssraw_multi_krum,persistent_sybil,14,8,2,3,0.2,1.0,4001,16.940279,0.19960152
dssraw_multi_krum,persistent_sybil,15,8,2,3,0.2,1.0,4001,16.943071,0.19963442
dssraw_multi_krum,persistent_sybil,16,8,2,3,0.2,1.0,4001,16.95906,0.19982281
dssraw_multi_krum,persistent_sybil,17,8,2,3,0.2,1.0,4001,16.902973,0.19916196
dssraw_multi_krum,persistent_sybil,18,8,2,3,0.2,1.0,4001,17.057077,0.20097771
dssraw_multi_krum,persistent_sybil,19,8,2,3,0.2,1.0,4001,16.956657,0.1997945
dss_multi_krum,persistent_sybil,0,8,2,3,0.2,1.0,1,0.09130984,0.0010758726
dss_multi_krum,persistent_sybil,1,8,2,3,0.2,1.0,1,0.16155167,0.0019035081
dss_multi_krum,persistent_sybil,2,8,2,3,0.2,1.0,1,0.16640949,0.0019607462
dss_multi_krum,persistent_sybil,3,8,2,3,0.2,1.0,1,0.23850659,0.0028102417
dss_multi_krum,persistent_sybil,4,8,2,3,0.2,1.0,1,0.08631606,0.0010170327
dss_multi_krum,persistent_sybil,5,8,2,3,0.2,1.0,1,0.20534198,0.0024194743
dss_multi_krum,persistent_sybil,6,8,2,3,0.2,1.0,1,0.091160536,0.0010741134
dss_multi_krum,persistent_sybil,7,8,2,3,0.2,1.0,1,0.12923342,0.0015227132
dss_multi_krum,persistent_sybil,8,8,2,3,0.2,1.0,1,0.17155503,0.0020213742
dss_multi_krum,persistent_sybil,9,8,2,3,0.2,1.0,1,0.19107847,0.0022514123
dss_multi_krum,persistent_sybil,10,8,2,3,0.2,1.0,1,0.30065653,0.0035425331
dss_multi_krum,persistent_sybil,11,8,2,3,0.2,1.0,1,0.014737415,0.00017364592
dss_multi_krum,persistent_sybil,12,8,2,3,0.2,1.0,1,0.105662316,0.0012449829
dss_multi_krum,persistent_sybil,13,8,2,3,0.2,1.0,1,0.16074833,0.0018940427
dss_multi_krum,persistent_sybil,14,8,2,3,0.2,1.0,1,0.28514582,0.0033597758
dss_multi_krum,persistent_sybil,15,8,2,3,0.2,1.0,1,0.13542593,0.0015956775
dss_multi_krum,persistent_sybil,16,8,2,3,0.2,1.0,1,0.19463722,0.002293344
dss_multi_krum,persistent_sybil,17,8,2,3,0.2,1.0,1,0.12056412,0.0014205658
dss_multi_krum,persistent_sybil,18,8,2,3,0.2,1.0,1,0.10319564,0.0012159189
dss_multi_krum,persistent_sybil,19,8,2,3,0.2,1.0,1,0.21041752,0.0024792778
dss_multi_krum,persistent_sybil,0,8,2,3,0.2,1.0,1001,0.13331048,0.0015707519
dss_multi_krum,persistent_sybil,1,8,2,3,0.2,1.0,1001,0.11451197,0.0013492553
dss_multi_krum,persistent_sybil,2,8,2,3,0.2,1.0,1001,0.05046344,0.00059459347
dss_multi_krum,persistent_sybil,3,8,2,3,0.2,1.0,1001,0.34378058,0.0040506492
dss_multi_krum,persistent_sybil,4,8,2,3,0.2,1.0,1001,0.15308267,0.0018037208
dss_multi_krum,persistent_sybil,5,8,2,3,0.2,1.0,1001,0.37664187,0.0044378424
dss_multi_krum,persistent_sybil,6,8,2,3,0.2,1.0,1001,0.19811253,0.0023342923
dss_multi_krum,persistent_sybil,7,8,2,3,0.2,1.0,1001,0.18833597,0.0022190984
dss_multi_krum,persistent_sybil,8,8,2,3,0.2,1.0,1001,0.25478095,0.0030019968
dss_multi_krum,persistent_sybil,9,8,2,3,0.2,1.0,1001,0.20227963,0.0023833918
dss_multi_krum,persistent_sybil,10,8,2,3,0.2,1.0,1001,0.16930111,0.001994817
dss_multi_krum,persistent_sybil,11,8,2,3,0.2,1.0,1001,0.1666822,0.0019639593
dss_multi_krum,persistent_sybil,12,8,2,3,0.2,1.0,1001,0.22706729,0.0026754562
dss_multi_krum,persistent_sybil,13,8,2,3,0.2,1.0,1001,0.23869063,0.0028124102
dss_multi_krum,persistent_sybil,14,8,2,3,0.2,1.0,1001,0.11934321,0.0014061802
dss_multi_krum,persistent_sybil,15,8,2,3,0.2,1.0,1001,0.13368867,0.0015752079
dss_multi_krum,persistent_sybil,16,8,2,3,0.2,1.0,1001,0.22704922,0.0026752434
dss_multi_krum,persistent_sybil,17,8,2,3,0.2,1.0,1001,0.099514395,0.0011725441
dss_multi_krum,persistent_sybil,18,8,2,3,0.2,1.0,1001,0.17173456,0.0020234897
dss_multi_krum,persistent_sybil,19,8,2,3,0.2,1.0,1001,0.14199027,0.0016730229
dss_multi_krum,persistent_sybil,0,8,2,3,0.2,1.0,2001,0.29097116,0.0034284138
dss_multi_krum,persistent_sybil,1,8,2,3,0.2,1.0,2001,0.34145078,0.004023198
dss_multi_krum,persistent_sybil,2,8,2,3,0.2,1.0,2001,0.21334082,0.002513722
dss_multi_krum,persistent_sybil,3,8,2,3,0.2,1.0,2001,0.1739292,0.0020493483
dss_multi_krum,persistent_sybil,4,8,2,3,0.2,1.0,2001,0.18159948,0.0021397246
dss_multi_krum,persistent_sybil,5,8,2,3,0.2,1.0,2001,0.21369864,0.0025179381
dss_multi_krum,persistent_sybil,6,8,2,3,0.2,1.0,2001,0.09514481,0.0011210588
dss_multi_krum,persistent_sybil,7,8,2,3,0.2,1.0,2001,0.03486664,0.0004108217
dss_multi_krum,persistent_sybil,8,8,2,3,0.2,1.0,2001,0.19313756,0.002275674
dss_multi_krum,persistent_sybil,9,8,2,3,0.2,1.0,2001,0.14237557,0.0016775627
dss_multi_krum,persistent_sybil,10,8,2,3,0.2,1.0,2001,0.17137504,0.0020192536
dss_multi_krum,persistent_sybil,11,8,2,3,0.2,1.0,2001,0.17588313,0.0020723708
dss_multi_krum,persistent_sybil,12,8,2,3,0.2,1.0,2001,0.23511872,0.0027703235
dss_multi_krum,persistent_sybil,13,8,2,3,0.2,1.0,2001,0.27402654,0.003228761
dss_multi_krum,persistent_sybil,14,8,2,3,0.2,1.0,2001,0.2548344,0.0030026268
dss_multi_krum,persistent_sybil,15,8,2,3,0.2,1.0,2001,0.14029968,0.0016531032
dss_multi_krum,persistent_sybil,16,8,2,3,0.2,1.0,2001,0.13125697,0.001546556
dss_multi_krum,persistent_sybil,17,8,2,3,0.2,1.0,2001,0.153924,0.001813634
dss_multi_krum,persistent_sybil,18,8,2,3,0.2,1.0,2001,0.13531749,0.0015943998
dss_multi_krum,persistent_sybil,19,8,2,3,0.2,1.0,2001,0.24131583,0.002843342
dss_multi_krum,persistent_sybil,0,8,2,3,0.2,1.0,3001,0.13815947,0.0016278859
dss_multi_krum,persistent_sybil,1,8,2,3,0.2,1.0,3001,0.22956407,0.002704875
dss_multi_krum,persistent_sybil,2,8,2,3,0.2,1.0,3001,0.30266336,0.003566179
dss_multi_krum,persistent_sybil,3,8,2,3,0.2,1.0,3001,0.16175407,0.001905893
dss_multi_krum,persistent_sybil,4,8,2,3,0.2,1.0,3001,0.1371996,0.001616576
dss_multi_krum,persistent_sybil,5,8,2,3,0.2,1.0,3001,0.08722355,0.0010277253
dss_multi_krum,persistent_sybil,6,8,2,3,0.2,1.0,3001,0.23414339,0.0027588315
dss_multi_krum,persistent_sybil,7,8,2,3,0.2,1.0,3001,0.16183282,0.0019068209
dss_multi_krum,persistent_sybil,8,8,2,3,0.2,1.0,3001,0.098083295,0.0011556819
dss_multi_krum,persistent_sybil,9,8,2,3,0.2,1.0,3001,0.17345354,0.0020437439
dss_multi_krum,persistent_sybil,10,8,2,3,0.2,1.0,3001,0.13487487,0.0015891845
dss_multi_krum,persistent_sybil,11,8,2,3,0.2,1.0,3001,0.43272933,0.005098702
dss_multi_krum,persistent_sybil,12,8,2,3,0.2,1.0,3001,0.22118776,0.0026061798
dss_multi_krum,persistent_sybil,13,8,2,3,0.2,1.0,3001,0.10767205,0.001268663
dss_multi_krum,persistent_sybil,14,8,2,3,0.2,1.0,3001,0.13815124,0.0016277889
dss_multi_krum,persistent_sybil,15,8,2,3,0.2,1.0,3001,0.06708015,0.00079038244
dss_multi_krum,persistent_sybil,16,8,2,3,0.2,1.0,3001,0.15590908,0.0018370234
dss_multi_krum,persistent_sybil,17,8,2,3,0.2,1.0,3001,0.24400753,0.0028750573
dss_multi_krum,persistent_sybil,18,8,2,3,0.2,1.0,3001,0.10876588,0.0012815512
dss_multi_krum,persistent_sybil,19,8,2,3,0.2,1.0,3001,0.21983077,0.0025901909
dss_multi_krum,persistent_sybil,0,8,2,3,0.2,1.0,4001,0.20224643,0.0023830005
dss_multi_krum,persistent_sybil,1,8,2,3,0.2,1.0,4001,0.16083111,0.001895018
dss_multi_krum,persistent_sybil,2,8,2,3,0.2,1.0,4001,0.049382646,0.00058185885
dss_multi_krum,persistent_sybil,3,8,2,3,0.2,1.0,4001,0.2100872,0.0024753856
dss_multi_krum,persistent_sybil,4,8,2,3,0.2,1.0,4001,0.1805922,0.002127856
dss_multi_krum,persistent_sybil,5,8,2,3,0.2,1.0,4001,0.2590583,0.0030523953
dss_multi_krum,persistent_sybil,6,8,2,3,0.2,1.0,4001,0.052704,0.0006209932
dss_multi_krum,persistent_sybil,7,8,2,3,0.2,1.0,4001,0.09778985,0.0011522244
dss_multi_krum,persistent_sybil,8,8,2,3,0.2,1.0,4001,0.31222102,0.0036787936
dss_multi_krum,persistent_sybil,9,8,2,3,0.2,1.0,4001,0.082312964,0.00096986553
dss_multi_krum,persistent_sybil,10,8,2,3,0.2,1.0,4001,0.18491596,0.0021788017
dss_multi_krum,persistent_sybil,11,8,2,3,0.2,1.0,4001,0.15050846,0.0017733898
dss_multi_krum,persistent_sybil,12,8,2,3,0.2,1.0,4001,0.27828765,0.0032789684
dss_multi_krum,persistent_sybil,13,8,2,3,0.2,1.0,4001,0.16988316,0.0020016753
dss_multi_krum,persistent_sybil,14,8,2,3,0.2,1.0,4001,0.07504213,0.0008841958
dss_multi_krum,persistent_sybil,15,8,2,3,0.2,1.0,4001,0.124666005,0.001468897
dss_multi_krum,persistent_sybil,16,8,2,3,0.2,1.0,4001,0.09679694,0.0011405252
dss_multi_krum,persistent_sybil,17,8,2,3,0.2,1.0,4001,0.1423877,0.0016777057
dss_multi_krum,persistent_sybil,18,8,2,3,0.2,1.0,4001,0.20953552,0.0024688854
dss_multi_krum,persistent_sybil,19,8,2,3,0.2,1.0,4001,0.03174618,0.0003740544
trimmed_mean,persistent_sybil,0,8,2,3,0.2,1.0,1,0.26851684,0.0031638423
trimmed_mean,persistent_sybil,1,8,2,3,0.2,1.0,1,0.24468066,0.0028829887
trimmed_mean,persistent_sybil,2,8,2,3,0.2,1.0,1,0.2663055,0.0031377869
trimmed_mean,persistent_sybil,3,8,2,3,0.2,1.0,1,0.4095592,0.004825696
trimmed_mean,persistent_sybil,4,8,2,3,0.2,1.0,1,0.26363784,0.0031063545
trimmed_mean,persistent_sybil,5,8,2,3,0.2,1.0,1,0.37445968,0.0044121305
trimmed_mean,persistent_sybil,6,8,2,3,0.2,1.0,1,0.11492526,0.0013541251
trimmed_mean,persistent_sybil,7,8,2,3,0.2,1.0,1,0.19402331,0.0022861103
trimmed_mean,persistent_sybil,8,8,2,3,0.2,1.0,1,0.4100174,0.0048310948
trimmed_mean,persistent_sybil,9,8,2,3,0.2,1.0,1,0.19281232,0.0022718417
trimmed_mean,persistent_sybil,10,8,2,3,0.2,1.0,1,0.503513,0.0059327213
trimmed_mean,persistent_sybil,11,8,2,3,0.2,1.0,1,0.21236672,0.0025022444
trimmed_mean,persistent_sybil,12,8,2,3,0.2,1.0,1,0.16097,0.0018966545
trimmed_mean,persistent_sybil,13,8,2,3,0.2,1.0,1,0.34785548,0.004098662
trimmed_mean,persistent_sybil,14,8,2,3,0.2,1.0,1,0.4983801,0.0058722426
trimmed_mean,persistent_sybil,15,8,2,3,0.2,1.0,1,0.21354283,0.0025161023
trimmed_mean,persistent_sybil,16,8,2,3,0.2,1.0,1,0.2814887,0.003316685
trimmed_mean,persistent_sybil,17,8,2,3,0.2,1.0,1,0.18526308,0.0021828916
trimmed_mean,persistent_sybil,18,8,2,3,0.2,1.0,1,0.30515605,0.0035955496
trimmed_mean,persistent_sybil,19,8,2,3,0.2,1.0,1,0.22349176,0.002633327
trimmed_mean,persistent_sybil,0,8,2,3,0.2,1.0,1001,0.13582318,0.001600358
trimmed_mean,persistent_sybil,1,8,2,3,0.2,1.0,1001,0.30453843,0.0035882723
trimmed_mean,persistent_sybil,2,8,2,3,0.2,1.0,1001,0.206303,0.0024307978
trimmed_mean,persistent_sybil,3,8,2,3,0.2,1.0,1001,0.37684727,0.0044402624
trimmed_mean,persistent_sybil,4,8,2,3,0.2,1.0,1001,0.09799547,0.0011546471
trimmed_mean,persistent_sybil,5,8,2,3,0.2,1.0,1001,0.49992284,0.00589042
trimmed_mean,persistent_sybil,6,8,2,3,0.2,1.0,1001,0.32170874,0.0037905842
trimmed_mean,persistent_sybil,7,8,2,3,0.2,1.0,1001,0.11194938,0.0013190613
trimmed_mean,persistent_sybil,8,8,2,3,0.2,1.0,1001,0.42039055,0.0049533183
trimmed_mean,persistent_sybil,9,8,2,3,0.2,1.0,1001,0.35841233,0.00422305
trimmed_mean,persistent_sybil,10,8,2,3,0.2,1.0,1001,0.17084588,0.0020130186
trimmed_mean,persistent_sybil,11,8,2,3,0.2,1.0,1001,0.36561885,0.004307962
trimmed_mean,persistent_sybil,12,8,2,3,0.2,1.0,1001,0.31646484,0.0037287972
trimmed_mean,persistent_sybil,13,8,2,3,0.2,1.0,1001,0.5050911,0.0059513156
trimmed_mean,persistent_sybil,14,8,2,3,0.2,1.0,1001,0.24798672,0.0029219429
trimmed_mean,persistent_sybil,15,8,2,3,0.2,1.0,1001,0.12402904,0.0014613918
trimmed_mean,persistent_sybil,16,8,2,3,0.2,1.0,1001,0.18311642,0.0021575983
trimmed_mean,persistent_sybil,17,8,2,3,0.2,1.0,1001,0.20558514,0.0024223395
trimmed_mean,persistent_sybil,18,8,2,3,0.2,1.0,1001,0.24862073,0.0029294132
trimmed_mean,persistent_sybil,19,8,2,3,0.2,1.0,1001,0.29817334,0.0035132745
trimmed_mean,persistent_sybil,0,8,2,3,0.2,1.0,2001,0.38922924,0.004586155
trimmed_mean,persistent_sybil,1,8,2,3,0.2,1.0,2001,0.23931402,0.0028197553
trimmed_mean,persistent_sybil,2,8,2,3,0.2,1.0,2001,0.13203378,0.0015557089
trimmed_mean,persistent_sybil,3,8,2,3,0.2,1.0,2001,0.29302883,0.0034526587
trimmed_mean,persistent_sybil,4,8,2,3,0.2,1.0,2001,0.35658905,0.004201567
trimmed_mean,persistent_sybil,5,8,2,3,0.2,1.0,2001,0.1545688,0.0018212314
trimmed_mean,persistent_sybil,6,8,2,3,0.2,1.0,2001,0.23819984,0.0028066274
trimmed_mean,persistent_sybil,7,8,2,3,0.2,1.0,2001,0.17193085,0.0020258024
trimmed_mean,persistent_sybil,8,8,2,3,0.2,1.0,2001,0.27558523,0.0032471267
trimmed_mean,persistent_sybil,9,8,2,3,0.2,1.0,2001,0.28351432,0.0033405523
trimmed_mean,persistent_sybil,10,8,2,3,0.2,1.0,2001,0.1849391,0.0021790743
trimmed_mean,persistent_sybil,11,8,2,3,0.2,1.0,2001,0.24079327,0.0028371848
trimmed_mean,persistent_sybil,12,8,2,3,0.2,1.0,2001,0.416402,0.004906323
trimmed_mean,persistent_sybil,13,8,2,3,0.2,1.0,2001,0.4555734,0.005367866
trimmed_mean,persistent_sybil,14,8,2,3,0.2,1.0,2001,0.27913404,0.003288941
trimmed_mean,persistent_sybil,15,8,2,3,0.2,1.0,2001,0.23474838,0.0027659598
trimmed_mean,persistent_sybil,16,8,2,3,0.2,1.0,2001,0.101250745,0.0011930029
trimmed_mean,persistent_sybil,17,8,2,3,0.2,1.0,2001,0.33144704,0.0039053273
trimmed_mean,persistent_sybil,18,8,2,3,0.2,1.0,2001,0.26049048,0.0030692704
trimmed_mean,persistent_sybil,19,8,2,3,0.2,1.0,2001,0.40971917,0.004827581
trimmed_mean,persistent_sybil,0,8,2,3,0.2,1.0,3001,0.19474354,0.0022945968
trimmed_mean,persistent_sybil,1,8,2,3,0.2,1.0,3001,0.30326533,0.003573272
trimmed_mean,persistent_sybil,2,8,2,3,0.2,1.0,3001,0.44544357,0.0052485093
trimmed_mean,persistent_sybil,3,8,2,3,0.2,1.0,3001,0.16363917,0.0019281044
trimmed_mean,persistent_sybil,4,8,2,3,0.2,1.0,3001,0.14153785,0.0016676921
trimmed_mean,persistent_sybil,5,8,2,3,0.2,1.0,3001,0.17108932,0.002015887
trimmed_mean,persistent_sybil,6,8,2,3,0.2,1.0,3001,0.25053266,0.0029519408
trimmed_mean,persistent_sybil,7,8,2,3,0.2,1.0,3001,0.23163834,0.0027293155
trimmed_mean,persistent_sybil,8,8,2,3,0.2,1.0,3001,0.154333,0.001818453
trimmed_mean,persistent_sybil,9,8,2,3,0.2,1.0,3001,0.3449763,0.004064738
trimmed_mean,persistent_sybil,10,8,2,3,0.2,1.0,3001,0.35667217,0.004202546
trimmed_mean,persistent_sybil,11,8,2,3,0.2,1.0,3001,0.39452112,0.0046485076
trimmed_mean,persistent_sybil,12,8,2,3,0.2,1.0,3001,0.38907254,0.0045843087
trimmed_mean,persistent_sybil,13,8,2,3,0.2,1.0,3001,0.0819924,0.0009660885
trimmed_mean,persistent_sybil,14,8,2,3,0.2,1.0,3001,0.21585982,0.0025434024
trimmed_mean,persistent_sybil,15,8,2,3,0.2,1.0,3001,0.19833936,0.002336965
trimmed_mean,persistent_sybil,16,8,2,3,0.2,1.0,3001,0.34934396,0.0041162004
trimmed_mean,persistent_sybil,17,8,2,3,0.2,1.0,3001,0.43558612,0.0051323627
trimmed_mean,persistent_sybil,18,8,2,3,0.2,1.0,3001,0.24595991,0.0028980616
trimmed_mean,persistent_sybil,19,8,2,3,0.2,1.0,3001,0.40270296,0.0047449116
trimmed_mean,persistent_sybil,0,8,2,3,0.2,1.0,4001,0.26768097,0.0031539935
trimmed_mean,persistent_sybil,1,8,2,3,0.2,1.0,4001,0.2698647,0.0031797236
trimmed_mean,persistent_sybil,2,8,2,3,0.2,1.0,4001,0.23543566,0.002774058
trimmed_mean,persistent_sybil,3,8,2,3,0.2,1.0,4001,0.25934747,0.0030558025
trimmed_mean,persistent_sybil,4,8,2,3,0.2,1.0,4001,0.22214144,0.0026174167
trimmed_mean,persistent_sybil,5,8,2,3,0.2,1.0,4001,0.44185215,0.005206193
trimmed_mean,persistent_sybil,6,8,2,3,0.2,1.0,4001,0.19559069,0.0023045782
trimmed_mean,persistent_sybil,7,8,2,3,0.2,1.0,4001,0.21138231,0.0024906455
trimmed_mean,persistent_sybil,8,8,2,3,0.2,1.0,4001,0.41450042,0.0048839166
trimmed_mean,persistent_sybil,9,8,2,3,0.2,1.0,4001,0.24459314,0.0028819575
trimmed_mean,persistent_sybil,10,8,2,3,0.2,1.0,4001,0.24529174,0.0028901887
trimmed_mean,persistent_sybil,11,8,2,3,0.2,1.0,4001,0.25478184,0.0030020075
trimmed_mean,persistent_sybil,12,8,2,3,0.2,1.0,4001,0.3371233,0.0039722086
trimmed_mean,persistent_sybil,13,8,2,3,0.2,1.0,4001,0.28090677,0.0033098285
trimmed_mean,persistent_sybil,14,8,2,3,0.2,1.0,4001,0.20301566,0.002392064
trimmed_mean,persistent_sybil,15,8,2,3,0.2,1.0,4001,0.22357117,0.0026342627
trimmed_mean,persistent_sybil,16,8,2,3,0.2,1.0,4001,0.19643195,0.0023144905
trimmed_mean,persistent_sybil,17,8,2,3,0.2,1.0,4001,0.15548277,0.0018320003
trimmed_mean,persistent_sybil,18,8,2,3,0.2,1.0,4001,0.39671925,0.004674407
trimmed_mean,persistent_sybil,19,8,2,3,0.2,1.0,4001,0.18276355,0.0021534404
dssraw_trimmed_mean,persistent_sybil,0,8,2,3,0.2,1.0,1,17.012531,0.20045285
dssraw_trimmed_mean,persistent_sybil,1,8,2,3,0.2,1.0,1,16.932629,0.19951138
dssraw_trimmed_mean,persistent_sybil,2,8,2,3,0.2,1.0,1,17.01689,0.2005042
dssraw_trimmed_mean,persistent_sybil,3,8,2,3,0.2,1.0,1,17.081415,0.20126449
dssraw_trimmed_mean,persistent_sybil,4,8,2,3,0.2,1.0,1,16.999651,0.20030108
dssraw_trimmed_mean,persistent_sybil,5,8,2,3,0.2,1.0,1,17.075895,0.20119944
dssraw_trimmed_mean,persistent_sybil,6,8,2,3,0.2,1.0,1,16.906864,0.1992078
dssraw_trimmed_mean,persistent_sybil,7,8,2,3,0.2,1.0,1,16.885197,0.19895251
dssraw_trimmed_mean,persistent_sybil,8,8,2,3,0.2,1.0,1,17.099262,0.20147477
dssraw_trimmed_mean,persistent_sybil,9,8,2,3,0.2,1.0,1,16.92806,0.19945756
dssraw_trimmed_mean,persistent_sybil,10,8,2,3,0.2,1.0,1,17.196447,0.20261987
dssraw_trimmed_mean,persistent_sybil,11,8,2,3,0.2,1.0,1,16.973562,0.19999368
dssraw_trimmed_mean,persistent_sybil,12,8,2,3,0.2,1.0,1,16.911606,0.19926368
dssraw_trimmed_mean,persistent_sybil,13,8,2,3,0.2,1.0,1,17.068186,0.2011086
dssraw_trimmed_mean,persistent_sybil,14,8,2,3,0.2,1.0,1,17.104067,0.20153138
dssraw_trimmed_mean,persistent_sybil,15,8,2,3,0.2,1.0,1,16.91897,0.19935045
dssraw_trimmed_mean,persistent_sybil,16,8,2,3,0.2,1.0,1,16.962631,0.1998649
dssraw_trimmed_mean,persistent_sybil,17,8,2,3,0.2,1.0,1,16.98579,0.20013776
dssraw_trimmed_mean,persistent_sybil,18,8,2,3,0.2,1.0,1,17.038263,0.20075603
dssraw_trimmed_mean,persistent_sybil,19,8,2,3,0.2,1.0,1,16.905859,0.19919597
dssraw_trimmed_mean,persistent_sybil,0,8,2,3,0.2,1.0,1001,16.926119,0.19943468
dssraw_trimmed_mean,persistent_sybil,1,8,2,3,0.2,1.0,1001,17.048244,0.20087364
dssraw_trimmed_mean,persistent_sybil,2,8,2,3,0.2,1.0,1001,16.949986,0.19971588
dssraw_trimmed_mean,persistent_sybil,3,8,2,3,0.2,1.0,1001,16.976948,0.20003358
dssraw_trimmed_mean,persistent_sybil,4,8,2,3,0.2,1.0,1001,16.881252,0.19890603
dssraw_trimmed_mean,persistent_sybil,5,8,2,3,0.2,1.0,1001,17.049185,0.20088471
dssraw_trimmed_mean,persistent_sybil,6,8,2,3,0.2,1.0,1001,16.997623,0.2002772
dssraw_trimmed_mean,persistent_sybil,7,8,2,3,0.2,1.0,1001,16.885332,0.1989541
dssraw_trimmed_mean,persistent_sybil,8,8,2,3,0.2,1.0,1001,17.118652,0.20170324
dssraw_trimmed_mean,persistent_sybil,9,8,2,3,0.2,1.0,1001,17.075827,0.20119864
dssraw_trimmed_mean,persistent_sybil,10,8,2,3,0.2,1.0,1001,16.911066,0.19925731
dssraw_trimmed_mean,persistent_sybil,11,8,2,3,0.2,1.0,1001,17.053932,0.20094065
dssraw_trimmed_mean,persistent_sybil,12,8,2,3,0.2,1.0,1001,17.02629,0.20061497
dssraw_trimmed_mean,persistent_sybil,13,8,2,3,0.2,1.0,1001,17.131077,0.20184962
dssraw_trimmed_mean,persistent_sybil,14,8,2,3,0.2,1.0,1001,17.060015,0.20101233
dssraw_trimmed_mean,persistent_sybil,15,8,2,3,0.2,1.0,1001,16.900433,0.19913203
dssraw_trimmed_mean,persistent_sybil,16,8,2,3,0.2,1.0,1001,16.851702,0.19855784
dssraw_trimmed_mean,persistent_sybil,17,8,2,3,0.2,1.0,1001,17.002213,0.20033126
dssraw_trimmed_mean,persistent_sybil,18,8,2,3,0.2,1.0,1001,16.984415,0.20012157
dssraw_trimmed_mean,persistent_sybil,19,8,2,3,0.2,1.0,1001,17.002941,0.20033985
dssraw_trimmed_mean,persistent_sybil,0,8,2,3,0.2,1.0,2001,17.026028,0.20061187
dssraw_trimmed_mean,persistent_sybil,1,8,2,3,0.2,1.0,2001,16.73597,0.19719422
dssraw_trimmed_mean,persistent_sybil,2,8,2,3,0.2,1.0,2001,16.83839,0.198401
dssraw_trimmed_mean,persistent_sybil,3,8,2,3,0.2,1.0,2001,16.905746,0.19919464
dssraw_trimmed_mean,persistent_sybil,4,8,2,3,0.2,1.0,2001,17.090364,0.20136993
dssraw_trimmed_mean,persistent_sybil,5,8,2,3,0.2,1.0,2001,16.88737,0.1989781
dssraw_trimmed_mean,persistent_sybil,6,8,2,3,0.2,1.0,2001,16.952198,0.19974196
dssraw_trimmed_mean,persistent_sybil,7,8,2,3,0.2,1.0,2001,16.955162,0.19977689
dssraw_trimmed_mean,persistent_sybil,8,8,2,3,0.2,1.0,2001,17.038013,0.2007531
dssraw_trimmed_mean,persistent_sybil,9,8,2,3,0.2,1.0,2001,17.044405,0.2008284
dssraw_trimmed_mean,persistent_sybil,10,8,2,3,0.2,1.0,2001,16.917152,0.19932903
dssraw_trimmed_mean,persistent_sybil,11,8,2,3,0.2,1.0,2001,16.972807,0.19998479
dssraw_trimmed_mean,persistent_sybil,12,8,2,3,0.2,1.0,2001,17.158237,0.20216966
dssraw_trimmed_mean,persistent_sybil,13,8,2,3,0.2,1.0,2001,17.149742,0.20206955
dssraw_trimmed_mean,persistent_sybil,14,8,2,3,0.2,1.0,2001,16.882471,0.19892038
dssraw_trimmed_mean,persistent_sybil,15,8,2,3,0.2,1.0,2001,16.986656,0.20014797
dssraw_trimmed_mean,persistent_sybil,16,8,2,3,0.2,1.0,2001,16.874382,0.19882508
dssraw_trimmed_mean,persistent_sybil,17,8,2,3,0.2,1.0,2001,17.09483,0.20142254
dssraw_trimmed_mean,persistent_sybil,18,8,2,3,0.2,1.0,2001,17.020699,0.20054908
dssraw_trimmed_mean,persistent_sybil,19,8,2,3,0.2,1.0,2001,17.111414,0.20161794
dssraw_trimmed_mean,persistent_sybil,0,8,2,3,0.2,1.0,3001,16.98005,0.20007011
dssraw_trimmed_mean,persistent_sybil,1,8,2,3,0.2,1.0,3001,16.945244,0.19966002
dssraw_trimmed_mean,persistent_sybil,2,8,2,3,0.2,1.0,3001,17.15537,0.20213588
dssraw_trimmed_mean,persistent_sybil,3,8,2,3,0.2,1.0,3001,16.876078,0.19884506
dssraw_trimmed_mean,persistent_sybil,4,8,2,3,0.2,1.0,3001,16.938538,0.199581
dssraw_trimmed_mean,persistent_sybil,5,8,2,3,0.2,1.0,3001,16.951605,0.19973497
dssraw_trimmed_mean,persistent_sybil,6,8,2,3,0.2,1.0,3001,16.933462,0.1995212
dssraw_trimmed_mean,persistent_sybil,7,8,2,3,0.2,1.0,3001,16.909292,0.19923641
dssraw_trimmed_mean,persistent_sybil,8,8,2,3,0.2,1.0,3001,16.935732,0.19954795
dssraw_trimmed_mean,persistent_sybil,9,8,2,3,0.2,1.0,3001,17.04365,0.2008195
dssraw_trimmed_mean,persistent_sybil,10,8,2,3,0.2,1.0,3001,17.080673,0.20125574
dssraw_trimmed_mean,persistent_sybil,11,8,2,3,0.2,1.0,3001,16.806553,0.19802587
dssraw_trimmed_mean,persistent_sybil,12,8,2,3,0.2,1.0,3001,17.081898,0.20127016
dssraw_trimmed_mean,persistent_sybil,13,8,2,3,0.2,1.0,3001,16.898067,0.19910416
dssraw_trimmed_mean,persistent_sybil,14,8,2,3,0.2,1.0,3001,16.932251,0.19950692
dssraw_trimmed_mean,persistent_sybil,15,8,2,3,0.2,1.0,3001,16.924332,0.19941361
dssraw_trimmed_mean,persistent_sybil,16,8,2,3,0.2,1.0,3001,17.042038,0.20080051
dssraw_trimmed_mean,persistent_sybil,17,8,2,3,0.2,1.0,3001,17.168282,0.202288
dssraw_trimmed_mean,persistent_sybil,18,8,2,3,0.2,1.0,3001,17.020422,0.20054582
dssraw_trimmed_mean,persistent_sybil,19,8,2,3,0.2,1.0,3001,17.070967,0.20114137
dssraw_trimmed_mean,persistent_sybil,0,8,2,3,0.2,1.0,4001,16.940166,0.19960019
dssraw_trimmed_mean,persistent_sybil,1,8,2,3,0.2,1.0,4001,16.953426,0.19975643
dssraw_trimmed_mean,persistent_sybil,2,8,2,3,0.2,1.0,4001,16.95562,0.19978228
dssraw_trimmed_mean,persistent_sybil,3,8,2,3,0.2,1.0,4001,16.974548,0.20000531
dssraw_trimmed_mean,persistent_sybil,4,8,2,3,0.2,1.0,4001,16.964914,0.19989179
dssraw_trimmed_mean,persistent_sybil,5,8,2,3,0.2,1.0,4001,17.065178,0.20107315
dssraw_trimmed_mean,persistent_sybil,6,8,2,3,0.2,1.0,4001,16.952446,0.19974488
dssraw_trimmed_mean,persistent_sybil,7,8,2,3,0.2,1.0,4001,17.029116,0.20064825
dssraw_trimmed_mean,persistent_sybil,8,8,2,3,0.2,1.0,4001,17.049044,0.20088306
dssraw_trimmed_mean,persistent_sybil,9,8,2,3,0.2,1.0,4001,17.030853,0.20066872
dssraw_trimmed_mean,persistent_sybil,10,8,2,3,0.2,1.0,4001,16.977268,0.20003735
dssraw_trimmed_mean,persistent_sybil,11,8,2,3,0.2,1.0,4001,17.000307,0.20030881
dssraw_trimmed_mean,persistent_sybil,12,8,2,3,0.2,1.0,4001,16.984945,0.20012781
dssraw_trimmed_mean,persistent_sybil,13,8,2,3,0.2,1.0,4001,17.065851,0.2010811
dssraw_trimmed_mean,persistent_sybil,14,8,2,3,0.2,1.0,4001,16.940279,0.19960152
dssraw_trimmed_mean,persistent_sybil,15,8,2,3,0.2,1.0,4001,16.943071,0.19963442
dssraw_trimmed_mean,persistent_sybil,16,8,2,3,0.2,1.0,4001,16.95906,0.19982281
dssraw_trimmed_mean,persistent_sybil,17,8,2,3,0.2,1.0,4001,16.902973,0.19916196
dssraw_trimmed_mean,persistent_sybil,18,8,2,3,0.2,1.0,4001,17.057077,0.20097771
dssraw_trimmed_mean,persistent_sybil,19,8,2,3,0.2,1.0,4001,16.956657,0.1997945
dss_trimmed_mean,persistent_sybil,0,8,2,3,0.2,1.0,1,0.26851684,0.0031638423
dss_trimmed_mean,persistent_sybil,1,8,2,3,0.2,1.0,1,0.24468066,0.0028829887
dss_trimmed_mean,persistent_sybil,2,8,2,3,0.2,1.0,1,0.2663055,0.0031377869
dss_trimmed_mean,persistent_sybil,3,8,2,3,0.2,1.0,1,0.4095592,0.004825696
dss_trimmed_mean,persistent_sybil,4,8,2,3,0.2,1.0,1,0.26363784,0.0031063545
dss_trimmed_mean,persistent_sybil,5,8,2,3,0.2,1.0,1,0.37445968,0.0044121305
dss_trimmed_mean,persistent_sybil,6,8,2,3,0.2,1.0,1,0.11492526,0.0013541251
dss_trimmed_mean,persistent_sybil,7,8,2,3,0.2,1.0,1,0.19402331,0.0022861103
dss_trimmed_mean,persistent_sybil,8,8,2,3,0.2,1.0,1,0.4100174,0.0048310948
dss_trimmed_mean,persistent_sybil,9,8,2,3,0.2,1.0,1,0.19281232,0.0022718417
dss_trimmed_mean,persistent_sybil,10,8,2,3,0.2,1.0,1,0.503513,0.0059327213
dss_trimmed_mean,persistent_sybil,11,8,2,3,0.2,1.0,1,0.21236672,0.0025022444
dss_trimmed_mean,persistent_sybil,12,8,2,3,0.2,1.0,1,0.16097,0.0018966545
dss_trimmed_mean,persistent_sybil,13,8,2,3,0.2,1.0,1,0.34785548,0.004098662
dss_trimmed_mean,persistent_sybil,14,8,2,3,0.2,1.0,1,0.4983801,0.0058722426
dss_trimmed_mean,persistent_sybil,15,8,2,3,0.2,1.0,1,0.21354283,0.0025161023
dss_trimmed_mean,persistent_sybil,16,8,2,3,0.2,1.0,1,0.2814887,0.003316685
dss_trimmed_mean,persistent_sybil,17,8,2,3,0.2,1.0,1,0.18526308,0.0021828916
dss_trimmed_mean,persistent_sybil,18,8,2,3,0.2,1.0,1,0.30515605,0.0035955496
dss_trimmed_mean,persistent_sybil,19,8,2,3,0.2,1.0,1,0.22349176,0.002633327
dss_trimmed_mean,persistent_sybil,0,8,2,3,0.2,1.0,1001,0.13582318,0.001600358
dss_trimmed_mean,persistent_sybil,1,8,2,3,0.2,1.0,1001,0.30453843,0.0035882723
dss_trimmed_mean,persistent_sybil,2,8,2,3,0.2,1.0,1001,0.206303,0.0024307978
dss_trimmed_mean,persistent_sybil,3,8,2,3,0.2,1.0,1001,0.37684727,0.0044402624
dss_trimmed_mean,persistent_sybil,4,8,2,3,0.2,1.0,1001,0.09799547,0.0011546471
dss_trimmed_mean,persistent_sybil,5,8,2,3,0.2,1.0,1001,0.49992284,0.00589042
dss_trimmed_mean,persistent_sybil,6,8,2,3,0.2,1.0,1001,0.32170874,0.0037905842
dss_trimmed_mean,persistent_sybil,7,8,2,3,0.2,1.0,1001,0.11194938,0.0013190613
dss_trimmed_mean,persistent_sybil,8,8,2,3,0.2,1.0,1001,0.42039055,0.0049533183
dss_trimmed_mean,persistent_sybil,9,8,2,3,0.2,1.0,1001,0.35841233,0.00422305
dss_trimmed_mean,persistent_sybil,10,8,2,3,0.2,1.0,1001,0.17084588,0.0020130186
dss_trimmed_mean,persistent_sybil,11,8,2,3,0.2,1.0,1001,0.36561885,0.004307962
dss_trimmed_mean,persistent_sybil,12,8,2,3,0.2,1.0,1001,0.31646484,0.0037287972
dss_trimmed_mean,persistent_sybil,13,8,2,3,0.2,1.0,1001,0.5050911,0.0059513156
dss_trimmed_mean,persistent_sybil,14,8,2,3,0.2,1.0,1001,0.24798672,0.0029219429
dss_trimmed_mean,persistent_sybil,15,8,2,3,0.2,1.0,1001,0.12402904,0.0014613918
dss_trimmed_mean,persistent_sybil,16,8,2,3,0.2,1.0,1001,0.18311642,0.0021575983
dss_trimmed_mean,persistent_sybil,17,8,2,3,0.2,1.0,1001,0.20558514,0.0024223395
dss_trimmed_mean,persistent_sybil,18,8,2,3,0.2,1.0,1001,0.24862073,0.0029294132
dss_trimmed_mean,persistent_sybil,19,8,2,3,0.2,1.0,1001,0.29817334,0.0035132745
dss_trimmed_mean,persistent_sybil,0,8,2,3,0.2,1.0,2001,0.38922924,0.004586155
dss_trimmed_mean,persistent_sybil,1,8,2,3,0.2,1.0,2001,0.23931402,0.0028197553
dss_trimmed_mean,persistent_sybil,2,8,2,3,0.2,1.0,2001,0.13203378,0.0015557089
dss_trimmed_mean,persistent_sybil,3,8,2,3,0.2,1.0,2001,0.29302883,0.0034526587
dss_trimmed_mean,persistent_sybil,4,8,2,3,0.2,1.0,2001,0.35658905,0.004201567
dss_trimmed_mean,persistent_sybil,5,8,2,3,0.2,1.0,2001,0.1545688,0.0018212314
dss_trimmed_mean,persistent_sybil,6,8,2,3,0.2,1.0,2001,0.23819984,0.0028066274
dss_trimmed_mean,persistent_sybil,7,8,2,3,0.2,1.0,2001,0.17193085,0.0020258024
dss_trimmed_mean,persistent_sybil,8,8,2,3,0.2,1.0,2001,0.27558523,0.0032471267
dss_trimmed_mean,persistent_sybil,9,8,2,3,0.2,1.0,2001,0.28351432,0.0033405523
dss_trimmed_mean,persistent_sybil,10,8,2,3,0.2,1.0,2001,0.1849391,0.0021790743
dss_trimmed_mean,persistent_sybil,11,8,2,3,0.2,1.0,2001,0.24079327,0.0028371848
dss_trimmed_mean,persistent_sybil,12,8,2,3,0.2,1.0,2001,0.416402,0.004906323
dss_trimmed_mean,persistent_sybil,13,8,2,3,0.2,1.0,2001,0.4555734,0.005367866
dss_trimmed_mean,persistent_sybil,14,8,2,3,0.2,1.0,2001,0.27913404,0.003288941
dss_trimmed_mean,persistent_sybil,15,8,2,3,0.2,1.0,2001,0.23474838,0.0027659598
dss_trimmed_mean,persistent_sybil,16,8,2,3,0.2,1.0,2001,0.101250745,0.0011930029
dss_trimmed_mean,persistent_sybil,17,8,2,3,0.2,1.0,2001,0.33144704,0.0039053273
dss_trimmed_mean,persistent_sybil,18,8,2,3,0.2,1.0,2001,0.26049048,0.0030692704
dss_trimmed_mean,persistent_sybil,19,8,2,3,0.2,1.0,2001,0.40971917,0.004827581
dss_trimmed_mean,persistent_sybil,0,8,2,3,0.2,1.0,3001,0.19474354,0.0022945968
dss_trimmed_mean,persistent_sybil,1,8,2,3,0.2,1.0,3001,0.30326533,0.003573272
dss_trimmed_mean,persistent_sybil,2,8,2,3,0.2,1.0,3001,0.44544357,0.0052485093
dss_trimmed_mean,persistent_sybil,3,8,2,3,0.2,1.0,3001,0.16363917,0.0019281044
dss_trimmed_mean,persistent_sybil,4,8,2,3,0.2,1.0,3001,0.14153785,0.0016676921
dss_trimmed_mean,persistent_sybil,5,8,2,3,0.2,1.0,3001,0.17108932,0.002015887
dss_trimmed_mean,persistent_sybil,6,8,2,3,0.2,1.0,3001,0.25053266,0.0029519408
dss_trimmed_mean,persistent_sybil,7,8,2,3,0.2,1.0,3001,0.23163834,0.0027293155
dss_trimmed_mean,persistent_sybil,8,8,2,3,0.2,1.0,3001,0.154333,0.001818453
dss_trimmed_mean,persistent_sybil,9,8,2,3,0.2,1.0,3001,0.3449763,0.004064738
dss_trimmed_mean,persistent_sybil,10,8,2,3,0.2,1.0,3001,0.35667217,0.004202546
dss_trimmed_mean,persistent_sybil,11,8,2,3,0.2,1.0,3001,0.39452112,0.0046485076
dss_trimmed_mean,persistent_sybil,12,8,2,3,0.2,1.0,3001,0.38907254,0.0045843087
dss_trimmed_mean,persistent_sybil,13,8,2,3,0.2,1.0,3001,0.0819924,0.0009660885
dss_trimmed_mean,persistent_sybil,14,8,2,3,0.2,1.0,3001,0.21585982,0.0025434024
dss_trimmed_mean,persistent_sybil,15,8,2,3,0.2,1.0,3001,0.19833936,0.002336965
dss_trimmed_mean,persistent_sybil,16,8,2,3,0.2,1.0,3001,0.34934396,0.0041162004
dss_trimmed_mean,persistent_sybil,17,8,2,3,0.2,1.0,3001,0.43558612,0.0051323627
dss_trimmed_mean,persistent_sybil,18,8,2,3,0.2,1.0,3001,0.24595991,0.0028980616
dss_trimmed_mean,persistent_sybil,19,8,2,3,0.2,1.0,3001,0.40270296,0.0047449116
dss_trimmed_mean,persistent_sybil,0,8,2,3,0.2,1.0,4001,0.26768097,0.0031539935
dss_trimmed_mean,persistent_sybil,1,8,2,3,0.2,1.0,4001,0.2698647,0.0031797236
dss_trimmed_mean,persistent_sybil,2,8,2,3,0.2,1.0,4001,0.23543566,0.002774058
dss_trimmed_mean,persistent_sybil,3,8,2,3,0.2,1.0,4001,0.25934747,0.0030558025
dss_trimmed_mean,persistent_sybil,4,8,2,3,0.2,1.0,4001,0.22214144,0.0026174167
dss_trimmed_mean,persistent_sybil,5,8,2,3,0.2,1.0,4001,0.44185215,0.005206193
dss_trimmed_mean,persistent_sybil,6,8,2,3,0.2,1.0,4001,0.19559069,0.0023045782
dss_trimmed_mean,persistent_sybil,7,8,2,3,0.2,1.0,4001,0.21138231,0.0024906455
dss_trimmed_mean,persistent_sybil,8,8,2,3,0.2,1.0,4001,0.41450042,0.0048839166
dss_trimmed_mean,persistent_sybil,9,8,2,3,0.2,1.0,4001,0.24459314,0.0028819575
dss_trimmed_mean,persistent_sybil,10,8,2,3,0.2,1.0,4001,0.24529174,0.0028901887
dss_trimmed_mean,persistent_sybil,11,8,2,3,0.2,1.0,4001,0.25478184,0.0030020075
dss_trimmed_mean,persistent_sybil,12,8,2,3,0.2,1.0,4001,0.3371233,0.0039722086
dss_trimmed_mean,persistent_sybil,13,8,2,3,0.2,1.0,4001,0.28090677,0.0033098285
dss_trimmed_mean,persistent_sybil,14,8,2,3,0.2,1.0,4001,0.20301566,0.002392064
dss_trimmed_mean,persistent_sybil,15,8,2,3,0.2,1.0,4001,0.22357117,0.0026342627
dss_trimmed_mean,persistent_sybil,16,8,2,3,0.2,1.0,4001,0.19643195,0.0023144905
dss_trimmed_mean,persistent_sybil,17,8,2,3,0.2,1.0,4001,0.15548277,0.0018320003
dss_trimmed_mean,persistent_sybil,18,8,2,3,0.2,1.0,4001,0.39671925,0.004674407
dss_trimmed_mean,persistent_sybil,19,8,2,3,0.2,1.0,4001,0.18276355,0.0021534404
fedavg,adaptive_evasion,0,8,2,3,0.2,1.0,1,17.012531,0.20045285
fedavg,adaptive_evasion,1,8,2,3,0.2,1.0,1,20.396658,0.19959347
fedavg,adaptive_evasion,2,8,2,3,0.2,1.0,1,24.637772,0.2003468
fedavg,adaptive_evasion,3,8,2,3,0.2,1.0,1,29.690437,0.20072341
fedavg,adaptive_evasion,4,8,2,3,0.2,1.0,1,35.59489,0.20014332
fedavg,adaptive_evasion,5,8,2,3,0.2,1.0,1,42.854065,0.20047483
fedavg,adaptive_evasion,6,8,2,3,0.2,1.0,1,51.305115,0.19973819
fedavg,adaptive_evasion,7,8,2,3,0.2,1.0,1,61.627155,0.1997117
fedavg,adaptive_evasion,8,8,2,3,0.2,1.0,1,74.25372,0.2003375
fedavg,adaptive_evasion,9,8,2,3,0.2,1.0,1,88.97709,0.19989544
fedavg,adaptive_evasion,10,8,2,3,0.2,1.0,1,107.1198,0.20041561
fedavg,adaptive_evasion,11,8,2,3,0.2,1.0,1,128.34592,0.19999914
fedavg,adaptive_evasion,12,8,2,3,0.2,1.0,1,154.02246,0.19991876
fedavg,adaptive_evasion,13,8,2,3,0.2,1.0,1,185.06522,0.20010151
fedavg,adaptive_evasion,14,8,2,3,0.2,1.0,1,222.16391,0.20011622
fedavg,adaptive_evasion,15,8,2,3,0.2,1.0,1,266.4558,0.19995844
fedavg,adaptive_evasion,16,8,2,3,0.2,1.0,1,319.87057,0.19999242
fedavg,adaptive_evasion,17,8,2,3,0.2,1.0,1,383.93997,0.20000595
fedavg,adaptive_evasion,18,8,2,3,0.2,1.0,1,460.84766,0.20002781
fedavg,adaptive_evasion,19,8,2,3,0.2,1.0,1,552.94073,0.19997509
fedavg,adaptive_evasion,0,8,2,3,0.2,1.0,1001,16.926119,0.19943468
fedavg,adaptive_evasion,1,8,2,3,0.2,1.0,1001,20.512333,0.20072542
fedavg,adaptive_evasion,2,8,2,3,0.2,1.0,1001,24.571001,0.19980384
fedavg,adaptive_evasion,3,8,2,3,0.2,1.0,1001,29.585333,0.20001285
fedavg,adaptive_evasion,4,8,2,3,0.2,1.0,1001,35.47646,0.19947742
fedavg,adaptive_evasion,5,8,2,3,0.2,1.0,1001,42.82614,0.2003442
fedavg,adaptive_evasion,6,8,2,3,0.2,1.0,1001,51.395405,0.20008971
fedavg,adaptive_evasion,7,8,2,3,0.2,1.0,1001,61.627037,0.19971132
fedavg,adaptive_evasion,8,8,2,3,0.2,1.0,1001,74.27272,0.20038876
fedavg,adaptive_evasion,9,8,2,3,0.2,1.0,1001,89.124985,0.2002277
fedavg,adaptive_evasion,10,8,2,3,0.2,1.0,1001,106.83427,0.1998814
fedavg,adaptive_evasion,11,8,2,3,0.2,1.0,1001,128.42601,0.20012394
fedavg,adaptive_evasion,12,8,2,3,0.2,1.0,1001,154.13644,0.20006672
fedavg,adaptive_evasion,13,8,2,3,0.2,1.0,1001,185.12799,0.20016938
fedavg,adaptive_evasion,14,8,2,3,0.2,1.0,1001,222.12076,0.20007735
fedavg,adaptive_evasion,15,8,2,3,0.2,1.0,1001,266.43735,0.19994459
fedavg,adaptive_evasion,16,8,2,3,0.2,1.0,1001,319.7598,0.19992316
fedavg,adaptive_evasion,17,8,2,3,0.2,1.0,1001,383.9565,0.20001458
fedavg,adaptive_evasion,18,8,2,3,0.2,1.0,1001,460.79337,0.20000423
fedavg,adaptive_evasion,19,8,2,3,0.2,1.0,1001,553.0381,0.2000103
fedavg,adaptive_evasion,0,8,2,3,0.2,1.0,2001,17.026028,0.20061187
fedavg,adaptive_evasion,1,8,2,3,0.2,1.0,2001,20.199984,0.1976689
fedavg,adaptive_evasion,2,8,2,3,0.2,1.0,2001,24.459318,0.19889568
fedavg,adaptive_evasion,3,8,2,3,0.2,1.0,2001,29.514894,0.19953665
fedavg,adaptive_evasion,4,8,2,3,0.2,1.0,2001,35.685555,0.20065312
fedavg,adaptive_evasion,5,8,2,3,0.2,1.0,2001,42.66545,0.19959249
fedavg,adaptive_evasion,6,8,2,3,0.2,1.0,2001,51.35036,0.19991434
fedavg,adaptive_evasion,7,8,2,3,0.2,1.0,2001,61.697174,0.19993861
fedavg,adaptive_evasion,8,8,2,3,0.2,1.0,2001,74.1921,0.20017125
fedavg,adaptive_evasion,9,8,2,3,0.2,1.0,2001,89.09376,0.20015754
fedavg,adaptive_evasion,10,8,2,3,0.2,1.0,2001,106.840324,0.19989273
fedavg,adaptive_evasion,11,8,2,3,0.2,1.0,2001,128.34467,0.19999719
fedavg,adaptive_evasion,12,8,2,3,0.2,1.0,2001,154.26915,0.20023896
fedavg,adaptive_evasion,13,8,2,3,0.2,1.0,2001,185.14651,0.20018941
fedavg,adaptive_evasion,14,8,2,3,0.2,1.0,2001,221.94237,0.19991666
fedavg,adaptive_evasion,15,8,2,3,0.2,1.0,2001,266.52338,0.20000915
fedavg,adaptive_evasion,16,8,2,3,0.2,1.0,2001,319.78296,0.19993764
fedavg,adaptive_evasion,17,8,2,3,0.2,1.0,2001,384.0493,0.2000629
fedavg,adaptive_evasion,18,8,2,3,0.2,1.0,2001,460.82993,0.2000201
fedavg,adaptive_evasion,19,8,2,3,0.2,1.0,2001,553.1464,0.20004947
fedavg,adaptive_evasion,0,8,2,3,0.2,1.0,3001,16.98005,0.20007011
fedavg,adaptive_evasion,1,8,2,3,0.2,1.0,3001,20.409182,0.19971602
fedavg,adaptive_evasion,2,8,2,3,0.2,1.0,3001,24.776163,0.20147216
fedavg,adaptive_evasion,3,8,2,3,0.2,1.0,3001,29.485323,0.19933672
fedavg,adaptive_evasion,4,8,2,3,0.2,1.0,3001,35.533676,0.19979914
fedavg,adaptive_evasion,5,8,2,3,0.2,1.0,3001,42.729996,0.19989443
fedavg,adaptive_evasion,6,8,2,3,0.2,1.0,3001,51.331066,0.19983922
fedavg,adaptive_evasion,7,8,2,3,0.2,1.0,3001,61.651043,0.1997891
fedavg,adaptive_evasion,8,8,2,3,0.2,1.0,3001,74.09016,0.19989619
fedavg,adaptive_evasion,9,8,2,3,0.2,1.0,3001,89.09284,0.20015548
fedavg,adaptive_evasion,10,8,2,3,0.2,1.0,3001,107.00422,0.20019938
fedavg,adaptive_evasion,11,8,2,3,0.2,1.0,3001,128.17657,0.19973525
fedavg,adaptive_evasion,12,8,2,3,0.2,1.0,3001,154.19234,0.20013925
fedavg,adaptive_evasion,13,8,2,3,0.2,1.0,3001,184.89526,0.19991775
fedavg,adaptive_evasion,14,8,2,3,0.2,1.0,3001,221.99275,0.19996205
fedavg,adaptive_evasion,15,8,2,3,0.2,1.0,3001,266.4614,0.19996265
fedavg,adaptive_evasion,16,8,2,3,0.2,1.0,3001,319.95035,0.2000423
fedavg,adaptive_evasion,17,8,2,3,0.2,1.0,3001,384.1227,0.20010115
fedavg,adaptive_evasion,18,8,2,3,0.2,1.0,3001,460.82974,0.20002003
fedavg,adaptive_evasion,19,8,2,3,0.2,1.0,3001,553.10583,0.2000348
fedavg,adaptive_evasion,0,8,2,3,0.2,1.0,4001,16.940168,0.19960022
fedavg,adaptive_evasion,1,8,2,3,0.2,1.0,4001,20.417446,0.19979689
fedavg,adaptive_evasion,2,8,2,3,0.2,1.0,4001,24.576635,0.19984967
fedavg,adaptive_evasion,3,8,2,3,0.2,1.0,4001,29.583529,0.20000066
fedavg,adaptive_evasion,4,8,2,3,0.2,1.0,4001,35.5599,0.19994657
fedavg,adaptive_evasion,5,8,2,3,0.2,1.0,4001,42.843033,0.20042323
fedavg,adaptive_evasion,6,8,2,3,0.2,1.0,4001,51.35069,0.19991562
fedavg,adaptive_evasion,7,8,2,3,0.2,1.0,4001,61.77107,0.20017807
fedavg,adaptive_evasion,8,8,2,3,0.2,1.0,4001,74.202286,0.20019872
fedavg,adaptive_evasion,9,8,2,3,0.2,1.0,4001,89.08037,0.20012747
fedavg,adaptive_evasion,10,8,2,3,0.2,1.0,4001,106.90028,0.20000492
fedavg,adaptive_evasion,11,8,2,3,0.2,1.0,4001,128.37233,0.2000403
fedavg,adaptive_evasion,12,8,2,3,0.2,1.0,4001,154.09459,0.20001239
fedavg,adaptive_evasion,13,8,2,3,0.2,1.0,4001,185.0628,0.2000989
fedavg,adaptive_evasion,14,8,2,3,0.2,1.0,4001,222.001,0.19996949
fedavg,adaptive_evasion,15,8,2,3,0.2,1.0,4001,266.4799,0.19997652
fedavg,adaptive_evasion,16,8,2,3,0.2,1.0,4001,319.8675,0.1999905
fedavg,adaptive_evasion,17,8,2,3,0.2,1.0,4001,383.85718,0.19996282
fedavg,adaptive_evasion,18,8,2,3,0.2,1.0,4001,460.86594,0.20003574
fedavg,adaptive_evasion,19,8,2,3,0.2,1.0,4001,552.9922,0.1999937
dssraw_fedavg,adaptive_evasion,0,8,2,3,0.2,1.0,1,17.012531,0.20045285
dssraw_fedavg,adaptive_evasion,1,8,2,3,0.2,1.0,1,0.6154241,0.006022292
dssraw_fedavg,adaptive_evasion,2,8,2,3,0.2,1.0,1,0.09405781,0.0018725621
dssraw_fedavg,adaptive_evasion,3,8,2,3,0.2,1.0,1,0.21130581,0.008714104
dssraw_fedavg,adaptive_evasion,4,8,2,3,0.2,1.0,1,0.11999653,0.010658465
dssraw_fedavg,adaptive_evasion,5,8,2,3,0.2,1.0,1,0.31272525,0.06565527
dssraw_fedavg,adaptive_evasion,6,8,2,3,0.2,1.0,1,0.40230694,0.2654537
dssraw_fedavg,adaptive_evasion,7,8,2,3,0.2,1.0,1,0.33423087,0.1543746
dssraw_fedavg,adaptive_evasion,8,8,2,3,0.2,1.0,1,0.1715551,0.7923783
dssraw_fedavg,adaptive_evasion,9,8,2,3,0.2,1.0,1,0.19107845,0.31519756
dssraw_fedavg,adaptive_evasion,10,8,2,3,0.2,1.0,1,0.44652522,0.41580865
dssraw_fedavg,adaptive_evasion,11,8,2,3,0.2,1.0,1,0.3266829,0.19979914
dssraw_fedavg,adaptive_evasion,12,8,2,3,0.2,1.0,1,0.4031321,0.1746311
dssraw_fedavg,adaptive_evasion,13,8,2,3,0.2,1.0,1,0.72254574,0.231839
dssraw_fedavg,adaptive_evasion,14,8,2,3,0.2,1.0,1,0.9647276,0.2360876
dssraw_fedavg,adaptive_evasion,15,8,2,3,0.2,1.0,1,0.13542584,0.025795475
dssraw_fedavg,adaptive_evasion,16,8,2,3,0.2,1.0,1,0.3734111,0.21229003
dssraw_fedavg,adaptive_evasion,17,8,2,3,0.2,1.0,1,0.5118956,0.20832726
dssraw_fedavg,adaptive_evasion,18,8,2,3,0.2,1.0,1,0.72495854,0.22001679
dssraw_fedavg,adaptive_evasion,19,8,2,3,0.2,1.0,1,0.21041752,0.048929438
dssraw_fedavg,adaptive_evasion,0,8,2,3,0.2,1.0,1001,16.926119,0.19943468
dssraw_fedavg,adaptive_evasion,1,8,2,3,0.2,1.0,1001,0.5823957,0.0056990893
dssraw_fedavg,adaptive_evasion,2,8,2,3,0.2,1.0,1001,0.1537209,0.0030603723
dssraw_fedavg,adaptive_evasion,3,8,2,3,0.2,1.0,1001,0.37074095,0.015289097
dssraw_fedavg,adaptive_evasion,4,8,2,3,0.2,1.0,1001,0.24184258,0.02148121
dssraw_fedavg,adaptive_evasion,5,8,2,3,0.2,1.0,1001,0.43652594,0.09164667
dssraw_fedavg,adaptive_evasion,6,8,2,3,0.2,1.0,1001,0.22152403,0.036541983
dssraw_fedavg,adaptive_evasion,7,8,2,3,0.2,1.0,1001,0.2196513,0.101452574
dssraw_fedavg,adaptive_evasion,8,8,2,3,0.2,1.0,1001,0.25478107,0.086528175
dssraw_fedavg,adaptive_evasion,9,8,2,3,0.2,1.0,1001,0.2022795,0.05213665
dssraw_fedavg,adaptive_evasion,10,8,2,3,0.2,1.0,1001,0.16930111,0.033845574
dssraw_fedavg,adaptive_evasion,11,8,2,3,0.2,1.0,1001,0.42037028,0.25709832
dssraw_fedavg,adaptive_evasion,12,8,2,3,0.2,1.0,1001,0.5417852,0.23469363
dssraw_fedavg,adaptive_evasion,13,8,2,3,0.2,1.0,1001,0.78755873,0.25269935
dssraw_fedavg,adaptive_evasion,14,8,2,3,0.2,1.0,1001,0.11934311,0.029205581
dssraw_fedavg,adaptive_evasion,15,8,2,3,0.2,1.0,1001,0.1336887,0.02546459
dssraw_fedavg,adaptive_evasion,16,8,2,3,0.2,1.0,1001,0.2650689,0.1506958
dssraw_fedavg,adaptive_evasion,17,8,2,3,0.2,1.0,1001,0.5247093,0.21354207
dssraw_fedavg,adaptive_evasion,18,8,2,3,0.2,1.0,1001,0.6826642,0.20718093
dssraw_fedavg,adaptive_evasion,19,8,2,3,0.2,1.0,1001,0.89535236,0.20820077
dssraw_fedavg,adaptive_evasion,0,8,2,3,0.2,1.0,2001,17.026028,0.20061187
dssraw_fedavg,adaptive_evasion,1,8,2,3,0.2,1.0,2001,0.268701,0.0026293995
dssraw_fedavg,adaptive_evasion,2,8,2,3,0.2,1.0,2001,0.35180417,0.0070039383
dssraw_fedavg,adaptive_evasion,3,8,2,3,0.2,1.0,2001,0.3401666,0.014028233
dssraw_fedavg,adaptive_evasion,4,8,2,3,0.2,1.0,2001,0.3310057,0.029400956
dssraw_fedavg,adaptive_evasion,5,8,2,3,0.2,1.0,2001,0.34417567,0.072258145
dssraw_fedavg,adaptive_evasion,6,8,2,3,0.2,1.0,2001,0.12800331,0.08446027
dssraw_fedavg,adaptive_evasion,7,8,2,3,0.2,1.0,2001,0.015743975,0.007271829
dssraw_fedavg,adaptive_evasion,8,8,2,3,0.2,1.0,2001,0.19313756,0.065592945
dssraw_fedavg,adaptive_evasion,9,8,2,3,0.2,1.0,2001,0.8507812,0.21928512
dssraw_fedavg,adaptive_evasion,10,8,2,3,0.2,1.0,2001,0.95121247,0.1901602
dssraw_fedavg,adaptive_evasion,11,8,2,3,0.2,1.0,2001,0.17588323,0.027702477
dssraw_fedavg,adaptive_evasion,12,8,2,3,0.2,1.0,2001,0.23511875,0.1018501
dssraw_fedavg,adaptive_evasion,13,8,2,3,0.2,1.0,2001,0.27402654,0.087925285
dssraw_fedavg,adaptive_evasion,14,8,2,3,0.2,1.0,2001,0.25483447,0.062362954
dssraw_fedavg,adaptive_evasion,15,8,2,3,0.2,1.0,2001,0.14029965,0.026723823
dssraw_fedavg,adaptive_evasion,16,8,2,3,0.2,1.0,2001,0.13125685,0.074621566
dssraw_fedavg,adaptive_evasion,17,8,2,3,0.2,1.0,2001,0.612631,0.24932377
dssraw_fedavg,adaptive_evasion,18,8,2,3,0.2,1.0,2001,0.7120772,0.21610744
dssraw_fedavg,adaptive_evasion,19,8,2,3,0.2,1.0,2001,1.006127,0.23395973
dssraw_fedavg,adaptive_evasion,0,8,2,3,0.2,1.0,3001,16.98005,0.20007011
dssraw_fedavg,adaptive_evasion,1,8,2,3,0.2,1.0,3001,0.5391932,0.0052763275
dssraw_fedavg,adaptive_evasion,2,8,2,3,0.2,1.0,3001,0.43156922,0.008591951
dssraw_fedavg,adaptive_evasion,3,8,2,3,0.2,1.0,3001,0.18644275,0.007688768
dssraw_fedavg,adaptive_evasion,4,8,2,3,0.2,1.0,3001,0.095674254,0.008498085
dssraw_fedavg,adaptive_evasion,5,8,2,3,0.2,1.0,3001,0.11921519,0.025028696
dssraw_fedavg,adaptive_evasion,6,8,2,3,0.2,1.0,3001,0.3503241,0.23115392
dssraw_fedavg,adaptive_evasion,7,8,2,3,0.2,1.0,3001,0.27739793,0.1281246
dssraw_fedavg,adaptive_evasion,8,8,2,3,0.2,1.0,3001,0.0980834,0.033310864
dssraw_fedavg,adaptive_evasion,9,8,2,3,0.2,1.0,3001,0.85360765,0.22001362
dssraw_fedavg,adaptive_evasion,10,8,2,3,0.2,1.0,3001,1.1071292,0.22133006
dssraw_fedavg,adaptive_evasion,11,8,2,3,0.2,1.0,3001,0.43272924,0.06815699
dssraw_fedavg,adaptive_evasion,12,8,2,3,0.2,1.0,3001,0.22118779,0.095815405
dssraw_fedavg,adaptive_evasion,13,8,2,3,0.2,1.0,3001,0.107671976,0.034548074
dssraw_fedavg,adaptive_evasion,14,8,2,3,0.2,1.0,3001,0.13815123,0.033808295
dssraw_fedavg,adaptive_evasion,15,8,2,3,0.2,1.0,3001,0.06708015,0.012777209
dssraw_fedavg,adaptive_evasion,16,8,2,3,0.2,1.0,3001,0.15590902,0.08863671
dssraw_fedavg,adaptive_evasion,17,8,2,3,0.2,1.0,3001,0.24400765,0.09930432
dssraw_fedavg,adaptive_evasion,18,8,2,3,0.2,1.0,3001,0.10876584,0.033009212
dssraw_fedavg,adaptive_evasion,19,8,2,3,0.2,1.0,3001,0.21983075,0.051118344
dssraw_fedavg,adaptive_evasion,0,8,2,3,0.2,1.0,4001,16.940166,0.19960019
dssraw_fedavg,adaptive_evasion,1,8,2,3,0.2,1.0,4001,0.3004557,0.002940138
dssraw_fedavg,adaptive_evasion,2,8,2,3,0.2,1.0,4001,0.20201103,0.004021763
dssraw_fedavg,adaptive_evasion,3,8,2,3,0.2,1.0,4001,0.27397197,0.011298412
dssraw_fedavg,adaptive_evasion,4,8,2,3,0.2,1.0,4001,0.21828914,0.01938912
dssraw_fedavg,adaptive_evasion,5,8,2,3,0.2,1.0,4001,0.2808349,0.058960035
dssraw_fedavg,adaptive_evasion,6,8,2,3,0.2,1.0,4001,0.080902256,0.013345409
dssraw_fedavg,adaptive_evasion,7,8,2,3,0.2,1.0,4001,0.21919663,0.028762095
dssraw_fedavg,adaptive_evasion,8,8,2,3,0.2,1.0,4001,0.31222102,0.1060358
dssraw_fedavg,adaptive_evasion,9,8,2,3,0.2,1.0,4001,0.082312874,0.021215782
dssraw_fedavg,adaptive_evasion,10,8,2,3,0.2,1.0,4001,0.18491597,0.036967196
dssraw_fedavg,adaptive_evasion,11,8,2,3,0.2,1.0,4001,0.1505085,0.023705829
dssraw_fedavg,adaptive_evasion,12,8,2,3,0.2,1.0,4001,0.27828777,0.120550305
dssraw_fedavg,adaptive_evasion,13,8,2,3,0.2,1.0,4001,0.1698833,0.054509453
dssraw_fedavg,adaptive_evasion,14,8,2,3,0.2,1.0,4001,0.07504226,0.018364301
dssraw_fedavg,adaptive_evasion,15,8,2,3,0.2,1.0,4001,0.12466603,0.023745982
dssraw_fedavg,adaptive_evasion,16,8,2,3,0.2,1.0,4001,0.09679691,0.05503055
dssraw_fedavg,adaptive_evasion,17,8,2,3,0.2,1.0,4001,0.42935607,0.17473596
dssraw_fedavg,adaptive_evasion,18,8,2,3,0.2,1.0,4001,0.7555978,0.22931546
dssraw_fedavg,adaptive_evasion,19,8,2,3,0.2,1.0,4001,0.84283775,0.19598928
dss_fedavg,adaptive_evasion,0,8,2,3,0.2,1.0,1,17.012531,0.20045285
dss_fedavg,adaptive_evasion,1,8,2,3,0.2,1.0,1,0.6173453,0.006041092
dss_fedavg,adaptive_evasion,2,8,2,3,0.2,1.0,1,0.094041675,0.0018722408
dss_fedavg,adaptive_evasion,3,8,2,3,0.2,1.0,1,0.21130311,0.008713992
dss_fedavg,adaptive_evasion,4,8,2,3,0.2,1.0,1,0.12004716,0.010662962
dss_fedavg,adaptive_evasion,5,8,2,3,0.2,1.0,1,0.3127633,0.065663256
dss_fedavg,adaptive_evasion,6,8,2,3,0.2,1.0,1,0.40233624,0.26547304
dss_fedavg,adaptive_evasion,7,8,2,3,0.2,1.0,1,0.33422005,0.15436961
dss_fedavg,adaptive_evasion,8,8,2,3,0.2,1.0,1,0.17155503,0.792378
dss_fedavg,adaptive_evasion,9,8,2,3,0.2,1.0,1,0.19107847,0.3151976
dss_fedavg,adaptive_evasion,10,8,2,3,0.2,1.0,1,0.44652516,0.41580862
dss_fedavg,adaptive_evasion,11,8,2,3,0.2,1.0,1,0.3266831,0.19979925
dss_fedavg,adaptive_evasion,12,8,2,3,0.2,1.0,1,0.40313217,0.17463112
dss_fedavg,adaptive_evasion,13,8,2,3,0.2,1.0,1,0.72254574,0.231839
dss_fedavg,adaptive_evasion,14,8,2,3,0.2,1.0,1,0.96472764,0.23608762
dss_fedavg,adaptive_evasion,15,8,2,3,0.2,1.0,1,0.13542593,0.025795491
dss_fedavg,adaptive_evasion,16,8,2,3,0.2,1.0,1,0.37341094,0.21228994
dss_fedavg,adaptive_evasion,17,8,2,3,0.2,1.0,1,0.5118958,0.20832734
dss_fedavg,adaptive_evasion,18,8,2,3,0.2,1.0,1,0.72495866,0.22001682
dss_fedavg,adaptive_evasion,19,8,2,3,0.2,1.0,1,0.21041752,0.048929438
dss_fedavg,adaptive_evasion,0,8,2,3,0.2,1.0,1001,16.926119,0.19943468
dss_fedavg,adaptive_evasion,1,8,2,3,0.2,1.0,1001,0.5841243,0.005716005
dss_fedavg,adaptive_evasion,2,8,2,3,0.2,1.0,1001,0.14928332,0.0029720261
dss_fedavg,adaptive_evasion,3,8,2,3,0.2,1.0,1001,0.37078446,0.015290892
dss_fedavg,adaptive_evasion,4,8,2,3,0.2,1.0,1001,0.24185638,0.021482436
dss_fedavg,adaptive_evasion,5,8,2,3,0.2,1.0,1001,0.43652186,0.091645814
dss_fedavg,adaptive_evasion,6,8,2,3,0.2,1.0,1001,0.22152969,0.03654292
dss_fedavg,adaptive_evasion,7,8,2,3,0.2,1.0,1001,0.21965025,0.10145209
dss_fedavg,adaptive_evasion,8,8,2,3,0.2,1.0,1001,0.25478095,0.08652813
dss_fedavg,adaptive_evasion,9,8,2,3,0.2,1.0,1001,0.20227963,0.052136686
dss_fedavg,adaptive_evasion,10,8,2,3,0.2,1.0,1001,0.16930111,0.033845574
dss_fedavg,adaptive_evasion,11,8,2,3,0.2,1.0,1001,0.4203704,0.25709838
dss_fedavg,adaptive_evasion,12,8,2,3,0.2,1.0,1001,0.5417853,0.23469369
dss_fedavg,adaptive_evasion,13,8,2,3,0.2,1.0,1001,0.78755873,0.25269935
dss_fedavg,adaptive_evasion,14,8,2,3,0.2,1.0,1001,0.11934321,0.029205604
dss_fedavg,adaptive_evasion,15,8,2,3,0.2,1.0,1001,0.13368867,0.025464585
dss_fedavg,adaptive_evasion,16,8,2,3,0.2,1.0,1001,0.26506904,0.15069589
dss_fedavg,adaptive_evasion,17,8,2,3,0.2,1.0,1001,0.52470946,0.21354215
dss_fedavg,adaptive_evasion,18,8,2,3,0.2,1.0,1001,0.68266445,0.207181
dss_fedavg,adaptive_evasion,19,8,2,3,0.2,1.0,1001,0.89535224,0.20820074
dss_fedavg,adaptive_evasion,0,8,2,3,0.2,1.0,2001,17.026028,0.20061187
dss_fedavg,adaptive_evasion,1,8,2,3,0.2,1.0,2001,0.26652667,0.0026081225
dss_fedavg,adaptive_evasion,2,8,2,3,0.2,1.0,2001,0.31124577,0.0061964765
dss_fedavg,adaptive_evasion,3,8,2,3,0.2,1.0,2001,0.33349997,0.013753305
dss_fedavg,adaptive_evasion,4,8,2,3,0.2,1.0,2001,0.33280692,0.029560946
dss_fedavg,adaptive_evasion,5,8,2,3,0.2,1.0,2001,0.34421527,0.07226646
dss_fedavg,adaptive_evasion,6,8,2,3,0.2,1.0,2001,0.12800822,0.08446351
dss_fedavg,adaptive_evasion,7,8,2,3,0.2,1.0,2001,0.01574403,0.007271855
dss_fedavg,adaptive_evasion,8,8,2,3,0.2,1.0,2001,0.19313753,0.06559293
dss_fedavg,adaptive_evasion,9,8,2,3,0.2,1.0,2001,0.85078126,0.21928513
dss_fedavg,adaptive_evasion,10,8,2,3,0.2,1.0,2001,0.95121264,0.19016023
dss_fedavg,adaptive_evasion,11,8,2,3,0.2,1.0,2001,0.17588313,0.02770246
dss_fedavg,adaptive_evasion,12,8,2,3,0.2,1.0,2001,0.23511872,0.101850085
dss_fedavg,adaptive_evasion,13,8,2,3,0.2,1.0,2001,0.27402654,0.087925285
dss_fedavg,adaptive_evasion,14,8,2,3,0.2,1.0,2001,0.2548344,0.06236294
dss_fedavg,adaptive_evasion,15,8,2,3,0.2,1.0,2001,0.14029968,0.026723828
dss_fedavg,adaptive_evasion,16,8,2,3,0.2,1.0,2001,0.13125697,0.07462163
dss_fedavg,adaptive_evasion,17,8,2,3,0.2,1.0,2001,0.6126311,0.2493238
dss_fedavg,adaptive_evasion,18,8,2,3,0.2,1.0,2001,0.7120772,0.21610744
dss_fedavg,adaptive_evasion,19,8,2,3,0.2,1.0,2001,1.0061269,0.23395972
dss_fedavg,adaptive_evasion,0,8,2,3,0.2,1.0,3001,16.98005,0.20007011
dss_fedavg,adaptive_evasion,1,8,2,3,0.2,1.0,3001,0.54098856,0.005293896
dss_fedavg,adaptive_evasion,2,8,2,3,0.2,1.0,3001,0.43169186,0.008594393
dss_fedavg,adaptive_evasion,3,8,2,3,0.2,1.0,3001,0.18122181,0.007473461
dss_fedavg,adaptive_evasion,4,8,2,3,0.2,1.0,3001,0.09555901,0.008487849
dss_fedavg,adaptive_evasion,5,8,2,3,0.2,1.0,3001,0.11921356,0.025028354
dss_fedavg,adaptive_evasion,6,8,2,3,0.2,1.0,3001,0.3503271,0.23115592
dss_fedavg,adaptive_evasion,7,8,2,3,0.2,1.0,3001,0.27740026,0.12812567
dss_fedavg,adaptive_evasion,8,8,2,3,0.2,1.0,3001,0.098083295,0.033310827
dss_fedavg,adaptive_evasion,9,8,2,3,0.2,1.0,3001,0.8536077,0.22001363
dss_fedavg,adaptive_evasion,10,8,2,3,0.2,1.0,3001,1.1071292,0.22133006
dss_fedavg,adaptive_evasion,11,8,2,3,0.2,1.0,3001,0.43272915,0.06815697
dss_fedavg,adaptive_evasion,12,8,2,3,0.2,1.0,3001,0.22118776,0.09581539
dss_fedavg,adaptive_evasion,13,8,2,3,0.2,1.0,3001,0.10767205,0.034548096
dss_fedavg,adaptive_evasion,14,8,2,3,0.2,1.0,3001,0.1381511,0.03380826
dss_fedavg,adaptive_evasion,15,8,2,3,0.2,1.0,3001,0.06707996,0.012777174
dss_fedavg,adaptive_evasion,16,8,2,3,0.2,1.0,3001,0.15590908,0.08863674
dss_fedavg,adaptive_evasion,17,8,2,3,0.2,1.0,3001,0.24400753,0.09930427
dss_fedavg,adaptive_evasion,18,8,2,3,0.2,1.0,3001,0.10876588,0.033009224
dss_fedavg,adaptive_evasion,19,8,2,3,0.2,1.0,3001,0.21983074,0.05111834
dss_fedavg,adaptive_evasion,0,8,2,3,0.2,1.0,4001,16.940168,0.19960022
dss_fedavg,adaptive_evasion,1,8,2,3,0.2,1.0,4001,0.6654826,0.006512144
dss_fedavg,adaptive_evasion,2,8,2,3,0.2,1.0,4001,0.20528209,0.004086885
dss_fedavg,adaptive_evasion,3,8,2,3,0.2,1.0,4001,0.27396744,0.011298225
dss_fedavg,adaptive_evasion,4,8,2,3,0.2,1.0,4001,0.21830162,0.01939023
dss_fedavg,adaptive_evasion,5,8,2,3,0.2,1.0,4001,0.28086627,0.058966618
dss_fedavg,adaptive_evasion,6,8,2,3,0.2,1.0,4001,0.08091662,0.013347779
dss_fedavg,adaptive_evasion,7,8,2,3,0.2,1.0,4001,0.21920076,0.028762637
dss_fedavg,adaptive_evasion,8,8,2,3,0.2,1.0,4001,0.31222096,0.10603578
dss_fedavg,adaptive_evasion,9,8,2,3,0.2,1.0,4001,0.082312964,0.021215804
dss_fedavg,adaptive_evasion,10,8,2,3,0.2,1.0,4001,0.18491596,0.03696719
dss_fedavg,adaptive_evasion,11,8,2,3,0.2,1.0,4001,0.15050846,0.023705825
dss_fedavg,adaptive_evasion,12,8,2,3,0.2,1.0,4001,0.27828765,0.12055025
dss_fedavg,adaptive_evasion,13,8,2,3,0.2,1.0,4001,0.16988316,0.054509412
dss_fedavg,adaptive_evasion,14,8,2,3,0.2,1.0,4001,0.07504197,0.01836423
dss_fedavg,adaptive_evasion,15,8,2,3,0.2,1.0,4001,0.124666005,0.023745976
dss_fedavg,adaptive_evasion,16,8,2,3,0.2,1.0,4001,0.09679694,0.05503057
dss_fedavg,adaptive_evasion,17,8,2,3,0.2,1.0,4001,0.4293562,0.17473602
dss_fedavg,adaptive_evasion,18,8,2,3,0.2,1.0,4001,0.75559783,0.22931547
dss_fedavg,adaptive_evasion,19,8,2,3,0.2,1.0,4001,0.84283763,0.19598925
krum,adaptive_evasion,0,8,2,3,0.2,1.0,1,0.13920565,0.0016402126
krum,adaptive_evasion,1,8,2,3,0.2,1.0,1,0.3879176,0.009331848
krum,adaptive_evasion,2,8,2,3,0.2,1.0,1,0.20969842,0.0105277775
krum,adaptive_evasion,3,8,2,3,0.2,1.0,1,0.4022157,0.044232257
krum,adaptive_evasion,4,8,2,3,0.2,1.0,1,0.3633399,0.09871736
krum,adaptive_evasion,5,8,2,3,0.2,1.0,1,0.37281993,0.07827188
krum,adaptive_evasion,6,8,2,3,0.2,1.0,1,0.29438955,0.048561674
krum,adaptive_evasion,7,8,2,3,0.2,1.0,1,0.31431276,0.14517482
krum,adaptive_evasion,8,8,2,3,0.2,1.0,1,0.2603167,0.08840817
krum,adaptive_evasion,9,8,2,3,0.2,1.0,1,0.28637066,0.07381078
krum,adaptive_evasion,10,8,2,3,0.2,1.0,1,0.51315945,0.10258749
krum,adaptive_evasion,11,8,2,3,0.2,1.0,1,0.34140223,0.053772535
krum,adaptive_evasion,12,8,2,3,0.2,1.0,1,0.19943902,0.086394146
krum,adaptive_evasion,13,8,2,3,0.2,1.0,1,0.3415129,0.109579235
krum,adaptive_evasion,14,8,2,3,0.2,1.0,1,0.2785409,0.06816438
krum,adaptive_evasion,15,8,2,3,0.2,1.0,1,0.41518614,0.3527104
krum,adaptive_evasion,16,8,2,3,0.2,1.0,1,0.3948724,0.22449112
krum,adaptive_evasion,17,8,2,3,0.2,1.0,1,0.013457935,1.0
krum,adaptive_evasion,18,8,2,3,0.2,1.0,1,0.31885374,0.87945145
krum,adaptive_evasion,19,8,2,3,0.2,1.0,1,0.21981928,0.28128517
krum,adaptive_evasion,0,8,2,3,0.2,1.0,1001,0.16645326,0.001961262
krum,adaptive_evasion,1,8,2,3,0.2,1.0,1001,0.27051345,0.0065075424
krum,adaptive_evasion,2,8,2,3,0.2,1.0,1001,0.22888859,0.011491207
krum,adaptive_evasion,3,8,2,3,0.2,1.0,1001,0.6076259,0.06682152
krum,adaptive_evasion,4,8,2,3,0.2,1.0,1001,0.41570494,0.11294463
krum,adaptive_evasion,5,8,2,3,0.2,1.0,1001,0.54728705,0.11490047
krum,adaptive_evasion,6,8,2,3,0.2,1.0,1001,0.4003571,0.06604178
krum,adaptive_evasion,7,8,2,3,0.2,1.0,1001,0.19864288,0.0917492
krum,adaptive_evasion,8,8,2,3,0.2,1.0,1001,0.46703863,0.1586146
krum,adaptive_evasion,9,8,2,3,0.2,1.0,1001,0.26184466,0.06748931
krum,adaptive_evasion,10,8,2,3,0.2,1.0,1001,0.2804325,0.056062236
krum,adaptive_evasion,11,8,2,3,0.2,1.0,1001,0.42490202,0.06692416
krum,adaptive_evasion,12,8,2,3,0.2,1.0,1001,0.27972367,0.03511814
krum,adaptive_evasion,13,8,2,3,0.2,1.0,1001,0.37002152,0.118726626
krum,adaptive_evasion,14,8,2,3,0.2,1.0,1001,0.18068449,0.04421701
krum,adaptive_evasion,15,8,2,3,0.2,1.0,1001,0.14282694,0.027205214
krum,adaptive_evasion,16,8,2,3,0.2,1.0,1001,0.40057808,0.060270008
krum,adaptive_evasion,17,8,2,3,0.2,1.0,1001,0.27728048,0.112845436
krum,adaptive_evasion,18,8,2,3,0.2,1.0,1001,0.28859493,0.08758533
krum,adaptive_evasion,19,8,2,3,0.2,1.0,1001,0.36760324,0.4703925
krum,adaptive_evasion,0,8,2,3,0.2,1.0,2001,0.29126975,0.0034319318
krum,adaptive_evasion,1,8,2,3,0.2,1.0,2001,0.3292758,0.007921144
krum,adaptive_evasion,2,8,2,3,0.2,1.0,2001,0.34467104,0.017303992
krum,adaptive_evasion,3,8,2,3,0.2,1.0,2001,0.16976169,0.018668944
krum,adaptive_evasion,4,8,2,3,0.2,1.0,2001,0.38036036,0.10334172
krum,adaptive_evasion,5,8,2,3,0.2,1.0,2001,0.3990603,0.08378093
krum,adaptive_evasion,6,8,2,3,0.2,1.0,2001,0.2913096,0.19221446
krum,adaptive_evasion,7,8,2,3,0.2,1.0,2001,0.2423743,0.11194788
krum,adaptive_evasion,8,8,2,3,0.2,1.0,2001,0.41956717,0.14249246
krum,adaptive_evasion,9,8,2,3,0.2,1.0,2001,0.33082277,0.5457158
krum,adaptive_evasion,10,8,2,3,0.2,1.0,2001,0.2349113,0.2187517
krum,adaptive_evasion,11,8,2,3,0.2,1.0,2001,0.101560086,0.06211411
krum,adaptive_evasion,12,8,2,3,0.2,1.0,2001,0.10289896,0.04457437
krum,adaptive_evasion,13,8,2,3,0.2,1.0,2001,0.27210334,0.0873082
krum,adaptive_evasion,14,8,2,3,0.2,1.0,2001,0.34389913,0.08415881
krum,adaptive_evasion,15,8,2,3,0.2,1.0,2001,0.21052183,0.17884324
krum,adaptive_evasion,16,8,2,3,0.2,1.0,2001,0.266199,0.15133828
krum,adaptive_evasion,17,8,2,3,0.2,1.0,2001,0.13482744,0.054871015
krum,adaptive_evasion,18,8,2,3,0.2,1.0,2001,0.22355184,0.06784548
krum,adaptive_evasion,19,8,2,3,0.2,1.0,2001,0.46310046,0.10768706
krum,adaptive_evasion,0,8,2,3,0.2,1.0,3001,0.31443003,0.0037048217
krum,adaptive_evasion,1,8,2,3,0.2,1.0,3001,0.39238477,0.009439311
krum,adaptive_evasion,2,8,2,3,0.2,1.0,3001,0.28589442,0.01435315
krum,adaptive_evasion,3,8,2,3,0.2,1.0,3001,0.3875281,0.042617038
krum,adaptive_evasion,4,8,2,3,0.2,1.0,3001,0.1783196,0.04844841
krum,adaptive_evasion,5,8,2,3,0.2,1.0,3001,0.20347826,0.20885019
krum,adaptive_evasion,6,8,2,3,0.2,1.0,3001,0.26395652,0.17416611
krum,adaptive_evasion,7,8,2,3,0.2,1.0,3001,0.28944552,0.13368914
krum,adaptive_evasion,8,8,2,3,0.2,1.0,3001,0.2579448,0.08760263
krum,adaptive_evasion,9,8,2,3,0.2,1.0,3001,0.19625004,0.050582584
krum,adaptive_evasion,10,8,2,3,0.2,1.0,3001,0.24041775,0.04806275
krum,adaptive_evasion,11,8,2,3,0.2,1.0,3001,0.75307834,0.11861355
krum,adaptive_evasion,12,8,2,3,0.2,1.0,3001,0.1466147,0.0635114
krum,adaptive_evasion,13,8,2,3,0.2,1.0,3001,0.3064112,0.098316364
krum,adaptive_evasion,14,8,2,3,0.2,1.0,3001,0.43575683,0.6294638
krum,adaptive_evasion,15,8,2,3,0.2,1.0,3001,0.355309,0.30184335
krum,adaptive_evasion,16,8,2,3,0.2,1.0,3001,0.3194902,0.18163516
krum,adaptive_evasion,17,8,2,3,0.2,1.0,3001,0.3595727,0.14633608
krum,adaptive_evasion,18,8,2,3,0.2,1.0,3001,0.08774578,0.02662986
krum,adaptive_evasion,19,8,2,3,0.2,1.0,3001,0.32685292,0.07600474
krum,adaptive_evasion,0,8,2,3,0.2,1.0,4001,0.44883117,0.0052884244
krum,adaptive_evasion,1,8,2,3,0.2,1.0,4001,0.0701128,0.001686652
krum,adaptive_evasion,2,8,2,3,0.2,1.0,4001,0.20258364,0.010170584
krum,adaptive_evasion,3,8,2,3,0.2,1.0,4001,0.30310154,0.033332527
krum,adaptive_evasion,4,8,2,3,0.2,1.0,4001,0.32085848,0.0871754
krum,adaptive_evasion,5,8,2,3,0.2,1.0,4001,0.40144774,0.41204616
krum,adaptive_evasion,6,8,2,3,0.2,1.0,4001,0.2685083,0.1771695
krum,adaptive_evasion,7,8,2,3,0.2,1.0,4001,0.16424228,0.07586025
krum,adaptive_evasion,8,8,2,3,0.2,1.0,4001,0.48581445,0.16499121
krum,adaptive_evasion,9,8,2,3,0.2,1.0,4001,0.20409724,0.052605167
krum,adaptive_evasion,10,8,2,3,0.2,1.0,4001,0.067562744,0.013506703
krum,adaptive_evasion,11,8,2,3,0.2,1.0,4001,0.20453368,0.032215063
krum,adaptive_evasion,12,8,2,3,0.2,1.0,4001,0.28902102,0.1251998
krum,adaptive_evasion,13,8,2,3,0.2,1.0,4001,0.21608566,0.069334134
krum,adaptive_evasion,14,8,2,3,0.2,1.0,4001,0.31876493,0.07800798
krum,adaptive_evasion,15,8,2,3,0.2,1.0,4001,0.34230888,0.065201886
krum,adaptive_evasion,16,8,2,3,0.2,1.0,4001,0.14624308,0.083141476
krum,adaptive_evasion,17,8,2,3,0.2,1.0,4001,0.35645863,0.14506875
krum,adaptive_evasion,18,8,2,3,0.2,1.0,4001,0.48746258,0.14793943
krum,adaptive_evasion,19,8,2,3,0.2,1.0,4001,0.11688235,0.027179236
dssraw_krum,adaptive_evasion,0,8,2,3,0.2,1.0,1,17.012531,0.20045285
dssraw_krum,adaptive_evasion,1,8,2,3,0.2,1.0,1,0.16155165,0.0015808793
dssraw_krum,adaptive_evasion,2,8,2,3,0.2,1.0,1,0.16640949,0.0033129847
dssraw_krum,adaptive_evasion,3,8,2,3,0.2,1.0,1,0.23850667,0.009835849
dssraw_krum,adaptive_evasion,4,8,2,3,0.2,1.0,1,0.08631606,0.0076668607
dssraw_krum,adaptive_evasion,5,8,2,3,0.2,1.0,1,0.2053419,0.043110617
dssraw_krum,adaptive_evasion,6,8,2,3,0.2,1.0,1,0.0911605,0.01503758
dssraw_krum,adaptive_evasion,7,8,2,3,0.2,1.0,1,0.12923339,0.059690338
dssraw_krum,adaptive_evasion,8,8,2,3,0.2,1.0,1,0.1715551,0.058263157
dssraw_krum,adaptive_evasion,9,8,2,3,0.2,1.0,1,0.19107845,0.04924963
dssraw_krum,adaptive_evasion,10,8,2,3,0.2,1.0,1,0.30065647,0.060105283
dssraw_krum,adaptive_evasion,11,8,2,3,0.2,1.0,1,0.014737338,0.0023212035
dssraw_krum,adaptive_evasion,12,8,2,3,0.2,1.0,1,0.10566234,0.045771424
dssraw_krum,adaptive_evasion,13,8,2,3,0.2,1.0,1,0.16074833,0.051578373
dssraw_krum,adaptive_evasion,14,8,2,3,0.2,1.0,1,0.28514573,0.06978071
dssraw_krum,adaptive_evasion,15,8,2,3,0.2,1.0,1,0.13542584,0.025795475
dssraw_krum,adaptive_evasion,16,8,2,3,0.2,1.0,1,0.19463722,0.1106543
dssraw_krum,adaptive_evasion,17,8,2,3,0.2,1.0,1,0.12056408,0.049066227
dssraw_krum,adaptive_evasion,18,8,2,3,0.2,1.0,1,0.10319576,0.031318754
dssraw_krum,adaptive_evasion,19,8,2,3,0.2,1.0,1,0.21041752,0.048929438
dssraw_krum,adaptive_evasion,0,8,2,3,0.2,1.0,1001,16.926119,0.19943468
dssraw_krum,adaptive_evasion,1,8,2,3,0.2,1.0,1001,0.11451214,0.0011205697
dssraw_krum,adaptive_evasion,2,8,2,3,0.2,1.0,1001,0.050463308,0.0010046553
dssraw_krum,adaptive_evasion,3,8,2,3,0.2,1.0,1001,0.3437806,0.014177271
dssraw_krum,adaptive_evasion,4,8,2,3,0.2,1.0,1001,0.15308258,0.0135972705
dssraw_krum,adaptive_evasion,5,8,2,3,0.2,1.0,1001,0.37664184,0.07907427
dssraw_krum,adaptive_evasion,6,8,2,3,0.2,1.0,1001,0.19811249,0.03268008
dssraw_krum,adaptive_evasion,7,8,2,3,0.2,1.0,1001,0.18833597,0.08698864
dssraw_krum,adaptive_evasion,8,8,2,3,0.2,1.0,1001,0.25478107,0.086528175
dssraw_krum,adaptive_evasion,9,8,2,3,0.2,1.0,1001,0.2022795,0.05213665
dssraw_krum,adaptive_evasion,10,8,2,3,0.2,1.0,1001,0.16930111,0.033845574
dssraw_krum,adaptive_evasion,11,8,2,3,0.2,1.0,1001,0.16668229,0.10194282
dssraw_krum,adaptive_evasion,12,8,2,3,0.2,1.0,1001,0.22706732,0.098362334
dssraw_krum,adaptive_evasion,13,8,2,3,0.2,1.0,1001,0.23869067,0.076587275
dssraw_krum,adaptive_evasion,14,8,2,3,0.2,1.0,1001,0.11934311,0.029205581
dssraw_krum,adaptive_evasion,15,8,2,3,0.2,1.0,1001,0.1336887,0.02546459
dssraw_krum,adaptive_evasion,16,8,2,3,0.2,1.0,1001,0.22704922,0.12908103
dssraw_krum,adaptive_evasion,17,8,2,3,0.2,1.0,1001,0.099514395,0.04049959
dssraw_krum,adaptive_evasion,18,8,2,3,0.2,1.0,1001,0.17173466,0.052119546
dssraw_krum,adaptive_evasion,19,8,2,3,0.2,1.0,1001,0.14199017,0.033017684
dssraw_krum,adaptive_evasion,0,8,2,3,0.2,1.0,2001,17.026028,0.20061187
dssraw_krum,adaptive_evasion,1,8,2,3,0.2,1.0,2001,0.3414508,0.0033413
dssraw_krum,adaptive_evasion,2,8,2,3,0.2,1.0,2001,0.21334079,0.0042473227
dssraw_krum,adaptive_evasion,3,8,2,3,0.2,1.0,2001,0.17392923,0.0071727196
dssraw_krum,adaptive_evasion,4,8,2,3,0.2,1.0,2001,0.18159948,0.016130231
dssraw_krum,adaptive_evasion,5,8,2,3,0.2,1.0,2001,0.21369858,0.04486506
dssraw_krum,adaptive_evasion,6,8,2,3,0.2,1.0,2001,0.09514465,0.06277918
dssraw_krum,adaptive_evasion,7,8,2,3,0.2,1.0,2001,0.03486666,0.016104218
dssraw_krum,adaptive_evasion,8,8,2,3,0.2,1.0,2001,0.19313756,0.065592945
dssraw_krum,adaptive_evasion,9,8,2,3,0.2,1.0,2001,0.14237566,0.036696702
dssraw_krum,adaptive_evasion,10,8,2,3,0.2,1.0,2001,0.17137504,0.03426018
dssraw_krum,adaptive_evasion,11,8,2,3,0.2,1.0,2001,0.17588323,0.10757012
dssraw_krum,adaptive_evasion,12,8,2,3,0.2,1.0,2001,0.23511875,0.1018501
dssraw_krum,adaptive_evasion,13,8,2,3,0.2,1.0,2001,0.27402654,0.087925285
dssraw_krum,adaptive_evasion,14,8,2,3,0.2,1.0,2001,0.25483447,0.062362954
dssraw_krum,adaptive_evasion,15,8,2,3,0.2,1.0,2001,0.14029965,0.026723823
dssraw_krum,adaptive_evasion,16,8,2,3,0.2,1.0,2001,0.13125685,0.074621566
dssraw_krum,adaptive_evasion,17,8,2,3,0.2,1.0,2001,0.15392411,0.06264283
dssraw_krum,adaptive_evasion,18,8,2,3,0.2,1.0,2001,0.13531749,0.04106734
dssraw_krum,adaptive_evasion,19,8,2,3,0.2,1.0,2001,0.24131581,0.056114372
dssraw_krum,adaptive_evasion,0,8,2,3,0.2,1.0,3001,16.98005,0.20007011
dssraw_krum,adaptive_evasion,1,8,2,3,0.2,1.0,3001,0.22956422,0.002246423
dssraw_krum,adaptive_evasion,2,8,2,3,0.2,1.0,3001,0.3026635,0.006025615
dssraw_krum,adaptive_evasion,3,8,2,3,0.2,1.0,3001,0.16175398,0.0066706208
dssraw_krum,adaptive_evasion,4,8,2,3,0.2,1.0,3001,0.13719952,0.012186488
dssraw_krum,adaptive_evasion,5,8,2,3,0.2,1.0,3001,0.08722349,0.018312182
dssraw_krum,adaptive_evasion,6,8,2,3,0.2,1.0,3001,0.23414339,0.03862364
dssraw_krum,adaptive_evasion,7,8,2,3,0.2,1.0,3001,0.1618329,0.0747474
dssraw_krum,adaptive_evasion,8,8,2,3,0.2,1.0,3001,0.0980834,0.033310864
dssraw_krum,adaptive_evasion,9,8,2,3,0.2,1.0,3001,0.1734535,0.044706877
dssraw_krum,adaptive_evasion,10,8,2,3,0.2,1.0,3001,0.13487478,0.026963286
dssraw_krum,adaptive_evasion,11,8,2,3,0.2,1.0,3001,0.43272924,0.06815699
dssraw_krum,adaptive_evasion,12,8,2,3,0.2,1.0,3001,0.22118779,0.095815405
dssraw_krum,adaptive_evasion,13,8,2,3,0.2,1.0,3001,0.107671976,0.034548074
dssraw_krum,adaptive_evasion,14,8,2,3,0.2,1.0,3001,0.13815123,0.033808295
dssraw_krum,adaptive_evasion,15,8,2,3,0.2,1.0,3001,0.06708015,0.012777209
dssraw_krum,adaptive_evasion,16,8,2,3,0.2,1.0,3001,0.15590902,0.08863671
dssraw_krum,adaptive_evasion,17,8,2,3,0.2,1.0,3001,0.24400765,0.09930432
dssraw_krum,adaptive_evasion,18,8,2,3,0.2,1.0,3001,0.10876584,0.033009212
dssraw_krum,adaptive_evasion,19,8,2,3,0.2,1.0,3001,0.21983075,0.051118344
dssraw_krum,adaptive_evasion,0,8,2,3,0.2,1.0,4001,16.940166,0.19960019
dssraw_krum,adaptive_evasion,1,8,2,3,0.2,1.0,4001,0.16083103,0.0015738276
dssraw_krum,adaptive_evasion,2,8,2,3,0.2,1.0,4001,0.0493827,0.0009831418
dssraw_krum,adaptive_evasion,3,8,2,3,0.2,1.0,4001,0.21008731,0.008663854
dssraw_krum,adaptive_evasion,4,8,2,3,0.2,1.0,4001,0.18059228,0.016040768
dssraw_krum,adaptive_evasion,5,8,2,3,0.2,1.0,4001,0.2590583,0.054388132
dssraw_krum,adaptive_evasion,6,8,2,3,0.2,1.0,4001,0.05270392,0.008693892
dssraw_krum,adaptive_evasion,7,8,2,3,0.2,1.0,4001,0.09778981,0.04516717
dssraw_krum,adaptive_evasion,8,8,2,3,0.2,1.0,4001,0.31222102,0.1060358
dssraw_krum,adaptive_evasion,9,8,2,3,0.2,1.0,4001,0.082312874,0.021215782
dssraw_krum,adaptive_evasion,10,8,2,3,0.2,1.0,4001,0.18491597,0.036967196
dssraw_krum,adaptive_evasion,11,8,2,3,0.2,1.0,4001,0.1505085,0.023705829
dssraw_krum,adaptive_evasion,12,8,2,3,0.2,1.0,4001,0.27828777,0.120550305
dssraw_krum,adaptive_evasion,13,8,2,3,0.2,1.0,4001,0.1698833,0.054509453
dssraw_krum,adaptive_evasion,14,8,2,3,0.2,1.0,4001,0.07504226,0.018364301
dssraw_krum,adaptive_evasion,15,8,2,3,0.2,1.0,4001,0.12466603,0.023745982
dssraw_krum,adaptive_evasion,16,8,2,3,0.2,1.0,4001,0.09679691,0.05503055
dssraw_krum,adaptive_evasion,17,8,2,3,0.2,1.0,4001,0.14238773,0.057947844
dssraw_krum,adaptive_evasion,18,8,2,3,0.2,1.0,4001,0.20953552,0.06359168
dssraw_krum,adaptive_evasion,19,8,2,3,0.2,1.0,4001,0.03174612,0.0073820837
dss_krum,adaptive_evasion,0,8,2,3,0.2,1.0,1,0.13920565,0.0016402126
dss_krum,adaptive_evasion,1,8,2,3,0.2,1.0,1,0.111764275,0.0026886307
dss_krum,adaptive_evasion,2,8,2,3,0.2,1.0,1,0.20969842,0.0105277775
dss_krum,adaptive_evasion,3,8,2,3,0.2,1.0,1,0.28895798,0.03177714
dss_krum,adaptive_evasion,4,8,2,3,0.2,1.0,1,0.3633399,0.09871736
dss_krum,adaptive_evasion,5,8,2,3,0.2,1.0,1,0.42885965,0.09003717
dss_krum,adaptive_evasion,6,8,2,3,0.2,1.0,1,0.29438955,0.048561674
dss_krum,adaptive_evasion,7,8,2,3,0.2,1.0,1,0.31431276,0.14517482
dss_krum,adaptive_evasion,8,8,2,3,0.2,1.0,1,0.2603167,0.08840817
dss_krum,adaptive_evasion,9,8,2,3,0.2,1.0,1,0.28637066,0.07381078
dss_krum,adaptive_evasion,10,8,2,3,0.2,1.0,1,0.51315945,0.10258749
dss_krum,adaptive_evasion,11,8,2,3,0.2,1.0,1,0.34140223,0.053772535
dss_krum,adaptive_evasion,12,8,2,3,0.2,1.0,1,0.19943902,0.086394146
dss_krum,adaptive_evasion,13,8,2,3,0.2,1.0,1,0.33904147,0.10878624
dss_krum,adaptive_evasion,14,8,2,3,0.2,1.0,1,0.2785409,0.06816438
dss_krum,adaptive_evasion,15,8,2,3,0.2,1.0,1,0.41518614,0.3527104
dss_krum,adaptive_evasion,16,8,2,3,0.2,1.0,1,0.3948724,0.22449112
dss_krum,adaptive_evasion,17,8,2,3,0.2,1.0,1,0.23228851,17.260338
dss_krum,adaptive_evasion,18,8,2,3,0.2,1.0,1,0.25847915,0.71292835
dss_krum,adaptive_evasion,19,8,2,3,0.2,1.0,1,0.21981928,0.28128517
dss_krum,adaptive_evasion,0,8,2,3,0.2,1.0,1001,0.16645326,0.001961262
dss_krum,adaptive_evasion,1,8,2,3,0.2,1.0,1001,0.27051345,0.0065075424
dss_krum,adaptive_evasion,2,8,2,3,0.2,1.0,1001,0.22888859,0.011491207
dss_krum,adaptive_evasion,3,8,2,3,0.2,1.0,1001,0.6357218,0.06991127
dss_krum,adaptive_evasion,4,8,2,3,0.2,1.0,1001,0.41570494,0.11294463
dss_krum,adaptive_evasion,5,8,2,3,0.2,1.0,1001,0.7284068,0.15292574
dss_krum,adaptive_evasion,6,8,2,3,0.2,1.0,1001,0.4003571,0.06604178
dss_krum,adaptive_evasion,7,8,2,3,0.2,1.0,1001,0.19864288,0.0917492
dss_krum,adaptive_evasion,8,8,2,3,0.2,1.0,1001,0.46703863,0.1586146
dss_krum,adaptive_evasion,9,8,2,3,0.2,1.0,1001,0.26184466,0.06748931
dss_krum,adaptive_evasion,10,8,2,3,0.2,1.0,1001,0.2804325,0.056062236
dss_krum,adaptive_evasion,11,8,2,3,0.2,1.0,1001,0.42490202,0.06692416
dss_krum,adaptive_evasion,12,8,2,3,0.2,1.0,1001,0.27972367,0.03511814
dss_krum,adaptive_evasion,13,8,2,3,0.2,1.0,1001,0.37002152,0.118726626
dss_krum,adaptive_evasion,14,8,2,3,0.2,1.0,1001,0.18068449,0.04421701
dss_krum,adaptive_evasion,15,8,2,3,0.2,1.0,1001,0.14282694,0.027205214
dss_krum,adaptive_evasion,16,8,2,3,0.2,1.0,1001,0.40057808,0.060270008
dss_krum,adaptive_evasion,17,8,2,3,0.2,1.0,1001,0.27728048,0.112845436
dss_krum,adaptive_evasion,18,8,2,3,0.2,1.0,1001,0.28859493,0.08758533
dss_krum,adaptive_evasion,19,8,2,3,0.2,1.0,1001,0.36760324,0.4703925
dss_krum,adaptive_evasion,0,8,2,3,0.2,1.0,2001,0.29126975,0.0034319318
dss_krum,adaptive_evasion,1,8,2,3,0.2,1.0,2001,0.3292758,0.007921144
dss_krum,adaptive_evasion,2,8,2,3,0.2,1.0,2001,0.3012571,0.015124423
dss_krum,adaptive_evasion,3,8,2,3,0.2,1.0,2001,0.16976169,0.018668944
dss_krum,adaptive_evasion,4,8,2,3,0.2,1.0,2001,0.45027006,0.122335784
dss_krum,adaptive_evasion,5,8,2,3,0.2,1.0,2001,0.3990603,0.4095957
dss_krum,adaptive_evasion,6,8,2,3,0.2,1.0,2001,0.2913096,0.19221446
dss_krum,adaptive_evasion,7,8,2,3,0.2,1.0,2001,0.2793725,0.12903662
dss_krum,adaptive_evasion,8,8,2,3,0.2,1.0,2001,0.41956717,0.14249246
dss_krum,adaptive_evasion,9,8,2,3,0.2,1.0,2001,0.33082277,0.5457158
dss_krum,adaptive_evasion,10,8,2,3,0.2,1.0,2001,0.2349113,0.2187517
dss_krum,adaptive_evasion,11,8,2,3,0.2,1.0,2001,0.101560086,0.06211411
dss_krum,adaptive_evasion,12,8,2,3,0.2,1.0,2001,0.10289896,0.04457437
dss_krum,adaptive_evasion,13,8,2,3,0.2,1.0,2001,0.27210334,0.0873082
dss_krum,adaptive_evasion,14,8,2,3,0.2,1.0,2001,0.34389913,0.08415881
dss_krum,adaptive_evasion,15,8,2,3,0.2,1.0,2001,0.21052183,0.17884324
dss_krum,adaptive_evasion,16,8,2,3,0.2,1.0,2001,0.266199,0.15133828
dss_krum,adaptive_evasion,17,8,2,3,0.2,1.0,2001,0.13482744,0.054871015
dss_krum,adaptive_evasion,18,8,2,3,0.2,1.0,2001,0.17029822,0.0516836
dss_krum,adaptive_evasion,19,8,2,3,0.2,1.0,2001,0.46310046,0.10768706
dss_krum,adaptive_evasion,0,8,2,3,0.2,1.0,3001,0.31443003,0.0037048217
dss_krum,adaptive_evasion,1,8,2,3,0.2,1.0,3001,0.39238477,0.009439311
dss_krum,adaptive_evasion,2,8,2,3,0.2,1.0,3001,0.28589442,0.01435315
dss_krum,adaptive_evasion,3,8,2,3,0.2,1.0,3001,0.3875281,0.042617038
dss_krum,adaptive_evasion,4,8,2,3,0.2,1.0,3001,0.1783196,0.04844841
dss_krum,adaptive_evasion,5,8,2,3,0.2,1.0,3001,0.20347826,0.20885019
dss_krum,adaptive_evasion,6,8,2,3,0.2,1.0,3001,0.26395652,0.17416611
dss_krum,adaptive_evasion,7,8,2,3,0.2,1.0,3001,0.28944552,0.13368914
dss_krum,adaptive_evasion,8,8,2,3,0.2,1.0,3001,0.2579448,0.08760263
dss_krum,adaptive_evasion,9,8,2,3,0.2,1.0,3001,0.19625004,0.050582584
dss_krum,adaptive_evasion,10,8,2,3,0.2,1.0,3001,0.24041775,0.04806275
dss_krum,adaptive_evasion,11,8,2,3,0.2,1.0,3001,0.75307834,0.11861355
dss_krum,adaptive_evasion,12,8,2,3,0.2,1.0,3001,0.1466147,0.0635114
dss_krum,adaptive_evasion,13,8,2,3,0.2,1.0,3001,0.3064112,0.098316364
dss_krum,adaptive_evasion,14,8,2,3,0.2,1.0,3001,0.40613136,0.5866689
dss_krum,adaptive_evasion,15,8,2,3,0.2,1.0,3001,0.355309,0.30184335
dss_krum,adaptive_evasion,16,8,2,3,0.2,1.0,3001,0.3194902,0.18163516
dss_krum,adaptive_evasion,17,8,2,3,0.2,1.0,3001,0.3595727,0.14633608
dss_krum,adaptive_evasion,18,8,2,3,0.2,1.0,3001,0.08774578,0.02662986
dss_krum,adaptive_evasion,19,8,2,3,0.2,1.0,3001,0.32685292,0.07600474
dss_krum,adaptive_evasion,0,8,2,3,0.2,1.0,4001,0.44883117,0.0052884244
dss_krum,adaptive_evasion,1,8,2,3,0.2,1.0,4001,0.0701128,0.001686652
dss_krum,adaptive_evasion,2,8,2,3,0.2,1.0,4001,0.24072921,0.0120856585
dss_krum,adaptive_evasion,3,8,2,3,0.2,1.0,4001,0.249083,0.027392026
dss_krum,adaptive_evasion,4,8,2,3,0.2,1.0,4001,0.22755487,0.061825346
dss_krum,adaptive_evasion,5,8,2,3,0.2,1.0,4001,0.40144774,0.41204616
dss_krum,adaptive_evasion,6,8,2,3,0.2,1.0,4001,0.2685083,0.1771695
dss_krum,adaptive_evasion,7,8,2,3,0.2,1.0,4001,0.16424228,0.07586025
dss_krum,adaptive_evasion,8,8,2,3,0.2,1.0,4001,0.37192783,0.1263133
dss_krum,adaptive_evasion,9,8,2,3,0.2,1.0,4001,0.20409724,0.052605167
dss_krum,adaptive_evasion,10,8,2,3,0.2,1.0,4001,0.067562744,0.013506703
dss_krum,adaptive_evasion,11,8,2,3,0.2,1.0,4001,0.20453368,0.032215063
dss_krum,adaptive_evasion,12,8,2,3,0.2,1.0,4001,0.28902102,0.1251998
dss_krum,adaptive_evasion,13,8,2,3,0.2,1.0,4001,0.21608566,0.069334134
dss_krum,adaptive_evasion,14,8,2,3,0.2,1.0,4001,0.31876493,0.07800798
dss_krum,adaptive_evasion,15,8,2,3,0.2,1.0,4001,0.34230888,0.065201886
dss_krum,adaptive_evasion,16,8,2,3,0.2,1.0,4001,0.14624308,0.083141476
dss_krum,adaptive_evasion,17,8,2,3,0.2,1.0,4001,0.35645863,0.14506875
dss_krum,adaptive_evasion,18,8,2,3,0.2,1.0,4001,0.48746258,0.14793943
dss_krum,adaptive_evasion,19,8,2,3,0.2,1.0,4001,0.31404382,0.07302618
multi_krum,adaptive_evasion,0,8,2,3,0.2,1.0,1,0.09130984,0.0010758726
multi_krum,adaptive_evasion,1,8,2,3,0.2,1.0,1,0.16155167,0.0038863292
multi_krum,adaptive_evasion,2,8,2,3,0.2,1.0,1,0.16640949,0.008354484
multi_krum,adaptive_evasion,3,8,2,3,0.2,1.0,1,0.23850659,0.026228923
multi_krum,adaptive_evasion,4,8,2,3,0.2,1.0,1,0.08631606,0.023451576
multi_krum,adaptive_evasion,5,8,2,3,0.2,1.0,1,0.20534198,0.04311063
multi_krum,adaptive_evasion,6,8,2,3,0.2,1.0,1,0.091160536,0.015037587
multi_krum,adaptive_evasion,7,8,2,3,0.2,1.0,1,0.12923342,0.05969035
multi_krum,adaptive_evasion,8,8,2,3,0.2,1.0,1,0.17155503,0.05826313
multi_krum,adaptive_evasion,9,8,2,3,0.2,1.0,1,0.19107847,0.049249634
multi_krum,adaptive_evasion,10,8,2,3,0.2,1.0,1,0.30065653,0.060105294
multi_krum,adaptive_evasion,11,8,2,3,0.2,1.0,1,0.014737415,0.0023212156
multi_krum,adaptive_evasion,12,8,2,3,0.2,1.0,1,0.105662316,0.045771413
multi_krum,adaptive_evasion,13,8,2,3,0.2,1.0,1,0.16074833,0.051578373
multi_krum,adaptive_evasion,14,8,2,3,0.2,1.0,1,0.28514582,0.06978073
multi_krum,adaptive_evasion,15,8,2,3,0.2,1.0,1,0.13542593,0.025795491
multi_krum,adaptive_evasion,16,8,2,3,0.2,1.0,1,0.19463722,0.1106543
multi_krum,adaptive_evasion,17,8,2,3,0.2,1.0,1,0.12056412,0.04906624
multi_krum,adaptive_evasion,18,8,2,3,0.2,1.0,1,0.10319564,0.03131872
multi_krum,adaptive_evasion,19,8,2,3,0.2,1.0,1,0.21041752,0.048929438
multi_krum,adaptive_evasion,0,8,2,3,0.2,1.0,1001,0.13331048,0.0015707519
multi_krum,adaptive_evasion,1,8,2,3,0.2,1.0,1001,0.11451197,0.00275473
multi_krum,adaptive_evasion,2,8,2,3,0.2,1.0,1001,0.05046344,0.0025334852
multi_krum,adaptive_evasion,3,8,2,3,0.2,1.0,1001,0.34378058,0.03780606
multi_krum,adaptive_evasion,4,8,2,3,0.2,1.0,1001,0.15308267,0.041591678
multi_krum,adaptive_evasion,5,8,2,3,0.2,1.0,1001,0.37664187,0.07907428
multi_krum,adaptive_evasion,6,8,2,3,0.2,1.0,1001,0.19811253,0.032680087
multi_krum,adaptive_evasion,7,8,2,3,0.2,1.0,1001,0.18833597,0.08698864
multi_krum,adaptive_evasion,8,8,2,3,0.2,1.0,1001,0.25478095,0.08652813
multi_krum,adaptive_evasion,9,8,2,3,0.2,1.0,1001,0.20227963,0.052136686
multi_krum,adaptive_evasion,10,8,2,3,0.2,1.0,1001,0.16930111,0.033845574
multi_krum,adaptive_evasion,11,8,2,3,0.2,1.0,1001,0.1666822,0.10194277
multi_krum,adaptive_evasion,12,8,2,3,0.2,1.0,1001,0.22706729,0.09836232
multi_krum,adaptive_evasion,13,8,2,3,0.2,1.0,1001,0.23869063,0.07658726
multi_krum,adaptive_evasion,14,8,2,3,0.2,1.0,1001,0.11934321,0.029205604
multi_krum,adaptive_evasion,15,8,2,3,0.2,1.0,1001,0.13368867,0.025464585
multi_krum,adaptive_evasion,16,8,2,3,0.2,1.0,1001,0.22704922,0.12908103
multi_krum,adaptive_evasion,17,8,2,3,0.2,1.0,1001,0.099514395,0.04049959
multi_krum,adaptive_evasion,18,8,2,3,0.2,1.0,1001,0.17173456,0.052119512
multi_krum,adaptive_evasion,19,8,2,3,0.2,1.0,1001,0.14199027,0.03301771
multi_krum,adaptive_evasion,0,8,2,3,0.2,1.0,2001,0.29097116,0.0034284138
multi_krum,adaptive_evasion,1,8,2,3,0.2,1.0,2001,0.34145078,0.0082140295
multi_krum,adaptive_evasion,2,8,2,3,0.2,1.0,2001,0.21334082,0.010710642
multi_krum,adaptive_evasion,3,8,2,3,0.2,1.0,2001,0.1739292,0.019127252
multi_krum,adaptive_evasion,4,8,2,3,0.2,1.0,2001,0.18159948,0.049339533
multi_krum,adaptive_evasion,5,8,2,3,0.2,1.0,2001,0.21369864,0.044865075
multi_krum,adaptive_evasion,6,8,2,3,0.2,1.0,2001,0.09514481,0.062779285
multi_krum,adaptive_evasion,7,8,2,3,0.2,1.0,2001,0.03486664,0.016104208
multi_krum,adaptive_evasion,8,8,2,3,0.2,1.0,2001,0.19313756,0.065592945
multi_krum,adaptive_evasion,9,8,2,3,0.2,1.0,2001,0.14237557,0.03669668
multi_krum,adaptive_evasion,10,8,2,3,0.2,1.0,2001,0.17137504,0.03426018
multi_krum,adaptive_evasion,11,8,2,3,0.2,1.0,2001,0.17588313,0.10757005
multi_krum,adaptive_evasion,12,8,2,3,0.2,1.0,2001,0.23511872,0.101850085
multi_krum,adaptive_evasion,13,8,2,3,0.2,1.0,2001,0.27402654,0.087925285
multi_krum,adaptive_evasion,14,8,2,3,0.2,1.0,2001,0.2548344,0.06236294
multi_krum,adaptive_evasion,15,8,2,3,0.2,1.0,2001,0.14029968,0.026723828
multi_krum,adaptive_evasion,16,8,2,3,0.2,1.0,2001,0.13125697,0.07462163
multi_krum,adaptive_evasion,17,8,2,3,0.2,1.0,2001,0.153924,0.06264278
multi_krum,adaptive_evasion,18,8,2,3,0.2,1.0,2001,0.13531749,0.04106734
multi_krum,adaptive_evasion,19,8,2,3,0.2,1.0,2001,0.24131583,0.056114376
multi_krum,adaptive_evasion,0,8,2,3,0.2,1.0,3001,0.13815947,0.0016278859
multi_krum,adaptive_evasion,1,8,2,3,0.2,1.0,3001,0.22956407,0.0055224537
multi_krum,adaptive_evasion,2,8,2,3,0.2,1.0,3001,0.30266336,0.015195023
multi_krum,adaptive_evasion,3,8,2,3,0.2,1.0,3001,0.16175407,0.017788336
multi_krum,adaptive_evasion,4,8,2,3,0.2,1.0,3001,0.1371996,0.03727634
multi_krum,adaptive_evasion,5,8,2,3,0.2,1.0,3001,0.08722355,0.018312195
multi_krum,adaptive_evasion,6,8,2,3,0.2,1.0,3001,0.23414339,0.03862364
multi_krum,adaptive_evasion,7,8,2,3,0.2,1.0,3001,0.16183282,0.07474737
multi_krum,adaptive_evasion,8,8,2,3,0.2,1.0,3001,0.098083295,0.033310827
multi_krum,adaptive_evasion,9,8,2,3,0.2,1.0,3001,0.17345354,0.04470689
multi_krum,adaptive_evasion,10,8,2,3,0.2,1.0,3001,0.13487487,0.026963305
multi_krum,adaptive_evasion,11,8,2,3,0.2,1.0,3001,0.43272933,0.068157
multi_krum,adaptive_evasion,12,8,2,3,0.2,1.0,3001,0.22118776,0.09581539
multi_krum,adaptive_evasion,13,8,2,3,0.2,1.0,3001,0.10767205,0.034548096
multi_krum,adaptive_evasion,14,8,2,3,0.2,1.0,3001,0.13815124,0.0338083
multi_krum,adaptive_evasion,15,8,2,3,0.2,1.0,3001,0.06708015,0.012777209
multi_krum,adaptive_evasion,16,8,2,3,0.2,1.0,3001,0.15590908,0.08863674
multi_krum,adaptive_evasion,17,8,2,3,0.2,1.0,3001,0.24400753,0.09930427
multi_krum,adaptive_evasion,18,8,2,3,0.2,1.0,3001,0.10876588,0.033009224
multi_krum,adaptive_evasion,19,8,2,3,0.2,1.0,3001,0.21983077,0.051118348
multi_krum,adaptive_evasion,0,8,2,3,0.2,1.0,4001,0.20224643,0.0023830005
multi_krum,adaptive_evasion,1,8,2,3,0.2,1.0,4001,0.16083111,0.0038689952
multi_krum,adaptive_evasion,2,8,2,3,0.2,1.0,4001,0.049382646,0.0024792247
multi_krum,adaptive_evasion,3,8,2,3,0.2,1.0,4001,0.2100872,0.0231036
multi_krum,adaptive_evasion,4,8,2,3,0.2,1.0,4001,0.1805922,0.049065858
multi_krum,adaptive_evasion,5,8,2,3,0.2,1.0,4001,0.2590583,0.054388132
multi_krum,adaptive_evasion,6,8,2,3,0.2,1.0,4001,0.052704,0.008693904
multi_krum,adaptive_evasion,7,8,2,3,0.2,1.0,4001,0.09778985,0.04516719
multi_krum,adaptive_evasion,8,8,2,3,0.2,1.0,4001,0.31222102,0.1060358
multi_krum,adaptive_evasion,9,8,2,3,0.2,1.0,4001,0.082312964,0.021215804
multi_krum,adaptive_evasion,10,8,2,3,0.2,1.0,4001,0.18491596,0.03696719
multi_krum,adaptive_evasion,11,8,2,3,0.2,1.0,4001,0.15050846,0.023705825
multi_krum,adaptive_evasion,12,8,2,3,0.2,1.0,4001,0.27828765,0.12055025
multi_krum,adaptive_evasion,13,8,2,3,0.2,1.0,4001,0.16988316,0.054509412
multi_krum,adaptive_evasion,14,8,2,3,0.2,1.0,4001,0.07504213,0.01836427
multi_krum,adaptive_evasion,15,8,2,3,0.2,1.0,4001,0.124666005,0.023745976
multi_krum,adaptive_evasion,16,8,2,3,0.2,1.0,4001,0.09679694,0.05503057
multi_krum,adaptive_evasion,17,8,2,3,0.2,1.0,4001,0.1423877,0.057947833
multi_krum,adaptive_evasion,18,8,2,3,0.2,1.0,4001,0.20953552,0.06359168
multi_krum,adaptive_evasion,19,8,2,3,0.2,1.0,4001,0.03174618,0.0073820977
dssraw_multi_krum,adaptive_evasion,0,8,2,3,0.2,1.0,1,17.012531,0.20045285
dssraw_multi_krum,adaptive_evasion,1,8,2,3,0.2,1.0,1,0.16155165,0.0015808793
dssraw_multi_krum,adaptive_evasion,2,8,2,3,0.2,1.0,1,0.16640949,0.0033129847
dssraw_multi_krum,adaptive_evasion,3,8,2,3,0.2,1.0,1,0.23850667,0.009835849
dssraw_multi_krum,adaptive_evasion,4,8,2,3,0.2,1.0,1,0.08631606,0.0076668607
dssraw_multi_krum,adaptive_evasion,5,8,2,3,0.2,1.0,1,0.2053419,0.043110617
dssraw_multi_krum,adaptive_evasion,6,8,2,3,0.2,1.0,1,0.0911605,0.01503758
dssraw_multi_krum,adaptive_evasion,7,8,2,3,0.2,1.0,1,0.12923339,0.059690338
dssraw_multi_krum,adaptive_evasion,8,8,2,3,0.2,1.0,1,0.1715551,0.058263157
dssraw_multi_krum,adaptive_evasion,9,8,2,3,0.2,1.0,1,0.19107845,0.04924963
dssraw_multi_krum,adaptive_evasion,10,8,2,3,0.2,1.0,1,0.30065647,0.060105283
dssraw_multi_krum,adaptive_evasion,11,8,2,3,0.2,1.0,1,0.014737338,0.0023212035
dssraw_multi_krum,adaptive_evasion,12,8,2,3,0.2,1.0,1,0.10566234,0.045771424
dssraw_multi_krum,adaptive_evasion,13,8,2,3,0.2,1.0,1,0.16074833,0.051578373
dssraw_multi_krum,adaptive_evasion,14,8,2,3,0.2,1.0,1,0.28514573,0.06978071
dssraw_multi_krum,adaptive_evasion,15,8,2,3,0.2,1.0,1,0.13542584,0.025795475
dssraw_multi_krum,adaptive_evasion,16,8,2,3,0.2,1.0,1,0.19463722,0.1106543
dssraw_multi_krum,adaptive_evasion,17,8,2,3,0.2,1.0,1,0.12056408,0.049066227
dssraw_multi_krum,adaptive_evasion,18,8,2,3,0.2,1.0,1,0.10319576,0.031318754
dssraw_multi_krum,adaptive_evasion,19,8,2,3,0.2,1.0,1,0.21041752,0.048929438
dssraw_multi_krum,adaptive_evasion,0,8,2,3,0.2,1.0,1001,16.926119,0.19943468
dssraw_multi_krum,adaptive_evasion,1,8,2,3,0.2,1.0,1001,0.11451214,0.0011205697
dssraw_multi_krum,adaptive_evasion,2,8,2,3,0.2,1.0,1001,0.050463308,0.0010046553
dssraw_multi_krum,adaptive_evasion,3,8,2,3,0.2,1.0,1001,0.3437806,0.014177271
dssraw_multi_krum,adaptive_evasion,4,8,2,3,0.2,1.0,1001,0.15308258,0.0135972705
dssraw_multi_krum,adaptive_evasion,5,8,2,3,0.2,1.0,1001,0.37664184,0.07907427
dssraw_multi_krum,adaptive_evasion,6,8,2,3,0.2,1.0,1001,0.19811249,0.03268008
dssraw_multi_krum,adaptive_evasion,7,8,2,3,0.2,1.0,1001,0.18833597,0.08698864
dssraw_multi_krum,adaptive_evasion,8,8,2,3,0.2,1.0,1001,0.25478107,0.086528175
dssraw_multi_krum,adaptive_evasion,9,8,2,3,0.2,1.0,1001,0.2022795,0.05213665
dssraw_multi_krum,adaptive_evasion,10,8,2,3,0.2,1.0,1001,0.16930111,0.033845574
dssraw_multi_krum,adaptive_evasion,11,8,2,3,0.2,1.0,1001,0.16668229,0.10194282
dssraw_multi_krum,adaptive_evasion,12,8,2,3,0.2,1.0,1001,0.22706732,0.098362334
dssraw_multi_krum,adaptive_evasion,13,8,2,3,0.2,1.0,1001,0.23869067,0.076587275
dssraw_multi_krum,adaptive_evasion,14,8,2,3,0.2,1.0,1001,0.11934311,0.029205581
dssraw_multi_krum,adaptive_evasion,15,8,2,3,0.2,1.0,1001,0.1336887,0.02546459
dssraw_multi_krum,adaptive_evasion,16,8,2,3,0.2,1.0,1001,0.22704922,0.12908103
dssraw_multi_krum,adaptive_evasion,17,8,2,3,0.2,1.0,1001,0.099514395,0.04049959
dssraw_multi_krum,adaptive_evasion,18,8,2,3,0.2,1.0,1001,0.17173466,0.052119546
dssraw_multi_krum,adaptive_evasion,19,8,2,3,0.2,1.0,1001,0.14199017,0.033017684
dssraw_multi_krum,adaptive_evasion,0,8,2,3,0.2,1.0,2001,17.026028,0.20061187
dssraw_multi_krum,adaptive_evasion,1,8,2,3,0.2,1.0,2001,0.3414508,0.0033413
dssraw_multi_krum,adaptive_evasion,2,8,2,3,0.2,1.0,2001,0.21334079,0.0042473227
dssraw_multi_krum,adaptive_evasion,3,8,2,3,0.2,1.0,2001,0.17392923,0.0071727196
dssraw_multi_krum,adaptive_evasion,4,8,2,3,0.2,1.0,2001,0.18159948,0.016130231
dssraw_multi_krum,adaptive_evasion,5,8,2,3,0.2,1.0,2001,0.21369858,0.04486506
dssraw_multi_krum,adaptive_evasion,6,8,2,3,0.2,1.0,2001,0.09514465,0.06277918
dssraw_multi_krum,adaptive_evasion,7,8,2,3,0.2,1.0,2001,0.03486666,0.016104218
dssraw_multi_krum,adaptive_evasion,8,8,2,3,0.2,1.0,2001,0.19313756,0.065592945
dssraw_multi_krum,adaptive_evasion,9,8,2,3,0.2,1.0,2001,0.14237566,0.036696702
dssraw_multi_krum,adaptive_evasion,10,8,2,3,0.2,1.0,2001,0.17137504,0.03426018
dssraw_multi_krum,adaptive_evasion,11,8,2,3,0.2,1.0,2001,0.17588323,0.10757012
dssraw_multi_krum,adaptive_evasion,12,8,2,3,0.2,1.0,2001,0.23511875,0.1018501
dssraw_multi_krum,adaptive_evasion,13,8,2,3,0.2,1.0,2001,0.27402654,0.087925285
dssraw_multi_krum,adaptive_evasion,14,8,2,3,0.2,1.0,2001,0.25483447,0.062362954
dssraw_multi_krum,adaptive_evasion,15,8,2,3,0.2,1.0,2001,0.14029965,0.026723823
dssraw_multi_krum,adaptive_evasion,16,8,2,3,0.2,1.0,2001,0.13125685,0.074621566
dssraw_multi_krum,adaptive_evasion,17,8,2,3,0.2,1.0,2001,0.15392411,0.06264283
dssraw_multi_krum,adaptive_evasion,18,8,2,3,0.2,1.0,2001,0.13531749,0.04106734
dssraw_multi_krum,adaptive_evasion,19,8,2,3,0.2,1.0,2001,0.24131581,0.056114372
dssraw_multi_krum,adaptive_evasion,0,8,2,3,0.2,1.0,3001,16.98005,0.20007011
dssraw_multi_krum,adaptive_evasion,1,8,2,3,0.2,1.0,3001,0.22956422,0.002246423
dssraw_multi_krum,adaptive_evasion,2,8,2,3,0.2,1.0,3001,0.3026635,0.006025615
dssraw_multi_krum,adaptive_evasion,3,8,2,3,0.2,1.0,3001,0.16175398,0.0066706208
dssraw_multi_krum,adaptive_evasion,4,8,2,3,0.2,1.0,3001,0.13719952,0.012186488
dssraw_multi_krum,adaptive_evasion,5,8,2,3,0.2,1.0,3001,0.08722349,0.018312182
dssraw_multi_krum,adaptive_evasion,6,8,2,3,0.2,1.0,3001,0.23414339,0.03862364
dssraw_multi_krum,adaptive_evasion,7,8,2,3,0.2,1.0,3001,0.1618329,0.0747474
dssraw_multi_krum,adaptive_evasion,8,8,2,3,0.2,1.0,3001,0.0980834,0.033310864
dssraw_multi_krum,adaptive_evasion,9,8,2,3,0.2,1.0,3001,0.1734535,0.044706877
dssraw_multi_krum,adaptive_evasion,10,8,2,3,0.2,1.0,3001,0.13487478,0.026963286
dssraw_multi_krum,adaptive_evasion,11,8,2,3,0.2,1.0,3001,0.43272924,0.06815699
dssraw_multi_krum,adaptive_evasion,12,8,2,3,0.2,1.0,3001,0.22118779,0.095815405
dssraw_multi_krum,adaptive_evasion,13,8,2,3,0.2,1.0,3001,0.107671976,0.034548074
dssraw_multi_krum,adaptive_evasion,14,8,2,3,0.2,1.0,3001,0.13815123,0.033808295
dssraw_multi_krum,adaptive_evasion,15,8,2,3,0.2,1.0,3001,0.06708015,0.012777209
dssraw_multi_krum,adaptive_evasion,16,8,2,3,0.2,1.0,3001,0.15590902,0.08863671
dssraw_multi_krum,adaptive_evasion,17,8,2,3,0.2,1.0,3001,0.24400765,0.09930432
dssraw_multi_krum,adaptive_evasion,18,8,2,3,0.2,1.0,3001,0.10876584,0.033009212
dssraw_multi_krum,adaptive_evasion,19,8,2,3,0.2,1.0,3001,0.21983075,0.051118344
dssraw_multi_krum,adaptive_evasion,0,8,2,3,0.2,1.0,4001,16.940166,0.19960019
dssraw_multi_krum,adaptive_evasion,1,8,2,3,0.2,1.0,4001,0.16083103,0.0015738276
dssraw_multi_krum,adaptive_evasion,2,8,2,3,0.2,1.0,4001,0.0493827,0.0009831418
dssraw_multi_krum,adaptive_evasion,3,8,2,3,0.2,1.0,4001,0.21008731,0.008663854
dssraw_multi_krum,adaptive_evasion,4,8,2,3,0.2,1.0,4001,0.18059228,0.016040768
dssraw_multi_krum,adaptive_evasion,5,8,2,3,0.2,1.0,4001,0.2590583,0.054388132
dssraw_multi_krum,adaptive_evasion,6,8,2,3,0.2,1.0,4001,0.05270392,0.008693892
dssraw_multi_krum,adaptive_evasion,7,8,2,3,0.2,1.0,4001,0.09778981,0.04516717
dssraw_multi_krum,adaptive_evasion,8,8,2,3,0.2,1.0,4001,0.31222102,0.1060358
dssraw_multi_krum,adaptive_evasion,9,8,2,3,0.2,1.0,4001,0.082312874,0.021215782
dssraw_multi_krum,adaptive_evasion,10,8,2,3,0.2,1.0,4001,0.18491597,0.036967196
dssraw_multi_krum,adaptive_evasion,11,8,2,3,0.2,1.0,4001,0.1505085,0.023705829
dssraw_multi_krum,adaptive_evasion,12,8,2,3,0.2,1.0,4001,0.27828777,0.120550305
dssraw_multi_krum,adaptive_evasion,13,8,2,3,0.2,1.0,4001,0.1698833,0.054509453
dssraw_multi_krum,adaptive_evasion,14,8,2,3,0.2,1.0,4001,0.07504226,0.018364301
dssraw_multi_krum,adaptive_evasion,15,8,2,3,0.2,1.0,4001,0.12466603,0.023745982
dssraw_multi_krum,adaptive_evasion,16,8,2,3,0.2,1.0,4001,0.09679691,0.05503055
dssraw_multi_krum,adaptive_evasion,17,8,2,3,0.2,1.0,4001,0.14238773,0.057947844
dssraw_multi_krum,adaptive_evasion,18,8,2,3,0.2,1.0,4001,0.20953552,0.06359168
dssraw_multi_krum,adaptive_evasion,19,8,2,3,0.2,1.0,4001,0.03174612,0.0073820837
dss_multi_krum,adaptive_evasion,0,8,2,3,0.2,1.0,1,0.09130984,0.0010758726
dss_multi_krum,adaptive_evasion,1,8,2,3,0.2,1.0,1,0.19745849,0.004750113
dss_multi_krum,adaptive_evasion,2,8,2,3,0.2,1.0,1,0.16640949,0.008354484
dss_multi_krum,adaptive_evasion,3,8,2,3,0.2,1.0,1,0.23850659,0.026228923
dss_multi_krum,adaptive_evasion,4,8,2,3,0.2,1.0,1,0.14543039,0.039512597
dss_multi_krum,adaptive_evasion,5,8,2,3,0.2,1.0,1,0.20534198,0.04311063
dss_multi_krum,adaptive_evasion,6,8,2,3,0.2,1.0,1,0.091160536,0.015037587
dss_multi_krum,adaptive_evasion,7,8,2,3,0.2,1.0,1,0.09965762,0.046029873
dss_multi_krum,adaptive_evasion,8,8,2,3,0.2,1.0,1,0.14667596,0.04981376
dss_multi_krum,adaptive_evasion,9,8,2,3,0.2,1.0,1,0.19107847,0.049249634
dss_multi_krum,adaptive_evasion,10,8,2,3,0.2,1.0,1,0.30065653,0.060105294
dss_multi_krum,adaptive_evasion,11,8,2,3,0.2,1.0,1,0.14170097,0.022318602
dss_multi_krum,adaptive_evasion,12,8,2,3,0.2,1.0,1,0.1611592,0.06981187
dss_multi_krum,adaptive_evasion,13,8,2,3,0.2,1.0,1,0.20934983,0.06717285
dss_multi_krum,adaptive_evasion,14,8,2,3,0.2,1.0,1,0.28514582,0.06978073
dss_multi_krum,adaptive_evasion,15,8,2,3,0.2,1.0,1,0.20389237,0.03883676
dss_multi_krum,adaptive_evasion,16,8,2,3,0.2,1.0,1,0.27348635,0.041148093
dss_multi_krum,adaptive_evasion,17,8,2,3,0.2,1.0,1,0.12802842,0.052104004
dss_multi_krum,adaptive_evasion,18,8,2,3,0.2,1.0,1,0.19913673,0.06043577
dss_multi_krum,adaptive_evasion,19,8,2,3,0.2,1.0,1,0.2619986,0.06092384
dss_multi_krum,adaptive_evasion,0,8,2,3,0.2,1.0,1001,0.13331048,0.0015707519
dss_multi_krum,adaptive_evasion,1,8,2,3,0.2,1.0,1001,0.2195696,0.005282024
dss_multi_krum,adaptive_evasion,2,8,2,3,0.2,1.0,1001,0.05046344,0.0025334852
dss_multi_krum,adaptive_evasion,3,8,2,3,0.2,1.0,1001,0.34378058,0.03780606
dss_multi_krum,adaptive_evasion,4,8,2,3,0.2,1.0,1001,0.20219086,0.054934092
dss_multi_krum,adaptive_evasion,5,8,2,3,0.2,1.0,1001,0.4551186,0.09555011
dss_multi_krum,adaptive_evasion,6,8,2,3,0.2,1.0,1001,0.11407745,0.018817896
dss_multi_krum,adaptive_evasion,7,8,2,3,0.2,1.0,1001,0.09956458,0.045986902
dss_multi_krum,adaptive_evasion,8,8,2,3,0.2,1.0,1001,0.17194332,0.058395006
dss_multi_krum,adaptive_evasion,9,8,2,3,0.2,1.0,1001,0.14843482,0.038258422
dss_multi_krum,adaptive_evasion,10,8,2,3,0.2,1.0,1001,0.16930111,0.033845574
dss_multi_krum,adaptive_evasion,11,8,2,3,0.2,1.0,1001,0.1666822,0.10194277
dss_multi_krum,adaptive_evasion,12,8,2,3,0.2,1.0,1001,0.29400545,0.12735899
dss_multi_krum,adaptive_evasion,13,8,2,3,0.2,1.0,1001,0.2540844,0.08152657
dss_multi_krum,adaptive_evasion,14,8,2,3,0.2,1.0,1001,0.14422356,0.03529431
dss_multi_krum,adaptive_evasion,15,8,2,3,0.2,1.0,1001,0.19624242,0.037379622
dss_multi_krum,adaptive_evasion,16,8,2,3,0.2,1.0,1001,0.29637367,0.16849305
dss_multi_krum,adaptive_evasion,17,8,2,3,0.2,1.0,1001,0.15947133,0.06490039
dss_multi_krum,adaptive_evasion,18,8,2,3,0.2,1.0,1001,0.24172142,0.07335974
dss_multi_krum,adaptive_evasion,19,8,2,3,0.2,1.0,1001,0.17868082,0.041549545
dss_multi_krum,adaptive_evasion,0,8,2,3,0.2,1.0,2001,0.29097116,0.0034284138
dss_multi_krum,adaptive_evasion,1,8,2,3,0.2,1.0,2001,0.34145078,0.0082140295
dss_multi_krum,adaptive_evasion,2,8,2,3,0.2,1.0,2001,0.22259964,0.011175475
dss_multi_krum,adaptive_evasion,3,8,2,3,0.2,1.0,2001,0.18963088,0.020853989
dss_multi_krum,adaptive_evasion,4,8,2,3,0.2,1.0,2001,0.18159948,0.049339533
dss_multi_krum,adaptive_evasion,5,8,2,3,0.2,1.0,2001,0.21369864,0.044865075
dss_multi_krum,adaptive_evasion,6,8,2,3,0.2,1.0,2001,0.17708302,0.116844475
dss_multi_krum,adaptive_evasion,7,8,2,3,0.2,1.0,2001,0.03486664,0.016104208
dss_multi_krum,adaptive_evasion,8,8,2,3,0.2,1.0,2001,0.23666008,0.080373965
dss_multi_krum,adaptive_evasion,9,8,2,3,0.2,1.0,2001,0.14237557,0.03669668
dss_multi_krum,adaptive_evasion,10,8,2,3,0.2,1.0,2001,0.16968125,0.03392157
dss_multi_krum,adaptive_evasion,11,8,2,3,0.2,1.0,2001,0.26616523,0.041922335
dss_multi_krum,adaptive_evasion,12,8,2,3,0.2,1.0,2001,0.23511872,0.101850085
dss_multi_krum,adaptive_evasion,13,8,2,3,0.2,1.0,2001,0.23011944,0.07383707
dss_multi_krum,adaptive_evasion,14,8,2,3,0.2,1.0,2001,0.25870827,0.06331094
dss_multi_krum,adaptive_evasion,15,8,2,3,0.2,1.0,2001,0.13478297,0.114501305
dss_multi_krum,adaptive_evasion,16,8,2,3,0.2,1.0,2001,0.18146579,0.10316613
dss_multi_krum,adaptive_evasion,17,8,2,3,0.2,1.0,2001,0.10442617,0.042498544
dss_multi_krum,adaptive_evasion,18,8,2,3,0.2,1.0,2001,0.16591614,0.05035369
dss_multi_krum,adaptive_evasion,19,8,2,3,0.2,1.0,2001,0.28323045,0.065860994
dss_multi_krum,adaptive_evasion,0,8,2,3,0.2,1.0,3001,0.13815947,0.0016278859
dss_multi_krum,adaptive_evasion,1,8,2,3,0.2,1.0,3001,0.22957411,0.005522695
dss_multi_krum,adaptive_evasion,2,8,2,3,0.2,1.0,3001,0.30266336,0.015195023
dss_multi_krum,adaptive_evasion,3,8,2,3,0.2,1.0,3001,0.17361666,0.019092882
dss_multi_krum,adaptive_evasion,4,8,2,3,0.2,1.0,3001,0.19662835,0.05342279
dss_multi_krum,adaptive_evasion,5,8,2,3,0.2,1.0,3001,0.08868274,0.018618545
dss_multi_krum,adaptive_evasion,6,8,2,3,0.2,1.0,3001,0.33486515,0.05523842
dss_multi_krum,adaptive_evasion,7,8,2,3,0.2,1.0,3001,0.22956608,0.106032014
dss_multi_krum,adaptive_evasion,8,8,2,3,0.2,1.0,3001,0.13650748,0.046360362
dss_multi_krum,adaptive_evasion,9,8,2,3,0.2,1.0,3001,0.26642752,0.06867052
dss_multi_krum,adaptive_evasion,10,8,2,3,0.2,1.0,3001,0.15970899,0.03192798
dss_multi_krum,adaptive_evasion,11,8,2,3,0.2,1.0,3001,0.5218621,0.31917065
dss_multi_krum,adaptive_evasion,12,8,2,3,0.2,1.0,3001,0.15747602,0.068216376
dss_multi_krum,adaptive_evasion,13,8,2,3,0.2,1.0,3001,0.11106185,0.035635762
dss_multi_krum,adaptive_evasion,14,8,2,3,0.2,1.0,3001,0.24790297,0.06066668
dss_multi_krum,adaptive_evasion,15,8,2,3,0.2,1.0,3001,0.18995081,0.036181215
dss_multi_krum,adaptive_evasion,16,8,2,3,0.2,1.0,3001,0.24894111,0.14152691
dss_multi_krum,adaptive_evasion,17,8,2,3,0.2,1.0,3001,0.16789193,0.068327345
dss_multi_krum,adaptive_evasion,18,8,2,3,0.2,1.0,3001,0.10876588,0.033009224
dss_multi_krum,adaptive_evasion,19,8,2,3,0.2,1.0,3001,0.3359151,0.07811201
dss_multi_krum,adaptive_evasion,0,8,2,3,0.2,1.0,4001,0.20224643,0.0023830005
dss_multi_krum,adaptive_evasion,1,8,2,3,0.2,1.0,4001,0.2127703,0.005118458
dss_multi_krum,adaptive_evasion,2,8,2,3,0.2,1.0,4001,0.17517439,0.00879452
dss_multi_krum,adaptive_evasion,3,8,2,3,0.2,1.0,4001,0.25178626,0.027689308
dss_multi_krum,adaptive_evasion,4,8,2,3,0.2,1.0,4001,0.1805922,0.049065858
dss_multi_krum,adaptive_evasion,5,8,2,3,0.2,1.0,4001,0.32260934,0.06773039
dss_multi_krum,adaptive_evasion,6,8,2,3,0.2,1.0,4001,0.0995694,0.01642469
dss_multi_krum,adaptive_evasion,7,8,2,3,0.2,1.0,4001,0.09865934,0.045568787
dss_multi_krum,adaptive_evasion,8,8,2,3,0.2,1.0,4001,0.24257883,0.08238408
dss_multi_krum,adaptive_evasion,9,8,2,3,0.2,1.0,4001,0.082312964,0.021215804
dss_multi_krum,adaptive_evasion,10,8,2,3,0.2,1.0,4001,0.09235702,0.018463412
dss_multi_krum,adaptive_evasion,11,8,2,3,0.2,1.0,4001,0.18364882,0.11231955
dss_multi_krum,adaptive_evasion,12,8,2,3,0.2,1.0,4001,0.24768001,0.10729146
dss_multi_krum,adaptive_evasion,13,8,2,3,0.2,1.0,4001,0.17628123,0.05656232
dss_multi_krum,adaptive_evasion,14,8,2,3,0.2,1.0,4001,0.07504213,0.01836427
dss_multi_krum,adaptive_evasion,15,8,2,3,0.2,1.0,4001,0.24940471,0.047505803
dss_multi_krum,adaptive_evasion,16,8,2,3,0.2,1.0,4001,0.18337947,0.10425409
dss_multi_krum,adaptive_evasion,17,8,2,3,0.2,1.0,4001,0.1423877,0.057947833
dss_multi_krum,adaptive_evasion,18,8,2,3,0.2,1.0,4001,0.26860508,0.081518635
dss_multi_krum,adaptive_evasion,19,8,2,3,0.2,1.0,4001,0.12561166,0.029209107
trimmed_mean,adaptive_evasion,0,8,2,3,0.2,1.0,1,0.26851684,0.0031638423
trimmed_mean,adaptive_evasion,1,8,2,3,0.2,1.0,1,0.24468066,0.005886102
trimmed_mean,adaptive_evasion,2,8,2,3,0.2,1.0,1,0.2663055,0.0133697
trimmed_mean,adaptive_evasion,3,8,2,3,0.2,1.0,1,0.4095592,0.045039833
trimmed_mean,adaptive_evasion,4,8,2,3,0.2,1.0,1,0.26363784,0.023417134
trimmed_mean,adaptive_evasion,5,8,2,3,0.2,1.0,1,0.37445968,0.078616135
trimmed_mean,adaptive_evasion,6,8,2,3,0.2,1.0,1,0.11492526,0.018957749
trimmed_mean,adaptive_evasion,7,8,2,3,0.2,1.0,1,0.19402331,0.025458954
trimmed_mean,adaptive_evasion,8,8,2,3,0.2,1.0,1,0.4100174,0.04319774
trimmed_mean,adaptive_evasion,9,8,2,3,0.2,1.0,1,0.19281232,0.016428605
trimmed_mean,adaptive_evasion,10,8,2,3,0.2,1.0,1,0.503513,0.100659035
trimmed_mean,adaptive_evasion,11,8,2,3,0.2,1.0,1,0.21236672,0.033448804
trimmed_mean,adaptive_evasion,12,8,2,3,0.2,1.0,1,0.16097,0.020209111
trimmed_mean,adaptive_evasion,13,8,2,3,0.2,1.0,1,0.34785548,0.035120334
trimmed_mean,adaptive_evasion,14,8,2,3,0.2,1.0,1,0.4983801,0.12196331
trimmed_mean,adaptive_evasion,15,8,2,3,0.2,1.0,1,0.21354283,0.040674947
trimmed_mean,adaptive_evasion,16,8,2,3,0.2,1.0,1,0.2814887,0.042352106
trimmed_mean,adaptive_evasion,17,8,2,3,0.2,1.0,1,0.18526308,0.02226163
trimmed_mean,adaptive_evasion,18,8,2,3,0.2,1.0,1,0.30515605,0.09261144
trimmed_mean,adaptive_evasion,19,8,2,3,0.2,1.0,1,0.22349176,0.051969655
trimmed_mean,adaptive_evasion,0,8,2,3,0.2,1.0,1001,0.13582318,0.001600358
trimmed_mean,adaptive_evasion,1,8,2,3,0.2,1.0,1001,0.30453843,0.0073260562
trimmed_mean,adaptive_evasion,2,8,2,3,0.2,1.0,1001,0.206303,0.010357312
trimmed_mean,adaptive_evasion,3,8,2,3,0.2,1.0,1001,0.37684727,0.041442454
trimmed_mean,adaptive_evasion,4,8,2,3,0.2,1.0,1001,0.09799547,0.026624804
trimmed_mean,adaptive_evasion,5,8,2,3,0.2,1.0,1001,0.49992284,0.10495657
trimmed_mean,adaptive_evasion,6,8,2,3,0.2,1.0,1001,0.32170874,0.053068172
trimmed_mean,adaptive_evasion,7,8,2,3,0.2,1.0,1001,0.11194938,0.014689544
trimmed_mean,adaptive_evasion,8,8,2,3,0.2,1.0,1001,0.42039055,0.044290613
trimmed_mean,adaptive_evasion,9,8,2,3,0.2,1.0,1001,0.35841233,0.03053858
trimmed_mean,adaptive_evasion,10,8,2,3,0.2,1.0,1001,0.17084588,0.034154397
trimmed_mean,adaptive_evasion,11,8,2,3,0.2,1.0,1001,0.36561885,0.05758677
trimmed_mean,adaptive_evasion,12,8,2,3,0.2,1.0,1001,0.31646484,0.03973084
trimmed_mean,adaptive_evasion,13,8,2,3,0.2,1.0,1001,0.5050911,0.050995223
trimmed_mean,adaptive_evasion,14,8,2,3,0.2,1.0,1001,0.24798672,0.020273574
trimmed_mean,adaptive_evasion,15,8,2,3,0.2,1.0,1001,0.12402904,0.02362465
trimmed_mean,adaptive_evasion,16,8,2,3,0.2,1.0,1001,0.18311642,0.027551252
trimmed_mean,adaptive_evasion,17,8,2,3,0.2,1.0,1001,0.20558514,0.024703573
trimmed_mean,adaptive_evasion,18,8,2,3,0.2,1.0,1001,0.24862073,0.07545361
trimmed_mean,adaptive_evasion,19,8,2,3,0.2,1.0,1001,0.29817334,0.06933574
trimmed_mean,adaptive_evasion,0,8,2,3,0.2,1.0,2001,0.38922924,0.004586155
trimmed_mean,adaptive_evasion,1,8,2,3,0.2,1.0,2001,0.23931402,0.0057570008
trimmed_mean,adaptive_evasion,2,8,2,3,0.2,1.0,2001,0.13203378,0.0066286726
trimmed_mean,adaptive_evasion,3,8,2,3,0.2,1.0,2001,0.29302883,0.032224815
trimmed_mean,adaptive_evasion,4,8,2,3,0.2,1.0,2001,0.35658905,0.03167335
trimmed_mean,adaptive_evasion,5,8,2,3,0.2,1.0,2001,0.1545688,0.03245103
trimmed_mean,adaptive_evasion,6,8,2,3,0.2,1.0,2001,0.23819984,0.03929278
trimmed_mean,adaptive_evasion,7,8,2,3,0.2,1.0,2001,0.17193085,0.02256007
trimmed_mean,adaptive_evasion,8,8,2,3,0.2,1.0,2001,0.27558523,0.029034521
trimmed_mean,adaptive_evasion,9,8,2,3,0.2,1.0,2001,0.28351432,0.07307457
trimmed_mean,adaptive_evasion,10,8,2,3,0.2,1.0,2001,0.1849391,0.03697182
trimmed_mean,adaptive_evasion,11,8,2,3,0.2,1.0,2001,0.24079327,0.037926126
trimmed_mean,adaptive_evasion,12,8,2,3,0.2,1.0,2001,0.416402,0.052277535
trimmed_mean,adaptive_evasion,13,8,2,3,0.2,1.0,2001,0.4555734,0.045995798
trimmed_mean,adaptive_evasion,14,8,2,3,0.2,1.0,2001,0.27913404,0.02281995
trimmed_mean,adaptive_evasion,15,8,2,3,0.2,1.0,2001,0.23474838,0.04471411
trimmed_mean,adaptive_evasion,16,8,2,3,0.2,1.0,2001,0.101250745,0.015233941
trimmed_mean,adaptive_evasion,17,8,2,3,0.2,1.0,2001,0.33144704,0.039827425
trimmed_mean,adaptive_evasion,18,8,2,3,0.2,1.0,2001,0.26049048,0.025209798
trimmed_mean,adaptive_evasion,19,8,2,3,0.2,1.0,2001,0.40971917,0.095274046
trimmed_mean,adaptive_evasion,0,8,2,3,0.2,1.0,3001,0.19474354,0.0022945968
trimmed_mean,adaptive_evasion,1,8,2,3,0.2,1.0,3001,0.30326533,0.00729543
trimmed_mean,adaptive_evasion,2,8,2,3,0.2,1.0,3001,0.44544357,0.022363214
trimmed_mean,adaptive_evasion,3,8,2,3,0.2,1.0,3001,0.16363917,0.017995642
trimmed_mean,adaptive_evasion,4,8,2,3,0.2,1.0,3001,0.14153785,0.038455017
trimmed_mean,adaptive_evasion,5,8,2,3,0.2,1.0,3001,0.17108932,0.03591944
trimmed_mean,adaptive_evasion,6,8,2,3,0.2,1.0,3001,0.25053266,0.041327164
trimmed_mean,adaptive_evasion,7,8,2,3,0.2,1.0,3001,0.23163834,0.030394645
trimmed_mean,adaptive_evasion,8,8,2,3,0.2,1.0,3001,0.154333,0.016259886
trimmed_mean,adaptive_evasion,9,8,2,3,0.2,1.0,3001,0.3449763,0.08891612
trimmed_mean,adaptive_evasion,10,8,2,3,0.2,1.0,3001,0.35667217,0.071303576
trimmed_mean,adaptive_evasion,11,8,2,3,0.2,1.0,3001,0.39452112,0.06213902
trimmed_mean,adaptive_evasion,12,8,2,3,0.2,1.0,3001,0.38907254,0.048846435
trimmed_mean,adaptive_evasion,13,8,2,3,0.2,1.0,3001,0.0819924,0.008278152
trimmed_mean,adaptive_evasion,14,8,2,3,0.2,1.0,3001,0.21585982,0.052825097
trimmed_mean,adaptive_evasion,15,8,2,3,0.2,1.0,3001,0.19833936,0.037779037
trimmed_mean,adaptive_evasion,16,8,2,3,0.2,1.0,3001,0.34934396,0.052561443
trimmed_mean,adaptive_evasion,17,8,2,3,0.2,1.0,3001,0.43558612,0.052341014
trimmed_mean,adaptive_evasion,18,8,2,3,0.2,1.0,3001,0.24595991,0.023803554
trimmed_mean,adaptive_evasion,19,8,2,3,0.2,1.0,3001,0.40270296,0.09364253
trimmed_mean,adaptive_evasion,0,8,2,3,0.2,1.0,4001,0.26768097,0.0031539935
trimmed_mean,adaptive_evasion,1,8,2,3,0.2,1.0,4001,0.2698647,0.0064919363
trimmed_mean,adaptive_evasion,2,8,2,3,0.2,1.0,4001,0.23543566,0.011819899
trimmed_mean,adaptive_evasion,3,8,2,3,0.2,1.0,4001,0.25934747,0.028520826
trimmed_mean,adaptive_evasion,4,8,2,3,0.2,1.0,4001,0.22214144,0.06035455
trimmed_mean,adaptive_evasion,5,8,2,3,0.2,1.0,4001,0.44185215,0.092764884
trimmed_mean,adaptive_evasion,6,8,2,3,0.2,1.0,4001,0.19559069,0.03226409
trimmed_mean,adaptive_evasion,7,8,2,3,0.2,1.0,4001,0.21138231,0.02773673
trimmed_mean,adaptive_evasion,8,8,2,3,0.2,1.0,4001,0.41450042,0.04367005
trimmed_mean,adaptive_evasion,9,8,2,3,0.2,1.0,4001,0.24459314,0.063042805
trimmed_mean,adaptive_evasion,10,8,2,3,0.2,1.0,4001,0.24529174,0.049037125
trimmed_mean,adaptive_evasion,11,8,2,3,0.2,1.0,4001,0.25478184,0.040129397
trimmed_mean,adaptive_evasion,12,8,2,3,0.2,1.0,4001,0.3371233,0.042324424
trimmed_mean,adaptive_evasion,13,8,2,3,0.2,1.0,4001,0.28090677,0.02836103
trimmed_mean,adaptive_evasion,14,8,2,3,0.2,1.0,4001,0.20301566,0.04968188
trimmed_mean,adaptive_evasion,15,8,2,3,0.2,1.0,4001,0.22357117,0.042585112
trimmed_mean,adaptive_evasion,16,8,2,3,0.2,1.0,4001,0.19643195,0.029554674
trimmed_mean,adaptive_evasion,17,8,2,3,0.2,1.0,4001,0.15548277,0.01868316
trimmed_mean,adaptive_evasion,18,8,2,3,0.2,1.0,4001,0.39671925,0.03839377
trimmed_mean,adaptive_evasion,19,8,2,3,0.2,1.0,4001,0.18276355,0.014339008
dssraw_trimmed_mean,adaptive_evasion,0,8,2,3,0.2,1.0,1,17.012531,0.20045285
dssraw_trimmed_mean,adaptive_evasion,1,8,2,3,0.2,1.0,1,0.16155165,0.0015808793
dssraw_trimmed_mean,adaptive_evasion,2,8,2,3,0.2,1.0,1,0.16640949,0.0033129847
dssraw_trimmed_mean,adaptive_evasion,3,8,2,3,0.2,1.0,1,0.23850667,0.009835849
dssraw_trimmed_mean,adaptive_evasion,4,8,2,3,0.2,1.0,1,0.08631606,0.0076668607
dssraw_trimmed_mean,adaptive_evasion,5,8,2,3,0.2,1.0,1,0.2053419,0.043110617
dssraw_trimmed_mean,adaptive_evasion,6,8,2,3,0.2,1.0,1,0.0911605,0.01503758
dssraw_trimmed_mean,adaptive_evasion,7,8,2,3,0.2,1.0,1,0.12923339,0.059690338
dssraw_trimmed_mean,adaptive_evasion,8,8,2,3,0.2,1.0,1,0.1715551,0.058263157
dssraw_trimmed_mean,adaptive_evasion,9,8,2,3,0.2,1.0,1,0.19107845,0.04924963
dssraw_trimmed_mean,adaptive_evasion,10,8,2,3,0.2,1.0,1,0.30065647,0.060105283
dssraw_trimmed_mean,adaptive_evasion,11,8,2,3,0.2,1.0,1,0.014737338,0.0023212035
dssraw_trimmed_mean,adaptive_evasion,12,8,2,3,0.2,1.0,1,0.10566234,0.045771424
dssraw_trimmed_mean,adaptive_evasion,13,8,2,3,0.2,1.0,1,0.16074833,0.051578373
dssraw_trimmed_mean,adaptive_evasion,14,8,2,3,0.2,1.0,1,0.28514573,0.06978071
dssraw_trimmed_mean,adaptive_evasion,15,8,2,3,0.2,1.0,1,0.13542584,0.025795475
dssraw_trimmed_mean,adaptive_evasion,16,8,2,3,0.2,1.0,1,0.19463722,0.1106543
dssraw_trimmed_mean,adaptive_evasion,17,8,2,3,0.2,1.0,1,0.12056408,0.049066227
dssraw_trimmed_mean,adaptive_evasion,18,8,2,3,0.2,1.0,1,0.10319576,0.031318754
dssraw_trimmed_mean,adaptive_evasion,19,8,2,3,0.2,1.0,1,0.21041752,0.048929438
dssraw_trimmed_mean,adaptive_evasion,0,8,2,3,0.2,1.0,1001,16.926119,0.19943468
dssraw_trimmed_mean,adaptive_evasion,1,8,2,3,0.2,1.0,1001,0.11451214,0.0011205697
dssraw_trimmed_mean,adaptive_evasion,2,8,2,3,0.2,1.0,1001,0.050463308,0.0010046553
dssraw_trimmed_mean,adaptive_evasion,3,8,2,3,0.2,1.0,1001,0.3437806,0.014177271
dssraw_trimmed_mean,adaptive_evasion,4,8,2,3,0.2,1.0,1001,0.15308258,0.0135972705
dssraw_trimmed_mean,adaptive_evasion,5,8,2,3,0.2,1.0,1001,0.37664184,0.07907427
dssraw_trimmed_mean,adaptive_evasion,6,8,2,3,0.2,1.0,1001,0.19811249,0.03268008
dssraw_trimmed_mean,adaptive_evasion,7,8,2,3,0.2,1.0,1001,0.18833597,0.08698864
dssraw_trimmed_mean,adaptive_evasion,8,8,2,3,0.2,1.0,1001,0.25478107,0.086528175
dssraw_trimmed_mean,adaptive_evasion,9,8,2,3,0.2,1.0,1001,0.2022795,0.05213665
dssraw_trimmed_mean,adaptive_evasion,10,8,2,3,0.2,1.0,1001,0.16930111,0.033845574
dssraw_trimmed_mean,adaptive_evasion,11,8,2,3,0.2,1.0,1001,0.16668229,0.10194282
dssraw_trimmed_mean,adaptive_evasion,12,8,2,3,0.2,1.0,1001,0.22706732,0.098362334
dssraw_trimmed_mean,adaptive_evasion,13,8,2,3,0.2,1.0,1001,0.23869067,0.076587275
dssraw_trimmed_mean,adaptive_evasion,14,8,2,3,0.2,1.0,1001,0.11934311,0.029205581
dssraw_trimmed_mean,adaptive_evasion,15,8,2,3,0.2,1.0,1001,0.1336887,0.02546459
dssraw_trimmed_mean,adaptive_evasion,16,8,2,3,0.2,1.0,1001,0.22704922,0.12908103
dssraw_trimmed_mean,adaptive_evasion,17,8,2,3,0.2,1.0,1001,0.099514395,0.04049959
dssraw_trimmed_mean,adaptive_evasion,18,8,2,3,0.2,1.0,1001,0.17173466,0.052119546
dssraw_trimmed_mean,adaptive_evasion,19,8,2,3,0.2,1.0,1001,0.14199017,0.033017684
dssraw_trimmed_mean,adaptive_evasion,0,8,2,3,0.2,1.0,2001,17.026028,0.20061187
dssraw_trimmed_mean,adaptive_evasion,1,8,2,3,0.2,1.0,2001,0.3414508,0.0033413
dssraw_trimmed_mean,adaptive_evasion,2,8,2,3,0.2,1.0,2001,0.21334079,0.0042473227
dssraw_trimmed_mean,adaptive_evasion,3,8,2,3,0.2,1.0,2001,0.17392923,0.0071727196
dssraw_trimmed_mean,adaptive_evasion,4,8,2,3,0.2,1.0,2001,0.18159948,0.016130231
dssraw_trimmed_mean,adaptive_evasion,5,8,2,3,0.2,1.0,2001,0.21369858,0.04486506
dssraw_trimmed_mean,adaptive_evasion,6,8,2,3,0.2,1.0,2001,0.09514465,0.06277918
dssraw_trimmed_mean,adaptive_evasion,7,8,2,3,0.2,1.0,2001,0.03486666,0.016104218
dssraw_trimmed_mean,adaptive_evasion,8,8,2,3,0.2,1.0,2001,0.19313756,0.065592945
dssraw_trimmed_mean,adaptive_evasion,9,8,2,3,0.2,1.0,2001,0.14237566,0.036696702
dssraw_trimmed_mean,adaptive_evasion,10,8,2,3,0.2,1.0,2001,0.17137504,0.03426018
dssraw_trimmed_mean,adaptive_evasion,11,8,2,3,0.2,1.0,2001,0.17588323,0.10757012
dssraw_trimmed_mean,adaptive_evasion,12,8,2,3,0.2,1.0,2001,0.23511875,0.1018501
dssraw_trimmed_mean,adaptive_evasion,13,8,2,3,0.2,1.0,2001,0.27402654,0.087925285
dssraw_trimmed_mean,adaptive_evasion,14,8,2,3,0.2,1.0,2001,0.25483447,0.062362954
dssraw_trimmed_mean,adaptive_evasion,15,8,2,3,0.2,1.0,2001,0.14029965,0.026723823
dssraw_trimmed_mean,adaptive_evasion,16,8,2,3,0.2,1.0,2001,0.13125685,0.074621566
dssraw_trimmed_mean,adaptive_evasion,17,8,2,3,0.2,1.0,2001,0.15392411,0.06264283
dssraw_trimmed_mean,adaptive_evasion,18,8,2,3,0.2,1.0,2001,0.13531749,0.04106734
dssraw_trimmed_mean,adaptive_evasion,19,8,2,3,0.2,1.0,2001,0.24131581,0.056114372
dssraw_trimmed_mean,adaptive_evasion,0,8,2,3,0.2,1.0,3001,16.98005,0.20007011
dssraw_trimmed_mean,adaptive_evasion,1,8,2,3,0.2,1.0,3001,0.22956422,0.002246423
dssraw_trimmed_mean,adaptive_evasion,2,8,2,3,0.2,1.0,3001,0.3026635,0.006025615
dssraw_trimmed_mean,adaptive_evasion,3,8,2,3,0.2,1.0,3001,0.16175398,0.0066706208
dssraw_trimmed_mean,adaptive_evasion,4,8,2,3,0.2,1.0,3001,0.13719952,0.012186488
dssraw_trimmed_mean,adaptive_evasion,5,8,2,3,0.2,1.0,3001,0.08722349,0.018312182
dssraw_trimmed_mean,adaptive_evasion,6,8,2,3,0.2,1.0,3001,0.23414339,0.03862364
dssraw_trimmed_mean,adaptive_evasion,7,8,2,3,0.2,1.0,3001,0.1618329,0.0747474
dssraw_trimmed_mean,adaptive_evasion,8,8,2,3,0.2,1.0,3001,0.0980834,0.033310864
dssraw_trimmed_mean,adaptive_evasion,9,8,2,3,0.2,1.0,3001,0.1734535,0.044706877
dssraw_trimmed_mean,adaptive_evasion,10,8,2,3,0.2,1.0,3001,0.13487478,0.026963286
dssraw_trimmed_mean,adaptive_evasion,11,8,2,3,0.2,1.0,3001,0.43272924,0.06815699
dssraw_trimmed_mean,adaptive_evasion,12,8,2,3,0.2,1.0,3001,0.22118779,0.095815405
dssraw_trimmed_mean,adaptive_evasion,13,8,2,3,0.2,1.0,3001,0.107671976,0.034548074
dssraw_trimmed_mean,adaptive_evasion,14,8,2,3,0.2,1.0,3001,0.13815123,0.033808295
dssraw_trimmed_mean,adaptive_evasion,15,8,2,3,0.2,1.0,3001,0.06708015,0.012777209
dssraw_trimmed_mean,adaptive_evasion,16,8,2,3,0.2,1.0,3001,0.15590902,0.08863671
dssraw_trimmed_mean,adaptive_evasion,17,8,2,3,0.2,1.0,3001,0.24400765,0.09930432
dssraw_trimmed_mean,adaptive_evasion,18,8,2,3,0.2,1.0,3001,0.10876584,0.033009212
dssraw_trimmed_mean,adaptive_evasion,19,8,2,3,0.2,1.0,3001,0.21983075,0.051118344
dssraw_trimmed_mean,adaptive_evasion,0,8,2,3,0.2,1.0,4001,16.940166,0.19960019
dssraw_trimmed_mean,adaptive_evasion,1,8,2,3,0.2,1.0,4001,0.16083103,0.0015738276
dssraw_trimmed_mean,adaptive_evasion,2,8,2,3,0.2,1.0,4001,0.0493827,0.0009831418
dssraw_trimmed_mean,adaptive_evasion,3,8,2,3,0.2,1.0,4001,0.21008731,0.008663854
dssraw_trimmed_mean,adaptive_evasion,4,8,2,3,0.2,1.0,4001,0.18059228,0.016040768
dssraw_trimmed_mean,adaptive_evasion,5,8,2,3,0.2,1.0,4001,0.2590583,0.054388132
dssraw_trimmed_mean,adaptive_evasion,6,8,2,3,0.2,1.0,4001,0.05270392,0.008693892
dssraw_trimmed_mean,adaptive_evasion,7,8,2,3,0.2,1.0,4001,0.09778981,0.04516717
dssraw_trimmed_mean,adaptive_evasion,8,8,2,3,0.2,1.0,4001,0.31222102,0.1060358
dssraw_trimmed_mean,adaptive_evasion,9,8,2,3,0.2,1.0,4001,0.082312874,0.021215782
dssraw_trimmed_mean,adaptive_evasion,10,8,2,3,0.2,1.0,4001,0.18491597,0.036967196
dssraw_trimmed_mean,adaptive_evasion,11,8,2,3,0.2,1.0,4001,0.1505085,0.023705829
dssraw_trimmed_mean,adaptive_evasion,12,8,2,3,0.2,1.0,4001,0.27828777,0.120550305
dssraw_trimmed_mean,adaptive_evasion,13,8,2,3,0.2,1.0,4001,0.1698833,0.054509453
dssraw_trimmed_mean,adaptive_evasion,14,8,2,3,0.2,1.0,4001,0.07504226,0.018364301
dssraw_trimmed_mean,adaptive_evasion,15,8,2,3,0.2,1.0,4001,0.12466603,0.023745982
dssraw_trimmed_mean,adaptive_evasion,16,8,2,3,0.2,1.0,4001,0.09679691,0.05503055
dssraw_trimmed_mean,adaptive_evasion,17,8,2,3,0.2,1.0,4001,0.14238773,0.057947844
dssraw_trimmed_mean,adaptive_evasion,18,8,2,3,0.2,1.0,4001,0.20953552,0.06359168
dssraw_trimmed_mean,adaptive_evasion,19,8,2,3,0.2,1.0,4001,0.03174612,0.0073820837
dss_trimmed_mean,adaptive_evasion,0,8,2,3,0.2,1.0,1,0.26851684,0.0031638423
dss_trimmed_mean,adaptive_evasion,1,8,2,3,0.2,1.0,1,0.18158276,0.0043682028
dss_trimmed_mean,adaptive_evasion,2,8,2,3,0.2,1.0,1,0.15915047,0.007990049
dss_trimmed_mean,adaptive_evasion,3,8,2,3,0.2,1.0,1,0.24898128,0.02738084
dss_trimmed_mean,adaptive_evasion,4,8,2,3,0.2,1.0,1,0.12249629,0.03328154
dss_trimmed_mean,adaptive_evasion,5,8,2,3,0.2,1.0,1,0.18639714,0.039133247
dss_trimmed_mean,adaptive_evasion,6,8,2,3,0.2,1.0,1,0.11492526,0.018957749
dss_trimmed_mean,adaptive_evasion,7,8,2,3,0.2,1.0,1,0.15817136,0.020754606
dss_trimmed_mean,adaptive_evasion,8,8,2,3,0.2,1.0,1,0.20237032,0.06872855
dss_trimmed_mean,adaptive_evasion,9,8,2,3,0.2,1.0,1,0.19281232,0.049696527
dss_trimmed_mean,adaptive_evasion,10,8,2,3,0.2,1.0,1,0.3396816,0.06790693
dss_trimmed_mean,adaptive_evasion,11,8,2,3,0.2,1.0,1,0.07253285,0.011424281
dss_trimmed_mean,adaptive_evasion,12,8,2,3,0.2,1.0,1,0.16097,0.06972992
dss_trimmed_mean,adaptive_evasion,13,8,2,3,0.2,1.0,1,0.17308418,0.055536505
dss_trimmed_mean,adaptive_evasion,14,8,2,3,0.2,1.0,1,0.28526184,0.069809124
dss_trimmed_mean,adaptive_evasion,15,8,2,3,0.2,1.0,1,0.16237974,0.030929567
dss_trimmed_mean,adaptive_evasion,16,8,2,3,0.2,1.0,1,0.2814887,0.16003071
dss_trimmed_mean,adaptive_evasion,17,8,2,3,0.2,1.0,1,0.094025895,0.03826592
dss_trimmed_mean,adaptive_evasion,18,8,2,3,0.2,1.0,1,0.30515605,0.09261144
dss_trimmed_mean,adaptive_evasion,19,8,2,3,0.2,1.0,1,0.22349176,0.051969655
dss_trimmed_mean,adaptive_evasion,0,8,2,3,0.2,1.0,1001,0.13582318,0.001600358
dss_trimmed_mean,adaptive_evasion,1,8,2,3,0.2,1.0,1001,0.30453843,0.0073260562
dss_trimmed_mean,adaptive_evasion,2,8,2,3,0.2,1.0,1001,0.06498134,0.0032623473
dss_trimmed_mean,adaptive_evasion,3,8,2,3,0.2,1.0,1001,0.36348757,0.039973266
dss_trimmed_mean,adaptive_evasion,4,8,2,3,0.2,1.0,1001,0.15780069,0.04287354
dss_trimmed_mean,adaptive_evasion,5,8,2,3,0.2,1.0,1001,0.39588097,0.08311344
dss_trimmed_mean,adaptive_evasion,6,8,2,3,0.2,1.0,1001,0.32170874,0.053068172
dss_trimmed_mean,adaptive_evasion,7,8,2,3,0.2,1.0,1001,0.14959125,0.01962876
dss_trimmed_mean,adaptive_evasion,8,8,2,3,0.2,1.0,1001,0.22198597,0.075390376
dss_trimmed_mean,adaptive_evasion,9,8,2,3,0.2,1.0,1001,0.18803291,0.048464656
dss_trimmed_mean,adaptive_evasion,10,8,2,3,0.2,1.0,1001,0.1500062,0.029988263
dss_trimmed_mean,adaptive_evasion,11,8,2,3,0.2,1.0,1001,0.15446281,0.024328655
dss_trimmed_mean,adaptive_evasion,12,8,2,3,0.2,1.0,1001,0.19445705,0.08423603
dss_trimmed_mean,adaptive_evasion,13,8,2,3,0.2,1.0,1001,0.26008737,0.0834527
dss_trimmed_mean,adaptive_evasion,14,8,2,3,0.2,1.0,1001,0.24798672,0.060687173
dss_trimmed_mean,adaptive_evasion,15,8,2,3,0.2,1.0,1001,0.14701119,0.028002216
dss_trimmed_mean,adaptive_evasion,16,8,2,3,0.2,1.0,1001,0.26364014,0.14988352
dss_trimmed_mean,adaptive_evasion,17,8,2,3,0.2,1.0,1001,0.1278429,0.052028503
dss_trimmed_mean,adaptive_evasion,18,8,2,3,0.2,1.0,1001,0.24862073,0.07545361
dss_trimmed_mean,adaptive_evasion,19,8,2,3,0.2,1.0,1001,0.15672334,0.036443662
dss_trimmed_mean,adaptive_evasion,0,8,2,3,0.2,1.0,2001,0.38922924,0.004586155
dss_trimmed_mean,adaptive_evasion,1,8,2,3,0.2,1.0,2001,0.31704447,0.0076269046
dss_trimmed_mean,adaptive_evasion,2,8,2,3,0.2,1.0,2001,0.21711572,0.0109001575
dss_trimmed_mean,adaptive_evasion,3,8,2,3,0.2,1.0,2001,0.14173494,0.015586802
dss_trimmed_mean,adaptive_evasion,4,8,2,3,0.2,1.0,2001,0.1452055,0.0394515
dss_trimmed_mean,adaptive_evasion,5,8,2,3,0.2,1.0,2001,0.2559174,0.053728715
dss_trimmed_mean,adaptive_evasion,6,8,2,3,0.2,1.0,2001,0.09393532,0.061981227
dss_trimmed_mean,adaptive_evasion,7,8,2,3,0.2,1.0,2001,0.17193085,0.07941145
dss_trimmed_mean,adaptive_evasion,8,8,2,3,0.2,1.0,2001,0.20056193,0.06811439
dss_trimmed_mean,adaptive_evasion,9,8,2,3,0.2,1.0,2001,0.1513169,0.039001264
dss_trimmed_mean,adaptive_evasion,10,8,2,3,0.2,1.0,2001,0.1849391,0.03697182
dss_trimmed_mean,adaptive_evasion,11,8,2,3,0.2,1.0,2001,0.24079327,0.037926126
dss_trimmed_mean,adaptive_evasion,12,8,2,3,0.2,1.0,2001,0.416402,0.052277535
dss_trimmed_mean,adaptive_evasion,13,8,2,3,0.2,1.0,2001,0.277328,0.02799971
dss_trimmed_mean,adaptive_evasion,14,8,2,3,0.2,1.0,2001,0.24003723,0.05874178
dss_trimmed_mean,adaptive_evasion,15,8,2,3,0.2,1.0,2001,0.23474838,0.04471411
dss_trimmed_mean,adaptive_evasion,16,8,2,3,0.2,1.0,2001,0.101250745,0.015233941
dss_trimmed_mean,adaptive_evasion,17,8,2,3,0.2,1.0,2001,0.15909706,0.019117462
dss_trimmed_mean,adaptive_evasion,18,8,2,3,0.2,1.0,2001,0.16376773,0.04970167
dss_trimmed_mean,adaptive_evasion,19,8,2,3,0.2,1.0,2001,0.2695019,0.06266862
dss_trimmed_mean,adaptive_evasion,0,8,2,3,0.2,1.0,3001,0.19474354,0.0022945968
dss_trimmed_mean,adaptive_evasion,1,8,2,3,0.2,1.0,3001,0.22695875,0.0054597794
dss_trimmed_mean,adaptive_evasion,2,8,2,3,0.2,1.0,3001,0.32598847,0.016366046
dss_trimmed_mean,adaptive_evasion,3,8,2,3,0.2,1.0,3001,0.17852144,0.019632267
dss_trimmed_mean,adaptive_evasion,4,8,2,3,0.2,1.0,3001,0.14378119,0.03906452
dss_trimmed_mean,adaptive_evasion,5,8,2,3,0.2,1.0,3001,0.07037779,0.0147755025
dss_trimmed_mean,adaptive_evasion,6,8,2,3,0.2,1.0,3001,0.25053266,0.16530865
dss_trimmed_mean,adaptive_evasion,7,8,2,3,0.2,1.0,3001,0.16180293,0.07473356
dss_trimmed_mean,adaptive_evasion,8,8,2,3,0.2,1.0,3001,0.1289986,0.04381022
dss_trimmed_mean,adaptive_evasion,9,8,2,3,0.2,1.0,3001,0.19678931,0.05072158
dss_trimmed_mean,adaptive_evasion,10,8,2,3,0.2,1.0,3001,0.35667217,0.071303576
dss_trimmed_mean,adaptive_evasion,11,8,2,3,0.2,1.0,3001,0.39452112,0.06213902
dss_trimmed_mean,adaptive_evasion,12,8,2,3,0.2,1.0,3001,0.38907254,0.048846435
dss_trimmed_mean,adaptive_evasion,13,8,2,3,0.2,1.0,3001,0.11393354,0.011503007
dss_trimmed_mean,adaptive_evasion,14,8,2,3,0.2,1.0,3001,0.18098496,0.04429054
dss_trimmed_mean,adaptive_evasion,15,8,2,3,0.2,1.0,3001,0.117964216,0.022469442
dss_trimmed_mean,adaptive_evasion,16,8,2,3,0.2,1.0,3001,0.16997012,0.09663067
dss_trimmed_mean,adaptive_evasion,17,8,2,3,0.2,1.0,3001,0.24245985,0.09867441
dss_trimmed_mean,adaptive_evasion,18,8,2,3,0.2,1.0,3001,0.10665417,0.032368343
dss_trimmed_mean,adaptive_evasion,19,8,2,3,0.2,1.0,3001,0.24277146,0.056452863
dss_trimmed_mean,adaptive_evasion,0,8,2,3,0.2,1.0,4001,0.26768097,0.0031539935
dss_trimmed_mean,adaptive_evasion,1,8,2,3,0.2,1.0,4001,0.1843386,0.0044344976
dss_trimmed_mean,adaptive_evasion,2,8,2,3,0.2,1.0,4001,0.059265014,0.0029753626
dss_trimmed_mean,adaptive_evasion,3,8,2,3,0.2,1.0,4001,0.20691407,0.022754647
dss_trimmed_mean,adaptive_evasion,4,8,2,3,0.2,1.0,4001,0.14933851,0.040574413
dss_trimmed_mean,adaptive_evasion,5,8,2,3,0.2,1.0,4001,0.28791457,0.060446378
dss_trimmed_mean,adaptive_evasion,6,8,2,3,0.2,1.0,4001,0.036257584,0.0059809494
dss_trimmed_mean,adaptive_evasion,7,8,2,3,0.2,1.0,4001,0.09411048,0.043467764
dss_trimmed_mean,adaptive_evasion,8,8,2,3,0.2,1.0,4001,0.3261789,0.11077615
dss_trimmed_mean,adaptive_evasion,9,8,2,3,0.2,1.0,4001,0.24459314,0.063042805
dss_trimmed_mean,adaptive_evasion,10,8,2,3,0.2,1.0,4001,0.17097862,0.03418093
dss_trimmed_mean,adaptive_evasion,11,8,2,3,0.2,1.0,4001,0.10002105,0.015753808
dss_trimmed_mean,adaptive_evasion,12,8,2,3,0.2,1.0,4001,0.3371233,0.14603703
dss_trimmed_mean,adaptive_evasion,13,8,2,3,0.2,1.0,4001,0.17119431,0.054930113
dss_trimmed_mean,adaptive_evasion,14,8,2,3,0.2,1.0,4001,0.04768238,0.011668806
dss_trimmed_mean,adaptive_evasion,15,8,2,3,0.2,1.0,4001,0.18707325,0.035633106
dss_trimmed_mean,adaptive_evasion,16,8,2,3,0.2,1.0,4001,0.10182727,0.057890393
dss_trimmed_mean,adaptive_evasion,17,8,2,3,0.2,1.0,4001,0.15548277,0.06327716
dss_trimmed_mean,adaptive_evasion,18,8,2,3,0.2,1.0,4001,0.23096552,0.07009545
dss_trimmed_mean,adaptive_evasion,19,8,2,3,0.2,1.0,4001,0.18276355,0.04249892
fedavg,scaling,0,8,2,3,0.2,1.0,1,171.47302,0.20004469
fedavg,scaling,1,8,2,3,0.2,1.0,1,171.47302,0.19995108
fedavg,scaling,2,8,2,3,0.2,1.0,1,171.47302,0.20004931
fedavg,scaling,3,8,2,3,0.2,1.0,1,171.47302,0.2001243
fedavg,scaling,4,8,2,3,0.2,1.0,1,171.47302,0.20002964
fedavg,scaling,5,8,2,3,0.2,1.0,1,171.47302,0.20011817
fedavg,scaling,6,8,2,3,0.2,1.0,1,171.47304,0.1999216
fedavg,scaling,7,8,2,3,0.2,1.0,1,171.47304,0.19989626
fedavg,scaling,8,8,2,3,0.2,1.0,1,171.47302,0.20014597
fedavg,scaling,9,8,2,3,0.2,1.0,1,171.47302,0.19994551
fedavg,scaling,10,8,2,3,0.2,1.0,1,171.47304,0.20025937
fedavg,scaling,11,8,2,3,0.2,1.0,1,171.47304,0.19999938
fedavg,scaling,12,8,2,3,0.2,1.0,1,171.47304,0.19992703
fedavg,scaling,13,8,2,3,0.2,1.0,1,171.47304,0.20010953
fedavg,scaling,14,8,2,3,0.2,1.0,1,171.47304,0.20015039
fedavg,scaling,15,8,2,3,0.2,1.0,1,171.47304,0.19993539
fedavg,scaling,16,8,2,3,0.2,1.0,1,171.47302,0.19998573
fedavg,scaling,17,8,2,3,0.2,1.0,1,171.47304,0.20001331
fedavg,scaling,18,8,2,3,0.2,1.0,1,171.47304,0.20007476
fedavg,scaling,19,8,2,3,0.2,1.0,1,171.47302,0.19991955
fedavg,scaling,0,8,2,3,0.2,1.0,1001,171.47304,0.1999437
fedavg,scaling,1,8,2,3,0.2,1.0,1001,171.47302,0.2000864
fedavg,scaling,2,8,2,3,0.2,1.0,1001,171.47302,0.19997184
fedavg,scaling,3,8,2,3,0.2,1.0,1001,171.47302,0.20000046
fedavg,scaling,4,8,2,3,0.2,1.0,1001,171.47302,0.19989151
fedavg,scaling,5,8,2,3,0.2,1.0,1001,171.47302,0.20008439
fedavg,scaling,6,8,2,3,0.2,1.0,1001,171.47302,0.20002651
fedavg,scaling,7,8,2,3,0.2,1.0,1001,171.47302,0.19989595
fedavg,scaling,8,8,2,3,0.2,1.0,1001,171.47304,0.20016795
fedavg,scaling,9,8,2,3,0.2,1.0,1001,171.47302,0.20011811
fedavg,scaling,10,8,2,3,0.2,1.0,1001,171.47304,0.19992597
fedavg,scaling,11,8,2,3,0.2,1.0,1001,171.47302,0.20009272
fedavg,scaling,12,8,2,3,0.2,1.0,1001,171.47304,0.20005976
fedavg,scaling,13,8,2,3,0.2,1.0,1001,171.47302,0.20018281
fedavg,scaling,14,8,2,3,0.2,1.0,1001,171.47302,0.20010018
fedavg,scaling,15,8,2,3,0.2,1.0,1001,171.47304,0.1999139
fedavg,scaling,16,8,2,3,0.2,1.0,1001,171.47302,0.19985665
fedavg,scaling,17,8,2,3,0.2,1.0,1001,171.47304,0.2000326
fedavg,scaling,18,8,2,3,0.2,1.0,1001,171.47302,0.20001131
fedavg,scaling,19,8,2,3,0.2,1.0,1001,171.47304,0.2000332
fedavg,scaling,0,8,2,3,0.2,1.0,2001,171.47304,0.20005864
fedavg,scaling,1,8,2,3,0.2,1.0,2001,171.47302,0.19972196
fedavg,scaling,2,8,2,3,0.2,1.0,2001,171.47302,0.19984142
fedavg,scaling,3,8,2,3,0.2,1.0,2001,171.47302,0.19991975
fedavg,scaling,4,8,2,3,0.2,1.0,2001,171.47302,0.20013541
fedavg,scaling,5,8,2,3,0.2,1.0,2001,171.47302,0.19989806
fedavg,scaling,6,8,2,3,0.2,1.0,2001,171.47302,0.19997425
fedavg,scaling,7,8,2,3,0.2,1.0,2001,171.47304,0.1999779
fedavg,scaling,8,8,2,3,0.2,1.0,2001,171.47302,0.20007382
fedavg,scaling,9,8,2,3,0.2,1.0,2001,171.47302,0.20008174
fedavg,scaling,10,8,2,3,0.2,1.0,2001,171.47302,0.199933
fedavg,scaling,11,8,2,3,0.2,1.0,2001,171.47302,0.19999774
fedavg,scaling,12,8,2,3,0.2,1.0,2001,171.47302,0.20021494
fedavg,scaling,13,8,2,3,0.2,1.0,2001,171.47302,0.20020442
fedavg,scaling,14,8,2,3,0.2,1.0,2001,171.47302,0.19989192
fedavg,scaling,15,8,2,3,0.2,1.0,2001,171.47304,0.2000142
fedavg,scaling,16,8,2,3,0.2,1.0,2001,171.47302,0.19988371
fedavg,scaling,17,8,2,3,0.2,1.0,2001,171.47302,0.2001409
fedavg,scaling,18,8,2,3,0.2,1.0,2001,171.47302,0.200054
fedavg,scaling,19,8,2,3,0.2,1.0,2001,171.47304,0.20015961
fedavg,scaling,0,8,2,3,0.2,1.0,3001,171.47304,0.20000648
fedavg,scaling,1,8,2,3,0.2,1.0,3001,171.47302,0.19996509
fedavg,scaling,2,8,2,3,0.2,1.0,3001,171.47302,0.20021068
fedavg,scaling,3,8,2,3,0.2,1.0,3001,171.47304,0.19988549
fedavg,scaling,4,8,2,3,0.2,1.0,3001,171.47302,0.19995812
fedavg,scaling,5,8,2,3,0.2,1.0,3001,171.47302,0.1999736
fedavg,scaling,6,8,2,3,0.2,1.0,3001,171.47302,0.19995135
fedavg,scaling,7,8,2,3,0.2,1.0,3001,171.47304,0.19992398
fedavg,scaling,8,8,2,3,0.2,1.0,3001,171.47302,0.19995508
fedavg,scaling,9,8,2,3,0.2,1.0,3001,171.47302,0.2000806
fedavg,scaling,10,8,2,3,0.2,1.0,3001,171.47304,0.20012438
fedavg,scaling,11,8,2,3,0.2,1.0,3001,171.47302,0.19980131
fedavg,scaling,12,8,2,3,0.2,1.0,3001,171.47304,0.20012507
fedavg,scaling,13,8,2,3,0.2,1.0,3001,171.47304,0.1999113
fedavg,scaling,14,8,2,3,0.2,1.0,3001,171.47302,0.19995078
fedavg,scaling,15,8,2,3,0.2,1.0,3001,171.47304,0.19994196
fedavg,scaling,16,8,2,3,0.2,1.0,3001,171.47302,0.20007885
fedavg,scaling,17,8,2,3,0.2,1.0,3001,171.47302,0.20022671
fedavg,scaling,18,8,2,3,0.2,1.0,3001,171.47304,0.20005384
fedavg,scaling,19,8,2,3,0.2,1.0,3001,171.47302,0.20011221
fedavg,scaling,0,8,2,3,0.2,1.0,4001,171.47302,0.19995949
fedavg,scaling,1,8,2,3,0.2,1.0,4001,171.47302,0.19997527
fedavg,scaling,2,8,2,3,0.2,1.0,4001,171.47302,0.1999784
fedavg,scaling,3,8,2,3,0.2,1.0,4001,171.47304,0.19999947
fedavg,scaling,4,8,2,3,0.2,1.0,4001,171.47302,0.1999885
fedavg,scaling,5,8,2,3,0.2,1.0,4001,171.47304,0.20010498
fedavg,scaling,6,8,2,3,0.2,1.0,4001,171.47304,0.1999747
fedavg,scaling,7,8,2,3,0.2,1.0,4001,171.47302,0.20006406
fedavg,scaling,8,8,2,3,0.2,1.0,4001,171.47302,0.20008531
fedavg,scaling,9,8,2,3,0.2,1.0,4001,171.47304,0.2000662
fedavg,scaling,10,8,2,3,0.2,1.0,4001,171.47304,0.20000288
fedavg,scaling,11,8,2,3,0.2,1.0,4001,171.47304,0.20003006
fedavg,scaling,12,8,2,3,0.2,1.0,4001,171.47302,0.20001078
fedavg,scaling,13,8,2,3,0.2,1.0,4001,171.47304,0.2001067
fedavg,scaling,14,8,2,3,0.2,1.0,4001,171.47302,0.19996046
fedavg,scaling,15,8,2,3,0.2,1.0,4001,171.47302,0.19996347
fedavg,scaling,16,8,2,3,0.2,1.0,4001,171.47302,0.19998223
fedavg,scaling,17,8,2,3,0.2,1.0,4001,171.47304,0.1999168
fedavg,scaling,18,8,2,3,0.2,1.0,4001,171.47304,0.20009604
fedavg,scaling,19,8,2,3,0.2,1.0,4001,171.47302,0.19997965
dssraw_fedavg,scaling,0,8,2,3,0.2,1.0,1,171.47302,0.20004469
dssraw_fedavg,scaling,1,8,2,3,0.2,1.0,1,171.47302,0.19995108
dssraw_fedavg,scaling,2,8,2,3,0.2,1.0,1,171.47302,0.20004931
dssraw_fedavg,scaling,3,8,2,3,0.2,1.0,1,171.47302,0.2001243
dssraw_fedavg,scaling,4,8,2,3,0.2,1.0,1,171.47302,0.20002964
dssraw_fedavg,scaling,5,8,2,3,0.2,1.0,1,171.47302,0.20011817
dssraw_fedavg,scaling,6,8,2,3,0.2,1.0,1,171.47302,0.19992158
dssraw_fedavg,scaling,7,8,2,3,0.2,1.0,1,171.47302,0.19989625
dssraw_fedavg,scaling,8,8,2,3,0.2,1.0,1,171.47302,0.20014597
dssraw_fedavg,scaling,9,8,2,3,0.2,1.0,1,171.47302,0.19994551
dssraw_fedavg,scaling,10,8,2,3,0.2,1.0,1,171.47302,0.20025936
dssraw_fedavg,scaling,11,8,2,3,0.2,1.0,1,171.47302,0.19999936
dssraw_fedavg,scaling,12,8,2,3,0.2,1.0,1,171.47302,0.19992702
dssraw_fedavg,scaling,13,8,2,3,0.2,1.0,1,171.47302,0.20010951
dssraw_fedavg,scaling,14,8,2,3,0.2,1.0,1,171.47302,0.20015037
dssraw_fedavg,scaling,15,8,2,3,0.2,1.0,1,171.47302,0.19993538
dssraw_fedavg,scaling,16,8,2,3,0.2,1.0,1,171.47302,0.19998573
dssraw_fedavg,scaling,17,8,2,3,0.2,1.0,1,171.47302,0.20001328
dssraw_fedavg,scaling,18,8,2,3,0.2,1.0,1,171.47302,0.20007475
dssraw_fedavg,scaling,19,8,2,3,0.2,1.0,1,171.47302,0.19991955
dssraw_fedavg,scaling,0,8,2,3,0.2,1.0,1001,171.47302,0.19994369
dssraw_fedavg,scaling,1,8,2,3,0.2,1.0,1001,171.47302,0.2000864
dssraw_fedavg,scaling,2,8,2,3,0.2,1.0,1001,171.47302,0.19997184
dssraw_fedavg,scaling,3,8,2,3,0.2,1.0,1001,171.47302,0.20000046
dssraw_fedavg,scaling,4,8,2,3,0.2,1.0,1001,171.47302,0.19989151
dssraw_fedavg,scaling,5,8,2,3,0.2,1.0,1001,171.47302,0.20008439
dssraw_fedavg,scaling,6,8,2,3,0.2,1.0,1001,171.47302,0.20002651
dssraw_fedavg,scaling,7,8,2,3,0.2,1.0,1001,171.47302,0.19989595
dssraw_fedavg,scaling,8,8,2,3,0.2,1.0,1001,171.47302,0.20016794
dssraw_fedavg,scaling,9,8,2,3,0.2,1.0,1001,171.47302,0.20011811
dssraw_fedavg,scaling,10,8,2,3,0.2,1.0,1001,171.47302,0.19992596
dssraw_fedavg,scaling,11,8,2,3,0.2,1.0,1001,171.47302,0.20009272
dssraw_fedavg,scaling,12,8,2,3,0.2,1.0,1001,171.47302,0.20005974
dssraw_fedavg,scaling,13,8,2,3,0.2,1.0,1001,171.47302,0.20018281
dssraw_fedavg,scaling,14,8,2,3,0.2,1.0,1001,171.47302,0.20010018
dssraw_fedavg,scaling,15,8,2,3,0.2,1.0,1001,171.47302,0.19991389
dssraw_fedavg,scaling,16,8,2,3,0.2,1.0,1001,171.47302,0.19985665
dssraw_fedavg,scaling,17,8,2,3,0.2,1.0,1001,171.47302,0.20003258
dssraw_fedavg,scaling,18,8,2,3,0.2,1.0,1001,171.47302,0.20001131
dssraw_fedavg,scaling,19,8,2,3,0.2,1.0,1001,171.47302,0.20003317
dssraw_fedavg,scaling,0,8,2,3,0.2,1.0,2001,171.47302,0.20005862
dssraw_fedavg,scaling,1,8,2,3,0.2,1.0,2001,171.47302,0.19972196
dssraw_fedavg,scaling,2,8,2,3,0.2,1.0,2001,171.47302,0.19984142
dssraw_fedavg,scaling,3,8,2,3,0.2,1.0,2001,171.47302,0.19991975
dssraw_fedavg,scaling,4,8,2,3,0.2,1.0,2001,171.47302,0.20013541
dssraw_fedavg,scaling,5,8,2,3,0.2,1.0,2001,171.47302,0.19989806
dssraw_fedavg,scaling,6,8,2,3,0.2,1.0,2001,171.47302,0.19997425
dssraw_fedavg,scaling,7,8,2,3,0.2,1.0,2001,171.47302,0.19997789
dssraw_fedavg,scaling,8,8,2,3,0.2,1.0,2001,171.47302,0.20007382
dssraw_fedavg,scaling,9,8,2,3,0.2,1.0,2001,171.47302,0.20008174
dssraw_fedavg,scaling,10,8,2,3,0.2,1.0,2001,171.47302,0.199933
dssraw_fedavg,scaling,11,8,2,3,0.2,1.0,2001,171.47302,0.19999774
dssraw_fedavg,scaling,12,8,2,3,0.2,1.0,2001,171.47302,0.20021494
dssraw_fedavg,scaling,13,8,2,3,0.2,1.0,2001,171.47302,0.20020442
dssraw_fedavg,scaling,14,8,2,3,0.2,1.0,2001,171.47302,0.19989192
dssraw_fedavg,scaling,15,8,2,3,0.2,1.0,2001,171.47302,0.20001419
dssraw_fedavg,scaling,16,8,2,3,0.2,1.0,2001,171.47302,0.19988371
dssraw_fedavg,scaling,17,8,2,3,0.2,1.0,2001,171.47302,0.2001409
dssraw_fedavg,scaling,18,8,2,3,0.2,1.0,2001,171.47302,0.200054
dssraw_fedavg,scaling,19,8,2,3,0.2,1.0,2001,171.47302,0.2001596
dssraw_fedavg,scaling,0,8,2,3,0.2,1.0,3001,171.47302,0.20000647
dssraw_fedavg,scaling,1,8,2,3,0.2,1.0,3001,171.47302,0.19996509
dssraw_fedavg,scaling,2,8,2,3,0.2,1.0,3001,171.47302,0.20021068
dssraw_fedavg,scaling,3,8,2,3,0.2,1.0,3001,171.47302,0.19988547
dssraw_fedavg,scaling,4,8,2,3,0.2,1.0,3001,171.47302,0.19995812
dssraw_fedavg,scaling,5,8,2,3,0.2,1.0,3001,171.47302,0.1999736
dssraw_fedavg,scaling,6,8,2,3,0.2,1.0,3001,171.47302,0.19995135
dssraw_fedavg,scaling,7,8,2,3,0.2,1.0,3001,171.47302,0.19992396
dssraw_fedavg,scaling,8,8,2,3,0.2,1.0,3001,171.47302,0.19995508
dssraw_fedavg,scaling,9,8,2,3,0.2,1.0,3001,171.47302,0.2000806
dssraw_fedavg,scaling,10,8,2,3,0.2,1.0,3001,171.47302,0.20012435
dssraw_fedavg,scaling,11,8,2,3,0.2,1.0,3001,171.47302,0.19980131
dssraw_fedavg,scaling,12,8,2,3,0.2,1.0,3001,171.47302,0.20012505
dssraw_fedavg,scaling,13,8,2,3,0.2,1.0,3001,171.47302,0.19991128
dssraw_fedavg,scaling,14,8,2,3,0.2,1.0,3001,171.47302,0.19995078
dssraw_fedavg,scaling,15,8,2,3,0.2,1.0,3001,171.47302,0.19994195
dssraw_fedavg,scaling,16,8,2,3,0.2,1.0,3001,171.47302,0.20007885
dssraw_fedavg,scaling,17,8,2,3,0.2,1.0,3001,171.47302,0.20022671
dssraw_fedavg,scaling,18,8,2,3,0.2,1.0,3001,171.47302,0.20005383
dssraw_fedavg,scaling,19,8,2,3,0.2,1.0,3001,171.47302,0.20011221
dssraw_fedavg,scaling,0,8,2,3,0.2,1.0,4001,171.47302,0.19995949
dssraw_fedavg,scaling,1,8,2,3,0.2,1.0,4001,171.47302,0.19997527
dssraw_fedavg,scaling,2,8,2,3,0.2,1.0,4001,171.47302,0.1999784
dssraw_fedavg,scaling,3,8,2,3,0.2,1.0,4001,171.47302,0.19999945
dssraw_fedavg,scaling,4,8,2,3,0.2,1.0,4001,171.47302,0.1999885
dssraw_fedavg,scaling,5,8,2,3,0.2,1.0,4001,171.47302,0.20010497
dssraw_fedavg,scaling,6,8,2,3,0.2,1.0,4001,171.47302,0.19997469
dssraw_fedavg,scaling,7,8,2,3,0.2,1.0,4001,171.47302,0.20006406
dssraw_fedavg,scaling,8,8,2,3,0.2,1.0,4001,171.47302,0.20008531
dssraw_fedavg,scaling,9,8,2,3,0.2,1.0,4001,171.47302,0.20006616
dssraw_fedavg,scaling,10,8,2,3,0.2,1.0,4001,171.47302,0.20000286
dssraw_fedavg,scaling,11,8,2,3,0.2,1.0,4001,171.47302,0.20003004
dssraw_fedavg,scaling,12,8,2,3,0.2,1.0,4001,171.47302,0.20001078
dssraw_fedavg,scaling,13,8,2,3,0.2,1.0,4001,171.47302,0.20010668
dssraw_fedavg,scaling,14,8,2,3,0.2,1.0,4001,171.47302,0.19996046
dssraw_fedavg,scaling,15,8,2,3,0.2,1.0,4001,171.47302,0.19996347
dssraw_fedavg,scaling,16,8,2,3,0.2,1.0,4001,171.47302,0.19998223
dssraw_fedavg,scaling,17,8,2,3,0.2,1.0,4001,171.47302,0.19991677
dssraw_fedavg,scaling,18,8,2,3,0.2,1.0,4001,171.47302,0.20009603
dssraw_fedavg,scaling,19,8,2,3,0.2,1.0,4001,171.47302,0.19997965
dss_fedavg,scaling,0,8,2,3,0.2,1.0,1,171.47302,0.20004469
dss_fedavg,scaling,1,8,2,3,0.2,1.0,1,171.47302,0.19995108
dss_fedavg,scaling,2,8,2,3,0.2,1.0,1,171.47302,0.20004931
dss_fedavg,scaling,3,8,2,3,0.2,1.0,1,171.47302,0.2001243
dss_fedavg,scaling,4,8,2,3,0.2,1.0,1,171.47302,0.20002964
dss_fedavg,scaling,5,8,2,3,0.2,1.0,1,171.47302,0.20011817
dss_fedavg,scaling,6,8,2,3,0.2,1.0,1,171.47304,0.1999216
dss_fedavg,scaling,7,8,2,3,0.2,1.0,1,171.47304,0.19989626
dss_fedavg,scaling,8,8,2,3,0.2,1.0,1,171.47302,0.20014597
dss_fedavg,scaling,9,8,2,3,0.2,1.0,1,171.47302,0.19994551
dss_fedavg,scaling,10,8,2,3,0.2,1.0,1,171.47304,0.20025937
dss_fedavg,scaling,11,8,2,3,0.2,1.0,1,171.47304,0.19999938
dss_fedavg,scaling,12,8,2,3,0.2,1.0,1,171.47304,0.19992703
dss_fedavg,scaling,13,8,2,3,0.2,1.0,1,171.47304,0.20010953
dss_fedavg,scaling,14,8,2,3,0.2,1.0,1,171.47304,0.20015039
dss_fedavg,scaling,15,8,2,3,0.2,1.0,1,171.47304,0.19993539
dss_fedavg,scaling,16,8,2,3,0.2,1.0,1,171.47302,0.19998573
dss_fedavg,scaling,17,8,2,3,0.2,1.0,1,171.47304,0.20001331
dss_fedavg,scaling,18,8,2,3,0.2,1.0,1,171.47304,0.20007476
dss_fedavg,scaling,19,8,2,3,0.2,1.0,1,171.47302,0.19991955
dss_fedavg,scaling,0,8,2,3,0.2,1.0,1001,171.47304,0.1999437
dss_fedavg,scaling,1,8,2,3,0.2,1.0,1001,171.47302,0.2000864
dss_fedavg,scaling,2,8,2,3,0.2,1.0,1001,171.47302,0.19997184
dss_fedavg,scaling,3,8,2,3,0.2,1.0,1001,171.47302,0.20000046
dss_fedavg,scaling,4,8,2,3,0.2,1.0,1001,171.47302,0.19989151
dss_fedavg,scaling,5,8,2,3,0.2,1.0,1001,171.47302,0.20008439
dss_fedavg,scaling,6,8,2,3,0.2,1.0,1001,171.47302,0.20002651
dss_fedavg,scaling,7,8,2,3,0.2,1.0,1001,171.47302,0.19989595
dss_fedavg,scaling,8,8,2,3,0.2,1.0,1001,171.47304,0.20016795
dss_fedavg,scaling,9,8,2,3,0.2,1.0,1001,171.47302,0.20011811
dss_fedavg,scaling,10,8,2,3,0.2,1.0,1001,171.47304,0.19992597
dss_fedavg,scaling,11,8,2,3,0.2,1.0,1001,171.47302,0.20009272
dss_fedavg,scaling,12,8,2,3,0.2,1.0,1001,171.47304,0.20005976
dss_fedavg,scaling,13,8,2,3,0.2,1.0,1001,171.47302,0.20018281
dss_fedavg,scaling,14,8,2,3,0.2,1.0,1001,171.47302,0.20010018
dss_fedavg,scaling,15,8,2,3,0.2,1.0,1001,171.47304,0.1999139
dss_fedavg,scaling,16,8,2,3,0.2,1.0,1001,171.47302,0.19985665
dss_fedavg,scaling,17,8,2,3,0.2,1.0,1001,171.47304,0.2000326
dss_fedavg,scaling,18,8,2,3,0.2,1.0,1001,171.47302,0.20001131
dss_fedavg,scaling,19,8,2,3,0.2,1.0,1001,171.47304,0.2000332
dss_fedavg,scaling,0,8,2,3,0.2,1.0,2001,171.47304,0.20005864
dss_fedavg,scaling,1,8,2,3,0.2,1.0,2001,171.47302,0.19972196
dss_fedavg,scaling,2,8,2,3,0.2,1.0,2001,171.47302,0.19984142
dss_fedavg,scaling,3,8,2,3,0.2,1.0,2001,171.47302,0.19991975
dss_fedavg,scaling,4,8,2,3,0.2,1.0,2001,171.47302,0.20013541
dss_fedavg,scaling,5,8,2,3,0.2,1.0,2001,171.47302,0.19989806
dss_fedavg,scaling,6,8,2,3,0.2,1.0,2001,171.47302,0.19997425
dss_fedavg,scaling,7,8,2,3,0.2,1.0,2001,171.47304,0.1999779
dss_fedavg,scaling,8,8,2,3,0.2,1.0,2001,171.47302,0.20007382
dss_fedavg,scaling,9,8,2,3,0.2,1.0,2001,171.47302,0.20008174
dss_fedavg,scaling,10,8,2,3,0.2,1.0,2001,171.47302,0.199933
dss_fedavg,scaling,11,8,2,3,0.2,1.0,2001,171.47302,0.19999774
dss_fedavg,scaling,12,8,2,3,0.2,1.0,2001,171.47302,0.20021494
dss_fedavg,scaling,13,8,2,3,0.2,1.0,2001,171.47302,0.20020442
dss_fedavg,scaling,14,8,2,3,0.2,1.0,2001,171.47302,0.19989192
dss_fedavg,scaling,15,8,2,3,0.2,1.0,2001,171.47304,0.2000142
dss_fedavg,scaling,16,8,2,3,0.2,1.0,2001,171.47302,0.19988371
dss_fedavg,scaling,17,8,2,3,0.2,1.0,2001,171.47302,0.2001409
dss_fedavg,scaling,18,8,2,3,0.2,1.0,2001,171.47302,0.200054
dss_fedavg,scaling,19,8,2,3,0.2,1.0,2001,171.47304,0.20015961
dss_fedavg,scaling,0,8,2,3,0.2,1.0,3001,171.47304,0.20000648
dss_fedavg,scaling,1,8,2,3,0.2,1.0,3001,171.47302,0.19996509
dss_fedavg,scaling,2,8,2,3,0.2,1.0,3001,171.47302,0.20021068
dss_fedavg,scaling,3,8,2,3,0.2,1.0,3001,171.47304,0.19988549
dss_fedavg,scaling,4,8,2,3,0.2,1.0,3001,171.47302,0.19995812
dss_fedavg,scaling,5,8,2,3,0.2,1.0,3001,171.47302,0.1999736
dss_fedavg,scaling,6,8,2,3,0.2,1.0,3001,171.47302,0.19995135
dss_fedavg,scaling,7,8,2,3,0.2,1.0,3001,171.47304,0.19992398
dss_fedavg,scaling,8,8,2,3,0.2,1.0,3001,171.47302,0.19995508
dss_fedavg,scaling,9,8,2,3,0.2,1.0,3001,171.47302,0.2000806
dss_fedavg,scaling,10,8,2,3,0.2,1.0,3001,171.47304,0.20012438
dss_fedavg,scaling,11,8,2,3,0.2,1.0,3001,171.47302,0.19980131
dss_fedavg,scaling,12,8,2,3,0.2,1.0,3001,171.47304,0.20012507
dss_fedavg,scaling,13,8,2,3,0.2,1.0,3001,171.47304,0.1999113
dss_fedavg,scaling,14,8,2,3,0.2,1.0,3001,171.47302,0.19995078
dss_fedavg,scaling,15,8,2,3,0.2,1.0,3001,171.47304,0.19994196
dss_fedavg,scaling,16,8,2,3,0.2,1.0,3001,171.47302,0.20007885
dss_fedavg,scaling,17,8,2,3,0.2,1.0,3001,171.47302,0.20022671
dss_fedavg,scaling,18,8,2,3,0.2,1.0,3001,171.47304,0.20005384
dss_fedavg,scaling,19,8,2,3,0.2,1.0,3001,171.47302,0.20011221
dss_fedavg,scaling,0,8,2,3,0.2,1.0,4001,171.47302,0.19995949
dss_fedavg,scaling,1,8,2,3,0.2,1.0,4001,171.47302,0.19997527
dss_fedavg,scaling,2,8,2,3,0.2,1.0,4001,171.47302,0.1999784
dss_fedavg,scaling,3,8,2,3,0.2,1.0,4001,171.47304,0.19999947
dss_fedavg,scaling,4,8,2,3,0.2,1.0,4001,171.47302,0.1999885
dss_fedavg,scaling,5,8,2,3,0.2,1.0,4001,171.47304,0.20010498
dss_fedavg,scaling,6,8,2,3,0.2,1.0,4001,171.47304,0.1999747
dss_fedavg,scaling,7,8,2,3,0.2,1.0,4001,171.47302,0.20006406
dss_fedavg,scaling,8,8,2,3,0.2,1.0,4001,171.47302,0.20008531
dss_fedavg,scaling,9,8,2,3,0.2,1.0,4001,171.47304,0.2000662
dss_fedavg,scaling,10,8,2,3,0.2,1.0,4001,171.47304,0.20000288
dss_fedavg,scaling,11,8,2,3,0.2,1.0,4001,171.47304,0.20003006
dss_fedavg,scaling,12,8,2,3,0.2,1.0,4001,171.47302,0.20001078
dss_fedavg,scaling,13,8,2,3,0.2,1.0,4001,171.47304,0.2001067
dss_fedavg,scaling,14,8,2,3,0.2,1.0,4001,171.47302,0.19996046
dss_fedavg,scaling,15,8,2,3,0.2,1.0,4001,171.47302,0.19996347
dss_fedavg,scaling,16,8,2,3,0.2,1.0,4001,171.47302,0.19998223
dss_fedavg,scaling,17,8,2,3,0.2,1.0,4001,171.47304,0.1999168
dss_fedavg,scaling,18,8,2,3,0.2,1.0,4001,171.47304,0.20009604
dss_fedavg,scaling,19,8,2,3,0.2,1.0,4001,171.47302,0.19997965
krum,scaling,0,8,2,3,0.2,1.0,1,0.13920565,0.00016240077
krum,scaling,1,8,2,3,0.2,1.0,1,0.3879176,0.00045234253
krum,scaling,2,8,2,3,0.2,1.0,1,0.20969842,0.00024464505
krum,scaling,3,8,2,3,0.2,1.0,1,0.4022157,0.00046942153
krum,scaling,4,8,2,3,0.2,1.0,1,0.3633399,0.00042384947
krum,scaling,5,8,2,3,0.2,1.0,1,0.37281993,0.00043510075
krum,scaling,6,8,2,3,0.2,1.0,1,0.29438955,0.00034323081
krum,scaling,7,8,2,3,0.2,1.0,1,0.31431276,0.00036641298
krum,scaling,8,8,2,3,0.2,1.0,1,0.2603167,0.00030384568
krum,scaling,9,8,2,3,0.2,1.0,1,0.28637066,0.0003339215
krum,scaling,10,8,2,3,0.2,1.0,1,0.51315945,0.00059930695
krum,scaling,11,8,2,3,0.2,1.0,1,0.34140223,0.00039819808
krum,scaling,12,8,2,3,0.2,1.0,1,0.19943902,0.00023253365
krum,scaling,13,8,2,3,0.2,1.0,1,0.3415129,0.00039854652
krum,scaling,14,8,2,3,0.2,1.0,1,0.2785409,0.00032512442
krum,scaling,15,8,2,3,0.2,1.0,1,0.41518614,0.0004841018
krum,scaling,16,8,2,3,0.2,1.0,1,0.3948724,0.00046053214
krum,scaling,17,8,2,3,0.2,1.0,1,0.23228851,0.00027095102
krum,scaling,18,8,2,3,0.2,1.0,1,0.25847915,0.0003015935
krum,scaling,19,8,2,3,0.2,1.0,1,0.21981928,0.0002562862
krum,scaling,0,8,2,3,0.2,1.0,1001,0.16645326,0.00019409046
krum,scaling,1,8,2,3,0.2,1.0,1001,0.27051345,0.0003156535
krum,scaling,2,8,2,3,0.2,1.0,1001,0.22888859,0.00026692988
krum,scaling,3,8,2,3,0.2,1.0,1001,0.6076259,0.00070871477
krum,scaling,4,8,2,3,0.2,1.0,1001,0.41570494,0.00048460034
krum,scaling,5,8,2,3,0.2,1.0,1001,0.54728705,0.0006386054
krum,scaling,6,8,2,3,0.2,1.0,1001,0.4003571,0.0004670241
krum,scaling,7,8,2,3,0.2,1.0,1001,0.19864288,0.00023156941
krum,scaling,8,8,2,3,0.2,1.0,1001,0.46703863,0.00054519455
krum,scaling,9,8,2,3,0.2,1.0,1001,0.26184466,0.0003055866
krum,scaling,10,8,2,3,0.2,1.0,1001,0.2804325,0.00032696535
krum,scaling,11,8,2,3,0.2,1.0,1001,0.42490202,0.00049582025
krum,scaling,12,8,2,3,0.2,1.0,1001,0.27972367,0.00032635714
krum,scaling,13,8,2,3,0.2,1.0,1001,0.37002152,0.00043197436
krum,scaling,14,8,2,3,0.2,1.0,1001,0.18068449,0.0002108495
krum,scaling,15,8,2,3,0.2,1.0,1001,0.14282694,0.0001665165
krum,scaling,16,8,2,3,0.2,1.0,1001,0.40057808,0.00046688507
krum,scaling,17,8,2,3,0.2,1.0,1001,0.27728048,0.0003234627
krum,scaling,18,8,2,3,0.2,1.0,1001,0.28859493,0.00033662585
krum,scaling,19,8,2,3,0.2,1.0,1001,0.16043086,0.00018715186
krum,scaling,0,8,2,3,0.2,1.0,2001,0.29126975,0.0003398262
krum,scaling,1,8,2,3,0.2,1.0,2001,0.3292758,0.0003835216
krum,scaling,2,8,2,3,0.2,1.0,2001,0.34467104,0.00040169325
krum,scaling,3,8,2,3,0.2,1.0,2001,0.16976169,0.0001979245
krum,scaling,4,8,2,3,0.2,1.0,2001,0.38036036,0.0004439391
krum,scaling,5,8,2,3,0.2,1.0,2001,0.3990603,0.00046521245
krum,scaling,6,8,2,3,0.2,1.0,2001,0.2913096,0.00033972933
krum,scaling,7,8,2,3,0.2,1.0,2001,0.2423743,0.00028266545
krum,scaling,8,8,2,3,0.2,1.0,2001,0.41956717,0.0004895488
krum,scaling,9,8,2,3,0.2,1.0,2001,0.33082277,0.00038601752
krum,scaling,10,8,2,3,0.2,1.0,2001,0.2349113,0.00027390034
krum,scaling,11,8,2,3,0.2,1.0,2001,0.101560086,0.00011845471
krum,scaling,12,8,2,3,0.2,1.0,2001,0.10289896,0.00012014665
krum,scaling,13,8,2,3,0.2,1.0,2001,0.27210334,0.000317696
krum,scaling,14,8,2,3,0.2,1.0,2001,0.34389913,0.00040089487
krum,scaling,15,8,2,3,0.2,1.0,2001,0.21052183,0.00024556255
krum,scaling,16,8,2,3,0.2,1.0,2001,0.266199,0.00031030446
krum,scaling,17,8,2,3,0.2,1.0,2001,0.13482744,0.00015736869
krum,scaling,18,8,2,3,0.2,1.0,2001,0.22355184,0.00026081328
krum,scaling,19,8,2,3,0.2,1.0,2001,0.46310046,0.00054057484
krum,scaling,0,8,2,3,0.2,1.0,3001,0.31443003,0.0003667518
krum,scaling,1,8,2,3,0.2,1.0,3001,0.39238477,0.0004575837
krum,scaling,2,8,2,3,0.2,1.0,3001,0.28589442,0.00033380828
krum,scaling,3,8,2,3,0.2,1.0,3001,0.3875281,0.00045174005
krum,scaling,4,8,2,3,0.2,1.0,3001,0.1783196,0.00020794205
krum,scaling,5,8,2,3,0.2,1.0,3001,0.20347826,0.00023729843
krum,scaling,6,8,2,3,0.2,1.0,3001,0.26395652,0.00030779454
krum,scaling,7,8,2,3,0.2,1.0,3001,0.28944552,0.00033747053
krum,scaling,8,8,2,3,0.2,1.0,3001,0.2579448,0.00030079
krum,scaling,9,8,2,3,0.2,1.0,3001,0.19625004,0.00022899128
krum,scaling,10,8,2,3,0.2,1.0,3001,0.24041775,0.000280589
krum,scaling,11,8,2,3,0.2,1.0,3001,0.75307834,0.000877491
krum,scaling,12,8,2,3,0.2,1.0,3001,0.1466147,0.00017111308
krum,scaling,13,8,2,3,0.2,1.0,3001,0.3064112,0.00035722853
krum,scaling,14,8,2,3,0.2,1.0,3001,0.4802889,0.000560054
krum,scaling,15,8,2,3,0.2,1.0,3001,0.355309,0.00041429943
krum,scaling,16,8,2,3,0.2,1.0,3001,0.3194902,0.00037278884
krum,scaling,17,8,2,3,0.2,1.0,3001,0.3595727,0.00041986816
krum,scaling,18,8,2,3,0.2,1.0,3001,0.08774578,0.00010237108
krum,scaling,19,8,2,3,0.2,1.0,3001,0.32685292,0.00038144345
krum,scaling,0,8,2,3,0.2,1.0,4001,0.44883117,0.00052339456
krum,scaling,1,8,2,3,0.2,1.0,4001,0.0701128,8.176696e-05
krum,scaling,2,8,2,3,0.2,1.0,4001,0.20258364,0.00023626078
krum,scaling,3,8,2,3,0.2,1.0,4001,0.30310154,0.0003535258
krum,scaling,4,8,2,3,0.2,1.0,4001,0.32085848,0.00037421632
krum,scaling,5,8,2,3,0.2,1.0,4001,0.41667515,0.00048625004
krum,scaling,6,8,2,3,0.2,1.0,4001,0.2685083,0.00031313882
krum,scaling,7,8,2,3,0.2,1.0,4001,0.16424228,0.00019162768
krum,scaling,8,8,2,3,0.2,1.0,4001,0.48581445,0.0005668783
krum,scaling,9,8,2,3,0.2,1.0,4001,0.20409724,0.00023813048
krum,scaling,10,8,2,3,0.2,1.0,4001,0.067562744,7.8803896e-05
krum,scaling,11,8,2,3,0.2,1.0,4001,0.20453368,0.0002385966
krum,scaling,12,8,2,3,0.2,1.0,4001,0.28902102,0.00033712195
krum,scaling,13,8,2,3,0.2,1.0,4001,0.21608566,0.00025216903
krum,scaling,14,8,2,3,0.2,1.0,4001,0.31876493,0.0003717225
krum,scaling,15,8,2,3,0.2,1.0,4001,0.34230888,0.00039918392
krum,scaling,16,8,2,3,0.2,1.0,4001,0.14624308,0.00017055754
krum,scaling,17,8,2,3,0.2,1.0,4001,0.35645863,0.0004155876
krum,scaling,18,8,2,3,0.2,1.0,4001,0.48746258,0.00056883186
krum,scaling,19,8,2,3,0.2,1.0,4001,0.11688235,0.00013631351
dssraw_krum,scaling,0,8,2,3,0.2,1.0,1,171.47302,0.20004469
dssraw_krum,scaling,1,8,2,3,0.2,1.0,1,171.47302,0.19995108
dssraw_krum,scaling,2,8,2,3,0.2,1.0,1,171.47302,0.20004931
dssraw_krum,scaling,3,8,2,3,0.2,1.0,1,171.47302,0.2001243
dssraw_krum,scaling,4,8,2,3,0.2,1.0,1,171.47302,0.20002964
dssraw_krum,scaling,5,8,2,3,0.2,1.0,1,171.47302,0.20011817
dssraw_krum,scaling,6,8,2,3,0.2,1.0,1,171.47302,0.19992158
dssraw_krum,scaling,7,8,2,3,0.2,1.0,1,171.47302,0.19989625
dssraw_krum,scaling,8,8,2,3,0.2,1.0,1,171.47302,0.20014597
dssraw_krum,scaling,9,8,2,3,0.2,1.0,1,171.47302,0.19994551
dssraw_krum,scaling,10,8,2,3,0.2,1.0,1,171.47302,0.20025936
dssraw_krum,scaling,11,8,2,3,0.2,1.0,1,171.47302,0.19999936
dssraw_krum,scaling,12,8,2,3,0.2,1.0,1,171.47302,0.19992702
dssraw_krum,scaling,13,8,2,3,0.2,1.0,1,171.47302,0.20010951
dssraw_krum,scaling,14,8,2,3,0.2,1.0,1,171.47302,0.20015037
dssraw_krum,scaling,15,8,2,3,0.2,1.0,1,171.47302,0.19993538
dssraw_krum,scaling,16,8,2,3,0.2,1.0,1,171.47302,0.19998573
dssraw_krum,scaling,17,8,2,3,0.2,1.0,1,171.47302,0.20001328
dssraw_krum,scaling,18,8,2,3,0.2,1.0,1,171.47302,0.20007475
dssraw_krum,scaling,19,8,2,3,0.2,1.0,1,171.47302,0.19991955
dssraw_krum,scaling,0,8,2,3,0.2,1.0,1001,171.47302,0.19994369
dssraw_krum,scaling,1,8,2,3,0.2,1.0,1001,171.47302,0.2000864
dssraw_krum,scaling,2,8,2,3,0.2,1.0,1001,171.47302,0.19997184
dssraw_krum,scaling,3,8,2,3,0.2,1.0,1001,171.47302,0.20000046
dssraw_krum,scaling,4,8,2,3,0.2,1.0,1001,171.47302,0.19989151
dssraw_krum,scaling,5,8,2,3,0.2,1.0,1001,171.47302,0.20008439
dssraw_krum,scaling,6,8,2,3,0.2,1.0,1001,171.47302,0.20002651
dssraw_krum,scaling,7,8,2,3,0.2,1.0,1001,171.47302,0.19989595
dssraw_krum,scaling,8,8,2,3,0.2,1.0,1001,171.47302,0.20016794
dssraw_krum,scaling,9,8,2,3,0.2,1.0,1001,171.47302,0.20011811
dssraw_krum,scaling,10,8,2,3,0.2,1.0,1001,171.47302,0.19992596
dssraw_krum,scaling,11,8,2,3,0.2,1.0,1001,171.47302,0.20009272
dssraw_krum,scaling,12,8,2,3,0.2,1.0,1001,171.47302,0.20005974
dssraw_krum,scaling,13,8,2,3,0.2,1.0,1001,171.47302,0.20018281
dssraw_krum,scaling,14,8,2,3,0.2,1.0,1001,171.47302,0.20010018
dssraw_krum,scaling,15,8,2,3,0.2,1.0,1001,171.47302,0.19991389
dssraw_krum,scaling,16,8,2,3,0.2,1.0,1001,171.47302,0.19985665
dssraw_krum,scaling,17,8,2,3,0.2,1.0,1001,171.47302,0.20003258
dssraw_krum,scaling,18,8,2,3,0.2,1.0,1001,171.47302,0.20001131
dssraw_krum,scaling,19,8,2,3,0.2,1.0,1001,171.47302,0.20003317
dssraw_krum,scaling,0,8,2,3,0.2,1.0,2001,171.47302,0.20005862
dssraw_krum,scaling,1,8,2,3,0.2,1.0,2001,171.47302,0.19972196
dssraw_krum,scaling,2,8,2,3,0.2,1.0,2001,171.47302,0.19984142
dssraw_krum,scaling,3,8,2,3,0.2,1.0,2001,171.47302,0.19991975
dssraw_krum,scaling,4,8,2,3,0.2,1.0,2001,171.47302,0.20013541
dssraw_krum,scaling,5,8,2,3,0.2,1.0,2001,171.47302,0.19989806
dssraw_krum,scaling,6,8,2,3,0.2,1.0,2001,171.47302,0.19997425
dssraw_krum,scaling,7,8,2,3,0.2,1.0,2001,171.47302,0.19997789
dssraw_krum,scaling,8,8,2,3,0.2,1.0,2001,171.47302,0.20007382
dssraw_krum,scaling,9,8,2,3,0.2,1.0,2001,171.47302,0.20008174
dssraw_krum,scaling,10,8,2,3,0.2,1.0,2001,171.47302,0.199933
dssraw_krum,scaling,11,8,2,3,0.2,1.0,2001,171.47302,0.19999774
dssraw_krum,scaling,12,8,2,3,0.2,1.0,2001,171.47302,0.20021494
dssraw_krum,scaling,13,8,2,3,0.2,1.0,2001,171.47302,0.20020442
dssraw_krum,scaling,14,8,2,3,0.2,1.0,2001,171.47302,0.19989192
dssraw_krum,scaling,15,8,2,3,0.2,1.0,2001,171.47302,0.20001419
dssraw_krum,scaling,16,8,2,3,0.2,1.0,2001,171.47302,0.19988371
dssraw_krum,scaling,17,8,2,3,0.2,1.0,2001,171.47302,0.2001409
dssraw_krum,scaling,18,8,2,3,0.2,1.0,2001,171.47302,0.200054
dssraw_krum,scaling,19,8,2,3,0.2,1.0,2001,171.47302,0.2001596
dssraw_krum,scaling,0,8,2,3,0.2,1.0,3001,171.47302,0.20000647
dssraw_krum,scaling,1,8,2,3,0.2,1.0,3001,171.47302,0.19996509
dssraw_krum,scaling,2,8,2,3,0.2,1.0,3001,171.47302,0.20021068
dssraw_krum,scaling,3,8,2,3,0.2,1.0,3001,171.47302,0.19988547
dssraw_krum,scaling,4,8,2,3,0.2,1.0,3001,171.47302,0.19995812
dssraw_krum,scaling,5,8,2,3,0.2,1.0,3001,171.47302,0.1999736
dssraw_krum,scaling,6,8,2,3,0.2,1.0,3001,171.47302,0.19995135
dssraw_krum,scaling,7,8,2,3,0.2,1.0,3001,171.47302,0.19992396
dssraw_krum,scaling,8,8,2,3,0.2,1.0,3001,171.47302,0.19995508
dssraw_krum,scaling,9,8,2,3,0.2,1.0,3001,171.47302,0.2000806
dssraw_krum,scaling,10,8,2,3,0.2,1.0,3001,171.47302,0.20012435
dssraw_krum,scaling,11,8,2,3,0.2,1.0,3001,171.47302,0.19980131
dssraw_krum,scaling,12,8,2,3,0.2,1.0,3001,171.47302,0.20012505
dssraw_krum,scaling,13,8,2,3,0.2,1.0,3001,171.47302,0.19991128
dssraw_krum,scaling,14,8,2,3,0.2,1.0,3001,171.47302,0.19995078
dssraw_krum,scaling,15,8,2,3,0.2,1.0,3001,171.47302,0.19994195
dssraw_krum,scaling,16,8,2,3,0.2,1.0,3001,171.47302,0.20007885
dssraw_krum,scaling,17,8,2,3,0.2,1.0,3001,171.47302,0.20022671
dssraw_krum,scaling,18,8,2,3,0.2,1.0,3001,171.47302,0.20005383
dssraw_krum,scaling,19,8,2,3,0.2,1.0,3001,171.47302,0.20011221
dssraw_krum,scaling,0,8,2,3,0.2,1.0,4001,171.47302,0.19995949
dssraw_krum,scaling,1,8,2,3,0.2,1.0,4001,171.47302,0.19997527
dssraw_krum,scaling,2,8,2,3,0.2,1.0,4001,171.47302,0.1999784
dssraw_krum,scaling,3,8,2,3,0.2,1.0,4001,171.47302,0.19999945
dssraw_krum,scaling,4,8,2,3,0.2,1.0,4001,171.47302,0.1999885
dssraw_krum,scaling,5,8,2,3,0.2,1.0,4001,171.47302,0.20010497
dssraw_krum,scaling,6,8,2,3,0.2,1.0,4001,171.47302,0.19997469
dssraw_krum,scaling,7,8,2,3,0.2,1.0,4001,171.47302,0.20006406
dssraw_krum,scaling,8,8,2,3,0.2,1.0,4001,171.47302,0.20008531
dssraw_krum,scaling,9,8,2,3,0.2,1.0,4001,171.47302,0.20006616
dssraw_krum,scaling,10,8,2,3,0.2,1.0,4001,171.47302,0.20000286
dssraw_krum,scaling,11,8,2,3,0.2,1.0,4001,171.47302,0.20003004
dssraw_krum,scaling,12,8,2,3,0.2,1.0,4001,171.47302,0.20001078
dssraw_krum,scaling,13,8,2,3,0.2,1.0,4001,171.47302,0.20010668
dssraw_krum,scaling,14,8,2,3,0.2,1.0,4001,171.47302,0.19996046
dssraw_krum,scaling,15,8,2,3,0.2,1.0,4001,171.47302,0.19996347
dssraw_krum,scaling,16,8,2,3,0.2,1.0,4001,171.47302,0.19998223
dssraw_krum,scaling,17,8,2,3,0.2,1.0,4001,171.47302,0.19991677
dssraw_krum,scaling,18,8,2,3,0.2,1.0,4001,171.47302,0.20009603
dssraw_krum,scaling,19,8,2,3,0.2,1.0,4001,171.47302,0.19997965
dss_krum,scaling,0,8,2,3,0.2,1.0,1,0.13920565,0.00016240077
dss_krum,scaling,1,8,2,3,0.2,1.0,1,0.3879176,0.00045234253
dss_krum,scaling,2,8,2,3,0.2,1.0,1,0.20969842,0.00024464505
dss_krum,scaling,3,8,2,3,0.2,1.0,1,0.4022157,0.00046942153
dss_krum,scaling,4,8,2,3,0.2,1.0,1,0.3633399,0.00042384947
dss_krum,scaling,5,8,2,3,0.2,1.0,1,0.37281993,0.00043510075
dss_krum,scaling,6,8,2,3,0.2,1.0,1,0.29438955,0.00034323081
dss_krum,scaling,7,8,2,3,0.2,1.0,1,0.31431276,0.00036641298
dss_krum,scaling,8,8,2,3,0.2,1.0,1,0.2603167,0.00030384568
dss_krum,scaling,9,8,2,3,0.2,1.0,1,0.28637066,0.0003339215
dss_krum,scaling,10,8,2,3,0.2,1.0,1,0.51315945,0.00059930695
dss_krum,scaling,11,8,2,3,0.2,1.0,1,0.34140223,0.00039819808
dss_krum,scaling,12,8,2,3,0.2,1.0,1,0.19943902,0.00023253365
dss_krum,scaling,13,8,2,3,0.2,1.0,1,0.3415129,0.00039854652
dss_krum,scaling,14,8,2,3,0.2,1.0,1,0.2785409,0.00032512442
dss_krum,scaling,15,8,2,3,0.2,1.0,1,0.41518614,0.0004841018
dss_krum,scaling,16,8,2,3,0.2,1.0,1,0.3948724,0.00046053214
dss_krum,scaling,17,8,2,3,0.2,1.0,1,0.23228851,0.00027095102
dss_krum,scaling,18,8,2,3,0.2,1.0,1,0.25847915,0.0003015935
dss_krum,scaling,19,8,2,3,0.2,1.0,1,0.21981928,0.0002562862
dss_krum,scaling,0,8,2,3,0.2,1.0,1001,0.16645326,0.00019409046
dss_krum,scaling,1,8,2,3,0.2,1.0,1001,0.27051345,0.0003156535
dss_krum,scaling,2,8,2,3,0.2,1.0,1001,0.22888859,0.00026692988
dss_krum,scaling,3,8,2,3,0.2,1.0,1001,0.6076259,0.00070871477
dss_krum,scaling,4,8,2,3,0.2,1.0,1001,0.41570494,0.00048460034
dss_krum,scaling,5,8,2,3,0.2,1.0,1001,0.54728705,0.0006386054
dss_krum,scaling,6,8,2,3,0.2,1.0,1001,0.4003571,0.0004670241
dss_krum,scaling,7,8,2,3,0.2,1.0,1001,0.19864288,0.00023156941
dss_krum,scaling,8,8,2,3,0.2,1.0,1001,0.46703863,0.00054519455
dss_krum,scaling,9,8,2,3,0.2,1.0,1001,0.26184466,0.0003055866
dss_krum,scaling,10,8,2,3,0.2,1.0,1001,0.2804325,0.00032696535
dss_krum,scaling,11,8,2,3,0.2,1.0,1001,0.42490202,0.00049582025
dss_krum,scaling,12,8,2,3,0.2,1.0,1001,0.27972367,0.00032635714
dss_krum,scaling,13,8,2,3,0.2,1.0,1001,0.37002152,0.00043197436
dss_krum,scaling,14,8,2,3,0.2,1.0,1001,0.18068449,0.0002108495
dss_krum,scaling,15,8,2,3,0.2,1.0,1001,0.14282694,0.0001665165
dss_krum,scaling,16,8,2,3,0.2,1.0,1001,0.40057808,0.00046688507
dss_krum,scaling,17,8,2,3,0.2,1.0,1001,0.27728048,0.0003234627
dss_krum,scaling,18,8,2,3,0.2,1.0,1001,0.28859493,0.00033662585
dss_krum,scaling,19,8,2,3,0.2,1.0,1001,0.16043086,0.00018715186
dss_krum,scaling,0,8,2,3,0.2,1.0,2001,0.29126975,0.0003398262
dss_krum,scaling,1,8,2,3,0.2,1.0,2001,0.3292758,0.0003835216
dss_krum,scaling,2,8,2,3,0.2,1.0,2001,0.34467104,0.00040169325
dss_krum,scaling,3,8,2,3,0.2,1.0,2001,0.16976169,0.0001979245
dss_krum,scaling,4,8,2,3,0.2,1.0,2001,0.38036036,0.0004439391
dss_krum,scaling,5,8,2,3,0.2,1.0,2001,0.3990603,0.00046521245
dss_krum,scaling,6,8,2,3,0.2,1.0,2001,0.2913096,0.00033972933
dss_krum,scaling,7,8,2,3,0.2,1.0,2001,0.2423743,0.00028266545
dss_krum,scaling,8,8,2,3,0.2,1.0,2001,0.41956717,0.0004895488
dss_krum,scaling,9,8,2,3,0.2,1.0,2001,0.33082277,0.00038601752
dss_krum,scaling,10,8,2,3,0.2,1.0,2001,0.2349113,0.00027390034
dss_krum,scaling,11,8,2,3,0.2,1.0,2001,0.101560086,0.00011845471
dss_krum,scaling,12,8,2,3,0.2,1.0,2001,0.10289896,0.00012014665
dss_krum,scaling,13,8,2,3,0.2,1.0,2001,0.27210334,0.000317696
dss_krum,scaling,14,8,2,3,0.2,1.0,2001,0.34389913,0.00040089487
dss_krum,scaling,15,8,2,3,0.2,1.0,2001,0.21052183,0.00024556255
dss_krum,scaling,16,8,2,3,0.2,1.0,2001,0.266199,0.00031030446
dss_krum,scaling,17,8,2,3,0.2,1.0,2001,0.13482744,0.00015736869
dss_krum,scaling,18,8,2,3,0.2,1.0,2001,0.22355184,0.00026081328
dss_krum,scaling,19,8,2,3,0.2,1.0,2001,0.46310046,0.00054057484
dss_krum,scaling,0,8,2,3,0.2,1.0,3001,0.31443003,0.0003667518
dss_krum,scaling,1,8,2,3,0.2,1.0,3001,0.39238477,0.0004575837
dss_krum,scaling,2,8,2,3,0.2,1.0,3001,0.28589442,0.00033380828
dss_krum,scaling,3,8,2,3,0.2,1.0,3001,0.3875281,0.00045174005
dss_krum,scaling,4,8,2,3,0.2,1.0,3001,0.1783196,0.00020794205
dss_krum,scaling,5,8,2,3,0.2,1.0,3001,0.20347826,0.00023729843
dss_krum,scaling,6,8,2,3,0.2,1.0,3001,0.26395652,0.00030779454
dss_krum,scaling,7,8,2,3,0.2,1.0,3001,0.28944552,0.00033747053
dss_krum,scaling,8,8,2,3,0.2,1.0,3001,0.2579448,0.00030079
dss_krum,scaling,9,8,2,3,0.2,1.0,3001,0.19625004,0.00022899128
dss_krum,scaling,10,8,2,3,0.2,1.0,3001,0.24041775,0.000280589
dss_krum,scaling,11,8,2,3,0.2,1.0,3001,0.75307834,0.000877491
dss_krum,scaling,12,8,2,3,0.2,1.0,3001,0.1466147,0.00017111308
dss_krum,scaling,13,8,2,3,0.2,1.0,3001,0.3064112,0.00035722853
dss_krum,scaling,14,8,2,3,0.2,1.0,3001,0.4802889,0.000560054
dss_krum,scaling,15,8,2,3,0.2,1.0,3001,0.355309,0.00041429943
dss_krum,scaling,16,8,2,3,0.2,1.0,3001,0.3194902,0.00037278884
dss_krum,scaling,17,8,2,3,0.2,1.0,3001,0.3595727,0.00041986816
dss_krum,scaling,18,8,2,3,0.2,1.0,3001,0.08774578,0.00010237108
dss_krum,scaling,19,8,2,3,0.2,1.0,3001,0.32685292,0.00038144345
dss_krum,scaling,0,8,2,3,0.2,1.0,4001,0.44883117,0.00052339456
dss_krum,scaling,1,8,2,3,0.2,1.0,4001,0.0701128,8.176696e-05
dss_krum,scaling,2,8,2,3,0.2,1.0,4001,0.20258364,0.00023626078
dss_krum,scaling,3,8,2,3,0.2,1.0,4001,0.30310154,0.0003535258
dss_krum,scaling,4,8,2,3,0.2,1.0,4001,0.32085848,0.00037421632
dss_krum,scaling,5,8,2,3,0.2,1.0,4001,0.41667515,0.00048625004
dss_krum,scaling,6,8,2,3,0.2,1.0,4001,0.2685083,0.00031313882
dss_krum,scaling,7,8,2,3,0.2,1.0,4001,0.16424228,0.00019162768
dss_krum,scaling,8,8,2,3,0.2,1.0,4001,0.48581445,0.0005668783
dss_krum,scaling,9,8,2,3,0.2,1.0,4001,0.20409724,0.00023813048
dss_krum,scaling,10,8,2,3,0.2,1.0,4001,0.067562744,7.8803896e-05
dss_krum,scaling,11,8,2,3,0.2,1.0,4001,0.20453368,0.0002385966
dss_krum,scaling,12,8,2,3,0.2,1.0,4001,0.28902102,0.00033712195
dss_krum,scaling,13,8,2,3,0.2,1.0,4001,0.21608566,0.00025216903
dss_krum,scaling,14,8,2,3,0.2,1.0,4001,0.31876493,0.0003717225
dss_krum,scaling,15,8,2,3,0.2,1.0,4001,0.34230888,0.00039918392
dss_krum,scaling,16,8,2,3,0.2,1.0,4001,0.14624308,0.00017055754
dss_krum,scaling,17,8,2,3,0.2,1.0,4001,0.35645863,0.0004155876
dss_krum,scaling,18,8,2,3,0.2,1.0,4001,0.48746258,0.00056883186
dss_krum,scaling,19,8,2,3,0.2,1.0,4001,0.11688235,0.00013631351
multi_krum,scaling,0,8,2,3,0.2,1.0,1,0.09130984,0.00010652433
multi_krum,scaling,1,8,2,3,0.2,1.0,1,0.16155167,0.000188382
multi_krum,scaling,2,8,2,3,0.2,1.0,1,0.16640949,0.00019414195
multi_krum,scaling,3,8,2,3,0.2,1.0,1,0.23850659,0.00027835844
multi_krum,scaling,4,8,2,3,0.2,1.0,1,0.08631606,0.000100690886
multi_krum,scaling,5,8,2,3,0.2,1.0,1,0.20534198,0.00023964506
multi_krum,scaling,6,8,2,3,0.2,1.0,1,0.091160536,0.0001062847
multi_krum,scaling,7,8,2,3,0.2,1.0,1,0.12923342,0.00015065505
multi_krum,scaling,8,8,2,3,0.2,1.0,1,0.17155503,0.00020024169
multi_krum,scaling,9,8,2,3,0.2,1.0,1,0.19107847,0.00022280637
multi_krum,scaling,10,8,2,3,0.2,1.0,1,0.30065653,0.00035112977
multi_krum,scaling,11,8,2,3,0.2,1.0,1,0.014737415,1.7189139e-05
multi_krum,scaling,12,8,2,3,0.2,1.0,1,0.105662316,0.00012319577
multi_krum,scaling,13,8,2,3,0.2,1.0,1,0.16074833,0.00018759376
multi_krum,scaling,14,8,2,3,0.2,1.0,1,0.28514582,0.00033283394
multi_krum,scaling,15,8,2,3,0.2,1.0,1,0.13542593,0.00015790493
multi_krum,scaling,16,8,2,3,0.2,1.0,1,0.19463722,0.00022700168
multi_krum,scaling,17,8,2,3,0.2,1.0,1,0.12056412,0.00014063102
multi_krum,scaling,18,8,2,3,0.2,1.0,1,0.10319564,0.00012040869
multi_krum,scaling,19,8,2,3,0.2,1.0,1,0.21041752,0.00024532474
multi_krum,scaling,0,8,2,3,0.2,1.0,1001,0.13331048,0.0001554448
multi_krum,scaling,1,8,2,3,0.2,1.0,1001,0.11451197,0.00013362036
multi_krum,scaling,2,8,2,3,0.2,1.0,1001,0.05046344,5.8850466e-05
multi_krum,scaling,3,8,2,3,0.2,1.0,1001,0.34378058,0.0004009743
multi_krum,scaling,4,8,2,3,0.2,1.0,1001,0.15308267,0.0001784533
multi_krum,scaling,5,8,2,3,0.2,1.0,1001,0.37664187,0.000439487
multi_krum,scaling,6,8,2,3,0.2,1.0,1001,0.19811253,0.000231102
multi_krum,scaling,7,8,2,3,0.2,1.0,1001,0.18833597,0.00021955406
multi_krum,scaling,8,8,2,3,0.2,1.0,1001,0.25478095,0.0002974169
multi_krum,scaling,9,8,2,3,0.2,1.0,1001,0.20227963,0.00023607106
multi_krum,scaling,10,8,2,3,0.2,1.0,1001,0.16930111,0.00019739366
multi_krum,scaling,11,8,2,3,0.2,1.0,1001,0.1666822,0.00019450228
multi_krum,scaling,12,8,2,3,0.2,1.0,1001,0.22706729,0.00026492227
multi_krum,scaling,13,8,2,3,0.2,1.0,1001,0.23869063,0.00027865468
multi_krum,scaling,14,8,2,3,0.2,1.0,1001,0.11934321,0.00013926737
multi_krum,scaling,15,8,2,3,0.2,1.0,1001,0.13368867,0.00015586255
multi_krum,scaling,16,8,2,3,0.2,1.0,1001,0.22704922,0.00026463228
multi_krum,scaling,17,8,2,3,0.2,1.0,1001,0.099514395,0.00011608894
multi_krum,scaling,18,8,2,3,0.2,1.0,1001,0.17173456,0.00020031638
multi_krum,scaling,19,8,2,3,0.2,1.0,1001,0.14199027,0.00016563985
multi_krum,scaling,0,8,2,3,0.2,1.0,2001,0.29097116,0.00033947782
multi_krum,scaling,1,8,2,3,0.2,1.0,2001,0.34145078,0.00039770233
multi_krum,scaling,2,8,2,3,0.2,1.0,2001,0.21334082,0.00024863583
multi_krum,scaling,3,8,2,3,0.2,1.0,2001,0.1739292,0.0002027834
multi_krum,scaling,4,8,2,3,0.2,1.0,2001,0.18159948,0.00021195454
multi_krum,scaling,5,8,2,3,0.2,1.0,2001,0.21369864,0.0002491234
multi_krum,scaling,6,8,2,3,0.2,1.0,2001,0.09514481,0.00011095921
multi_krum,scaling,7,8,2,3,0.2,1.0,2001,0.03486664,4.0662704e-05
multi_krum,scaling,8,8,2,3,0.2,1.0,2001,0.19313756,0.00022535189
multi_krum,scaling,9,8,2,3,0.2,1.0,2001,0.14237557,0.00016612964
multi_krum,scaling,10,8,2,3,0.2,1.0,2001,0.17137504,0.00019981875
multi_krum,scaling,11,8,2,3,0.2,1.0,2001,0.17588313,0.00020514146
multi_krum,scaling,12,8,2,3,0.2,1.0,2001,0.23511872,0.00027452878
multi_krum,scaling,13,8,2,3,0.2,1.0,2001,0.27402654,0.00031994144
multi_krum,scaling,14,8,2,3,0.2,1.0,2001,0.2548344,0.0002970691
multi_krum,scaling,15,8,2,3,0.2,1.0,2001,0.14029968,0.00016365213
multi_krum,scaling,16,8,2,3,0.2,1.0,2001,0.13125697,0.00015300442
multi_krum,scaling,17,8,2,3,0.2,1.0,2001,0.153924,0.00017965793
multi_krum,scaling,18,8,2,3,0.2,1.0,2001,0.13531749,0.0001578721
multi_krum,scaling,19,8,2,3,0.2,1.0,2001,0.24131583,0.00028168675
multi_krum,scaling,0,8,2,3,0.2,1.0,3001,0.13815947,0.00016114947
multi_krum,scaling,1,8,2,3,0.2,1.0,3001,0.22956407,0.0002677086
multi_krum,scaling,2,8,2,3,0.2,1.0,3001,0.30266336,0.00035338756
multi_krum,scaling,3,8,2,3,0.2,1.0,3001,0.16175407,0.00018855612
multi_krum,scaling,4,8,2,3,0.2,1.0,3001,0.1371996,0.00015999119
multi_krum,scaling,5,8,2,3,0.2,1.0,3001,0.08722355,0.000101721
multi_krum,scaling,6,8,2,3,0.2,1.0,3001,0.23414339,0.00027303005
multi_krum,scaling,7,8,2,3,0.2,1.0,3001,0.16183282,0.00018868425
multi_krum,scaling,8,8,2,3,0.2,1.0,3001,0.098083295,0.00011437515
multi_krum,scaling,9,8,2,3,0.2,1.0,3001,0.17345354,0.00020239154
multi_krum,scaling,10,8,2,3,0.2,1.0,3001,0.13487487,0.00015741104
multi_krum,scaling,11,8,2,3,0.2,1.0,3001,0.43272933,0.0005042186
multi_krum,scaling,12,8,2,3,0.2,1.0,3001,0.22118776,0.0002581468
multi_krum,scaling,13,8,2,3,0.2,1.0,3001,0.10767205,0.00012552911
multi_krum,scaling,14,8,2,3,0.2,1.0,3001,0.13815124,0.00016109503
multi_krum,scaling,15,8,2,3,0.2,1.0,3001,0.06708015,7.821717e-05
multi_krum,scaling,16,8,2,3,0.2,1.0,3001,0.15590908,0.00018191847
multi_krum,scaling,17,8,2,3,0.2,1.0,3001,0.24400753,0.00028492426
multi_krum,scaling,18,8,2,3,0.2,1.0,3001,0.10876588,0.00012689477
multi_krum,scaling,19,8,2,3,0.2,1.0,3001,0.21983077,0.0002565466
multi_krum,scaling,0,8,2,3,0.2,1.0,4001,0.20224643,0.00023584522
multi_krum,scaling,1,8,2,3,0.2,1.0,4001,0.16083111,0.00018756445
multi_krum,scaling,2,8,2,3,0.2,1.0,4001,0.049382646,5.759193e-05
multi_krum,scaling,3,8,2,3,0.2,1.0,4001,0.2100872,0.00024503752
multi_krum,scaling,4,8,2,3,0.2,1.0,4001,0.1805922,0.00021062416
multi_krum,scaling,5,8,2,3,0.2,1.0,4001,0.2590583,0.0003023149
multi_krum,scaling,6,8,2,3,0.2,1.0,4001,0.052704,6.146428e-05
multi_krum,scaling,7,8,2,3,0.2,1.0,4001,0.09778985,0.00011409511
multi_krum,scaling,8,8,2,3,0.2,1.0,4001,0.31222102,0.00036431875
multi_krum,scaling,9,8,2,3,0.2,1.0,4001,0.082312964,9.603866e-05
multi_krum,scaling,10,8,2,3,0.2,1.0,4001,0.18491596,0.00021568245
multi_krum,scaling,11,8,2,3,0.2,1.0,4001,0.15050846,0.00017557407
multi_krum,scaling,12,8,2,3,0.2,1.0,4001,0.27828765,0.00032460224
multi_krum,scaling,13,8,2,3,0.2,1.0,4001,0.16988316,0.00019825133
multi_krum,scaling,14,8,2,3,0.2,1.0,4001,0.07504213,8.750915e-05
multi_krum,scaling,15,8,2,3,0.2,1.0,4001,0.124666005,0.00014537941
multi_krum,scaling,16,8,2,3,0.2,1.0,4001,0.09679694,0.000112890455
multi_krum,scaling,17,8,2,3,0.2,1.0,4001,0.1423877,0.00016600681
multi_krum,scaling,18,8,2,3,0.2,1.0,4001,0.20953552,0.00024451208
multi_krum,scaling,19,8,2,3,0.2,1.0,4001,0.03174618,3.7023838e-05
dssraw_multi_krum,scaling,0,8,2,3,0.2,1.0,1,171.47302,0.20004469
dssraw_multi_krum,scaling,1,8,2,3,0.2,1.0,1,171.47302,0.19995108
dssraw_multi_krum,scaling,2,8,2,3,0.2,1.0,1,171.47302,0.20004931
dssraw_multi_krum,scaling,3,8,2,3,0.2,1.0,1,171.47302,0.2001243
dssraw_multi_krum,scaling,4,8,2,3,0.2,1.0,1,171.47302,0.20002964
dssraw_multi_krum,scaling,5,8,2,3,0.2,1.0,1,171.47302,0.20011817
dssraw_multi_krum,scaling,6,8,2,3,0.2,1.0,1,171.47302,0.19992158
dssraw_multi_krum,scaling,7,8,2,3,0.2,1.0,1,171.47302,0.19989625
dssraw_multi_krum,scaling,8,8,2,3,0.2,1.0,1,171.47302,0.20014597
dssraw_multi_krum,scaling,9,8,2,3,0.2,1.0,1,171.47302,0.19994551
dssraw_multi_krum,scaling,10,8,2,3,0.2,1.0,1,171.47302,0.20025936
dssraw_multi_krum,scaling,11,8,2,3,0.2,1.0,1,171.47302,0.19999936
dssraw_multi_krum,scaling,12,8,2,3,0.2,1.0,1,171.47302,0.19992702
dssraw_multi_krum,scaling,13,8,2,3,0.2,1.0,1,171.47302,0.20010951
dssraw_multi_krum,scaling,14,8,2,3,0.2,1.0,1,171.47302,0.20015037
dssraw_multi_krum,scaling,15,8,2,3,0.2,1.0,1,171.47302,0.19993538
dssraw_multi_krum,scaling,16,8,2,3,0.2,1.0,1,171.47302,0.19998573
dssraw_multi_krum,scaling,17,8,2,3,0.2,1.0,1,171.47302,0.20001328
dssraw_multi_krum,scaling,18,8,2,3,0.2,1.0,1,171.47302,0.20007475
dssraw_multi_krum,scaling,19,8,2,3,0.2,1.0,1,171.47302,0.19991955
dssraw_multi_krum,scaling,0,8,2,3,0.2,1.0,1001,171.47302,0.19994369
dssraw_multi_krum,scaling,1,8,2,3,0.2,1.0,1001,171.47302,0.2000864
dssraw_multi_krum,scaling,2,8,2,3,0.2,1.0,1001,171.47302,0.19997184
dssraw_multi_krum,scaling,3,8,2,3,0.2,1.0,1001,171.47302,0.20000046
dssraw_multi_krum,scaling,4,8,2,3,0.2,1.0,1001,171.47302,0.19989151
dssraw_multi_krum,scaling,5,8,2,3,0.2,1.0,1001,171.47302,0.20008439
dssraw_multi_krum,scaling,6,8,2,3,0.2,1.0,1001,171.47302,0.20002651
dssraw_multi_krum,scaling,7,8,2,3,0.2,1.0,1001,171.47302,0.19989595
dssraw_multi_krum,scaling,8,8,2,3,0.2,1.0,1001,171.47302,0.20016794
dssraw_multi_krum,scaling,9,8,2,3,0.2,1.0,1001,171.47302,0.20011811
dssraw_multi_krum,scaling,10,8,2,3,0.2,1.0,1001,171.47302,0.19992596
dssraw_multi_krum,scaling,11,8,2,3,0.2,1.0,1001,171.47302,0.20009272
dssraw_multi_krum,scaling,12,8,2,3,0.2,1.0,1001,171.47302,0.20005974
dssraw_multi_krum,scaling,13,8,2,3,0.2,1.0,1001,171.47302,0.20018281
dssraw_multi_krum,scaling,14,8,2,3,0.2,1.0,1001,171.47302,0.20010018
dssraw_multi_krum,scaling,15,8,2,3,0.2,1.0,1001,171.47302,0.19991389
dssraw_multi_krum,scaling,16,8,2,3,0.2,1.0,1001,171.47302,0.19985665
dssraw_multi_krum,scaling,17,8,2,3,0.2,1.0,1001,171.47302,0.20003258
dssraw_multi_krum,scaling,18,8,2,3,0.2,1.0,1001,171.47302,0.20001131
dssraw_multi_krum,scaling,19,8,2,3,0.2,1.0,1001,171.47302,0.20003317
dssraw_multi_krum,scaling,0,8,2,3,0.2,1.0,2001,171.47302,0.20005862
dssraw_multi_krum,scaling,1,8,2,3,0.2,1.0,2001,171.47302,0.19972196
dssraw_multi_krum,scaling,2,8,2,3,0.2,1.0,2001,171.47302,0.19984142
dssraw_multi_krum,scaling,3,8,2,3,0.2,1.0,2001,171.47302,0.19991975
dssraw_multi_krum,scaling,4,8,2,3,0.2,1.0,2001,171.47302,0.20013541
dssraw_multi_krum,scaling,5,8,2,3,0.2,1.0,2001,171.47302,0.19989806
dssraw_multi_krum,scaling,6,8,2,3,0.2,1.0,2001,171.47302,0.19997425
dssraw_multi_krum,scaling,7,8,2,3,0.2,1.0,2001,171.47302,0.19997789
dssraw_multi_krum,scaling,8,8,2,3,0.2,1.0,2001,171.47302,0.20007382
dssraw_multi_krum,scaling,9,8,2,3,0.2,1.0,2001,171.47302,0.20008174
dssraw_multi_krum,scaling,10,8,2,3,0.2,1.0,2001,171.47302,0.199933
dssraw_multi_krum,scaling,11,8,2,3,0.2,1.0,2001,171.47302,0.19999774
dssraw_multi_krum,scaling,12,8,2,3,0.2,1.0,2001,171.47302,0.20021494
dssraw_multi_krum,scaling,13,8,2,3,0.2,1.0,2001,171.47302,0.20020442
dssraw_multi_krum,scaling,14,8,2,3,0.2,1.0,2001,171.47302,0.19989192
dssraw_multi_krum,scaling,15,8,2,3,0.2,1.0,2001,171.47302,0.20001419
dssraw_multi_krum,scaling,16,8,2,3,0.2,1.0,2001,171.47302,0.19988371
dssraw_multi_krum,scaling,17,8,2,3,0.2,1.0,2001,171.47302,0.2001409
dssraw_multi_krum,scaling,18,8,2,3,0.2,1.0,2001,171.47302,0.200054
dssraw_multi_krum,scaling,19,8,2,3,0.2,1.0,2001,171.47302,0.2001596
dssraw_multi_krum,scaling,0,8,2,3,0.2,1.0,3001,171.47302,0.20000647
dssraw_multi_krum,scaling,1,8,2,3,0.2,1.0,3001,171.47302,0.19996509
dssraw_multi_krum,scaling,2,8,2,3,0.2,1.0,3001,171.47302,0.20021068
dssraw_multi_krum,scaling,3,8,2,3,0.2,1.0,3001,171.47302,0.19988547
dssraw_multi_krum,scaling,4,8,2,3,0.2,1.0,3001,171.47302,0.19995812
dssraw_multi_krum,scaling,5,8,2,3,0.2,1.0,3001,171.47302,0.1999736
dssraw_multi_krum,scaling,6,8,2,3,0.2,1.0,3001,171.47302,0.19995135
dssraw_multi_krum,scaling,7,8,2,3,0.2,1.0,3001,171.47302,0.19992396
dssraw_multi_krum,scaling,8,8,2,3,0.2,1.0,3001,171.47302,0.19995508
dssraw_multi_krum,scaling,9,8,2,3,0.2,1.0,3001,171.47302,0.2000806
dssraw_multi_krum,scaling,10,8,2,3,0.2,1.0,3001,171.47302,0.20012435
dssraw_multi_krum,scaling,11,8,2,3,0.2,1.0,3001,171.47302,0.19980131
dssraw_multi_krum,scaling,12,8,2,3,0.2,1.0,3001,171.47302,0.20012505
dssraw_multi_krum,scaling,13,8,2,3,0.2,1.0,3001,171.47302,0.19991128
dssraw_multi_krum,scaling,14,8,2,3,0.2,1.0,3001,171.47302,0.19995078
dssraw_multi_krum,scaling,15,8,2,3,0.2,1.0,3001,171.47302,0.19994195
dssraw_multi_krum,scaling,16,8,2,3,0.2,1.0,3001,171.47302,0.20007885
dssraw_multi_krum,scaling,17,8,2,3,0.2,1.0,3001,171.47302,0.20022671
dssraw_multi_krum,scaling,18,8,2,3,0.2,1.0,3001,171.47302,0.20005383
dssraw_multi_krum,scaling,19,8,2,3,0.2,1.0,3001,171.47302,0.20011221
dssraw_multi_krum,scaling,0,8,2,3,0.2,1.0,4001,171.47302,0.19995949
dssraw_multi_krum,scaling,1,8,2,3,0.2,1.0,4001,171.47302,0.19997527
dssraw_multi_krum,scaling,2,8,2,3,0.2,1.0,4001,171.47302,0.1999784
dssraw_multi_krum,scaling,3,8,2,3,0.2,1.0,4001,171.47302,0.19999945
dssraw_multi_krum,scaling,4,8,2,3,0.2,1.0,4001,171.47302,0.1999885
dssraw_multi_krum,scaling,5,8,2,3,0.2,1.0,4001,171.47302,0.20010497
dssraw_multi_krum,scaling,6,8,2,3,0.2,1.0,4001,171.47302,0.19997469
dssraw_multi_krum,scaling,7,8,2,3,0.2,1.0,4001,171.47302,0.20006406
dssraw_multi_krum,scaling,8,8,2,3,0.2,1.0,4001,171.47302,0.20008531
dssraw_multi_krum,scaling,9,8,2,3,0.2,1.0,4001,171.47302,0.20006616
dssraw_multi_krum,scaling,10,8,2,3,0.2,1.0,4001,171.47302,0.20000286
dssraw_multi_krum,scaling,11,8,2,3,0.2,1.0,4001,171.47302,0.20003004
dssraw_multi_krum,scaling,12,8,2,3,0.2,1.0,4001,171.47302,0.20001078
dssraw_multi_krum,scaling,13,8,2,3,0.2,1.0,4001,171.47302,0.20010668
dssraw_multi_krum,scaling,14,8,2,3,0.2,1.0,4001,171.47302,0.19996046
dssraw_multi_krum,scaling,15,8,2,3,0.2,1.0,4001,171.47302,0.19996347
dssraw_multi_krum,scaling,16,8,2,3,0.2,1.0,4001,171.47302,0.19998223
dssraw_multi_krum,scaling,17,8,2,3,0.2,1.0,4001,171.47302,0.19991677
dssraw_multi_krum,scaling,18,8,2,3,0.2,1.0,4001,171.47302,0.20009603
dssraw_multi_krum,scaling,19,8,2,3,0.2,1.0,4001,171.47302,0.19997965
dss_multi_krum,scaling,0,8,2,3,0.2,1.0,1,0.09130984,0.00010652433
dss_multi_krum,scaling,1,8,2,3,0.2,1.0,1,0.16155167,0.000188382
dss_multi_krum,scaling,2,8,2,3,0.2,1.0,1,0.16640949,0.00019414195
dss_multi_krum,scaling,3,8,2,3,0.2,1.0,1,0.23850659,0.00027835844
dss_multi_krum,scaling,4,8,2,3,0.2,1.0,1,0.08631606,0.000100690886
dss_multi_krum,scaling,5,8,2,3,0.2,1.0,1,0.20534198,0.00023964506
dss_multi_krum,scaling,6,8,2,3,0.2,1.0,1,0.091160536,0.0001062847
dss_multi_krum,scaling,7,8,2,3,0.2,1.0,1,0.12923342,0.00015065505
dss_multi_krum,scaling,8,8,2,3,0.2,1.0,1,0.17155503,0.00020024169
dss_multi_krum,scaling,9,8,2,3,0.2,1.0,1,0.19107847,0.00022280637
dss_multi_krum,scaling,10,8,2,3,0.2,1.0,1,0.30065653,0.00035112977
dss_multi_krum,scaling,11,8,2,3,0.2,1.0,1,0.014737415,1.7189139e-05
dss_multi_krum,scaling,12,8,2,3,0.2,1.0,1,0.105662316,0.00012319577
dss_multi_krum,scaling,13,8,2,3,0.2,1.0,1,0.16074833,0.00018759376
dss_multi_krum,scaling,14,8,2,3,0.2,1.0,1,0.28514582,0.00033283394
dss_multi_krum,scaling,15,8,2,3,0.2,1.0,1,0.13542593,0.00015790493
dss_multi_krum,scaling,16,8,2,3,0.2,1.0,1,0.19463722,0.00022700168
dss_multi_krum,scaling,17,8,2,3,0.2,1.0,1,0.12056412,0.00014063102
dss_multi_krum,scaling,18,8,2,3,0.2,1.0,1,0.10319564,0.00012040869
dss_multi_krum,scaling,19,8,2,3,0.2,1.0,1,0.21041752,0.00024532474
dss_multi_krum,scaling,0,8,2,3,0.2,1.0,1001,0.13331048,0.0001554448
dss_multi_krum,scaling,1,8,2,3,0.2,1.0,1001,0.11451197,0.00013362036
dss_multi_krum,scaling,2,8,2,3,0.2,1.0,1001,0.05046344,5.8850466e-05
dss_multi_krum,scaling,3,8,2,3,0.2,1.0,1001,0.34378058,0.0004009743
dss_multi_krum,scaling,4,8,2,3,0.2,1.0,1001,0.15308267,0.0001784533
dss_multi_krum,scaling,5,8,2,3,0.2,1.0,1001,0.37664187,0.000439487
dss_multi_krum,scaling,6,8,2,3,0.2,1.0,1001,0.19811253,0.000231102
dss_multi_krum,scaling,7,8,2,3,0.2,1.0,1001,0.18833597,0.00021955406
dss_multi_krum,scaling,8,8,2,3,0.2,1.0,1001,0.25478095,0.0002974169
dss_multi_krum,scaling,9,8,2,3,0.2,1.0,1001,0.20227963,0.00023607106
dss_multi_krum,scaling,10,8,2,3,0.2,1.0,1001,0.16930111,0.00019739366
dss_multi_krum,scaling,11,8,2,3,0.2,1.0,1001,0.1666822,0.00019450228
dss_multi_krum,scaling,12,8,2,3,0.2,1.0,1001,0.22706729,0.00026492227
dss_multi_krum,scaling,13,8,2,3,0.2,1.0,1001,0.23869063,0.00027865468
dss_multi_krum,scaling,14,8,2,3,0.2,1.0,1001,0.11934321,0.00013926737
dss_multi_krum,scaling,15,8,2,3,0.2,1.0,1001,0.13368867,0.00015586255
dss_multi_krum,scaling,16,8,2,3,0.2,1.0,1001,0.22704922,0.00026463228
dss_multi_krum,scaling,17,8,2,3,0.2,1.0,1001,0.099514395,0.00011608894
dss_multi_krum,scaling,18,8,2,3,0.2,1.0,1001,0.17173456,0.00020031638
dss_multi_krum,scaling,19,8,2,3,0.2,1.0,1001,0.14199027,0.00016563985
dss_multi_krum,scaling,0,8,2,3,0.2,1.0,2001,0.29097116,0.00033947782
dss_multi_krum,scaling,1,8,2,3,0.2,1.0,2001,0.34145078,0.00039770233
dss_multi_krum,scaling,2,8,2,3,0.2,1.0,2001,0.21334082,0.00024863583
dss_multi_krum,scaling,3,8,2,3,0.2,1.0,2001,0.1739292,0.0002027834
dss_multi_krum,scaling,4,8,2,3,0.2,1.0,2001,0.18159948,0.00021195454
dss_multi_krum,scaling,5,8,2,3,0.2,1.0,2001,0.21369864,0.0002491234
dss_multi_krum,scaling,6,8,2,3,0.2,1.0,2001,0.09514481,0.00011095921
dss_multi_krum,scaling,7,8,2,3,0.2,1.0,2001,0.03486664,4.0662704e-05
dss_multi_krum,scaling,8,8,2,3,0.2,1.0,2001,0.19313756,0.00022535189
dss_multi_krum,scaling,9,8,2,3,0.2,1.0,2001,0.14237557,0.00016612964
dss_multi_krum,scaling,10,8,2,3,0.2,1.0,2001,0.17137504,0.00019981875
dss_multi_krum,scaling,11,8,2,3,0.2,1.0,2001,0.17588313,0.00020514146
dss_multi_krum,scaling,12,8,2,3,0.2,1.0,2001,0.23511872,0.00027452878
dss_multi_krum,scaling,13,8,2,3,0.2,1.0,2001,0.27402654,0.00031994144
dss_multi_krum,scaling,14,8,2,3,0.2,1.0,2001,0.2548344,0.0002970691
dss_multi_krum,scaling,15,8,2,3,0.2,1.0,2001,0.14029968,0.00016365213
dss_multi_krum,scaling,16,8,2,3,0.2,1.0,2001,0.13125697,0.00015300442
dss_multi_krum,scaling,17,8,2,3,0.2,1.0,2001,0.153924,0.00017965793
dss_multi_krum,scaling,18,8,2,3,0.2,1.0,2001,0.13531749,0.0001578721
dss_multi_krum,scaling,19,8,2,3,0.2,1.0,2001,0.24131583,0.00028168675
dss_multi_krum,scaling,0,8,2,3,0.2,1.0,3001,0.13815947,0.00016114947
dss_multi_krum,scaling,1,8,2,3,0.2,1.0,3001,0.22956407,0.0002677086
dss_multi_krum,scaling,2,8,2,3,0.2,1.0,3001,0.30266336,0.00035338756
dss_multi_krum,scaling,3,8,2,3,0.2,1.0,3001,0.16175407,0.00018855612
dss_multi_krum,scaling,4,8,2,3,0.2,1.0,3001,0.1371996,0.00015999119
dss_multi_krum,scaling,5,8,2,3,0.2,1.0,3001,0.08722355,0.000101721
dss_multi_krum,scaling,6,8,2,3,0.2,1.0,3001,0.23414339,0.00027303005
dss_multi_krum,scaling,7,8,2,3,0.2,1.0,3001,0.16183282,0.00018868425
dss_multi_krum,scaling,8,8,2,3,0.2,1.0,3001,0.098083295,0.00011437515
dss_multi_krum,scaling,9,8,2,3,0.2,1.0,3001,0.17345354,0.00020239154
dss_multi_krum,scaling,10,8,2,3,0.2,1.0,3001,0.13487487,0.00015741104
dss_multi_krum,scaling,11,8,2,3,0.2,1.0,3001,0.43272933,0.0005042186
dss_multi_krum,scaling,12,8,2,3,0.2,1.0,3001,0.22118776,0.0002581468
dss_multi_krum,scaling,13,8,2,3,0.2,1.0,3001,0.10767205,0.00012552911
dss_multi_krum,scaling,14,8,2,3,0.2,1.0,3001,0.13815124,0.00016109503
dss_multi_krum,scaling,15,8,2,3,0.2,1.0,3001,0.06708015,7.821717e-05
dss_multi_krum,scaling,16,8,2,3,0.2,1.0,3001,0.15590908,0.00018191847
dss_multi_krum,scaling,17,8,2,3,0.2,1.0,3001,0.24400753,0.00028492426
dss_multi_krum,scaling,18,8,2,3,0.2,1.0,3001,0.10876588,0.00012689477
dss_multi_krum,scaling,19,8,2,3,0.2,1.0,3001,0.21983077,0.0002565466
dss_multi_krum,scaling,0,8,2,3,0.2,1.0,4001,0.20224643,0.00023584522
dss_multi_krum,scaling,1,8,2,3,0.2,1.0,4001,0.16083111,0.00018756445
dss_multi_krum,scaling,2,8,2,3,0.2,1.0,4001,0.049382646,5.759193e-05
dss_multi_krum,scaling,3,8,2,3,0.2,1.0,4001,0.2100872,0.00024503752
dss_multi_krum,scaling,4,8,2,3,0.2,1.0,4001,0.1805922,0.00021062416
dss_multi_krum,scaling,5,8,2,3,0.2,1.0,4001,0.2590583,0.0003023149
dss_multi_krum,scaling,6,8,2,3,0.2,1.0,4001,0.052704,6.146428e-05
dss_multi_krum,scaling,7,8,2,3,0.2,1.0,4001,0.09778985,0.00011409511
dss_multi_krum,scaling,8,8,2,3,0.2,1.0,4001,0.31222102,0.00036431875
dss_multi_krum,scaling,9,8,2,3,0.2,1.0,4001,0.082312964,9.603866e-05
dss_multi_krum,scaling,10,8,2,3,0.2,1.0,4001,0.18491596,0.00021568245
dss_multi_krum,scaling,11,8,2,3,0.2,1.0,4001,0.15050846,0.00017557407
dss_multi_krum,scaling,12,8,2,3,0.2,1.0,4001,0.27828765,0.00032460224
dss_multi_krum,scaling,13,8,2,3,0.2,1.0,4001,0.16988316,0.00019825133
dss_multi_krum,scaling,14,8,2,3,0.2,1.0,4001,0.07504213,8.750915e-05
dss_multi_krum,scaling,15,8,2,3,0.2,1.0,4001,0.124666005,0.00014537941
dss_multi_krum,scaling,16,8,2,3,0.2,1.0,4001,0.09679694,0.000112890455
dss_multi_krum,scaling,17,8,2,3,0.2,1.0,4001,0.1423877,0.00016600681
dss_multi_krum,scaling,18,8,2,3,0.2,1.0,4001,0.20953552,0.00024451208
dss_multi_krum,scaling,19,8,2,3,0.2,1.0,4001,0.03174618,3.7023838e-05
trimmed_mean,scaling,0,8,2,3,0.2,1.0,1,0.26851684,0.0003132584
trimmed_mean,scaling,1,8,2,3,0.2,1.0,1,0.24468066,0.00028531696
trimmed_mean,scaling,2,8,2,3,0.2,1.0,1,0.2663055,0.0003106858
trimmed_mean,scaling,3,8,2,3,0.2,1.0,1,0.4095592,0.00047799206
trimmed_mean,scaling,4,8,2,3,0.2,1.0,1,0.26363784,0.00030754332
trimmed_mean,scaling,5,8,2,3,0.2,1.0,1,0.37445968,0.00043701445
trimmed_mean,scaling,6,8,2,3,0.2,1.0,1,0.11492526,0.00013399216
trimmed_mean,scaling,7,8,2,3,0.2,1.0,1,0.19402331,0.00022618445
trimmed_mean,scaling,8,8,2,3,0.2,1.0,1,0.4100174,0.00047857867
trimmed_mean,scaling,9,8,2,3,0.2,1.0,1,0.19281232,0.00022482812
trimmed_mean,scaling,10,8,2,3,0.2,1.0,1,0.503513,0.0005880411
trimmed_mean,scaling,11,8,2,3,0.2,1.0,1,0.21236672,0.00024769615
trimmed_mean,scaling,12,8,2,3,0.2,1.0,1,0.16097,0.00018768114
trimmed_mean,scaling,13,8,2,3,0.2,1.0,1,0.34785548,0.00040594835
trimmed_mean,scaling,14,8,2,3,0.2,1.0,1,0.4983801,0.00058172975
trimmed_mean,scaling,15,8,2,3,0.2,1.0,1,0.21354283,0.00024898825
trimmed_mean,scaling,16,8,2,3,0.2,1.0,1,0.2814887,0.0003282949
trimmed_mean,scaling,17,8,2,3,0.2,1.0,1,0.18526308,0.00021609859
trimmed_mean,scaling,18,8,2,3,0.2,1.0,1,0.30515605,0.00035605612
trimmed_mean,scaling,19,8,2,3,0.2,1.0,1,0.22349176,0.00026056793
trimmed_mean,scaling,0,8,2,3,0.2,1.0,1001,0.13582318,0.00015837469
trimmed_mean,scaling,1,8,2,3,0.2,1.0,1001,0.30453843,0.0003553562
trimmed_mean,scaling,2,8,2,3,0.2,1.0,1001,0.206303,0.00024059057
trimmed_mean,scaling,3,8,2,3,0.2,1.0,1001,0.37684727,0.0004395422
trimmed_mean,scaling,4,8,2,3,0.2,1.0,1001,0.09799547,0.000114236405
trimmed_mean,scaling,5,8,2,3,0.2,1.0,1001,0.49992284,0.00058333814
trimmed_mean,scaling,6,8,2,3,0.2,1.0,1001,0.32170874,0.0003752793
trimmed_mean,scaling,7,8,2,3,0.2,1.0,1001,0.11194938,0.00013050581
trimmed_mean,scaling,8,8,2,3,0.2,1.0,1001,0.42039055,0.00049074023
trimmed_mean,scaling,9,8,2,3,0.2,1.0,1001,0.35841233,0.0004182862
trimmed_mean,scaling,10,8,2,3,0.2,1.0,1001,0.17084588,0.00019919476
trimmed_mean,scaling,11,8,2,3,0.2,1.0,1001,0.36561885,0.00042664245
trimmed_mean,scaling,12,8,2,3,0.2,1.0,1001,0.31646484,0.00036922353
trimmed_mean,scaling,13,8,2,3,0.2,1.0,1001,0.5050911,0.0005896586
trimmed_mean,scaling,14,8,2,3,0.2,1.0,1001,0.24798672,0.00028938774
trimmed_mean,scaling,15,8,2,3,0.2,1.0,1001,0.12402904,0.00014460075
trimmed_mean,scaling,16,8,2,3,0.2,1.0,1001,0.18311642,0.00021342737
trimmed_mean,scaling,17,8,2,3,0.2,1.0,1001,0.20558514,0.00023982621
trimmed_mean,scaling,18,8,2,3,0.2,1.0,1001,0.24862073,0.00028999874
trimmed_mean,scaling,19,8,2,3,0.2,1.0,1001,0.29817334,0.0003478364
trimmed_mean,scaling,0,8,2,3,0.2,1.0,2001,0.38922924,0.00045411612
trimmed_mean,scaling,1,8,2,3,0.2,1.0,2001,0.23931402,0.0002787393
trimmed_mean,scaling,2,8,2,3,0.2,1.0,2001,0.13203378,0.00015387738
trimmed_mean,scaling,3,8,2,3,0.2,1.0,2001,0.29302883,0.0003416412
trimmed_mean,scaling,4,8,2,3,0.2,1.0,2001,0.35658905,0.0004161943
trimmed_mean,scaling,5,8,2,3,0.2,1.0,2001,0.1545688,0.00018019164
trimmed_mean,scaling,6,8,2,3,0.2,1.0,2001,0.23819984,0.00027779202
trimmed_mean,scaling,7,8,2,3,0.2,1.0,2001,0.17193085,0.00020051183
trimmed_mean,scaling,8,8,2,3,0.2,1.0,2001,0.27558523,0.0003215514
trimmed_mean,scaling,9,8,2,3,0.2,1.0,2001,0.28351432,0.0003308161
trimmed_mean,scaling,10,8,2,3,0.2,1.0,2001,0.1849391,0.00021563409
trimmed_mean,scaling,11,8,2,3,0.2,1.0,2001,0.24079327,0.0002808495
trimmed_mean,scaling,12,8,2,3,0.2,1.0,2001,0.416402,0.00048619838
trimmed_mean,scaling,13,8,2,3,0.2,1.0,2001,0.4555734,0.00053190766
trimmed_mean,scaling,14,8,2,3,0.2,1.0,2001,0.27913404,0.00032539602
trimmed_mean,scaling,15,8,2,3,0.2,1.0,2001,0.23474838,0.00027382153
trimmed_mean,scaling,16,8,2,3,0.2,1.0,2001,0.101250745,0.00011802658
trimmed_mean,scaling,17,8,2,3,0.2,1.0,2001,0.33144704,0.0003868603
trimmed_mean,scaling,18,8,2,3,0.2,1.0,2001,0.26049048,0.0003039088
trimmed_mean,scaling,19,8,2,3,0.2,1.0,2001,0.40971917,0.0004782631
trimmed_mean,scaling,0,8,2,3,0.2,1.0,3001,0.19474354,0.00022714924
trimmed_mean,scaling,1,8,2,3,0.2,1.0,3001,0.30326533,0.0003536561
trimmed_mean,scaling,2,8,2,3,0.2,1.0,3001,0.44544357,0.00052009674
trimmed_mean,scaling,3,8,2,3,0.2,1.0,3001,0.16363917,0.00019075358
trimmed_mean,scaling,4,8,2,3,0.2,1.0,3001,0.14153785,0.0001650501
trimmed_mean,scaling,5,8,2,3,0.2,1.0,3001,0.17108932,0.00019952611
trimmed_mean,scaling,6,8,2,3,0.2,1.0,3001,0.25053266,0.00029214125
trimmed_mean,scaling,7,8,2,3,0.2,1.0,3001,0.23163834,0.00027007196
trimmed_mean,scaling,8,8,2,3,0.2,1.0,3001,0.154333,0.00017996805
trimmed_mean,scaling,9,8,2,3,0.2,1.0,3001,0.3449763,0.0004025302
trimmed_mean,scaling,10,8,2,3,0.2,1.0,3001,0.35667217,0.00041626833
trimmed_mean,scaling,11,8,2,3,0.2,1.0,3001,0.39452112,0.00045969817
trimmed_mean,scaling,12,8,2,3,0.2,1.0,3001,0.38907254,0.00045408405
trimmed_mean,scaling,13,8,2,3,0.2,1.0,3001,0.0819924,9.5590585e-05
trimmed_mean,scaling,14,8,2,3,0.2,1.0,3001,0.21585982,0.00025170922
trimmed_mean,scaling,15,8,2,3,0.2,1.0,3001,0.19833936,0.00023126877
trimmed_mean,scaling,16,8,2,3,0.2,1.0,3001,0.34934396,0.00040762295
trimmed_mean,scaling,17,8,2,3,0.2,1.0,3001,0.43558612,0.00050862797
trimmed_mean,scaling,18,8,2,3,0.2,1.0,3001,0.24595991,0.00028695603
trimmed_mean,scaling,19,8,2,3,0.2,1.0,3001,0.40270296,0.00046996187
trimmed_mean,scaling,0,8,2,3,0.2,1.0,4001,0.26768097,0.00031215028
trimmed_mean,scaling,1,8,2,3,0.2,1.0,4001,0.2698647,0.00031472163
trimmed_mean,scaling,2,8,2,3,0.2,1.0,4001,0.23543566,0.00027457406
trimmed_mean,scaling,3,8,2,3,0.2,1.0,4001,0.25934747,0.00030249276
trimmed_mean,scaling,4,8,2,3,0.2,1.0,4001,0.22214144,0.00025908294
trimmed_mean,scaling,5,8,2,3,0.2,1.0,4001,0.44185215,0.000515631
trimmed_mean,scaling,6,8,2,3,0.2,1.0,4001,0.19559069,0.00022810111
trimmed_mean,scaling,7,8,2,3,0.2,1.0,4001,0.21138231,0.00024662775
trimmed_mean,scaling,8,8,2,3,0.2,1.0,4001,0.41450042,0.00048366468
trimmed_mean,scaling,9,8,2,3,0.2,1.0,4001,0.24459314,0.0002853791
trimmed_mean,scaling,10,8,2,3,0.2,1.0,4001,0.24529174,0.0002861036
trimmed_mean,scaling,11,8,2,3,0.2,1.0,4001,0.25478184,0.00029721306
trimmed_mean,scaling,12,8,2,3,0.2,1.0,4001,0.3371233,0.00039322977
trimmed_mean,scaling,13,8,2,3,0.2,1.0,4001,0.28090677,0.00032781437
trimmed_mean,scaling,14,8,2,3,0.2,1.0,4001,0.20301566,0.00023674338
trimmed_mean,scaling,15,8,2,3,0.2,1.0,4001,0.22357117,0.0002607178
trimmed_mean,scaling,16,8,2,3,0.2,1.0,4001,0.19643195,0.00022909085
trimmed_mean,scaling,17,8,2,3,0.2,1.0,4001,0.15548277,0.00018127407
trimmed_mean,scaling,18,8,2,3,0.2,1.0,4001,0.39671925,0.0004629413
trimmed_mean,scaling,19,8,2,3,0.2,1.0,4001,0.18276355,0.00021314717
dssraw_trimmed_mean,scaling,0,8,2,3,0.2,1.0,1,171.47302,0.20004469
dssraw_trimmed_mean,scaling,1,8,2,3,0.2,1.0,1,171.47302,0.19995108
dssraw_trimmed_mean,scaling,2,8,2,3,0.2,1.0,1,171.47302,0.20004931
dssraw_trimmed_mean,scaling,3,8,2,3,0.2,1.0,1,171.47302,0.2001243
dssraw_trimmed_mean,scaling,4,8,2,3,0.2,1.0,1,171.47302,0.20002964
dssraw_trimmed_mean,scaling,5,8,2,3,0.2,1.0,1,171.47302,0.20011817
dssraw_trimmed_mean,scaling,6,8,2,3,0.2,1.0,1,171.47302,0.19992158
dssraw_trimmed_mean,scaling,7,8,2,3,0.2,1.0,1,171.47302,0.19989625
dssraw_trimmed_mean,scaling,8,8,2,3,0.2,1.0,1,171.47302,0.20014597
dssraw_trimmed_mean,scaling,9,8,2,3,0.2,1.0,1,171.47302,0.19994551
dssraw_trimmed_mean,scaling,10,8,2,3,0.2,1.0,1,171.47302,0.20025936
dssraw_trimmed_mean,scaling,11,8,2,3,0.2,1.0,1,171.47302,0.19999936
dssraw_trimmed_mean,scaling,12,8,2,3,0.2,1.0,1,171.47302,0.19992702
dssraw_trimmed_mean,scaling,13,8,2,3,0.2,1.0,1,171.47302,0.20010951
dssraw_trimmed_mean,scaling,14,8,2,3,0.2,1.0,1,171.47302,0.20015037
dssraw_trimmed_mean,scaling,15,8,2,3,0.2,1.0,1,171.47302,0.19993538
dssraw_trimmed_mean,scaling,16,8,2,3,0.2,1.0,1,171.47302,0.19998573
dssraw_trimmed_mean,scaling,17,8,2,3,0.2,1.0,1,171.47302,0.20001328
dssraw_trimmed_mean,scaling,18,8,2,3,0.2,1.0,1,171.47302,0.20007475
dssraw_trimmed_mean,scaling,19,8,2,3,0.2,1.0,1,171.47302,0.19991955
dssraw_trimmed_mean,scaling,0,8,2,3,0.2,1.0,1001,171.47302,0.19994369
dssraw_trimmed_mean,scaling,1,8,2,3,0.2,1.0,1001,171.47302,0.2000864
dssraw_trimmed_mean,scaling,2,8,2,3,0.2,1.0,1001,171.47302,0.19997184
dssraw_trimmed_mean,scaling,3,8,2,3,0.2,1.0,1001,171.47302,0.20000046
dssraw_trimmed_mean,scaling,4,8,2,3,0.2,1.0,1001,171.47302,0.19989151
dssraw_trimmed_mean,scaling,5,8,2,3,0.2,1.0,1001,171.47302,0.20008439
dssraw_trimmed_mean,scaling,6,8,2,3,0.2,1.0,1001,171.47302,0.20002651
dssraw_trimmed_mean,scaling,7,8,2,3,0.2,1.0,1001,171.47302,0.19989595
dssraw_trimmed_mean,scaling,8,8,2,3,0.2,1.0,1001,171.47302,0.20016794
dssraw_trimmed_mean,scaling,9,8,2,3,0.2,1.0,1001,171.47302,0.20011811
dssraw_trimmed_mean,scaling,10,8,2,3,0.2,1.0,1001,171.47302,0.19992596
dssraw_trimmed_mean,scaling,11,8,2,3,0.2,1.0,1001,171.47302,0.20009272
dssraw_trimmed_mean,scaling,12,8,2,3,0.2,1.0,1001,171.47302,0.20005974
dssraw_trimmed_mean,scaling,13,8,2,3,0.2,1.0,1001,171.47302,0.20018281
dssraw_trimmed_mean,scaling,14,8,2,3,0.2,1.0,1001,171.47302,0.20010018
dssraw_trimmed_mean,scaling,15,8,2,3,0.2,1.0,1001,171.47302,0.19991389
dssraw_trimmed_mean,scaling,16,8,2,3,0.2,1.0,1001,171.47302,0.19985665
dssraw_trimmed_mean,scaling,17,8,2,3,0.2,1.0,1001,171.47302,0.20003258
dssraw_trimmed_mean,scaling,18,8,2,3,0.2,1.0,1001,171.47302,0.20001131
dssraw_trimmed_mean,scaling,19,8,2,3,0.2,1.0,1001,171.47302,0.20003317
dssraw_trimmed_mean,scaling,0,8,2,3,0.2,1.0,2001,171.47302,0.20005862
dssraw_trimmed_mean,scaling,1,8,2,3,0.2,1.0,2001,171.47302,0.19972196
dssraw_trimmed_mean,scaling,2,8,2,3,0.2,1.0,2001,171.47302,0.19984142
dssraw_trimmed_mean,scaling,3,8,2,3,0.2,1.0,2001,171.47302,0.19991975
dssraw_trimmed_mean,scaling,4,8,2,3,0.2,1.0,2001,171.47302,0.20013541
dssraw_trimmed_mean,scaling,5,8,2,3,0.2,1.0,2001,171.47302,0.19989806
dssraw_trimmed_mean,scaling,6,8,2,3,0.2,1.0,2001,171.47302,0.19997425
dssraw_trimmed_mean,scaling,7,8,2,3,0.2,1.0,2001,171.47302,0.19997789
dssraw_trimmed_mean,scaling,8,8,2,3,0.2,1.0,2001,171.47302,0.20007382
dssraw_trimmed_mean,scaling,9,8,2,3,0.2,1.0,2001,171.47302,0.20008174
dssraw_trimmed_mean,scaling,10,8,2,3,0.2,1.0,2001,171.47302,0.199933
dssraw_trimmed_mean,scaling,11,8,2,3,0.2,1.0,2001,171.47302,0.19999774
dssraw_trimmed_mean,scaling,12,8,2,3,0.2,1.0,2001,171.47302,0.20021494
dssraw_trimmed_mean,scaling,13,8,2,3,0.2,1.0,2001,171.47302,0.20020442
dssraw_trimmed_mean,scaling,14,8,2,3,0.2,1.0,2001,171.47302,0.19989192
dssraw_trimmed_mean,scaling,15,8,2,3,0.2,1.0,2001,171.47302,0.20001419
dssraw_trimmed_mean,scaling,16,8,2,3,0.2,1.0,2001,171.47302,0.19988371
dssraw_trimmed_mean,scaling,17,8,2,3,0.2,1.0,2001,171.47302,0.2001409
dssraw_trimmed_mean,scaling,18,8,2,3,0.2,1.0,2001,171.47302,0.200054
dssraw_trimmed_mean,scaling,19,8,2,3,0.2,1.0,2001,171.47302,0.2001596
dssraw_trimmed_mean,scaling,0,8,2,3,0.2,1.0,3001,171.47302,0.20000647
dssraw_trimmed_mean,scaling,1,8,2,3,0.2,1.0,3001,171.47302,0.19996509
dssraw_trimmed_mean,scaling,2,8,2,3,0.2,1.0,3001,171.47302,0.20021068
dssraw_trimmed_mean,scaling,3,8,2,3,0.2,1.0,3001,171.47302,0.19988547
dssraw_trimmed_mean,scaling,4,8,2,3,0.2,1.0,3001,171.47302,0.19995812
dssraw_trimmed_mean,scaling,5,8,2,3,0.2,1.0,3001,171.47302,0.1999736
dssraw_trimmed_mean,scaling,6,8,2,3,0.2,1.0,3001,171.47302,0.19995135
dssraw_trimmed_mean,scaling,7,8,2,3,0.2,1.0,3001,171.47302,0.19992396
dssraw_trimmed_mean,scaling,8,8,2,3,0.2,1.0,3001,171.47302,0.19995508
dssraw_trimmed_mean,scaling,9,8,2,3,0.2,1.0,3001,171.47302,0.2000806
dssraw_trimmed_mean,scaling,10,8,2,3,0.2,1.0,3001,171.47302,0.20012435
dssraw_trimmed_mean,scaling,11,8,2,3,0.2,1.0,3001,171.47302,0.19980131
dssraw_trimmed_mean,scaling,12,8,2,3,0.2,1.0,3001,171.47302,0.20012505
dssraw_trimmed_mean,scaling,13,8,2,3,0.2,1.0,3001,171.47302,0.19991128
dssraw_trimmed_mean,scaling,14,8,2,3,0.2,1.0,3001,171.47302,0.19995078
dssraw_trimmed_mean,scaling,15,8,2,3,0.2,1.0,3001,171.47302,0.19994195
dssraw_trimmed_mean,scaling,16,8,2,3,0.2,1.0,3001,171.47302,0.20007885
dssraw_trimmed_mean,scaling,17,8,2,3,0.2,1.0,3001,171.47302,0.20022671
dssraw_trimmed_mean,scaling,18,8,2,3,0.2,1.0,3001,171.47302,0.20005383
dssraw_trimmed_mean,scaling,19,8,2,3,0.2,1.0,3001,171.47302,0.20011221
dssraw_trimmed_mean,scaling,0,8,2,3,0.2,1.0,4001,171.47302,0.19995949
dssraw_trimmed_mean,scaling,1,8,2,3,0.2,1.0,4001,171.47302,0.19997527
dssraw_trimmed_mean,scaling,2,8,2,3,0.2,1.0,4001,171.47302,0.1999784
dssraw_trimmed_mean,scaling,3,8,2,3,0.2,1.0,4001,171.47302,0.19999945
dssraw_trimmed_mean,scaling,4,8,2,3,0.2,1.0,4001,171.47302,0.1999885
dssraw_trimmed_mean,scaling,5,8,2,3,0.2,1.0,4001,171.47302,0.20010497
dssraw_trimmed_mean,scaling,6,8,2,3,0.2,1.0,4001,171.47302,0.19997469
dssraw_trimmed_mean,scaling,7,8,2,3,0.2,1.0,4001,171.47302,0.20006406
dssraw_trimmed_mean,scaling,8,8,2,3,0.2,1.0,4001,171.47302,0.20008531
dssraw_trimmed_mean,scaling,9,8,2,3,0.2,1.0,4001,171.47302,0.20006616
dssraw_trimmed_mean,scaling,10,8,2,3,0.2,1.0,4001,171.47302,0.20000286
dssraw_trimmed_mean,scaling,11,8,2,3,0.2,1.0,4001,171.47302,0.20003004
dssraw_trimmed_mean,scaling,12,8,2,3,0.2,1.0,4001,171.47302,0.20001078
dssraw_trimmed_mean,scaling,13,8,2,3,0.2,1.0,4001,171.47302,0.20010668
dssraw_trimmed_mean,scaling,14,8,2,3,0.2,1.0,4001,171.47302,0.19996046
dssraw_trimmed_mean,scaling,15,8,2,3,0.2,1.0,4001,171.47302,0.19996347
dssraw_trimmed_mean,scaling,16,8,2,3,0.2,1.0,4001,171.47302,0.19998223
dssraw_trimmed_mean,scaling,17,8,2,3,0.2,1.0,4001,171.47302,0.19991677
dssraw_trimmed_mean,scaling,18,8,2,3,0.2,1.0,4001,171.47302,0.20009603
dssraw_trimmed_mean,scaling,19,8,2,3,0.2,1.0,4001,171.47302,0.19997965
dss_trimmed_mean,scaling,0,8,2,3,0.2,1.0,1,0.26851684,0.0003132584
dss_trimmed_mean,scaling,1,8,2,3,0.2,1.0,1,0.24468066,0.00028531696
dss_trimmed_mean,scaling,2,8,2,3,0.2,1.0,1,0.2663055,0.0003106858
dss_trimmed_mean,scaling,3,8,2,3,0.2,1.0,1,0.4095592,0.00047799206
dss_trimmed_mean,scaling,4,8,2,3,0.2,1.0,1,0.26363784,0.00030754332
dss_trimmed_mean,scaling,5,8,2,3,0.2,1.0,1,0.37445968,0.00043701445
dss_trimmed_mean,scaling,6,8,2,3,0.2,1.0,1,0.11492526,0.00013399216
dss_trimmed_mean,scaling,7,8,2,3,0.2,1.0,1,0.19402331,0.00022618445
dss_trimmed_mean,scaling,8,8,2,3,0.2,1.0,1,0.4100174,0.00047857867
dss_trimmed_mean,scaling,9,8,2,3,0.2,1.0,1,0.19281232,0.00022482812
dss_trimmed_mean,scaling,10,8,2,3,0.2,1.0,1,0.503513,0.0005880411
dss_trimmed_mean,scaling,11,8,2,3,0.2,1.0,1,0.21236672,0.00024769615
dss_trimmed_mean,scaling,12,8,2,3,0.2,1.0,1,0.16097,0.00018768114
dss_trimmed_mean,scaling,13,8,2,3,0.2,1.0,1,0.34785548,0.00040594835
dss_trimmed_mean,scaling,14,8,2,3,0.2,1.0,1,0.4983801,0.00058172975
dss_trimmed_mean,scaling,15,8,2,3,0.2,1.0,1,0.21354283,0.00024898825
dss_trimmed_mean,scaling,16,8,2,3,0.2,1.0,1,0.2814887,0.0003282949
dss_trimmed_mean,scaling,17,8,2,3,0.2,1.0,1,0.18526308,0.00021609859
dss_trimmed_mean,scaling,18,8,2,3,0.2,1.0,1,0.30515605,0.00035605612
dss_trimmed_mean,scaling,19,8,2,3,0.2,1.0,1,0.22349176,0.00026056793
dss_trimmed_mean,scaling,0,8,2,3,0.2,1.0,1001,0.13582318,0.00015837469
dss_trimmed_mean,scaling,1,8,2,3,0.2,1.0,1001,0.30453843,0.0003553562
dss_trimmed_mean,scaling,2,8,2,3,0.2,1.0,1001,0.206303,0.00024059057
dss_trimmed_mean,scaling,3,8,2,3,0.2,1.0,1001,0.37684727,0.0004395422
dss_trimmed_mean,scaling,4,8,2,3,0.2,1.0,1001,0.09799547,0.000114236405
dss_trimmed_mean,scaling,5,8,2,3,0.2,1.0,1001,0.49992284,0.00058333814
dss_trimmed_mean,scaling,6,8,2,3,0.2,1.0,1001,0.32170874,0.0003752793
dss_trimmed_mean,scaling,7,8,2,3,0.2,1.0,1001,0.11194938,0.00013050581
dss_trimmed_mean,scaling,8,8,2,3,0.2,1.0,1001,0.42039055,0.00049074023
dss_trimmed_mean,scaling,9,8,2,3,0.2,1.0,1001,0.35841233,0.0004182862
dss_trimmed_mean,scaling,10,8,2,3,0.2,1.0,1001,0.17084588,0.00019919476
dss_trimmed_mean,scaling,11,8,2,3,0.2,1.0,1001,0.36561885,0.00042664245
dss_trimmed_mean,scaling,12,8,2,3,0.2,1.0,1001,0.31646484,0.00036922353
dss_trimmed_mean,scaling,13,8,2,3,0.2,1.0,1001,0.5050911,0.0005896586
dss_trimmed_mean,scaling,14,8,2,3,0.2,1.0,1001,0.24798672,0.00028938774
dss_trimmed_mean,scaling,15,8,2,3,0.2,1.0,1001,0.12402904,0.00014460075
dss_trimmed_mean,scaling,16,8,2,3,0.2,1.0,1001,0.18311642,0.00021342737
dss_trimmed_mean,scaling,17,8,2,3,0.2,1.0,1001,0.20558514,0.00023982621
dss_trimmed_mean,scaling,18,8,2,3,0.2,1.0,1001,0.24862073,0.00028999874
dss_trimmed_mean,scaling,19,8,2,3,0.2,1.0,1001,0.29817334,0.0003478364
dss_trimmed_mean,scaling,0,8,2,3,0.2,1.0,2001,0.38922924,0.00045411612
dss_trimmed_mean,scaling,1,8,2,3,0.2,1.0,2001,0.23931402,0.0002787393
dss_trimmed_mean,scaling,2,8,2,3,0.2,1.0,2001,0.13203378,0.00015387738
dss_trimmed_mean,scaling,3,8,2,3,0.2,1.0,2001,0.29302883,0.0003416412
dss_trimmed_mean,scaling,4,8,2,3,0.2,1.0,2001,0.35658905,0.0004161943
dss_trimmed_mean,scaling,5,8,2,3,0.2,1.0,2001,0.1545688,0.00018019164
dss_trimmed_mean,scaling,6,8,2,3,0.2,1.0,2001,0.23819984,0.00027779202
dss_trimmed_mean,scaling,7,8,2,3,0.2,1.0,2001,0.17193085,0.00020051183
dss_trimmed_mean,scaling,8,8,2,3,0.2,1.0,2001,0.27558523,0.0003215514
dss_trimmed_mean,scaling,9,8,2,3,0.2,1.0,2001,0.28351432,0.0003308161
dss_trimmed_mean,scaling,10,8,2,3,0.2,1.0,2001,0.1849391,0.00021563409
dss_trimmed_mean,scaling,11,8,2,3,0.2,1.0,2001,0.24079327,0.0002808495
dss_trimmed_mean,scaling,12,8,2,3,0.2,1.0,2001,0.416402,0.00048619838
dss_trimmed_mean,scaling,13,8,2,3,0.2,1.0,2001,0.4555734,0.00053190766
dss_trimmed_mean,scaling,14,8,2,3,0.2,1.0,2001,0.27913404,0.00032539602
dss_trimmed_mean,scaling,15,8,2,3,0.2,1.0,2001,0.23474838,0.00027382153
dss_trimmed_mean,scaling,16,8,2,3,0.2,1.0,2001,0.101250745,0.00011802658
dss_trimmed_mean,scaling,17,8,2,3,0.2,1.0,2001,0.33144704,0.0003868603
dss_trimmed_mean,scaling,18,8,2,3,0.2,1.0,2001,0.26049048,0.0003039088
dss_trimmed_mean,scaling,19,8,2,3,0.2,1.0,2001,0.40971917,0.0004782631
dss_trimmed_mean,scaling,0,8,2,3,0.2,1.0,3001,0.19474354,0.00022714924
dss_trimmed_mean,scaling,1,8,2,3,0.2,1.0,3001,0.30326533,0.0003536561
dss_trimmed_mean,scaling,2,8,2,3,0.2,1.0,3001,0.44544357,0.00052009674
dss_trimmed_mean,scaling,3,8,2,3,0.2,1.0,3001,0.16363917,0.00019075358
dss_trimmed_mean,scaling,4,8,2,3,0.2,1.0,3001,0.14153785,0.0001650501
dss_trimmed_mean,scaling,5,8,2,3,0.2,1.0,3001,0.17108932,0.00019952611
dss_trimmed_mean,scaling,6,8,2,3,0.2,1.0,3001,0.25053266,0.00029214125
dss_trimmed_mean,scaling,7,8,2,3,0.2,1.0,3001,0.23163834,0.00027007196
dss_trimmed_mean,scaling,8,8,2,3,0.2,1.0,3001,0.154333,0.00017996805
dss_trimmed_mean,scaling,9,8,2,3,0.2,1.0,3001,0.3449763,0.0004025302
dss_trimmed_mean,scaling,10,8,2,3,0.2,1.0,3001,0.35667217,0.00041626833
dss_trimmed_mean,scaling,11,8,2,3,0.2,1.0,3001,0.39452112,0.00045969817
dss_trimmed_mean,scaling,12,8,2,3,0.2,1.0,3001,0.38907254,0.00045408405
dss_trimmed_mean,scaling,13,8,2,3,0.2,1.0,3001,0.0819924,9.5590585e-05
dss_trimmed_mean,scaling,14,8,2,3,0.2,1.0,3001,0.21585982,0.00025170922
dss_trimmed_mean,scaling,15,8,2,3,0.2,1.0,3001,0.19833936,0.00023126877
dss_trimmed_mean,scaling,16,8,2,3,0.2,1.0,3001,0.34934396,0.00040762295
dss_trimmed_mean,scaling,17,8,2,3,0.2,1.0,3001,0.43558612,0.00050862797
dss_trimmed_mean,scaling,18,8,2,3,0.2,1.0,3001,0.24595991,0.00028695603
dss_trimmed_mean,scaling,19,8,2,3,0.2,1.0,3001,0.40270296,0.00046996187
dss_trimmed_mean,scaling,0,8,2,3,0.2,1.0,4001,0.26768097,0.00031215028
dss_trimmed_mean,scaling,1,8,2,3,0.2,1.0,4001,0.2698647,0.00031472163
dss_trimmed_mean,scaling,2,8,2,3,0.2,1.0,4001,0.23543566,0.00027457406
dss_trimmed_mean,scaling,3,8,2,3,0.2,1.0,4001,0.25934747,0.00030249276
dss_trimmed_mean,scaling,4,8,2,3,0.2,1.0,4001,0.22214144,0.00025908294
dss_trimmed_mean,scaling,5,8,2,3,0.2,1.0,4001,0.44185215,0.000515631
dss_trimmed_mean,scaling,6,8,2,3,0.2,1.0,4001,0.19559069,0.00022810111
dss_trimmed_mean,scaling,7,8,2,3,0.2,1.0,4001,0.21138231,0.00024662775
dss_trimmed_mean,scaling,8,8,2,3,0.2,1.0,4001,0.41450042,0.00048366468
dss_trimmed_mean,scaling,9,8,2,3,0.2,1.0,4001,0.24459314,0.0002853791
dss_trimmed_mean,scaling,10,8,2,3,0.2,1.0,4001,0.24529174,0.0002861036
dss_trimmed_mean,scaling,11,8,2,3,0.2,1.0,4001,0.25478184,0.00029721306
dss_trimmed_mean,scaling,12,8,2,3,0.2,1.0,4001,0.3371233,0.00039322977
dss_trimmed_mean,scaling,13,8,2,3,0.2,1.0,4001,0.28090677,0.00032781437
dss_trimmed_mean,scaling,14,8,2,3,0.2,1.0,4001,0.20301566,0.00023674338
dss_trimmed_mean,scaling,15,8,2,3,0.2,1.0,4001,0.22357117,0.0002607178
dss_trimmed_mean,scaling,16,8,2,3,0.2,1.0,4001,0.19643195,0.00022909085
dss_trimmed_mean,scaling,17,8,2,3,0.2,1.0,4001,0.15548277,0.00018127407
dss_trimmed_mean,scaling,18,8,2,3,0.2,1.0,4001,0.39671925,0.0004629413
dss_trimmed_mean,scaling,19,8,2,3,0.2,1.0,4001,0.18276355,0.00021314717
