aggregator,attack,round,num_honest,num_attackers,dim,byzantine_fraction,clip_radius,seed,distance_from_true_value,asr
fedavg,adaptive_evasion,0,8,2,3,0.2,1.0,1,17.012531,0.20045285
fedavg,adaptive_evasion,1,8,2,3,0.2,1.0,1,20.396658,0.19959347
fedavg,adaptive_evasion,2,8,2,3,0.2,1.0,1,24.637772,0.2003468
fedavg,adaptive_evasion,3,8,2,3,0.2,1.0,1,29.690437,0.20072341
fedavg,adaptive_evasion,4,8,2,3,0.2,1.0,1,35.59489,0.20014332
fedavg,adaptive_evasion,5,8,2,3,0.2,1.0,1,42.854065,0.20047483
fedavg,adaptive_evasion,6,8,2,3,0.2,1.0,1,51.305115,0.19973819
fedavg,adaptive_evasion,7,8,2,3,0.2,1.0,1,61.627155,0.1997117
fedavg,adaptive_evasion,8,8,2,3,0.2,1.0,1,74.25372,0.2003375
fedavg,adaptive_evasion,9,8,2,3,0.2,1.0,1,88.97709,0.19989544
fedavg,adaptive_evasion,10,8,2,3,0.2,1.0,1,107.1198,0.20041561
fedavg,adaptive_evasion,11,8,2,3,0.2,1.0,1,128.34592,0.19999914
fedavg,adaptive_evasion,12,8,2,3,0.2,1.0,1,154.02246,0.19991876
fedavg,adaptive_evasion,13,8,2,3,0.2,1.0,1,185.06522,0.20010151
fedavg,adaptive_evasion,14,8,2,3,0.2,1.0,1,222.16391,0.20011622
fedavg,adaptive_evasion,15,8,2,3,0.2,1.0,1,266.4558,0.19995844
fedavg,adaptive_evasion,16,8,2,3,0.2,1.0,1,319.87057,0.19999242
fedavg,adaptive_evasion,17,8,2,3,0.2,1.0,1,383.93997,0.20000595
fedavg,adaptive_evasion,18,8,2,3,0.2,1.0,1,460.84766,0.20002781
fedavg,adaptive_evasion,19,8,2,3,0.2,1.0,1,552.94073,0.19997509
fedavg,adaptive_evasion,0,8,2,3,0.2,1.0,1001,16.926119,0.19943468
fedavg,adaptive_evasion,1,8,2,3,0.2,1.0,1001,20.512333,0.20072542
fedavg,adaptive_evasion,2,8,2,3,0.2,1.0,1001,24.571001,0.19980384
fedavg,adaptive_evasion,3,8,2,3,0.2,1.0,1001,29.585333,0.20001285
fedavg,adaptive_evasion,4,8,2,3,0.2,1.0,1001,35.47646,0.19947742
fedavg,adaptive_evasion,5,8,2,3,0.2,1.0,1001,42.82614,0.2003442
fedavg,adaptive_evasion,6,8,2,3,0.2,1.0,1001,51.395405,0.20008971
fedavg,adaptive_evasion,7,8,2,3,0.2,1.0,1001,61.627037,0.19971132
fedavg,adaptive_evasion,8,8,2,3,0.2,1.0,1001,74.27272,0.20038876
fedavg,adaptive_evasion,9,8,2,3,0.2,1.0,1001,89.124985,0.2002277
fedavg,adaptive_evasion,10,8,2,3,0.2,1.0,1001,106.83427,0.1998814
fedavg,adaptive_evasion,11,8,2,3,0.2,1.0,1001,128.42601,0.20012394
fedavg,adaptive_evasion,12,8,2,3,0.2,1.0,1001,154.13644,0.20006672
fedavg,adaptive_evasion,13,8,2,3,0.2,1.0,1001,185.12799,0.20016938
fedavg,adaptive_evasion,14,8,2,3,0.2,1.0,1001,222.12076,0.20007735
fedavg,adaptive_evasion,15,8,2,3,0.2,1.0,1001,266.43735,0.19994459
fedavg,adaptive_evasion,16,8,2,3,0.2,1.0,1001,319.7598,0.19992316
fedavg,adaptive_evasion,17,8,2,3,0.2,1.0,1001,383.9565,0.20001458
fedavg,adaptive_evasion,18,8,2,3,0.2,1.0,1001,460.79337,0.20000423
fedavg,adaptive_evasion,19,8,2,3,0.2,1.0,1001,553.0381,0.2000103
fedavg,adaptive_evasion,0,8,2,3,0.2,1.0,2001,17.026028,0.20061187
fedavg,adaptive_evasion,1,8,2,3,0.2,1.0,2001,20.199984,0.1976689
fedavg,adaptive_evasion,2,8,2,3,0.2,1.0,2001,24.459318,0.19889568
fedavg,adaptive_evasion,3,8,2,3,0.2,1.0,2001,29.514894,0.19953665
fedavg,adaptive_evasion,4,8,2,3,0.2,1.0,2001,35.685555,0.20065312
fedavg,adaptive_evasion,5,8,2,3,0.2,1.0,2001,42.66545,0.19959249
fedavg,adaptive_evasion,6,8,2,3,0.2,1.0,2001,51.35036,0.19991434
fedavg,adaptive_evasion,7,8,2,3,0.2,1.0,2001,61.697174,0.19993861
fedavg,adaptive_evasion,8,8,2,3,0.2,1.0,2001,74.1921,0.20017125
fedavg,adaptive_evasion,9,8,2,3,0.2,1.0,2001,89.09376,0.20015754
fedavg,adaptive_evasion,10,8,2,3,0.2,1.0,2001,106.840324,0.19989273
fedavg,adaptive_evasion,11,8,2,3,0.2,1.0,2001,128.34467,0.19999719
fedavg,adaptive_evasion,12,8,2,3,0.2,1.0,2001,154.26915,0.20023896
fedavg,adaptive_evasion,13,8,2,3,0.2,1.0,2001,185.14651,0.20018941
fedavg,adaptive_evasion,14,8,2,3,0.2,1.0,2001,221.94237,0.19991666
fedavg,adaptive_evasion,15,8,2,3,0.2,1.0,2001,266.52338,0.20000915
fedavg,adaptive_evasion,16,8,2,3,0.2,1.0,2001,319.78296,0.19993764
fedavg,adaptive_evasion,17,8,2,3,0.2,1.0,2001,384.0493,0.2000629
fedavg,adaptive_evasion,18,8,2,3,0.2,1.0,2001,460.82993,0.2000201
fedavg,adaptive_evasion,19,8,2,3,0.2,1.0,2001,553.1464,0.20004947
fedavg,adaptive_evasion,0,8,2,3,0.2,1.0,3001,16.98005,0.20007011
fedavg,adaptive_evasion,1,8,2,3,0.2,1.0,3001,20.409182,0.19971602
fedavg,adaptive_evasion,2,8,2,3,0.2,1.0,3001,24.776163,0.20147216
fedavg,adaptive_evasion,3,8,2,3,0.2,1.0,3001,29.485323,0.19933672
fedavg,adaptive_evasion,4,8,2,3,0.2,1.0,3001,35.533676,0.19979914
fedavg,adaptive_evasion,5,8,2,3,0.2,1.0,3001,42.729996,0.19989443
fedavg,adaptive_evasion,6,8,2,3,0.2,1.0,3001,51.331066,0.19983922
fedavg,adaptive_evasion,7,8,2,3,0.2,1.0,3001,61.651043,0.1997891
fedavg,adaptive_evasion,8,8,2,3,0.2,1.0,3001,74.09016,0.19989619
fedavg,adaptive_evasion,9,8,2,3,0.2,1.0,3001,89.09284,0.20015548
fedavg,adaptive_evasion,10,8,2,3,0.2,1.0,3001,107.00422,0.20019938
fedavg,adaptive_evasion,11,8,2,3,0.2,1.0,3001,128.17657,0.19973525
fedavg,adaptive_evasion,12,8,2,3,0.2,1.0,3001,154.19234,0.20013925
fedavg,adaptive_evasion,13,8,2,3,0.2,1.0,3001,184.89526,0.19991775
fedavg,adaptive_evasion,14,8,2,3,0.2,1.0,3001,221.99275,0.19996205
fedavg,adaptive_evasion,15,8,2,3,0.2,1.0,3001,266.4614,0.19996265
fedavg,adaptive_evasion,16,8,2,3,0.2,1.0,3001,319.95035,0.2000423
fedavg,adaptive_evasion,17,8,2,3,0.2,1.0,3001,384.1227,0.20010115
fedavg,adaptive_evasion,18,8,2,3,0.2,1.0,3001,460.82974,0.20002003
fedavg,adaptive_evasion,19,8,2,3,0.2,1.0,3001,553.10583,0.2000348
fedavg,adaptive_evasion,0,8,2,3,0.2,1.0,4001,16.940168,0.19960022
fedavg,adaptive_evasion,1,8,2,3,0.2,1.0,4001,20.417446,0.19979689
fedavg,adaptive_evasion,2,8,2,3,0.2,1.0,4001,24.576635,0.19984967
fedavg,adaptive_evasion,3,8,2,3,0.2,1.0,4001,29.583529,0.20000066
fedavg,adaptive_evasion,4,8,2,3,0.2,1.0,4001,35.5599,0.19994657
fedavg,adaptive_evasion,5,8,2,3,0.2,1.0,4001,42.843033,0.20042323
fedavg,adaptive_evasion,6,8,2,3,0.2,1.0,4001,51.35069,0.19991562
fedavg,adaptive_evasion,7,8,2,3,0.2,1.0,4001,61.77107,0.20017807
fedavg,adaptive_evasion,8,8,2,3,0.2,1.0,4001,74.202286,0.20019872
fedavg,adaptive_evasion,9,8,2,3,0.2,1.0,4001,89.08037,0.20012747
fedavg,adaptive_evasion,10,8,2,3,0.2,1.0,4001,106.90028,0.20000492
fedavg,adaptive_evasion,11,8,2,3,0.2,1.0,4001,128.37233,0.2000403
fedavg,adaptive_evasion,12,8,2,3,0.2,1.0,4001,154.09459,0.20001239
fedavg,adaptive_evasion,13,8,2,3,0.2,1.0,4001,185.0628,0.2000989
fedavg,adaptive_evasion,14,8,2,3,0.2,1.0,4001,222.001,0.19996949
fedavg,adaptive_evasion,15,8,2,3,0.2,1.0,4001,266.4799,0.19997652
fedavg,adaptive_evasion,16,8,2,3,0.2,1.0,4001,319.8675,0.1999905
fedavg,adaptive_evasion,17,8,2,3,0.2,1.0,4001,383.85718,0.19996282
fedavg,adaptive_evasion,18,8,2,3,0.2,1.0,4001,460.86594,0.20003574
fedavg,adaptive_evasion,19,8,2,3,0.2,1.0,4001,552.9922,0.1999937
krum,adaptive_evasion,0,8,2,3,0.2,1.0,1,0.13920565,0.0016402126
krum,adaptive_evasion,1,8,2,3,0.2,1.0,1,0.3879176,0.009331848
krum,adaptive_evasion,2,8,2,3,0.2,1.0,1,0.20969842,0.0105277775
krum,adaptive_evasion,3,8,2,3,0.2,1.0,1,0.4022157,0.044232257
krum,adaptive_evasion,4,8,2,3,0.2,1.0,1,0.3633399,0.09871736
krum,adaptive_evasion,5,8,2,3,0.2,1.0,1,0.37281993,0.07827188
krum,adaptive_evasion,6,8,2,3,0.2,1.0,1,0.29438955,0.048561674
krum,adaptive_evasion,7,8,2,3,0.2,1.0,1,0.31431276,0.14517482
krum,adaptive_evasion,8,8,2,3,0.2,1.0,1,0.2603167,0.08840817
krum,adaptive_evasion,9,8,2,3,0.2,1.0,1,0.28637066,0.07381078
krum,adaptive_evasion,10,8,2,3,0.2,1.0,1,0.51315945,0.10258749
krum,adaptive_evasion,11,8,2,3,0.2,1.0,1,0.34140223,0.053772535
krum,adaptive_evasion,12,8,2,3,0.2,1.0,1,0.19943902,0.086394146
krum,adaptive_evasion,13,8,2,3,0.2,1.0,1,0.3415129,0.109579235
krum,adaptive_evasion,14,8,2,3,0.2,1.0,1,0.2785409,0.06816438
krum,adaptive_evasion,15,8,2,3,0.2,1.0,1,0.41518614,0.3527104
krum,adaptive_evasion,16,8,2,3,0.2,1.0,1,0.3948724,0.22449112
krum,adaptive_evasion,17,8,2,3,0.2,1.0,1,0.013457935,1.0
krum,adaptive_evasion,18,8,2,3,0.2,1.0,1,0.31885374,0.87945145
krum,adaptive_evasion,19,8,2,3,0.2,1.0,1,0.21981928,0.28128517
krum,adaptive_evasion,0,8,2,3,0.2,1.0,1001,0.16645326,0.001961262
krum,adaptive_evasion,1,8,2,3,0.2,1.0,1001,0.27051345,0.0065075424
krum,adaptive_evasion,2,8,2,3,0.2,1.0,1001,0.22888859,0.011491207
krum,adaptive_evasion,3,8,2,3,0.2,1.0,1001,0.6076259,0.06682152
krum,adaptive_evasion,4,8,2,3,0.2,1.0,1001,0.41570494,0.11294463
krum,adaptive_evasion,5,8,2,3,0.2,1.0,1001,0.54728705,0.11490047
krum,adaptive_evasion,6,8,2,3,0.2,1.0,1001,0.4003571,0.06604178
krum,adaptive_evasion,7,8,2,3,0.2,1.0,1001,0.19864288,0.0917492
krum,adaptive_evasion,8,8,2,3,0.2,1.0,1001,0.46703863,0.1586146
krum,adaptive_evasion,9,8,2,3,0.2,1.0,1001,0.26184466,0.06748931
krum,adaptive_evasion,10,8,2,3,0.2,1.0,1001,0.2804325,0.056062236
krum,adaptive_evasion,11,8,2,3,0.2,1.0,1001,0.42490202,0.06692416
krum,adaptive_evasion,12,8,2,3,0.2,1.0,1001,0.27972367,0.03511814
krum,adaptive_evasion,13,8,2,3,0.2,1.0,1001,0.37002152,0.118726626
krum,adaptive_evasion,14,8,2,3,0.2,1.0,1001,0.18068449,0.04421701
krum,adaptive_evasion,15,8,2,3,0.2,1.0,1001,0.14282694,0.027205214
krum,adaptive_evasion,16,8,2,3,0.2,1.0,1001,0.40057808,0.060270008
krum,adaptive_evasion,17,8,2,3,0.2,1.0,1001,0.27728048,0.112845436
krum,adaptive_evasion,18,8,2,3,0.2,1.0,1001,0.28859493,0.08758533
krum,adaptive_evasion,19,8,2,3,0.2,1.0,1001,0.36760324,0.4703925
krum,adaptive_evasion,0,8,2,3,0.2,1.0,2001,0.29126975,0.0034319318
krum,adaptive_evasion,1,8,2,3,0.2,1.0,2001,0.3292758,0.007921144
krum,adaptive_evasion,2,8,2,3,0.2,1.0,2001,0.34467104,0.017303992
krum,adaptive_evasion,3,8,2,3,0.2,1.0,2001,0.16976169,0.018668944
krum,adaptive_evasion,4,8,2,3,0.2,1.0,2001,0.38036036,0.10334172
krum,adaptive_evasion,5,8,2,3,0.2,1.0,2001,0.3990603,0.08378093
krum,adaptive_evasion,6,8,2,3,0.2,1.0,2001,0.2913096,0.19221446
krum,adaptive_evasion,7,8,2,3,0.2,1.0,2001,0.2423743,0.11194788
krum,adaptive_evasion,8,8,2,3,0.2,1.0,2001,0.41956717,0.14249246
krum,adaptive_evasion,9,8,2,3,0.2,1.0,2001,0.33082277,0.5457158
krum,adaptive_evasion,10,8,2,3,0.2,1.0,2001,0.2349113,0.2187517
krum,adaptive_evasion,11,8,2,3,0.2,1.0,2001,0.101560086,0.06211411
krum,adaptive_evasion,12,8,2,3,0.2,1.0,2001,0.10289896,0.04457437
krum,adaptive_evasion,13,8,2,3,0.2,1.0,2001,0.27210334,0.0873082
krum,adaptive_evasion,14,8,2,3,0.2,1.0,2001,0.34389913,0.08415881
krum,adaptive_evasion,15,8,2,3,0.2,1.0,2001,0.21052183,0.17884324
krum,adaptive_evasion,16,8,2,3,0.2,1.0,2001,0.266199,0.15133828
krum,adaptive_evasion,17,8,2,3,0.2,1.0,2001,0.13482744,0.054871015
krum,adaptive_evasion,18,8,2,3,0.2,1.0,2001,0.22355184,0.06784548
krum,adaptive_evasion,19,8,2,3,0.2,1.0,2001,0.46310046,0.10768706
krum,adaptive_evasion,0,8,2,3,0.2,1.0,3001,0.31443003,0.0037048217
krum,adaptive_evasion,1,8,2,3,0.2,1.0,3001,0.39238477,0.009439311
krum,adaptive_evasion,2,8,2,3,0.2,1.0,3001,0.28589442,0.01435315
krum,adaptive_evasion,3,8,2,3,0.2,1.0,3001,0.3875281,0.042617038
krum,adaptive_evasion,4,8,2,3,0.2,1.0,3001,0.1783196,0.04844841
krum,adaptive_evasion,5,8,2,3,0.2,1.0,3001,0.20347826,0.20885019
krum,adaptive_evasion,6,8,2,3,0.2,1.0,3001,0.26395652,0.17416611
krum,adaptive_evasion,7,8,2,3,0.2,1.0,3001,0.28944552,0.13368914
krum,adaptive_evasion,8,8,2,3,0.2,1.0,3001,0.2579448,0.08760263
krum,adaptive_evasion,9,8,2,3,0.2,1.0,3001,0.19625004,0.050582584
krum,adaptive_evasion,10,8,2,3,0.2,1.0,3001,0.24041775,0.04806275
krum,adaptive_evasion,11,8,2,3,0.2,1.0,3001,0.75307834,0.11861355
krum,adaptive_evasion,12,8,2,3,0.2,1.0,3001,0.1466147,0.0635114
krum,adaptive_evasion,13,8,2,3,0.2,1.0,3001,0.3064112,0.098316364
krum,adaptive_evasion,14,8,2,3,0.2,1.0,3001,0.43575683,0.6294638
krum,adaptive_evasion,15,8,2,3,0.2,1.0,3001,0.355309,0.30184335
krum,adaptive_evasion,16,8,2,3,0.2,1.0,3001,0.3194902,0.18163516
krum,adaptive_evasion,17,8,2,3,0.2,1.0,3001,0.3595727,0.14633608
krum,adaptive_evasion,18,8,2,3,0.2,1.0,3001,0.08774578,0.02662986
krum,adaptive_evasion,19,8,2,3,0.2,1.0,3001,0.32685292,0.07600474
krum,adaptive_evasion,0,8,2,3,0.2,1.0,4001,0.44883117,0.0052884244
krum,adaptive_evasion,1,8,2,3,0.2,1.0,4001,0.0701128,0.001686652
krum,adaptive_evasion,2,8,2,3,0.2,1.0,4001,0.20258364,0.010170584
krum,adaptive_evasion,3,8,2,3,0.2,1.0,4001,0.30310154,0.033332527
krum,adaptive_evasion,4,8,2,3,0.2,1.0,4001,0.32085848,0.0871754
krum,adaptive_evasion,5,8,2,3,0.2,1.0,4001,0.40144774,0.41204616
krum,adaptive_evasion,6,8,2,3,0.2,1.0,4001,0.2685083,0.1771695
krum,adaptive_evasion,7,8,2,3,0.2,1.0,4001,0.16424228,0.07586025
krum,adaptive_evasion,8,8,2,3,0.2,1.0,4001,0.48581445,0.16499121
krum,adaptive_evasion,9,8,2,3,0.2,1.0,4001,0.20409724,0.052605167
krum,adaptive_evasion,10,8,2,3,0.2,1.0,4001,0.067562744,0.013506703
krum,adaptive_evasion,11,8,2,3,0.2,1.0,4001,0.20453368,0.032215063
krum,adaptive_evasion,12,8,2,3,0.2,1.0,4001,0.28902102,0.1251998
krum,adaptive_evasion,13,8,2,3,0.2,1.0,4001,0.21608566,0.069334134
krum,adaptive_evasion,14,8,2,3,0.2,1.0,4001,0.31876493,0.07800798
krum,adaptive_evasion,15,8,2,3,0.2,1.0,4001,0.34230888,0.065201886
krum,adaptive_evasion,16,8,2,3,0.2,1.0,4001,0.14624308,0.083141476
krum,adaptive_evasion,17,8,2,3,0.2,1.0,4001,0.35645863,0.14506875
krum,adaptive_evasion,18,8,2,3,0.2,1.0,4001,0.48746258,0.14793943
krum,adaptive_evasion,19,8,2,3,0.2,1.0,4001,0.11688235,0.027179236
dss_fedavg,adaptive_evasion,0,8,2,3,0.2,1.0,1,17.012531,0.20045285
dss_fedavg,adaptive_evasion,1,8,2,3,0.2,1.0,1,0.6173453,0.006041092
dss_fedavg,adaptive_evasion,2,8,2,3,0.2,1.0,1,0.08990233,0.001789832
dss_fedavg,adaptive_evasion,3,8,2,3,0.2,1.0,1,0.21130311,0.008713992
dss_fedavg,adaptive_evasion,4,8,2,3,0.2,1.0,1,0.121708,0.010810483
dss_fedavg,adaptive_evasion,5,8,2,3,0.2,1.0,1,0.3127633,0.065663256
dss_fedavg,adaptive_evasion,6,8,2,3,0.2,1.0,1,0.40233624,0.26547304
dss_fedavg,adaptive_evasion,7,8,2,3,0.2,1.0,1,0.33423313,0.15437564
dss_fedavg,adaptive_evasion,8,8,2,3,0.2,1.0,1,0.17155503,0.792378
dss_fedavg,adaptive_evasion,9,8,2,3,0.2,1.0,1,0.19107847,0.3151976
dss_fedavg,adaptive_evasion,10,8,2,3,0.2,1.0,1,0.44652516,0.41580862
dss_fedavg,adaptive_evasion,11,8,2,3,0.2,1.0,1,0.3266831,0.19979925
dss_fedavg,adaptive_evasion,12,8,2,3,0.2,1.0,1,0.40313217,0.17463112
dss_fedavg,adaptive_evasion,13,8,2,3,0.2,1.0,1,0.72254574,0.231839
dss_fedavg,adaptive_evasion,14,8,2,3,0.2,1.0,1,0.96472764,0.23608762
dss_fedavg,adaptive_evasion,15,8,2,3,0.2,1.0,1,0.13542593,0.025795491
dss_fedavg,adaptive_evasion,16,8,2,3,0.2,1.0,1,0.37341094,0.21228994
dss_fedavg,adaptive_evasion,17,8,2,3,0.2,1.0,1,0.5118958,0.20832734
dss_fedavg,adaptive_evasion,18,8,2,3,0.2,1.0,1,0.72495866,0.22001682
dss_fedavg,adaptive_evasion,19,8,2,3,0.2,1.0,1,0.21041752,0.048929438
dss_fedavg,adaptive_evasion,0,8,2,3,0.2,1.0,1001,16.926119,0.19943468
dss_fedavg,adaptive_evasion,1,8,2,3,0.2,1.0,1001,0.5841243,0.005716005
dss_fedavg,adaptive_evasion,2,8,2,3,0.2,1.0,1001,0.15383844,0.0030627125
dss_fedavg,adaptive_evasion,3,8,2,3,0.2,1.0,1001,0.37078446,0.015290892
dss_fedavg,adaptive_evasion,4,8,2,3,0.2,1.0,1001,0.24185638,0.021482436
dss_fedavg,adaptive_evasion,5,8,2,3,0.2,1.0,1001,0.43652186,0.091645814
dss_fedavg,adaptive_evasion,6,8,2,3,0.2,1.0,1001,0.2215511,0.03654645
dss_fedavg,adaptive_evasion,7,8,2,3,0.2,1.0,1001,0.21965025,0.10145209
dss_fedavg,adaptive_evasion,8,8,2,3,0.2,1.0,1001,0.25478095,0.08652813
dss_fedavg,adaptive_evasion,9,8,2,3,0.2,1.0,1001,0.20227961,0.052136682
dss_fedavg,adaptive_evasion,10,8,2,3,0.2,1.0,1001,0.16930111,0.033845574
dss_fedavg,adaptive_evasion,11,8,2,3,0.2,1.0,1001,0.4203704,0.25709838
dss_fedavg,adaptive_evasion,12,8,2,3,0.2,1.0,1001,0.5417853,0.23469369
dss_fedavg,adaptive_evasion,13,8,2,3,0.2,1.0,1001,0.78755873,0.25269935
dss_fedavg,adaptive_evasion,14,8,2,3,0.2,1.0,1001,0.11934321,0.029205604
dss_fedavg,adaptive_evasion,15,8,2,3,0.2,1.0,1001,0.13368867,0.025464585
dss_fedavg,adaptive_evasion,16,8,2,3,0.2,1.0,1001,0.26506904,0.15069589
dss_fedavg,adaptive_evasion,17,8,2,3,0.2,1.0,1001,0.52470946,0.21354215
dss_fedavg,adaptive_evasion,18,8,2,3,0.2,1.0,1001,0.68266445,0.207181
dss_fedavg,adaptive_evasion,19,8,2,3,0.2,1.0,1001,0.89535224,0.20820074
dss_fedavg,adaptive_evasion,0,8,2,3,0.2,1.0,2001,17.026028,0.20061187
dss_fedavg,adaptive_evasion,1,8,2,3,0.2,1.0,2001,0.26652667,0.0026081225
dss_fedavg,adaptive_evasion,2,8,2,3,0.2,1.0,2001,0.35233262,0.0070144595
dss_fedavg,adaptive_evasion,3,8,2,3,0.2,1.0,2001,0.34030187,0.014033811
dss_fedavg,adaptive_evasion,4,8,2,3,0.2,1.0,2001,0.33280692,0.029560946
dss_fedavg,adaptive_evasion,5,8,2,3,0.2,1.0,2001,0.34421527,0.07226646
dss_fedavg,adaptive_evasion,6,8,2,3,0.2,1.0,2001,0.12800822,0.08446351
dss_fedavg,adaptive_evasion,7,8,2,3,0.2,1.0,2001,0.01574403,0.007271855
dss_fedavg,adaptive_evasion,8,8,2,3,0.2,1.0,2001,0.19313756,0.065592945
dss_fedavg,adaptive_evasion,9,8,2,3,0.2,1.0,2001,0.85078126,0.21928513
dss_fedavg,adaptive_evasion,10,8,2,3,0.2,1.0,2001,0.95121264,0.19016023
dss_fedavg,adaptive_evasion,11,8,2,3,0.2,1.0,2001,0.17588313,0.02770246
dss_fedavg,adaptive_evasion,12,8,2,3,0.2,1.0,2001,0.23511872,0.101850085
dss_fedavg,adaptive_evasion,13,8,2,3,0.2,1.0,2001,0.27402654,0.087925285
dss_fedavg,adaptive_evasion,14,8,2,3,0.2,1.0,2001,0.25483426,0.062362902
dss_fedavg,adaptive_evasion,15,8,2,3,0.2,1.0,2001,0.14029968,0.026723828
dss_fedavg,adaptive_evasion,16,8,2,3,0.2,1.0,2001,0.13125697,0.07462163
dss_fedavg,adaptive_evasion,17,8,2,3,0.2,1.0,2001,0.6126311,0.2493238
dss_fedavg,adaptive_evasion,18,8,2,3,0.2,1.0,2001,0.7120772,0.21610744
dss_fedavg,adaptive_evasion,19,8,2,3,0.2,1.0,2001,1.0061269,0.23395972
dss_fedavg,adaptive_evasion,0,8,2,3,0.2,1.0,3001,16.98005,0.20007011
dss_fedavg,adaptive_evasion,1,8,2,3,0.2,1.0,3001,0.6813167,0.00666709
dss_fedavg,adaptive_evasion,2,8,2,3,0.2,1.0,3001,0.43165722,0.008593704
dss_fedavg,adaptive_evasion,3,8,2,3,0.2,1.0,3001,0.18649507,0.007690926
dss_fedavg,adaptive_evasion,4,8,2,3,0.2,1.0,3001,0.09566499,0.008497262
dss_fedavg,adaptive_evasion,5,8,2,3,0.2,1.0,3001,0.1189772,0.02497873
dss_fedavg,adaptive_evasion,6,8,2,3,0.2,1.0,3001,0.3503271,0.23115592
dss_fedavg,adaptive_evasion,7,8,2,3,0.2,1.0,3001,0.27740026,0.12812567
dss_fedavg,adaptive_evasion,8,8,2,3,0.2,1.0,3001,0.098083295,0.033310827
dss_fedavg,adaptive_evasion,9,8,2,3,0.2,1.0,3001,0.8536077,0.22001363
dss_fedavg,adaptive_evasion,10,8,2,3,0.2,1.0,3001,1.1071292,0.22133006
dss_fedavg,adaptive_evasion,11,8,2,3,0.2,1.0,3001,0.43272933,0.068157
dss_fedavg,adaptive_evasion,12,8,2,3,0.2,1.0,3001,0.22118776,0.09581539
dss_fedavg,adaptive_evasion,13,8,2,3,0.2,1.0,3001,0.10767205,0.034548096
dss_fedavg,adaptive_evasion,14,8,2,3,0.2,1.0,3001,0.13815124,0.0338083
dss_fedavg,adaptive_evasion,15,8,2,3,0.2,1.0,3001,0.06707996,0.012777174
dss_fedavg,adaptive_evasion,16,8,2,3,0.2,1.0,3001,0.15590908,0.08863674
dss_fedavg,adaptive_evasion,17,8,2,3,0.2,1.0,3001,0.24400753,0.09930427
dss_fedavg,adaptive_evasion,18,8,2,3,0.2,1.0,3001,0.10876588,0.033009224
dss_fedavg,adaptive_evasion,19,8,2,3,0.2,1.0,3001,0.21983077,0.051118348
dss_fedavg,adaptive_evasion,0,8,2,3,0.2,1.0,4001,16.940168,0.19960022
dss_fedavg,adaptive_evasion,1,8,2,3,0.2,1.0,4001,0.30249363,0.0029600807
dss_fedavg,adaptive_evasion,2,8,2,3,0.2,1.0,4001,0.2020062,0.0040216665
dss_fedavg,adaptive_evasion,3,8,2,3,0.2,1.0,4001,0.27396744,0.011298225
dss_fedavg,adaptive_evasion,4,8,2,3,0.2,1.0,4001,0.21830162,0.01939023
dss_fedavg,adaptive_evasion,5,8,2,3,0.2,1.0,4001,0.28086627,0.058966618
dss_fedavg,adaptive_evasion,6,8,2,3,0.2,1.0,4001,0.081057124,0.013370956
dss_fedavg,adaptive_evasion,7,8,2,3,0.2,1.0,4001,0.21920076,0.028762637
dss_fedavg,adaptive_evasion,8,8,2,3,0.2,1.0,4001,0.31222102,0.1060358
dss_fedavg,adaptive_evasion,9,8,2,3,0.2,1.0,4001,0.082312964,0.021215804
dss_fedavg,adaptive_evasion,10,8,2,3,0.2,1.0,4001,0.18491596,0.03696719
dss_fedavg,adaptive_evasion,11,8,2,3,0.2,1.0,4001,0.15050839,0.023705814
dss_fedavg,adaptive_evasion,12,8,2,3,0.2,1.0,4001,0.27828765,0.12055025
dss_fedavg,adaptive_evasion,13,8,2,3,0.2,1.0,4001,0.16988316,0.054509412
dss_fedavg,adaptive_evasion,14,8,2,3,0.2,1.0,4001,0.07504213,0.01836427
dss_fedavg,adaptive_evasion,15,8,2,3,0.2,1.0,4001,0.12466587,0.023745952
dss_fedavg,adaptive_evasion,16,8,2,3,0.2,1.0,4001,0.09679694,0.05503057
dss_fedavg,adaptive_evasion,17,8,2,3,0.2,1.0,4001,0.4293562,0.17473602
dss_fedavg,adaptive_evasion,18,8,2,3,0.2,1.0,4001,0.75559783,0.22931547
dss_fedavg,adaptive_evasion,19,8,2,3,0.2,1.0,4001,0.84283763,0.19598925
flanders_fedavg,adaptive_evasion,0,8,2,3,0.2,1.0,1,17.012531,0.20045285
flanders_fedavg,adaptive_evasion,1,8,2,3,0.2,1.0,1,0.22226231,0.0021749693
flanders_fedavg,adaptive_evasion,2,8,2,3,0.2,1.0,1,0.09859941,0.001962979
flanders_fedavg,adaptive_evasion,3,8,2,3,0.2,1.0,1,0.23482542,0.009684036
flanders_fedavg,adaptive_evasion,4,8,2,3,0.2,1.0,1,0.14543039,0.012917579
flanders_fedavg,adaptive_evasion,5,8,2,3,0.2,1.0,1,1.3859972,0.29098392
flanders_fedavg,adaptive_evasion,6,8,2,3,0.2,1.0,1,0.13827528,0.022809504
flanders_fedavg,adaptive_evasion,7,8,2,3,0.2,1.0,1,0.5366895,0.24788623
flanders_fedavg,adaptive_evasion,8,8,2,3,0.2,1.0,1,0.15932947,0.054111116
flanders_fedavg,adaptive_evasion,9,8,2,3,0.2,1.0,1,1.0804446,0.27847984
flanders_fedavg,adaptive_evasion,10,8,2,3,0.2,1.0,1,1.7047077,0.34079406
flanders_fedavg,adaptive_evasion,11,8,2,3,0.2,1.0,1,1.8201675,0.28668535
flanders_fedavg,adaptive_evasion,12,8,2,3,0.2,1.0,1,2.2652133,0.28438807
flanders_fedavg,adaptive_evasion,13,8,2,3,0.2,1.0,1,2.9230838,0.29512164
flanders_fedavg,adaptive_evasion,14,8,2,3,0.2,1.0,1,3.6648524,0.29961142
flanders_fedavg,adaptive_evasion,15,8,2,3,0.2,1.0,1,4.29392,0.28578818
flanders_fedavg,adaptive_evasion,16,8,2,3,0.2,1.0,1,5.1789265,0.28182775
flanders_fedavg,adaptive_evasion,17,8,2,3,0.2,1.0,1,6.3734617,0.2845567
flanders_fedavg,adaptive_evasion,18,8,2,3,0.2,1.0,1,7.8276644,0.2875297
flanders_fedavg,adaptive_evasion,19,8,2,3,0.2,1.0,1,9.341327,0.28294167
flanders_fedavg,adaptive_evasion,0,8,2,3,0.2,1.0,1001,16.926119,0.19943468
flanders_fedavg,adaptive_evasion,1,8,2,3,0.2,1.0,1001,0.2195696,0.0021486194
flanders_fedavg,adaptive_evasion,2,8,2,3,0.2,1.0,1001,0.04848072,0.00096518465
flanders_fedavg,adaptive_evasion,3,8,2,3,0.2,1.0,1001,0.38086036,0.015706414
flanders_fedavg,adaptive_evasion,4,8,2,3,0.2,1.0,1001,0.18347362,0.016296698
flanders_fedavg,adaptive_evasion,5,8,2,3,0.2,1.0,1001,1.2923462,0.2713223
flanders_fedavg,adaptive_evasion,6,8,2,3,0.2,1.0,1001,0.22475989,0.03707576
flanders_fedavg,adaptive_evasion,7,8,2,3,0.2,1.0,1001,0.2191807,0.10123521
flanders_fedavg,adaptive_evasion,8,8,2,3,0.2,1.0,1001,0.9671197,0.328451
flanders_fedavg,adaptive_evasion,9,8,2,3,0.2,1.0,1001,1.2202822,0.3145224
flanders_fedavg,adaptive_evasion,10,8,2,3,0.2,1.0,1001,1.339382,0.26776052
flanders_fedavg,adaptive_evasion,11,8,2,3,0.2,1.0,1001,0.120129,0.01892091
flanders_fedavg,adaptive_evasion,12,8,2,3,0.2,1.0,1001,0.75518435,0.32713512
flanders_fedavg,adaptive_evasion,13,8,2,3,0.2,1.0,1001,1.1298357,0.36252373
flanders_fedavg,adaptive_evasion,14,8,2,3,0.2,1.0,1001,1.234608,0.3021326
flanders_fedavg,adaptive_evasion,15,8,2,3,0.2,1.0,1001,1.454771,0.2771001
flanders_fedavg,adaptive_evasion,16,8,2,3,0.2,1.0,1001,1.785318,0.26861462
flanders_fedavg,adaptive_evasion,17,8,2,3,0.2,1.0,1001,2.4914515,0.29937842
flanders_fedavg,adaptive_evasion,18,8,2,3,0.2,1.0,1001,2.9700518,0.28743622
flanders_fedavg,adaptive_evasion,19,8,2,3,0.2,1.0,1001,3.5827806,0.28109282
flanders_fedavg,adaptive_evasion,0,8,2,3,0.2,1.0,2001,17.026028,0.20061187
flanders_fedavg,adaptive_evasion,1,8,2,3,0.2,1.0,2001,0.38656354,0.0037827548
flanders_fedavg,adaptive_evasion,2,8,2,3,0.2,1.0,2001,0.25495544,0.0050758133
flanders_fedavg,adaptive_evasion,3,8,2,3,0.2,1.0,2001,0.21968801,0.009059779
flanders_fedavg,adaptive_evasion,4,8,2,3,0.2,1.0,2001,0.20732339,0.018415108
flanders_fedavg,adaptive_evasion,5,8,2,3,0.2,1.0,2001,1.3227804,0.27771184
flanders_fedavg,adaptive_evasion,6,8,2,3,0.2,1.0,2001,0.16320059,0.026921112
flanders_fedavg,adaptive_evasion,7,8,2,3,0.2,1.0,2001,0.10013814,0.04625182
flanders_fedavg,adaptive_evasion,8,8,2,3,0.2,1.0,2001,0.9152397,0.31083164
flanders_fedavg,adaptive_evasion,9,8,2,3,0.2,1.0,2001,1.1772892,0.30344114
flanders_fedavg,adaptive_evasion,10,8,2,3,0.2,1.0,2001,1.4008574,0.28005028
flanders_fedavg,adaptive_evasion,11,8,2,3,0.2,1.0,2001,0.26616523,0.041922335
flanders_fedavg,adaptive_evasion,12,8,2,3,0.2,1.0,2001,0.2032085,0.08802704
flanders_fedavg,adaptive_evasion,13,8,2,3,0.2,1.0,2001,0.23011944,0.07383707
flanders_fedavg,adaptive_evasion,14,8,2,3,0.2,1.0,2001,0.24851649,0.060816817
flanders_fedavg,adaptive_evasion,15,8,2,3,0.2,1.0,2001,0.10541913,0.020079894
flanders_fedavg,adaptive_evasion,16,8,2,3,0.2,1.0,2001,0.43360808,0.24651296
flanders_fedavg,adaptive_evasion,17,8,2,3,0.2,1.0,2001,0.81470615,0.33156273
flanders_fedavg,adaptive_evasion,18,8,2,3,0.2,1.0,2001,0.5557946,0.16867743
flanders_fedavg,adaptive_evasion,19,8,2,3,0.2,1.0,2001,1.3585522,0.31591094
flanders_fedavg,adaptive_evasion,0,8,2,3,0.2,1.0,3001,16.98005,0.20007011
flanders_fedavg,adaptive_evasion,1,8,2,3,0.2,1.0,3001,0.23827323,0.0023316457
flanders_fedavg,adaptive_evasion,2,8,2,3,0.2,1.0,3001,0.24845403,0.004946379
flanders_fedavg,adaptive_evasion,3,8,2,3,0.2,1.0,3001,0.17098726,0.007051395
flanders_fedavg,adaptive_evasion,4,8,2,3,0.2,1.0,3001,0.19662835,0.01746514
flanders_fedavg,adaptive_evasion,5,8,2,3,0.2,1.0,3001,0.1483359,0.03114246
flanders_fedavg,adaptive_evasion,6,8,2,3,0.2,1.0,3001,0.3956697,0.26107427
flanders_fedavg,adaptive_evasion,7,8,2,3,0.2,1.0,3001,0.5671103,0.261937
flanders_fedavg,adaptive_evasion,8,8,2,3,0.2,1.0,3001,0.82853496,0.28138518
flanders_fedavg,adaptive_evasion,9,8,2,3,0.2,1.0,3001,1.1193076,0.2884966
flanders_fedavg,adaptive_evasion,10,8,2,3,0.2,1.0,3001,1.4826049,0.2963927
flanders_fedavg,adaptive_evasion,11,8,2,3,0.2,1.0,3001,1.724553,0.2716256
flanders_fedavg,adaptive_evasion,12,8,2,3,0.2,1.0,3001,2.459654,0.3087993
flanders_fedavg,adaptive_evasion,13,8,2,3,0.2,1.0,3001,2.855439,0.28829205
flanders_fedavg,adaptive_evasion,14,8,2,3,0.2,1.0,3001,3.3985648,0.2778417
flanders_fedavg,adaptive_evasion,15,8,2,3,0.2,1.0,3001,4.3020406,0.28632864
flanders_fedavg,adaptive_evasion,16,8,2,3,0.2,1.0,3001,5.414922,0.29467022
flanders_fedavg,adaptive_evasion,17,8,2,3,0.2,1.0,3001,6.464898,0.28863907
flanders_fedavg,adaptive_evasion,18,8,2,3,0.2,1.0,3001,7.874079,0.28923464
flanders_fedavg,adaptive_evasion,19,8,2,3,0.2,1.0,3001,9.552523,0.28933865
flanders_fedavg,adaptive_evasion,0,8,2,3,0.2,1.0,4001,16.940168,0.19960022
flanders_fedavg,adaptive_evasion,1,8,2,3,0.2,1.0,4001,0.2127703,0.0020820843
flanders_fedavg,adaptive_evasion,2,8,2,3,0.2,1.0,4001,0.051325127,0.0010218129
flanders_fedavg,adaptive_evasion,3,8,2,3,0.2,1.0,4001,0.23348714,0.009628846
flanders_fedavg,adaptive_evasion,4,8,2,3,0.2,1.0,4001,0.18680042,0.016592193
flanders_fedavg,adaptive_evasion,5,8,2,3,0.2,1.0,4001,1.4076507,0.29552996
flanders_fedavg,adaptive_evasion,6,8,2,3,0.2,1.0,4001,1.7097795,0.28204045
flanders_fedavg,adaptive_evasion,7,8,2,3,0.2,1.0,4001,2.2173085,0.29094625
flanders_fedavg,adaptive_evasion,8,8,2,3,0.2,1.0,4001,2.7204244,0.2866127
flanders_fedavg,adaptive_evasion,9,8,2,3,0.2,1.0,4001,3.4549317,0.294378
flanders_fedavg,adaptive_evasion,10,8,2,3,0.2,1.0,4001,4.1098137,0.28480908
flanders_fedavg,adaptive_evasion,11,8,2,3,0.2,1.0,4001,5.1497846,0.2915662
flanders_fedavg,adaptive_evasion,12,8,2,3,0.2,1.0,4001,6.199232,0.28778225
flanders_fedavg,adaptive_evasion,13,8,2,3,0.2,1.0,4001,7.5771613,0.2892478
flanders_fedavg,adaptive_evasion,14,8,2,3,0.2,1.0,4001,8.9099865,0.2803494
flanders_fedavg,adaptive_evasion,15,8,2,3,0.2,1.0,4001,10.951563,0.28457093
flanders_fedavg,adaptive_evasion,16,8,2,3,0.2,1.0,4001,13.327561,0.2864431
flanders_fedavg,adaptive_evasion,17,8,2,3,0.2,1.0,4001,15.982664,0.28449157
flanders_fedavg,adaptive_evasion,18,8,2,3,0.2,1.0,4001,19.48714,0.28758168
flanders_fedavg,adaptive_evasion,19,8,2,3,0.2,1.0,4001,23.22316,0.28438514
dss_krum,adaptive_evasion,0,8,2,3,0.2,1.0,1,0.13920565,0.0016402126
dss_krum,adaptive_evasion,1,8,2,3,0.2,1.0,1,0.111764275,0.0026886307
dss_krum,adaptive_evasion,2,8,2,3,0.2,1.0,1,0.20969842,0.0105277775
dss_krum,adaptive_evasion,3,8,2,3,0.2,1.0,1,0.28895798,0.03177714
dss_krum,adaptive_evasion,4,8,2,3,0.2,1.0,1,0.41408008,0.11250317
dss_krum,adaptive_evasion,5,8,2,3,0.2,1.0,1,0.42885965,0.09003717
dss_krum,adaptive_evasion,6,8,2,3,0.2,1.0,1,0.29438955,0.048561674
dss_krum,adaptive_evasion,7,8,2,3,0.2,1.0,1,0.31431276,0.14517482
dss_krum,adaptive_evasion,8,8,2,3,0.2,1.0,1,0.2603167,0.08840817
dss_krum,adaptive_evasion,9,8,2,3,0.2,1.0,1,0.28637066,0.07381078
dss_krum,adaptive_evasion,10,8,2,3,0.2,1.0,1,0.51315945,0.10258749
dss_krum,adaptive_evasion,11,8,2,3,0.2,1.0,1,0.34140223,0.053772535
dss_krum,adaptive_evasion,12,8,2,3,0.2,1.0,1,0.19943902,0.086394146
dss_krum,adaptive_evasion,13,8,2,3,0.2,1.0,1,0.3415129,0.109579235
dss_krum,adaptive_evasion,14,8,2,3,0.2,1.0,1,0.5628018,0.13772854
dss_krum,adaptive_evasion,15,8,2,3,0.2,1.0,1,0.41518614,0.07908331
dss_krum,adaptive_evasion,16,8,2,3,0.2,1.0,1,0.3948724,0.22449112
dss_krum,adaptive_evasion,17,8,2,3,0.2,1.0,1,0.23228851,17.260338
dss_krum,adaptive_evasion,18,8,2,3,0.2,1.0,1,0.25847915,0.71292835
dss_krum,adaptive_evasion,19,8,2,3,0.2,1.0,1,0.21981928,0.28128517
dss_krum,adaptive_evasion,0,8,2,3,0.2,1.0,1001,0.16645326,0.001961262
dss_krum,adaptive_evasion,1,8,2,3,0.2,1.0,1001,0.27051345,0.0065075424
dss_krum,adaptive_evasion,2,8,2,3,0.2,1.0,1001,0.22888859,0.011491207
dss_krum,adaptive_evasion,3,8,2,3,0.2,1.0,1001,0.6357218,0.06991127
dss_krum,adaptive_evasion,4,8,2,3,0.2,1.0,1001,0.41570494,0.11294463
dss_krum,adaptive_evasion,5,8,2,3,0.2,1.0,1001,0.7284068,0.15292574
dss_krum,adaptive_evasion,6,8,2,3,0.2,1.0,1001,0.4003571,0.06604178
dss_krum,adaptive_evasion,7,8,2,3,0.2,1.0,1001,0.19864288,0.0917492
dss_krum,adaptive_evasion,8,8,2,3,0.2,1.0,1001,0.46703863,0.1586146
dss_krum,adaptive_evasion,9,8,2,3,0.2,1.0,1001,0.26184466,0.06748931
dss_krum,adaptive_evasion,10,8,2,3,0.2,1.0,1001,0.2804325,0.056062236
dss_krum,adaptive_evasion,11,8,2,3,0.2,1.0,1001,0.42490202,0.06692416
dss_krum,adaptive_evasion,12,8,2,3,0.2,1.0,1001,0.27972367,0.03511814
dss_krum,adaptive_evasion,13,8,2,3,0.2,1.0,1001,0.37002152,0.118726626
dss_krum,adaptive_evasion,14,8,2,3,0.2,1.0,1001,0.18068449,0.04421701
dss_krum,adaptive_evasion,15,8,2,3,0.2,1.0,1001,0.2265616,0.04315472
dss_krum,adaptive_evasion,16,8,2,3,0.2,1.0,1001,0.40057808,0.2277349
dss_krum,adaptive_evasion,17,8,2,3,0.2,1.0,1001,0.27728048,20.603493
dss_krum,adaptive_evasion,18,8,2,3,0.2,1.0,1001,0.28859493,0.7959927
dss_krum,adaptive_evasion,19,8,2,3,0.2,1.0,1001,0.36760324,0.4703925
dss_krum,adaptive_evasion,0,8,2,3,0.2,1.0,2001,0.29126975,0.0034319318
dss_krum,adaptive_evasion,1,8,2,3,0.2,1.0,2001,0.3292758,0.007921144
dss_krum,adaptive_evasion,2,8,2,3,0.2,1.0,2001,0.3012571,0.015124423
dss_krum,adaptive_evasion,3,8,2,3,0.2,1.0,2001,0.16976169,0.018668944
dss_krum,adaptive_evasion,4,8,2,3,0.2,1.0,2001,0.45027006,0.122335784
dss_krum,adaptive_evasion,5,8,2,3,0.2,1.0,2001,0.3990603,0.4095957
dss_krum,adaptive_evasion,6,8,2,3,0.2,1.0,2001,0.2913096,0.19221446
dss_krum,adaptive_evasion,7,8,2,3,0.2,1.0,2001,0.2423743,0.11194788
dss_krum,adaptive_evasion,8,8,2,3,0.2,1.0,2001,0.41956717,0.14249246
dss_krum,adaptive_evasion,9,8,2,3,0.2,1.0,2001,0.33082277,0.5457158
dss_krum,adaptive_evasion,10,8,2,3,0.2,1.0,2001,0.2349113,0.2187517
dss_krum,adaptive_evasion,11,8,2,3,0.2,1.0,2001,0.101560086,0.06211411
dss_krum,adaptive_evasion,12,8,2,3,0.2,1.0,2001,0.10289896,0.04457437
dss_krum,adaptive_evasion,13,8,2,3,0.2,1.0,2001,0.27210334,0.0873082
dss_krum,adaptive_evasion,14,8,2,3,0.2,1.0,2001,0.34389913,0.08415881
dss_krum,adaptive_evasion,15,8,2,3,0.2,1.0,2001,0.21052183,0.17884324
dss_krum,adaptive_evasion,16,8,2,3,0.2,1.0,2001,0.266199,0.15133828
dss_krum,adaptive_evasion,17,8,2,3,0.2,1.0,2001,0.13482744,0.054871015
dss_krum,adaptive_evasion,18,8,2,3,0.2,1.0,2001,0.17029822,0.0516836
dss_krum,adaptive_evasion,19,8,2,3,0.2,1.0,2001,0.46310046,0.10768706
dss_krum,adaptive_evasion,0,8,2,3,0.2,1.0,3001,0.31443003,0.0037048217
dss_krum,adaptive_evasion,1,8,2,3,0.2,1.0,3001,0.39238477,0.009439311
dss_krum,adaptive_evasion,2,8,2,3,0.2,1.0,3001,0.28589442,0.01435315
dss_krum,adaptive_evasion,3,8,2,3,0.2,1.0,3001,0.3875281,0.042617038
dss_krum,adaptive_evasion,4,8,2,3,0.2,1.0,3001,0.1783196,0.04844841
dss_krum,adaptive_evasion,5,8,2,3,0.2,1.0,3001,0.20347826,0.20885019
dss_krum,adaptive_evasion,6,8,2,3,0.2,1.0,3001,0.26395652,0.17416611
dss_krum,adaptive_evasion,7,8,2,3,0.2,1.0,3001,0.28944552,0.13368914
dss_krum,adaptive_evasion,8,8,2,3,0.2,1.0,3001,0.2579448,0.08760263
dss_krum,adaptive_evasion,9,8,2,3,0.2,1.0,3001,0.19625004,0.050582584
dss_krum,adaptive_evasion,10,8,2,3,0.2,1.0,3001,0.24041775,0.04806275
dss_krum,adaptive_evasion,11,8,2,3,0.2,1.0,3001,0.75307834,0.11861355
dss_krum,adaptive_evasion,12,8,2,3,0.2,1.0,3001,0.1466147,0.0635114
dss_krum,adaptive_evasion,13,8,2,3,0.2,1.0,3001,0.3064112,0.098316364
dss_krum,adaptive_evasion,14,8,2,3,0.2,1.0,3001,0.43575683,0.6294638
dss_krum,adaptive_evasion,15,8,2,3,0.2,1.0,3001,0.355309,0.30184335
dss_krum,adaptive_evasion,16,8,2,3,0.2,1.0,3001,0.3194902,0.18163516
dss_krum,adaptive_evasion,17,8,2,3,0.2,1.0,3001,0.3595727,0.14633608
dss_krum,adaptive_evasion,18,8,2,3,0.2,1.0,3001,0.08774578,0.02662986
dss_krum,adaptive_evasion,19,8,2,3,0.2,1.0,3001,0.32685292,0.07600474
dss_krum,adaptive_evasion,0,8,2,3,0.2,1.0,4001,0.44883117,0.0052884244
dss_krum,adaptive_evasion,1,8,2,3,0.2,1.0,4001,0.0701128,0.001686652
dss_krum,adaptive_evasion,2,8,2,3,0.2,1.0,4001,0.24072921,0.0120856585
dss_krum,adaptive_evasion,3,8,2,3,0.2,1.0,4001,0.249083,0.027392026
dss_krum,adaptive_evasion,4,8,2,3,0.2,1.0,4001,0.22755487,0.061825346
dss_krum,adaptive_evasion,5,8,2,3,0.2,1.0,4001,0.40144774,0.41204616
dss_krum,adaptive_evasion,6,8,2,3,0.2,1.0,4001,0.2685083,0.1771695
dss_krum,adaptive_evasion,7,8,2,3,0.2,1.0,4001,0.16424228,0.07586025
dss_krum,adaptive_evasion,8,8,2,3,0.2,1.0,4001,0.37192783,0.1263133
dss_krum,adaptive_evasion,9,8,2,3,0.2,1.0,4001,0.20409724,0.052605167
dss_krum,adaptive_evasion,10,8,2,3,0.2,1.0,4001,0.067562744,0.013506703
dss_krum,adaptive_evasion,11,8,2,3,0.2,1.0,4001,0.20453368,0.032215063
dss_krum,adaptive_evasion,12,8,2,3,0.2,1.0,4001,0.28902102,0.1251998
dss_krum,adaptive_evasion,13,8,2,3,0.2,1.0,4001,0.21608566,0.069334134
dss_krum,adaptive_evasion,14,8,2,3,0.2,1.0,4001,0.31876493,0.07800798
dss_krum,adaptive_evasion,15,8,2,3,0.2,1.0,4001,0.3834013,0.07302904
dss_krum,adaptive_evasion,16,8,2,3,0.2,1.0,4001,0.14624308,0.083141476
dss_krum,adaptive_evasion,17,8,2,3,0.2,1.0,4001,0.35645863,0.14506875
dss_krum,adaptive_evasion,18,8,2,3,0.2,1.0,4001,0.48746258,0.14793943
dss_krum,adaptive_evasion,19,8,2,3,0.2,1.0,4001,0.31404382,0.07302618
flanders_krum,adaptive_evasion,0,8,2,3,0.2,1.0,1,0.13920565,0.0016402126
flanders_krum,adaptive_evasion,1,8,2,3,0.2,1.0,1,0.111764275,0.0026886307
flanders_krum,adaptive_evasion,2,8,2,3,0.2,1.0,1,0.20969842,0.0105277775
flanders_krum,adaptive_evasion,3,8,2,3,0.2,1.0,1,0.28895798,0.03177714
flanders_krum,adaptive_evasion,4,8,2,3,0.2,1.0,1,0.47334316,0.1286046
flanders_krum,adaptive_evasion,5,8,2,3,0.2,1.0,1,0.42885965,0.09003717
flanders_krum,adaptive_evasion,6,8,2,3,0.2,1.0,1,0.29438955,0.048561674
flanders_krum,adaptive_evasion,7,8,2,3,0.2,1.0,1,0.31431276,0.14517482
flanders_krum,adaptive_evasion,8,8,2,3,0.2,1.0,1,0.2603167,0.08840817
flanders_krum,adaptive_evasion,9,8,2,3,0.2,1.0,1,0.18518361,0.047730263
flanders_krum,adaptive_evasion,10,8,2,3,0.2,1.0,1,0.6813793,0.13621691
flanders_krum,adaptive_evasion,11,8,2,3,0.2,1.0,1,0.34140223,0.053772535
flanders_krum,adaptive_evasion,12,8,2,3,0.2,1.0,1,0.25210127,0.109206684
flanders_krum,adaptive_evasion,13,8,2,3,0.2,1.0,1,0.3415129,0.109579235
flanders_krum,adaptive_evasion,14,8,2,3,0.2,1.0,1,0.2785409,0.06816438
flanders_krum,adaptive_evasion,15,8,2,3,0.2,1.0,1,0.27687925,0.23521544
flanders_krum,adaptive_evasion,16,8,2,3,0.2,1.0,1,0.35406905,0.20129378
flanders_krum,adaptive_evasion,17,8,2,3,0.2,1.0,1,0.23228851,0.094534956
flanders_krum,adaptive_evasion,18,8,2,3,0.2,1.0,1,0.510025,0.15478688
flanders_krum,adaptive_evasion,19,8,2,3,0.2,1.0,1,0.21981928,0.051115677
flanders_krum,adaptive_evasion,0,8,2,3,0.2,1.0,1001,0.16645326,0.001961262
flanders_krum,adaptive_evasion,1,8,2,3,0.2,1.0,1001,0.24568477,0.0059102573
flanders_krum,adaptive_evasion,2,8,2,3,0.2,1.0,1001,0.22888859,0.011491207
flanders_krum,adaptive_evasion,3,8,2,3,0.2,1.0,1001,0.6076259,0.06682152
flanders_krum,adaptive_evasion,4,8,2,3,0.2,1.0,1001,0.19221711,0.052224282
flanders_krum,adaptive_evasion,5,8,2,3,0.2,1.0,1001,0.54728705,0.11490047
flanders_krum,adaptive_evasion,6,8,2,3,0.2,1.0,1001,0.4003571,0.06604178
flanders_krum,adaptive_evasion,7,8,2,3,0.2,1.0,1001,0.19864288,0.0917492
flanders_krum,adaptive_evasion,8,8,2,3,0.2,1.0,1001,0.34625244,0.117593475
flanders_krum,adaptive_evasion,9,8,2,3,0.2,1.0,1001,0.1772439,0.04568384
flanders_krum,adaptive_evasion,10,8,2,3,0.2,1.0,1001,0.2804325,0.26114148
flanders_krum,adaptive_evasion,11,8,2,3,0.2,1.0,1001,0.3409436,0.20852098
flanders_krum,adaptive_evasion,12,8,2,3,0.2,1.0,1001,0.1999441,0.08661294
flanders_krum,adaptive_evasion,13,8,2,3,0.2,1.0,1001,0.42271104,0.13563281
flanders_krum,adaptive_evasion,14,8,2,3,0.2,1.0,1001,0.13403942,0.032802053
flanders_krum,adaptive_evasion,15,8,2,3,0.2,1.0,1001,0.14282694,0.12133485
flanders_krum,adaptive_evasion,16,8,2,3,0.2,1.0,1001,0.2818254,0.16022213
flanders_krum,adaptive_evasion,17,8,2,3,0.2,1.0,1001,0.27728048,0.112845436
flanders_krum,adaptive_evasion,18,8,2,3,0.2,1.0,1001,0.28859493,0.08758533
flanders_krum,adaptive_evasion,19,8,2,3,0.2,1.0,1001,0.7814819,1.0
flanders_krum,adaptive_evasion,0,8,2,3,0.2,1.0,2001,0.29126975,0.0034319318
flanders_krum,adaptive_evasion,1,8,2,3,0.2,1.0,2001,0.3292758,0.007921144
flanders_krum,adaptive_evasion,2,8,2,3,0.2,1.0,2001,0.3012571,0.015124423
flanders_krum,adaptive_evasion,3,8,2,3,0.2,1.0,2001,0.16976169,0.018668944
flanders_krum,adaptive_evasion,4,8,2,3,0.2,1.0,2001,0.38036036,0.10334172
flanders_krum,adaptive_evasion,5,8,2,3,0.2,1.0,2001,0.296922,0.062337447
flanders_krum,adaptive_evasion,6,8,2,3,0.2,1.0,2001,0.564421,0.37242123
flanders_krum,adaptive_evasion,7,8,2,3,0.2,1.0,2001,0.10825307,1.0
flanders_krum,adaptive_evasion,8,8,2,3,0.2,1.0,2001,0.21650656,1.0
flanders_krum,adaptive_evasion,9,8,2,3,0.2,1.0,2001,0.33082277,0.5457158
flanders_krum,adaptive_evasion,10,8,2,3,0.2,1.0,2001,0.2349113,0.2187517
flanders_krum,adaptive_evasion,11,8,2,3,0.2,1.0,2001,0.101560086,0.06211411
flanders_krum,adaptive_evasion,12,8,2,3,0.2,1.0,2001,0.10289896,0.04457437
flanders_krum,adaptive_evasion,13,8,2,3,0.2,1.0,2001,0.27210334,0.0873082
flanders_krum,adaptive_evasion,14,8,2,3,0.2,1.0,2001,0.27078992,0.066267565
flanders_krum,adaptive_evasion,15,8,2,3,0.2,1.0,2001,0.482173,0.09184275
flanders_krum,adaptive_evasion,16,8,2,3,0.2,1.0,2001,0.266199,0.040051654
flanders_krum,adaptive_evasion,17,8,2,3,0.2,1.0,2001,0.13482744,0.054871015
flanders_krum,adaptive_evasion,18,8,2,3,0.2,1.0,2001,0.17029822,0.0516836
flanders_krum,adaptive_evasion,19,8,2,3,0.2,1.0,2001,0.46341237,0.107759595
flanders_krum,adaptive_evasion,0,8,2,3,0.2,1.0,3001,0.31443003,0.0037048217
flanders_krum,adaptive_evasion,1,8,2,3,0.2,1.0,3001,0.39238477,0.009439311
flanders_krum,adaptive_evasion,2,8,2,3,0.2,1.0,3001,0.28589442,0.01435315
flanders_krum,adaptive_evasion,3,8,2,3,0.2,1.0,3001,0.36242267,0.03985616
flanders_krum,adaptive_evasion,4,8,2,3,0.2,1.0,3001,0.1783196,0.015838902
flanders_krum,adaptive_evasion,5,8,2,3,0.2,1.0,3001,0.20347826,0.042719353
flanders_krum,adaptive_evasion,6,8,2,3,0.2,1.0,3001,0.26794896,0.044200107
flanders_krum,adaptive_evasion,7,8,2,3,0.2,1.0,3001,0.32204407,0.14874576
flanders_krum,adaptive_evasion,8,8,2,3,0.2,1.0,3001,0.2579448,1.1913948
flanders_krum,adaptive_evasion,9,8,2,3,0.2,1.0,3001,0.27765837,0.45801735
flanders_krum,adaptive_evasion,10,8,2,3,0.2,1.0,3001,0.24041775,0.22387937
flanders_krum,adaptive_evasion,11,8,2,3,0.2,1.0,3001,0.52178663,0.3191245
flanders_krum,adaptive_evasion,12,8,2,3,0.2,1.0,3001,0.1466147,0.0635114
flanders_krum,adaptive_evasion,13,8,2,3,0.2,1.0,3001,0.24236864,0.0777674
flanders_krum,adaptive_evasion,14,8,2,3,0.2,1.0,3001,0.33039796,0.08085481
flanders_krum,adaptive_evasion,15,8,2,3,0.2,1.0,3001,0.439367,0.083689205
flanders_krum,adaptive_evasion,16,8,2,3,0.2,1.0,3001,0.58930445,0.08866532
flanders_krum,adaptive_evasion,17,8,2,3,0.2,1.0,3001,0.53431726,0.21745226
flanders_krum,adaptive_evasion,18,8,2,3,0.2,1.0,3001,0.48406023,0.14690685
flanders_krum,adaptive_evasion,19,8,2,3,0.2,1.0,3001,0.32685292,0.07600474
flanders_krum,adaptive_evasion,0,8,2,3,0.2,1.0,4001,0.44883117,0.0052884244
flanders_krum,adaptive_evasion,1,8,2,3,0.2,1.0,4001,0.0701128,0.001686652
flanders_krum,adaptive_evasion,2,8,2,3,0.2,1.0,4001,0.20258364,0.010170584
flanders_krum,adaptive_evasion,3,8,2,3,0.2,1.0,4001,0.30310154,0.033332527
flanders_krum,adaptive_evasion,4,8,2,3,0.2,1.0,4001,0.3896049,0.10585341
flanders_krum,adaptive_evasion,5,8,2,3,0.2,1.0,4001,0.40144774,0.08428216
flanders_krum,adaptive_evasion,6,8,2,3,0.2,1.0,4001,0.440541,0.07267041
flanders_krum,adaptive_evasion,7,8,2,3,0.2,1.0,4001,0.2746162,0.12683977
flanders_krum,adaptive_evasion,8,8,2,3,0.2,1.0,4001,0.48581445,0.16499121
flanders_krum,adaptive_evasion,9,8,2,3,0.2,1.0,4001,0.13104376,0.03377595
flanders_krum,adaptive_evasion,10,8,2,3,0.2,1.0,4001,0.067562744,0.06291509
flanders_krum,adaptive_evasion,11,8,2,3,0.2,1.0,4001,0.20453368,0.12509272
flanders_krum,adaptive_evasion,12,8,2,3,0.2,1.0,4001,0.11618747,0.050330758
flanders_krum,adaptive_evasion,13,8,2,3,0.2,1.0,4001,0.21608566,0.069334134
flanders_krum,adaptive_evasion,14,8,2,3,0.2,1.0,4001,0.31876493,0.07800798
flanders_krum,adaptive_evasion,15,8,2,3,0.2,1.0,4001,0.29377067,0.055956487
flanders_krum,adaptive_evasion,16,8,2,3,0.2,1.0,4001,0.14624308,0.083141476
flanders_krum,adaptive_evasion,17,8,2,3,0.2,1.0,4001,0.4421383,0.17993799
flanders_krum,adaptive_evasion,18,8,2,3,0.2,1.0,4001,0.54491884,0.16537675
flanders_krum,adaptive_evasion,19,8,2,3,0.2,1.0,4001,0.31404382,0.07302618
dsscoll_fedavg,adaptive_evasion,0,8,2,3,0.2,1.0,1,17.012531,0.20045285
dsscoll_fedavg,adaptive_evasion,1,8,2,3,0.2,1.0,1,0.6173453,0.006041092
dsscoll_fedavg,adaptive_evasion,2,8,2,3,0.2,1.0,1,0.08990233,0.001789832
dsscoll_fedavg,adaptive_evasion,3,8,2,3,0.2,1.0,1,0.21130311,0.008713992
dsscoll_fedavg,adaptive_evasion,4,8,2,3,0.2,1.0,1,0.121708,0.010810483
dsscoll_fedavg,adaptive_evasion,5,8,2,3,0.2,1.0,1,0.3127633,0.065663256
dsscoll_fedavg,adaptive_evasion,6,8,2,3,0.2,1.0,1,0.40233624,0.26547304
dsscoll_fedavg,adaptive_evasion,7,8,2,3,0.2,1.0,1,0.33423313,0.15437564
dsscoll_fedavg,adaptive_evasion,8,8,2,3,0.2,1.0,1,0.19701338,0.909965
dsscoll_fedavg,adaptive_evasion,9,8,2,3,0.2,1.0,1,0.29579532,0.48793554
dsscoll_fedavg,adaptive_evasion,10,8,2,3,0.2,1.0,1,0.3102413,0.28889975
dsscoll_fedavg,adaptive_evasion,11,8,2,3,0.2,1.0,1,0.35761154,0.21871509
dsscoll_fedavg,adaptive_evasion,12,8,2,3,0.2,1.0,1,0.11242873,0.048702527
dsscoll_fedavg,adaptive_evasion,13,8,2,3,0.2,1.0,1,0.09501468,0.0304868
dsscoll_fedavg,adaptive_evasion,14,8,2,3,0.2,1.0,1,0.47416067,0.11603634
dsscoll_fedavg,adaptive_evasion,15,8,2,3,0.2,1.0,1,0.07881247,0.015011945
dsscoll_fedavg,adaptive_evasion,16,8,2,3,0.2,1.0,1,0.24297966,0.03655813
dsscoll_fedavg,adaptive_evasion,17,8,2,3,0.2,1.0,1,0.15753457,0.06411219
dsscoll_fedavg,adaptive_evasion,18,8,2,3,0.2,1.0,1,0.20282331,0.0615546
dsscoll_fedavg,adaptive_evasion,19,8,2,3,0.2,1.0,1,0.34243184,0.07962739
dsscoll_fedavg,adaptive_evasion,0,8,2,3,0.2,1.0,1001,16.926119,0.19943468
dsscoll_fedavg,adaptive_evasion,1,8,2,3,0.2,1.0,1001,0.5841243,0.005716005
dsscoll_fedavg,adaptive_evasion,2,8,2,3,0.2,1.0,1001,0.15383844,0.0030627125
dsscoll_fedavg,adaptive_evasion,3,8,2,3,0.2,1.0,1001,0.37078446,0.015290892
dsscoll_fedavg,adaptive_evasion,4,8,2,3,0.2,1.0,1001,0.24185638,0.021482436
dsscoll_fedavg,adaptive_evasion,5,8,2,3,0.2,1.0,1001,0.43652186,0.091645814
dsscoll_fedavg,adaptive_evasion,6,8,2,3,0.2,1.0,1001,0.2215511,0.03654645
dsscoll_fedavg,adaptive_evasion,7,8,2,3,0.2,1.0,1001,0.21965025,0.10145209
dsscoll_fedavg,adaptive_evasion,8,8,2,3,0.2,1.0,1001,0.29041836,0.098631226
dsscoll_fedavg,adaptive_evasion,9,8,2,3,0.2,1.0,1001,0.22742547,0.058617916
dsscoll_fedavg,adaptive_evasion,10,8,2,3,0.2,1.0,1001,0.12751015,0.025490997
dsscoll_fedavg,adaptive_evasion,11,8,2,3,0.2,1.0,1001,0.1460274,0.023000035
dsscoll_fedavg,adaptive_evasion,12,8,2,3,0.2,1.0,1001,0.2678306,0.11602041
dsscoll_fedavg,adaptive_evasion,13,8,2,3,0.2,1.0,1001,0.19880491,0.06378936
dsscoll_fedavg,adaptive_evasion,14,8,2,3,0.2,1.0,1001,0.19002087,0.046501804
dsscoll_fedavg,adaptive_evasion,15,8,2,3,0.2,1.0,1001,0.16379842,0.031199792
dsscoll_fedavg,adaptive_evasion,16,8,2,3,0.2,1.0,1001,0.2674826,0.040244784
dsscoll_fedavg,adaptive_evasion,17,8,2,3,0.2,1.0,1001,0.1504341,0.061222494
dsscoll_fedavg,adaptive_evasion,18,8,2,3,0.2,1.0,1001,0.2790089,0.08467607
dsscoll_fedavg,adaptive_evasion,19,8,2,3,0.2,1.0,1001,0.3363388,0.07821054
dsscoll_fedavg,adaptive_evasion,0,8,2,3,0.2,1.0,2001,17.026028,0.20061187
dsscoll_fedavg,adaptive_evasion,1,8,2,3,0.2,1.0,2001,0.26652667,0.0026081225
dsscoll_fedavg,adaptive_evasion,2,8,2,3,0.2,1.0,2001,0.35233262,0.0070144595
dsscoll_fedavg,adaptive_evasion,3,8,2,3,0.2,1.0,2001,0.34030187,0.014033811
dsscoll_fedavg,adaptive_evasion,4,8,2,3,0.2,1.0,2001,0.33280692,0.029560946
dsscoll_fedavg,adaptive_evasion,5,8,2,3,0.2,1.0,2001,0.34421527,0.07226646
dsscoll_fedavg,adaptive_evasion,6,8,2,3,0.2,1.0,2001,0.12800822,0.08446351
dsscoll_fedavg,adaptive_evasion,7,8,2,3,0.2,1.0,2001,0.01574403,0.007271855
dsscoll_fedavg,adaptive_evasion,8,8,2,3,0.2,1.0,2001,0.18512136,0.0628705
dsscoll_fedavg,adaptive_evasion,9,8,2,3,0.2,1.0,2001,0.2858963,0.073688515
dsscoll_fedavg,adaptive_evasion,10,8,2,3,0.2,1.0,2001,0.30651185,0.06127585
dsscoll_fedavg,adaptive_evasion,11,8,2,3,0.2,1.0,2001,0.07760325,0.0122228945
dsscoll_fedavg,adaptive_evasion,12,8,2,3,0.2,1.0,2001,0.19009994,0.08234859
dsscoll_fedavg,adaptive_evasion,13,8,2,3,0.2,1.0,2001,0.3165845,0.101580605
dsscoll_fedavg,adaptive_evasion,14,8,2,3,0.2,1.0,2001,0.22408268,0.05483739
dsscoll_fedavg,adaptive_evasion,15,8,2,3,0.2,1.0,2001,0.13909963,0.026495246
dsscoll_fedavg,adaptive_evasion,16,8,2,3,0.2,1.0,2001,0.13987555,0.07952143
dsscoll_fedavg,adaptive_evasion,17,8,2,3,0.2,1.0,2001,0.27670872,0.11261275
dsscoll_fedavg,adaptive_evasion,18,8,2,3,0.2,1.0,2001,0.10608465,0.0321955
dsscoll_fedavg,adaptive_evasion,19,8,2,3,0.2,1.0,2001,0.2710831,0.06303631
dsscoll_fedavg,adaptive_evasion,0,8,2,3,0.2,1.0,3001,16.98005,0.20007011
dsscoll_fedavg,adaptive_evasion,1,8,2,3,0.2,1.0,3001,0.6813167,0.00666709
dsscoll_fedavg,adaptive_evasion,2,8,2,3,0.2,1.0,3001,0.43165722,0.008593704
dsscoll_fedavg,adaptive_evasion,3,8,2,3,0.2,1.0,3001,0.18649507,0.007690926
dsscoll_fedavg,adaptive_evasion,4,8,2,3,0.2,1.0,3001,0.09566499,0.008497262
dsscoll_fedavg,adaptive_evasion,5,8,2,3,0.2,1.0,3001,0.1189772,0.02497873
dsscoll_fedavg,adaptive_evasion,6,8,2,3,0.2,1.0,3001,0.3503271,0.23115592
dsscoll_fedavg,adaptive_evasion,7,8,2,3,0.2,1.0,3001,0.27740026,0.12812567
dsscoll_fedavg,adaptive_evasion,8,8,2,3,0.2,1.0,3001,0.2431188,0.08256746
dsscoll_fedavg,adaptive_evasion,9,8,2,3,0.2,1.0,3001,0.20910646,0.34493604
dsscoll_fedavg,adaptive_evasion,10,8,2,3,0.2,1.0,3001,0.17308637,0.16117974
dsscoll_fedavg,adaptive_evasion,11,8,2,3,0.2,1.0,3001,0.38827553,0.23746917
dsscoll_fedavg,adaptive_evasion,12,8,2,3,0.2,1.0,3001,0.33454314,0.14491934
dsscoll_fedavg,adaptive_evasion,13,8,2,3,0.2,1.0,3001,0.08677218,0.02784208
dsscoll_fedavg,adaptive_evasion,14,8,2,3,0.2,1.0,3001,0.17268464,0.04225929
dsscoll_fedavg,adaptive_evasion,15,8,2,3,0.2,1.0,3001,0.1008825,0.019215772
dsscoll_fedavg,adaptive_evasion,16,8,2,3,0.2,1.0,3001,0.348437,0.052424986
dsscoll_fedavg,adaptive_evasion,17,8,2,3,0.2,1.0,3001,0.19327322,0.023224147
dsscoll_fedavg,adaptive_evasion,18,8,2,3,0.2,1.0,3001,0.25612673,0.077731594
dsscoll_fedavg,adaptive_evasion,19,8,2,3,0.2,1.0,3001,0.33307695,0.07745205
dsscoll_fedavg,adaptive_evasion,0,8,2,3,0.2,1.0,4001,16.940168,0.19960022
dsscoll_fedavg,adaptive_evasion,1,8,2,3,0.2,1.0,4001,0.30249363,0.0029600807
dsscoll_fedavg,adaptive_evasion,2,8,2,3,0.2,1.0,4001,0.2020062,0.0040216665
dsscoll_fedavg,adaptive_evasion,3,8,2,3,0.2,1.0,4001,0.27396744,0.011298225
dsscoll_fedavg,adaptive_evasion,4,8,2,3,0.2,1.0,4001,0.21830162,0.01939023
dsscoll_fedavg,adaptive_evasion,5,8,2,3,0.2,1.0,4001,0.28086627,0.058966618
dsscoll_fedavg,adaptive_evasion,6,8,2,3,0.2,1.0,4001,0.081057124,0.013370956
dsscoll_fedavg,adaptive_evasion,7,8,2,3,0.2,1.0,4001,0.21920076,0.028762637
dsscoll_fedavg,adaptive_evasion,8,8,2,3,0.2,1.0,4001,0.38202006,0.12974079
dsscoll_fedavg,adaptive_evasion,9,8,2,3,0.2,1.0,4001,0.08321663,0.02144872
dsscoll_fedavg,adaptive_evasion,10,8,2,3,0.2,1.0,4001,0.34799302,0.3240545
dsscoll_fedavg,adaptive_evasion,11,8,2,3,0.2,1.0,4001,0.1846145,0.11291015
dsscoll_fedavg,adaptive_evasion,12,8,2,3,0.2,1.0,4001,0.24491382,0.10609318
dsscoll_fedavg,adaptive_evasion,13,8,2,3,0.2,1.0,4001,0.19699627,0.063209035
dsscoll_fedavg,adaptive_evasion,14,8,2,3,0.2,1.0,4001,0.07295979,0.01785468
dsscoll_fedavg,adaptive_evasion,15,8,2,3,0.2,1.0,4001,0.16849248,0.0320939
dsscoll_fedavg,adaptive_evasion,16,8,2,3,0.2,1.0,4001,0.1038085,0.015618775
dsscoll_fedavg,adaptive_evasion,17,8,2,3,0.2,1.0,4001,0.099260435,0.040396236
dsscoll_fedavg,adaptive_evasion,18,8,2,3,0.2,1.0,4001,0.26020753,0.07897007
dsscoll_fedavg,adaptive_evasion,19,8,2,3,0.2,1.0,4001,0.26711354,0.062113244
dssstab_fedavg,adaptive_evasion,0,8,2,3,0.2,1.0,1,17.012531,0.20045285
dssstab_fedavg,adaptive_evasion,1,8,2,3,0.2,1.0,1,0.6173453,0.006041092
dssstab_fedavg,adaptive_evasion,2,8,2,3,0.2,1.0,1,0.08990233,0.001789832
dssstab_fedavg,adaptive_evasion,3,8,2,3,0.2,1.0,1,0.21130311,0.008713992
dssstab_fedavg,adaptive_evasion,4,8,2,3,0.2,1.0,1,0.121708,0.010810483
dssstab_fedavg,adaptive_evasion,5,8,2,3,0.2,1.0,1,0.3127633,0.065663256
dssstab_fedavg,adaptive_evasion,6,8,2,3,0.2,1.0,1,0.40233624,0.26547304
dssstab_fedavg,adaptive_evasion,7,8,2,3,0.2,1.0,1,0.33423313,0.15437564
dssstab_fedavg,adaptive_evasion,8,8,2,3,0.2,1.0,1,0.17155503,0.792378
dssstab_fedavg,adaptive_evasion,9,8,2,3,0.2,1.0,1,0.19107847,0.3151976
dssstab_fedavg,adaptive_evasion,10,8,2,3,0.2,1.0,1,0.44652516,0.41580862
dssstab_fedavg,adaptive_evasion,11,8,2,3,0.2,1.0,1,0.3266831,0.19979925
dssstab_fedavg,adaptive_evasion,12,8,2,3,0.2,1.0,1,0.40313217,0.17463112
dssstab_fedavg,adaptive_evasion,13,8,2,3,0.2,1.0,1,0.72254574,0.231839
dssstab_fedavg,adaptive_evasion,14,8,2,3,0.2,1.0,1,0.96472764,0.23608762
dssstab_fedavg,adaptive_evasion,15,8,2,3,0.2,1.0,1,0.13542593,0.025795491
dssstab_fedavg,adaptive_evasion,16,8,2,3,0.2,1.0,1,0.37341094,0.21228994
dssstab_fedavg,adaptive_evasion,17,8,2,3,0.2,1.0,1,0.5118958,0.20832734
dssstab_fedavg,adaptive_evasion,18,8,2,3,0.2,1.0,1,0.72495866,0.22001682
dssstab_fedavg,adaptive_evasion,19,8,2,3,0.2,1.0,1,0.21041752,0.048929438
dssstab_fedavg,adaptive_evasion,0,8,2,3,0.2,1.0,1001,16.926119,0.19943468
dssstab_fedavg,adaptive_evasion,1,8,2,3,0.2,1.0,1001,0.5841243,0.005716005
dssstab_fedavg,adaptive_evasion,2,8,2,3,0.2,1.0,1001,0.15383844,0.0030627125
dssstab_fedavg,adaptive_evasion,3,8,2,3,0.2,1.0,1001,0.37078446,0.015290892
dssstab_fedavg,adaptive_evasion,4,8,2,3,0.2,1.0,1001,0.24185638,0.021482436
dssstab_fedavg,adaptive_evasion,5,8,2,3,0.2,1.0,1001,0.43652186,0.091645814
dssstab_fedavg,adaptive_evasion,6,8,2,3,0.2,1.0,1001,0.2215511,0.03654645
dssstab_fedavg,adaptive_evasion,7,8,2,3,0.2,1.0,1001,0.21965025,0.10145209
dssstab_fedavg,adaptive_evasion,8,8,2,3,0.2,1.0,1001,0.25478095,0.08652813
dssstab_fedavg,adaptive_evasion,9,8,2,3,0.2,1.0,1001,0.20227961,0.052136682
dssstab_fedavg,adaptive_evasion,10,8,2,3,0.2,1.0,1001,0.16930111,0.033845574
dssstab_fedavg,adaptive_evasion,11,8,2,3,0.2,1.0,1001,0.4203704,0.25709838
dssstab_fedavg,adaptive_evasion,12,8,2,3,0.2,1.0,1001,0.5417853,0.23469369
dssstab_fedavg,adaptive_evasion,13,8,2,3,0.2,1.0,1001,0.78755873,0.25269935
dssstab_fedavg,adaptive_evasion,14,8,2,3,0.2,1.0,1001,0.11934321,0.029205604
dssstab_fedavg,adaptive_evasion,15,8,2,3,0.2,1.0,1001,0.13368867,0.025464585
dssstab_fedavg,adaptive_evasion,16,8,2,3,0.2,1.0,1001,0.26506904,0.15069589
dssstab_fedavg,adaptive_evasion,17,8,2,3,0.2,1.0,1001,0.52470946,0.21354215
dssstab_fedavg,adaptive_evasion,18,8,2,3,0.2,1.0,1001,0.68266445,0.207181
dssstab_fedavg,adaptive_evasion,19,8,2,3,0.2,1.0,1001,0.89535224,0.20820074
dssstab_fedavg,adaptive_evasion,0,8,2,3,0.2,1.0,2001,17.026028,0.20061187
dssstab_fedavg,adaptive_evasion,1,8,2,3,0.2,1.0,2001,0.26652667,0.0026081225
dssstab_fedavg,adaptive_evasion,2,8,2,3,0.2,1.0,2001,0.35233262,0.0070144595
dssstab_fedavg,adaptive_evasion,3,8,2,3,0.2,1.0,2001,0.34030187,0.014033811
dssstab_fedavg,adaptive_evasion,4,8,2,3,0.2,1.0,2001,0.33280692,0.029560946
dssstab_fedavg,adaptive_evasion,5,8,2,3,0.2,1.0,2001,0.34421527,0.07226646
dssstab_fedavg,adaptive_evasion,6,8,2,3,0.2,1.0,2001,0.12800822,0.08446351
dssstab_fedavg,adaptive_evasion,7,8,2,3,0.2,1.0,2001,0.01574403,0.007271855
dssstab_fedavg,adaptive_evasion,8,8,2,3,0.2,1.0,2001,0.19313756,0.065592945
dssstab_fedavg,adaptive_evasion,9,8,2,3,0.2,1.0,2001,0.85078126,0.21928513
dssstab_fedavg,adaptive_evasion,10,8,2,3,0.2,1.0,2001,0.95121264,0.19016023
dssstab_fedavg,adaptive_evasion,11,8,2,3,0.2,1.0,2001,0.17588313,0.02770246
dssstab_fedavg,adaptive_evasion,12,8,2,3,0.2,1.0,2001,0.23511872,0.101850085
dssstab_fedavg,adaptive_evasion,13,8,2,3,0.2,1.0,2001,0.27402654,0.087925285
dssstab_fedavg,adaptive_evasion,14,8,2,3,0.2,1.0,2001,0.25483426,0.062362902
dssstab_fedavg,adaptive_evasion,15,8,2,3,0.2,1.0,2001,0.14029968,0.026723828
dssstab_fedavg,adaptive_evasion,16,8,2,3,0.2,1.0,2001,0.13125697,0.07462163
dssstab_fedavg,adaptive_evasion,17,8,2,3,0.2,1.0,2001,0.6126311,0.2493238
dssstab_fedavg,adaptive_evasion,18,8,2,3,0.2,1.0,2001,0.7120772,0.21610744
dssstab_fedavg,adaptive_evasion,19,8,2,3,0.2,1.0,2001,1.0061269,0.23395972
dssstab_fedavg,adaptive_evasion,0,8,2,3,0.2,1.0,3001,16.98005,0.20007011
dssstab_fedavg,adaptive_evasion,1,8,2,3,0.2,1.0,3001,0.6813167,0.00666709
dssstab_fedavg,adaptive_evasion,2,8,2,3,0.2,1.0,3001,0.43165722,0.008593704
dssstab_fedavg,adaptive_evasion,3,8,2,3,0.2,1.0,3001,0.18649507,0.007690926
dssstab_fedavg,adaptive_evasion,4,8,2,3,0.2,1.0,3001,0.09566499,0.008497262
dssstab_fedavg,adaptive_evasion,5,8,2,3,0.2,1.0,3001,0.1189772,0.02497873
dssstab_fedavg,adaptive_evasion,6,8,2,3,0.2,1.0,3001,0.3503271,0.23115592
dssstab_fedavg,adaptive_evasion,7,8,2,3,0.2,1.0,3001,0.27740026,0.12812567
dssstab_fedavg,adaptive_evasion,8,8,2,3,0.2,1.0,3001,0.098083295,0.033310827
dssstab_fedavg,adaptive_evasion,9,8,2,3,0.2,1.0,3001,0.8536077,0.22001363
dssstab_fedavg,adaptive_evasion,10,8,2,3,0.2,1.0,3001,1.1071292,0.22133006
dssstab_fedavg,adaptive_evasion,11,8,2,3,0.2,1.0,3001,0.43272933,0.068157
dssstab_fedavg,adaptive_evasion,12,8,2,3,0.2,1.0,3001,0.22118776,0.09581539
dssstab_fedavg,adaptive_evasion,13,8,2,3,0.2,1.0,3001,0.10767205,0.034548096
dssstab_fedavg,adaptive_evasion,14,8,2,3,0.2,1.0,3001,0.13815124,0.0338083
dssstab_fedavg,adaptive_evasion,15,8,2,3,0.2,1.0,3001,0.06707996,0.012777174
dssstab_fedavg,adaptive_evasion,16,8,2,3,0.2,1.0,3001,0.15590908,0.08863674
dssstab_fedavg,adaptive_evasion,17,8,2,3,0.2,1.0,3001,0.24400753,0.09930427
dssstab_fedavg,adaptive_evasion,18,8,2,3,0.2,1.0,3001,0.10876588,0.033009224
dssstab_fedavg,adaptive_evasion,19,8,2,3,0.2,1.0,3001,0.21983077,0.051118348
dssstab_fedavg,adaptive_evasion,0,8,2,3,0.2,1.0,4001,16.940168,0.19960022
dssstab_fedavg,adaptive_evasion,1,8,2,3,0.2,1.0,4001,0.30249363,0.0029600807
dssstab_fedavg,adaptive_evasion,2,8,2,3,0.2,1.0,4001,0.2020062,0.0040216665
dssstab_fedavg,adaptive_evasion,3,8,2,3,0.2,1.0,4001,0.27396744,0.011298225
dssstab_fedavg,adaptive_evasion,4,8,2,3,0.2,1.0,4001,0.21830162,0.01939023
dssstab_fedavg,adaptive_evasion,5,8,2,3,0.2,1.0,4001,0.28086627,0.058966618
dssstab_fedavg,adaptive_evasion,6,8,2,3,0.2,1.0,4001,0.081057124,0.013370956
dssstab_fedavg,adaptive_evasion,7,8,2,3,0.2,1.0,4001,0.21920076,0.028762637
dssstab_fedavg,adaptive_evasion,8,8,2,3,0.2,1.0,4001,0.31222102,0.1060358
dssstab_fedavg,adaptive_evasion,9,8,2,3,0.2,1.0,4001,0.082312964,0.021215804
dssstab_fedavg,adaptive_evasion,10,8,2,3,0.2,1.0,4001,0.18491596,0.03696719
dssstab_fedavg,adaptive_evasion,11,8,2,3,0.2,1.0,4001,0.15050839,0.023705814
dssstab_fedavg,adaptive_evasion,12,8,2,3,0.2,1.0,4001,0.27828765,0.12055025
dssstab_fedavg,adaptive_evasion,13,8,2,3,0.2,1.0,4001,0.16988316,0.054509412
dssstab_fedavg,adaptive_evasion,14,8,2,3,0.2,1.0,4001,0.07504213,0.01836427
dssstab_fedavg,adaptive_evasion,15,8,2,3,0.2,1.0,4001,0.12466587,0.023745952
dssstab_fedavg,adaptive_evasion,16,8,2,3,0.2,1.0,4001,0.09679694,0.05503057
dssstab_fedavg,adaptive_evasion,17,8,2,3,0.2,1.0,4001,0.4293562,0.17473602
dssstab_fedavg,adaptive_evasion,18,8,2,3,0.2,1.0,4001,0.75559783,0.22931547
dssstab_fedavg,adaptive_evasion,19,8,2,3,0.2,1.0,4001,0.84283763,0.19598925
foolsgold,adaptive_evasion,0,8,2,3,0.2,1.0,1,1.5534024,0.01830321
foolsgold,adaptive_evasion,1,8,2,3,0.2,1.0,1,1.5178956,0.036514893
foolsgold,adaptive_evasion,2,8,2,3,0.2,1.0,1,1.0781189,0.05412628
foolsgold,adaptive_evasion,3,8,2,3,0.2,1.0,1,0.67308366,0.074020006
foolsgold,adaptive_evasion,4,8,2,3,0.2,1.0,1,1.2668116,0.3441854
foolsgold,adaptive_evasion,5,8,2,3,0.2,1.0,1,1.3487223,1.3843293
foolsgold,adaptive_evasion,6,8,2,3,0.2,1.0,1,1.4873722,3.9256446
foolsgold,adaptive_evasion,7,8,2,3,0.2,1.0,1,1.2021092,1.1389343
foolsgold,adaptive_evasion,8,8,2,3,0.2,1.0,1,1.5959134,1.734402
foolsgold,adaptive_evasion,9,8,2,3,0.2,1.0,1,0.69215584,0.91340894
foolsgold,adaptive_evasion,10,8,2,3,0.2,1.0,1,1.4812311,2.631352
foolsgold,adaptive_evasion,11,8,2,3,0.2,1.0,1,1.3333961,1.1620176
foolsgold,adaptive_evasion,12,8,2,3,0.2,1.0,1,1.3309408,1.2914609
foolsgold,adaptive_evasion,13,8,2,3,0.2,1.0,1,0.63847154,0.7171629
foolsgold,adaptive_evasion,14,8,2,3,0.2,1.0,1,0.95658463,1.3250589
foolsgold,adaptive_evasion,15,8,2,3,0.2,1.0,1,1.2712831,2.445283
foolsgold,adaptive_evasion,16,8,2,3,0.2,1.0,1,1.2077156,1.0725988
foolsgold,adaptive_evasion,17,8,2,3,0.2,1.0,1,1.2315371,1.2257082
foolsgold,adaptive_evasion,18,8,2,3,0.2,1.0,1,1.3745444,1.599616
foolsgold,adaptive_evasion,19,8,2,3,0.2,1.0,1,1.5529135,2.2678697
foolsgold,adaptive_evasion,0,8,2,3,0.2,1.0,1001,1.5780144,0.018593205
foolsgold,adaptive_evasion,1,8,2,3,0.2,1.0,1001,1.5690718,0.037746
foolsgold,adaptive_evasion,2,8,2,3,0.2,1.0,1001,1.5322512,0.07692571
foolsgold,adaptive_evasion,3,8,2,3,0.2,1.0,1001,1.3221569,0.14539956
foolsgold,adaptive_evasion,4,8,2,3,0.2,1.0,1001,1.5021855,0.40813515
foolsgold,adaptive_evasion,5,8,2,3,0.2,1.0,1001,1.5089021,1.5487379
foolsgold,adaptive_evasion,6,8,2,3,0.2,1.0,1001,1.4632337,3.8619356
foolsgold,adaptive_evasion,7,8,2,3,0.2,1.0,1001,1.4086015,1.3345747
foolsgold,adaptive_evasion,8,8,2,3,0.2,1.0,1001,1.2168574,1.3224527
foolsgold,adaptive_evasion,9,8,2,3,0.2,1.0,1001,1.2967998,1.7113321
foolsgold,adaptive_evasion,10,8,2,3,0.2,1.0,1001,1.473702,2.6179767
foolsgold,adaptive_evasion,11,8,2,3,0.2,1.0,1001,1.5328261,1.3358152
foolsgold,adaptive_evasion,12,8,2,3,0.2,1.0,1001,1.1883292,1.1530795
foolsgold,adaptive_evasion,13,8,2,3,0.2,1.0,1001,1.4339861,1.6107243
foolsgold,adaptive_evasion,14,8,2,3,0.2,1.0,1001,1.1594042,1.6060041
foolsgold,adaptive_evasion,15,8,2,3,0.2,1.0,1001,1.4080164,2.7082863
foolsgold,adaptive_evasion,16,8,2,3,0.2,1.0,1001,1.4211382,1.2621441
foolsgold,adaptive_evasion,17,8,2,3,0.2,1.0,1001,1.3096052,1.3034068
foolsgold,adaptive_evasion,18,8,2,3,0.2,1.0,1001,1.6194062,1.8845723
foolsgold,adaptive_evasion,19,8,2,3,0.2,1.0,1001,1.3102963,1.9135523
foolsgold,adaptive_evasion,0,8,2,3,0.2,1.0,2001,1.3495185,0.015900915
foolsgold,adaptive_evasion,1,8,2,3,0.2,1.0,2001,1.1957084,0.028764274
foolsgold,adaptive_evasion,2,8,2,3,0.2,1.0,2001,1.5617044,0.07840438
foolsgold,adaptive_evasion,3,8,2,3,0.2,1.0,2001,1.5237736,0.16757163
foolsgold,adaptive_evasion,4,8,2,3,0.2,1.0,2001,1.546558,0.4201909
foolsgold,adaptive_evasion,5,8,2,3,0.2,1.0,2001,1.3540806,1.3898289
foolsgold,adaptive_evasion,6,8,2,3,0.2,1.0,2001,1.2183708,3.215665
foolsgold,adaptive_evasion,7,8,2,3,0.2,1.0,2001,1.4444321,1.3685223
foolsgold,adaptive_evasion,8,8,2,3,0.2,1.0,2001,1.403713,1.525523
foolsgold,adaptive_evasion,9,8,2,3,0.2,1.0,2001,1.4772177,1.949422
foolsgold,adaptive_evasion,10,8,2,3,0.2,1.0,2001,1.3419849,2.383986
foolsgold,adaptive_evasion,11,8,2,3,0.2,1.0,2001,1.1566428,1.007982
foolsgold,adaptive_evasion,12,8,2,3,0.2,1.0,2001,1.4650424,1.4215845
foolsgold,adaptive_evasion,13,8,2,3,0.2,1.0,2001,0.9693022,1.0887684
foolsgold,adaptive_evasion,14,8,2,3,0.2,1.0,2001,1.084724,1.5025573
foolsgold,adaptive_evasion,15,8,2,3,0.2,1.0,2001,1.5225366,2.928563
foolsgold,adaptive_evasion,16,8,2,3,0.2,1.0,2001,1.4742509,1.3093146
foolsgold,adaptive_evasion,17,8,2,3,0.2,1.0,2001,1.3037856,1.2976148
foolsgold,adaptive_evasion,18,8,2,3,0.2,1.0,2001,1.4072552,1.637683
foolsgold,adaptive_evasion,19,8,2,3,0.2,1.0,2001,1.5150535,2.212579
foolsgold,adaptive_evasion,0,8,2,3,0.2,1.0,3001,1.3631084,0.01606104
foolsgold,adaptive_evasion,1,8,2,3,0.2,1.0,3001,1.1741881,0.028246578
foolsgold,adaptive_evasion,2,8,2,3,0.2,1.0,3001,1.4701931,0.07381012
foolsgold,adaptive_evasion,3,8,2,3,0.2,1.0,3001,1.5780519,0.17354071
foolsgold,adaptive_evasion,4,8,2,3,0.2,1.0,3001,0.9158195,0.24882288
foolsgold,adaptive_evasion,5,8,2,3,0.2,1.0,3001,1.4632164,1.5018461
foolsgold,adaptive_evasion,6,8,2,3,0.2,1.0,3001,1.2755696,3.3666306
foolsgold,adaptive_evasion,7,8,2,3,0.2,1.0,3001,1.5575972,1.4757402
foolsgold,adaptive_evasion,8,8,2,3,0.2,1.0,3001,1.5532346,1.6880195
foolsgold,adaptive_evasion,9,8,2,3,0.2,1.0,3001,1.5795205,2.0844266
foolsgold,adaptive_evasion,10,8,2,3,0.2,1.0,3001,1.5722096,2.7929718
foolsgold,adaptive_evasion,11,8,2,3,0.2,1.0,3001,1.4781622,1.2881771
foolsgold,adaptive_evasion,12,8,2,3,0.2,1.0,3001,1.1514702,1.1173139
foolsgold,adaptive_evasion,13,8,2,3,0.2,1.0,3001,1.3662187,1.5346047
foolsgold,adaptive_evasion,14,8,2,3,0.2,1.0,3001,1.5493119,2.1461036
foolsgold,adaptive_evasion,15,8,2,3,0.2,1.0,3001,1.3133917,1.0704223
foolsgold,adaptive_evasion,16,8,2,3,0.2,1.0,3001,0.8088804,0.71838444
foolsgold,adaptive_evasion,17,8,2,3,0.2,1.0,3001,1.3784195,1.3718954
foolsgold,adaptive_evasion,18,8,2,3,0.2,1.0,3001,1.3609514,1.5837973
foolsgold,adaptive_evasion,19,8,2,3,0.2,1.0,3001,1.2212173,1.7834616
foolsgold,adaptive_evasion,0,8,2,3,0.2,1.0,4001,1.406373,0.016570812
foolsgold,adaptive_evasion,1,8,2,3,0.2,1.0,4001,1.4582074,0.035079017
foolsgold,adaptive_evasion,2,8,2,3,0.2,1.0,4001,1.5688826,0.07876476
foolsgold,adaptive_evasion,3,8,2,3,0.2,1.0,4001,1.1943448,0.13134387
foolsgold,adaptive_evasion,4,8,2,3,0.2,1.0,4001,1.2085872,0.32836616
foolsgold,adaptive_evasion,5,8,2,3,0.2,1.0,4001,1.4078754,1.445044
foolsgold,adaptive_evasion,6,8,2,3,0.2,1.0,4001,1.407745,3.7154834
foolsgold,adaptive_evasion,7,8,2,3,0.2,1.0,4001,1.5151311,1.4355059
foolsgold,adaptive_evasion,8,8,2,3,0.2,1.0,4001,1.5752745,1.711972
foolsgold,adaptive_evasion,9,8,2,3,0.2,1.0,4001,1.2373471,1.632875
foolsgold,adaptive_evasion,10,8,2,3,0.2,1.0,4001,1.1716423,2.081379
foolsgold,adaptive_evasion,11,8,2,3,0.2,1.0,4001,1.3745346,4.176781
foolsgold,adaptive_evasion,12,8,2,3,0.2,1.0,4001,1.4215442,1.3793766
foolsgold,adaptive_evasion,13,8,2,3,0.2,1.0,4001,0.9740259,1.0940742
foolsgold,adaptive_evasion,14,8,2,3,0.2,1.0,4001,1.2977421,1.7976296
foolsgold,adaptive_evasion,15,8,2,3,0.2,1.0,4001,1.1847256,2.2787917
foolsgold,adaptive_evasion,16,8,2,3,0.2,1.0,4001,1.3984069,1.2419559
foolsgold,adaptive_evasion,17,8,2,3,0.2,1.0,4001,1.2216698,1.2158877
foolsgold,adaptive_evasion,18,8,2,3,0.2,1.0,4001,1.5885684,1.848685
foolsgold,adaptive_evasion,19,8,2,3,0.2,1.0,4001,1.3567575,1.9814041
fedavg,persistent_sybil,0,8,2,3,0.2,1.0,1,17.012531,0.20045285
fedavg,persistent_sybil,1,8,2,3,0.2,1.0,1,16.932629,0.19951138
fedavg,persistent_sybil,2,8,2,3,0.2,1.0,1,17.01689,0.2005042
fedavg,persistent_sybil,3,8,2,3,0.2,1.0,1,17.081415,0.20126449
fedavg,persistent_sybil,4,8,2,3,0.2,1.0,1,16.999651,0.20030108
fedavg,persistent_sybil,5,8,2,3,0.2,1.0,1,17.075895,0.20119944
fedavg,persistent_sybil,6,8,2,3,0.2,1.0,1,16.906866,0.19920783
fedavg,persistent_sybil,7,8,2,3,0.2,1.0,1,16.885195,0.19895248
fedavg,persistent_sybil,8,8,2,3,0.2,1.0,1,17.099262,0.20147477
fedavg,persistent_sybil,9,8,2,3,0.2,1.0,1,16.92806,0.19945756
fedavg,persistent_sybil,10,8,2,3,0.2,1.0,1,17.19645,0.20261988
fedavg,persistent_sybil,11,8,2,3,0.2,1.0,1,16.97356,0.19999366
fedavg,persistent_sybil,12,8,2,3,0.2,1.0,1,16.911606,0.19926368
fedavg,persistent_sybil,13,8,2,3,0.2,1.0,1,17.068186,0.2011086
fedavg,persistent_sybil,14,8,2,3,0.2,1.0,1,17.104067,0.20153138
fedavg,persistent_sybil,15,8,2,3,0.2,1.0,1,16.91897,0.19935045
fedavg,persistent_sybil,16,8,2,3,0.2,1.0,1,16.962631,0.1998649
fedavg,persistent_sybil,17,8,2,3,0.2,1.0,1,16.98579,0.20013776
fedavg,persistent_sybil,18,8,2,3,0.2,1.0,1,17.038263,0.20075603
fedavg,persistent_sybil,19,8,2,3,0.2,1.0,1,16.905859,0.19919597
fedavg,persistent_sybil,0,8,2,3,0.2,1.0,1001,16.926119,0.19943468
fedavg,persistent_sybil,1,8,2,3,0.2,1.0,1001,17.048243,0.20087361
fedavg,persistent_sybil,2,8,2,3,0.2,1.0,1001,16.949984,0.19971587
fedavg,persistent_sybil,3,8,2,3,0.2,1.0,1001,16.976948,0.20003358
fedavg,persistent_sybil,4,8,2,3,0.2,1.0,1001,16.88125,0.198906
fedavg,persistent_sybil,5,8,2,3,0.2,1.0,1001,17.049185,0.20088471
fedavg,persistent_sybil,6,8,2,3,0.2,1.0,1001,16.997623,0.2002772
fedavg,persistent_sybil,7,8,2,3,0.2,1.0,1001,16.885332,0.1989541
fedavg,persistent_sybil,8,8,2,3,0.2,1.0,1001,17.118654,0.20170325
fedavg,persistent_sybil,9,8,2,3,0.2,1.0,1001,17.075825,0.20119861
fedavg,persistent_sybil,10,8,2,3,0.2,1.0,1001,16.911064,0.19925728
fedavg,persistent_sybil,11,8,2,3,0.2,1.0,1001,17.053932,0.20094065
fedavg,persistent_sybil,12,8,2,3,0.2,1.0,1001,17.026289,0.20061494
fedavg,persistent_sybil,13,8,2,3,0.2,1.0,1001,17.131077,0.20184962
fedavg,persistent_sybil,14,8,2,3,0.2,1.0,1001,17.060017,0.20101234
fedavg,persistent_sybil,15,8,2,3,0.2,1.0,1001,16.900433,0.19913203
fedavg,persistent_sybil,16,8,2,3,0.2,1.0,1001,16.851702,0.19855784
fedavg,persistent_sybil,17,8,2,3,0.2,1.0,1001,17.002214,0.20033129
fedavg,persistent_sybil,18,8,2,3,0.2,1.0,1001,16.984417,0.20012158
fedavg,persistent_sybil,19,8,2,3,0.2,1.0,1001,17.002941,0.20033985
fedavg,persistent_sybil,0,8,2,3,0.2,1.0,2001,17.026028,0.20061187
fedavg,persistent_sybil,1,8,2,3,0.2,1.0,2001,16.73597,0.19719422
fedavg,persistent_sybil,2,8,2,3,0.2,1.0,2001,16.83839,0.198401
fedavg,persistent_sybil,3,8,2,3,0.2,1.0,2001,16.905746,0.19919464
fedavg,persistent_sybil,4,8,2,3,0.2,1.0,2001,17.090366,0.20136994
fedavg,persistent_sybil,5,8,2,3,0.2,1.0,2001,16.88737,0.1989781
fedavg,persistent_sybil,6,8,2,3,0.2,1.0,2001,16.952198,0.19974196
fedavg,persistent_sybil,7,8,2,3,0.2,1.0,2001,16.955162,0.19977689
fedavg,persistent_sybil,8,8,2,3,0.2,1.0,2001,17.038013,0.2007531
fedavg,persistent_sybil,9,8,2,3,0.2,1.0,2001,17.044405,0.2008284
fedavg,persistent_sybil,10,8,2,3,0.2,1.0,2001,16.917152,0.19932903
fedavg,persistent_sybil,11,8,2,3,0.2,1.0,2001,16.972807,0.19998479
fedavg,persistent_sybil,12,8,2,3,0.2,1.0,2001,17.15824,0.20216967
fedavg,persistent_sybil,13,8,2,3,0.2,1.0,2001,17.149744,0.20206958
fedavg,persistent_sybil,14,8,2,3,0.2,1.0,2001,16.88247,0.19892037
fedavg,persistent_sybil,15,8,2,3,0.2,1.0,2001,16.986656,0.20014797
fedavg,persistent_sybil,16,8,2,3,0.2,1.0,2001,16.874382,0.19882508
fedavg,persistent_sybil,17,8,2,3,0.2,1.0,2001,17.09483,0.20142254
fedavg,persistent_sybil,18,8,2,3,0.2,1.0,2001,17.0207,0.2005491
fedavg,persistent_sybil,19,8,2,3,0.2,1.0,2001,17.111414,0.20161794
fedavg,persistent_sybil,0,8,2,3,0.2,1.0,3001,16.98005,0.20007011
fedavg,persistent_sybil,1,8,2,3,0.2,1.0,3001,16.945242,0.19966
fedavg,persistent_sybil,2,8,2,3,0.2,1.0,3001,17.155369,0.20213585
fedavg,persistent_sybil,3,8,2,3,0.2,1.0,3001,16.876078,0.19884506
fedavg,persistent_sybil,4,8,2,3,0.2,1.0,3001,16.93854,0.19958103
fedavg,persistent_sybil,5,8,2,3,0.2,1.0,3001,16.951605,0.19973497
fedavg,persistent_sybil,6,8,2,3,0.2,1.0,3001,16.933462,0.1995212
fedavg,persistent_sybil,7,8,2,3,0.2,1.0,3001,16.909292,0.19923641
fedavg,persistent_sybil,8,8,2,3,0.2,1.0,3001,16.935732,0.19954795
fedavg,persistent_sybil,9,8,2,3,0.2,1.0,3001,17.04365,0.2008195
fedavg,persistent_sybil,10,8,2,3,0.2,1.0,3001,17.080673,0.20125574
fedavg,persistent_sybil,11,8,2,3,0.2,1.0,3001,16.806553,0.19802587
fedavg,persistent_sybil,12,8,2,3,0.2,1.0,3001,17.081898,0.20127016
fedavg,persistent_sybil,13,8,2,3,0.2,1.0,3001,16.898067,0.19910416
fedavg,persistent_sybil,14,8,2,3,0.2,1.0,3001,16.93225,0.19950691
fedavg,persistent_sybil,15,8,2,3,0.2,1.0,3001,16.92433,0.1994136
fedavg,persistent_sybil,16,8,2,3,0.2,1.0,3001,17.042038,0.20080051
fedavg,persistent_sybil,17,8,2,3,0.2,1.0,3001,17.168282,0.202288
fedavg,persistent_sybil,18,8,2,3,0.2,1.0,3001,17.020422,0.20054582
fedavg,persistent_sybil,19,8,2,3,0.2,1.0,3001,17.070965,0.20114134
fedavg,persistent_sybil,0,8,2,3,0.2,1.0,4001,16.940168,0.19960022
fedavg,persistent_sybil,1,8,2,3,0.2,1.0,4001,16.953426,0.19975643
fedavg,persistent_sybil,2,8,2,3,0.2,1.0,4001,16.95562,0.19978228
fedavg,persistent_sybil,3,8,2,3,0.2,1.0,4001,16.974546,0.20000528
fedavg,persistent_sybil,4,8,2,3,0.2,1.0,4001,16.964914,0.19989179
fedavg,persistent_sybil,5,8,2,3,0.2,1.0,4001,17.065178,0.20107315
fedavg,persistent_sybil,6,8,2,3,0.2,1.0,4001,16.952446,0.19974488
fedavg,persistent_sybil,7,8,2,3,0.2,1.0,4001,17.029116,0.20064825
fedavg,persistent_sybil,8,8,2,3,0.2,1.0,4001,17.049046,0.20088308
fedavg,persistent_sybil,9,8,2,3,0.2,1.0,4001,17.030855,0.20066875
fedavg,persistent_sybil,10,8,2,3,0.2,1.0,4001,16.977266,0.20003733
fedavg,persistent_sybil,11,8,2,3,0.2,1.0,4001,17.000307,0.20030881
fedavg,persistent_sybil,12,8,2,3,0.2,1.0,4001,16.984943,0.20012778
fedavg,persistent_sybil,13,8,2,3,0.2,1.0,4001,17.065851,0.2010811
fedavg,persistent_sybil,14,8,2,3,0.2,1.0,4001,16.940279,0.19960152
fedavg,persistent_sybil,15,8,2,3,0.2,1.0,4001,16.943071,0.19963442
fedavg,persistent_sybil,16,8,2,3,0.2,1.0,4001,16.95906,0.19982281
fedavg,persistent_sybil,17,8,2,3,0.2,1.0,4001,16.902973,0.19916196
fedavg,persistent_sybil,18,8,2,3,0.2,1.0,4001,17.057077,0.20097771
fedavg,persistent_sybil,19,8,2,3,0.2,1.0,4001,16.956657,0.1997945
krum,persistent_sybil,0,8,2,3,0.2,1.0,1,0.13920565,0.0016402126
krum,persistent_sybil,1,8,2,3,0.2,1.0,1,0.3879176,0.0045707007
krum,persistent_sybil,2,8,2,3,0.2,1.0,1,0.20969842,0.0024708048
krum,persistent_sybil,3,8,2,3,0.2,1.0,1,0.4022157,0.00473917
krum,persistent_sybil,4,8,2,3,0.2,1.0,1,0.3633399,0.00428111
krum,persistent_sybil,5,8,2,3,0.2,1.0,1,0.37281993,0.0043928097
krum,persistent_sybil,6,8,2,3,0.2,1.0,1,0.29438955,0.0034686914
krum,persistent_sybil,7,8,2,3,0.2,1.0,1,0.31431276,0.0037034398
krum,persistent_sybil,8,8,2,3,0.2,1.0,1,0.2603167,0.0030672227
krum,persistent_sybil,9,8,2,3,0.2,1.0,1,0.28637066,0.0033742078
krum,persistent_sybil,10,8,2,3,0.2,1.0,1,0.51315945,0.0060463827
krum,persistent_sybil,11,8,2,3,0.2,1.0,1,0.34140223,0.0040226257
krum,persistent_sybil,12,8,2,3,0.2,1.0,1,0.19943902,0.0023499217
krum,persistent_sybil,13,8,2,3,0.2,1.0,1,0.3415129,0.0040239296
krum,persistent_sybil,14,8,2,3,0.2,1.0,1,0.2785409,0.0032819523
krum,persistent_sybil,15,8,2,3,0.2,1.0,1,0.41518614,0.0048919963
krum,persistent_sybil,16,8,2,3,0.2,1.0,1,0.3948724,0.0046526464
krum,persistent_sybil,17,8,2,3,0.2,1.0,1,0.23228851,0.0027369761
krum,persistent_sybil,18,8,2,3,0.2,1.0,1,0.25847915,0.0030455715
krum,persistent_sybil,19,8,2,3,0.2,1.0,1,0.21981928,0.0025900553
krum,persistent_sybil,0,8,2,3,0.2,1.0,1001,0.16645326,0.001961262
krum,persistent_sybil,1,8,2,3,0.2,1.0,1001,0.27051345,0.0031873675
krum,persistent_sybil,2,8,2,3,0.2,1.0,1001,0.22888859,0.002696916
krum,persistent_sybil,3,8,2,3,0.2,1.0,1001,0.6076259,0.007159448
krum,persistent_sybil,4,8,2,3,0.2,1.0,1001,0.41570494,0.004898109
krum,persistent_sybil,5,8,2,3,0.2,1.0,1001,0.54728705,0.006448496
krum,persistent_sybil,6,8,2,3,0.2,1.0,1001,0.4003571,0.004717271
krum,persistent_sybil,7,8,2,3,0.2,1.0,1001,0.19864288,0.0023405412
krum,persistent_sybil,8,8,2,3,0.2,1.0,1001,0.46703863,0.0055029565
krum,persistent_sybil,9,8,2,3,0.2,1.0,1001,0.26184466,0.0030852263
krum,persistent_sybil,10,8,2,3,0.2,1.0,1001,0.2804325,0.0033042403
krum,persistent_sybil,11,8,2,3,0.2,1.0,1001,0.42490202,0.0050064754
krum,persistent_sybil,12,8,2,3,0.2,1.0,1001,0.27972367,0.0032958884
krum,persistent_sybil,13,8,2,3,0.2,1.0,1001,0.37002152,0.004359837
krum,persistent_sybil,14,8,2,3,0.2,1.0,1001,0.18068449,0.0021289436
krum,persistent_sybil,15,8,2,3,0.2,1.0,1001,0.14282694,0.0016828811
krum,persistent_sybil,16,8,2,3,0.2,1.0,1001,0.40057808,0.004719875
krum,persistent_sybil,17,8,2,3,0.2,1.0,1001,0.27728048,0.0032671012
krum,persistent_sybil,18,8,2,3,0.2,1.0,1001,0.28859493,0.0034004154
krum,persistent_sybil,19,8,2,3,0.2,1.0,1001,0.16043086,0.001890302
krum,persistent_sybil,0,8,2,3,0.2,1.0,2001,0.29126975,0.0034319318
krum,persistent_sybil,1,8,2,3,0.2,1.0,2001,0.3292758,0.003879744
krum,persistent_sybil,2,8,2,3,0.2,1.0,2001,0.34467104,0.004061141
krum,persistent_sybil,3,8,2,3,0.2,1.0,2001,0.16976169,0.0020002439
krum,persistent_sybil,4,8,2,3,0.2,1.0,2001,0.38036036,0.004481656
krum,persistent_sybil,5,8,2,3,0.2,1.0,2001,0.3990603,0.004701991
krum,persistent_sybil,6,8,2,3,0.2,1.0,2001,0.2913096,0.0034324015
krum,persistent_sybil,7,8,2,3,0.2,1.0,2001,0.2423743,0.0028558136
krum,persistent_sybil,8,8,2,3,0.2,1.0,2001,0.41956717,0.0049436167
krum,persistent_sybil,9,8,2,3,0.2,1.0,2001,0.33082277,0.0038979717
krum,persistent_sybil,10,8,2,3,0.2,1.0,2001,0.2349113,0.0027678795
krum,persistent_sybil,11,8,2,3,0.2,1.0,2001,0.101560086,0.0011966478
krum,persistent_sybil,12,8,2,3,0.2,1.0,2001,0.10289896,0.0012124233
krum,persistent_sybil,13,8,2,3,0.2,1.0,2001,0.27210334,0.0032061008
krum,persistent_sybil,14,8,2,3,0.2,1.0,2001,0.34389913,0.0040520458
krum,persistent_sybil,15,8,2,3,0.2,1.0,2001,0.21052183,0.002480507
krum,persistent_sybil,16,8,2,3,0.2,1.0,2001,0.266199,0.0031365317
krum,persistent_sybil,17,8,2,3,0.2,1.0,2001,0.13482744,0.0015886256
krum,persistent_sybil,18,8,2,3,0.2,1.0,2001,0.22355184,0.002634035
krum,persistent_sybil,19,8,2,3,0.2,1.0,2001,0.46310046,0.0054565547
krum,persistent_sybil,0,8,2,3,0.2,1.0,3001,0.31443003,0.0037048217
krum,persistent_sybil,1,8,2,3,0.2,1.0,3001,0.39238477,0.004623336
krum,persistent_sybil,2,8,2,3,0.2,1.0,3001,0.28589442,0.0033685963
krum,persistent_sybil,3,8,2,3,0.2,1.0,3001,0.3875281,0.004566111
krum,persistent_sybil,4,8,2,3,0.2,1.0,3001,0.1783196,0.0021010789
krum,persistent_sybil,5,8,2,3,0.2,1.0,3001,0.20347826,0.0023975149
krum,persistent_sybil,6,8,2,3,0.2,1.0,3001,0.26395652,0.0031101094
krum,persistent_sybil,7,8,2,3,0.2,1.0,3001,0.28944552,0.0034104376
krum,persistent_sybil,8,8,2,3,0.2,1.0,3001,0.2579448,0.0030392753
krum,persistent_sybil,9,8,2,3,0.2,1.0,3001,0.19625004,0.002312347
krum,persistent_sybil,10,8,2,3,0.2,1.0,3001,0.24041775,0.00283276
krum,persistent_sybil,11,8,2,3,0.2,1.0,3001,0.75307834,0.008873265
krum,persistent_sybil,12,8,2,3,0.2,1.0,3001,0.1466147,0.001727511
krum,persistent_sybil,13,8,2,3,0.2,1.0,3001,0.3064112,0.0036103386
krum,persistent_sybil,14,8,2,3,0.2,1.0,3001,0.4802889,0.00565908
krum,persistent_sybil,15,8,2,3,0.2,1.0,3001,0.355309,0.0041864845
krum,persistent_sybil,16,8,2,3,0.2,1.0,3001,0.3194902,0.0037644438
krum,persistent_sybil,17,8,2,3,0.2,1.0,3001,0.3595727,0.0042367224
krum,persistent_sybil,18,8,2,3,0.2,1.0,3001,0.08774578,0.0010338785
krum,persistent_sybil,19,8,2,3,0.2,1.0,3001,0.32685292,0.0038511963
krum,persistent_sybil,0,8,2,3,0.2,1.0,4001,0.44883117,0.0052884244
krum,persistent_sybil,1,8,2,3,0.2,1.0,4001,0.0701128,0.0008261152
krum,persistent_sybil,2,8,2,3,0.2,1.0,4001,0.20258364,0.002386974
krum,persistent_sybil,3,8,2,3,0.2,1.0,4001,0.30310154,0.003571342
krum,persistent_sybil,4,8,2,3,0.2,1.0,4001,0.32085848,0.003780566
krum,persistent_sybil,5,8,2,3,0.2,1.0,4001,0.41667515,0.004909541
krum,persistent_sybil,6,8,2,3,0.2,1.0,4001,0.2685083,0.0031637414
krum,persistent_sybil,7,8,2,3,0.2,1.0,4001,0.16424228,0.0019352107
krum,persistent_sybil,8,8,2,3,0.2,1.0,4001,0.48581445,0.0057241856
krum,persistent_sybil,9,8,2,3,0.2,1.0,4001,0.20409724,0.002404808
krum,persistent_sybil,10,8,2,3,0.2,1.0,4001,0.067562744,0.00079606875
krum,persistent_sybil,11,8,2,3,0.2,1.0,4001,0.20453368,0.0024099506
krum,persistent_sybil,12,8,2,3,0.2,1.0,4001,0.28902102,0.003405436
krum,persistent_sybil,13,8,2,3,0.2,1.0,4001,0.21608566,0.0025460634
krum,persistent_sybil,14,8,2,3,0.2,1.0,4001,0.31876493,0.0037558982
krum,persistent_sybil,15,8,2,3,0.2,1.0,4001,0.34230888,0.0040333085
krum,persistent_sybil,16,8,2,3,0.2,1.0,4001,0.14624308,0.0017231322
krum,persistent_sybil,17,8,2,3,0.2,1.0,4001,0.35645863,0.00420003
krum,persistent_sybil,18,8,2,3,0.2,1.0,4001,0.48746258,0.005743605
krum,persistent_sybil,19,8,2,3,0.2,1.0,4001,0.11688235,0.0013771848
dss_fedavg,persistent_sybil,0,8,2,3,0.2,1.0,1,17.012531,0.20045285
dss_fedavg,persistent_sybil,1,8,2,3,0.2,1.0,1,16.932629,0.19951138
dss_fedavg,persistent_sybil,2,8,2,3,0.2,1.0,1,17.01689,0.2005042
dss_fedavg,persistent_sybil,3,8,2,3,0.2,1.0,1,17.081415,0.20126449
dss_fedavg,persistent_sybil,4,8,2,3,0.2,1.0,1,16.999651,0.20030108
dss_fedavg,persistent_sybil,5,8,2,3,0.2,1.0,1,17.075895,0.20119944
dss_fedavg,persistent_sybil,6,8,2,3,0.2,1.0,1,16.906866,0.19920783
dss_fedavg,persistent_sybil,7,8,2,3,0.2,1.0,1,16.885195,0.19895248
dss_fedavg,persistent_sybil,8,8,2,3,0.2,1.0,1,17.099262,0.20147477
dss_fedavg,persistent_sybil,9,8,2,3,0.2,1.0,1,16.92806,0.19945756
dss_fedavg,persistent_sybil,10,8,2,3,0.2,1.0,1,17.19645,0.20261988
dss_fedavg,persistent_sybil,11,8,2,3,0.2,1.0,1,16.97356,0.19999366
dss_fedavg,persistent_sybil,12,8,2,3,0.2,1.0,1,16.911606,0.19926368
dss_fedavg,persistent_sybil,13,8,2,3,0.2,1.0,1,17.068186,0.2011086
dss_fedavg,persistent_sybil,14,8,2,3,0.2,1.0,1,17.104067,0.20153138
dss_fedavg,persistent_sybil,15,8,2,3,0.2,1.0,1,16.91897,0.19935045
dss_fedavg,persistent_sybil,16,8,2,3,0.2,1.0,1,16.962631,0.1998649
dss_fedavg,persistent_sybil,17,8,2,3,0.2,1.0,1,16.98579,0.20013776
dss_fedavg,persistent_sybil,18,8,2,3,0.2,1.0,1,17.038263,0.20075603
dss_fedavg,persistent_sybil,19,8,2,3,0.2,1.0,1,16.905859,0.19919597
dss_fedavg,persistent_sybil,0,8,2,3,0.2,1.0,1001,16.926119,0.19943468
dss_fedavg,persistent_sybil,1,8,2,3,0.2,1.0,1001,17.048243,0.20087361
dss_fedavg,persistent_sybil,2,8,2,3,0.2,1.0,1001,16.949984,0.19971587
dss_fedavg,persistent_sybil,3,8,2,3,0.2,1.0,1001,16.976948,0.20003358
dss_fedavg,persistent_sybil,4,8,2,3,0.2,1.0,1001,16.88125,0.198906
dss_fedavg,persistent_sybil,5,8,2,3,0.2,1.0,1001,17.049185,0.20088471
dss_fedavg,persistent_sybil,6,8,2,3,0.2,1.0,1001,16.997623,0.2002772
dss_fedavg,persistent_sybil,7,8,2,3,0.2,1.0,1001,16.885332,0.1989541
dss_fedavg,persistent_sybil,8,8,2,3,0.2,1.0,1001,17.118654,0.20170325
dss_fedavg,persistent_sybil,9,8,2,3,0.2,1.0,1001,17.075825,0.20119861
dss_fedavg,persistent_sybil,10,8,2,3,0.2,1.0,1001,16.911064,0.19925728
dss_fedavg,persistent_sybil,11,8,2,3,0.2,1.0,1001,17.053932,0.20094065
dss_fedavg,persistent_sybil,12,8,2,3,0.2,1.0,1001,17.026289,0.20061494
dss_fedavg,persistent_sybil,13,8,2,3,0.2,1.0,1001,17.131077,0.20184962
dss_fedavg,persistent_sybil,14,8,2,3,0.2,1.0,1001,17.060017,0.20101234
dss_fedavg,persistent_sybil,15,8,2,3,0.2,1.0,1001,16.900433,0.19913203
dss_fedavg,persistent_sybil,16,8,2,3,0.2,1.0,1001,16.851702,0.19855784
dss_fedavg,persistent_sybil,17,8,2,3,0.2,1.0,1001,17.002214,0.20033129
dss_fedavg,persistent_sybil,18,8,2,3,0.2,1.0,1001,16.984417,0.20012158
dss_fedavg,persistent_sybil,19,8,2,3,0.2,1.0,1001,17.002941,0.20033985
dss_fedavg,persistent_sybil,0,8,2,3,0.2,1.0,2001,17.026028,0.20061187
dss_fedavg,persistent_sybil,1,8,2,3,0.2,1.0,2001,16.73597,0.19719422
dss_fedavg,persistent_sybil,2,8,2,3,0.2,1.0,2001,16.83839,0.198401
dss_fedavg,persistent_sybil,3,8,2,3,0.2,1.0,2001,16.905746,0.19919464
dss_fedavg,persistent_sybil,4,8,2,3,0.2,1.0,2001,17.090366,0.20136994
dss_fedavg,persistent_sybil,5,8,2,3,0.2,1.0,2001,16.88737,0.1989781
dss_fedavg,persistent_sybil,6,8,2,3,0.2,1.0,2001,16.952198,0.19974196
dss_fedavg,persistent_sybil,7,8,2,3,0.2,1.0,2001,16.955162,0.19977689
dss_fedavg,persistent_sybil,8,8,2,3,0.2,1.0,2001,17.038013,0.2007531
dss_fedavg,persistent_sybil,9,8,2,3,0.2,1.0,2001,17.044405,0.2008284
dss_fedavg,persistent_sybil,10,8,2,3,0.2,1.0,2001,16.917152,0.19932903
dss_fedavg,persistent_sybil,11,8,2,3,0.2,1.0,2001,16.972807,0.19998479
dss_fedavg,persistent_sybil,12,8,2,3,0.2,1.0,2001,17.15824,0.20216967
dss_fedavg,persistent_sybil,13,8,2,3,0.2,1.0,2001,17.149744,0.20206958
dss_fedavg,persistent_sybil,14,8,2,3,0.2,1.0,2001,16.88247,0.19892037
dss_fedavg,persistent_sybil,15,8,2,3,0.2,1.0,2001,16.986656,0.20014797
dss_fedavg,persistent_sybil,16,8,2,3,0.2,1.0,2001,16.874382,0.19882508
dss_fedavg,persistent_sybil,17,8,2,3,0.2,1.0,2001,17.09483,0.20142254
dss_fedavg,persistent_sybil,18,8,2,3,0.2,1.0,2001,17.0207,0.2005491
dss_fedavg,persistent_sybil,19,8,2,3,0.2,1.0,2001,17.111414,0.20161794
dss_fedavg,persistent_sybil,0,8,2,3,0.2,1.0,3001,16.98005,0.20007011
dss_fedavg,persistent_sybil,1,8,2,3,0.2,1.0,3001,16.945242,0.19966
dss_fedavg,persistent_sybil,2,8,2,3,0.2,1.0,3001,17.155369,0.20213585
dss_fedavg,persistent_sybil,3,8,2,3,0.2,1.0,3001,16.876078,0.19884506
dss_fedavg,persistent_sybil,4,8,2,3,0.2,1.0,3001,16.93854,0.19958103
dss_fedavg,persistent_sybil,5,8,2,3,0.2,1.0,3001,16.951605,0.19973497
dss_fedavg,persistent_sybil,6,8,2,3,0.2,1.0,3001,16.933462,0.1995212
dss_fedavg,persistent_sybil,7,8,2,3,0.2,1.0,3001,16.909292,0.19923641
dss_fedavg,persistent_sybil,8,8,2,3,0.2,1.0,3001,16.935732,0.19954795
dss_fedavg,persistent_sybil,9,8,2,3,0.2,1.0,3001,17.04365,0.2008195
dss_fedavg,persistent_sybil,10,8,2,3,0.2,1.0,3001,17.080673,0.20125574
dss_fedavg,persistent_sybil,11,8,2,3,0.2,1.0,3001,16.806553,0.19802587
dss_fedavg,persistent_sybil,12,8,2,3,0.2,1.0,3001,17.081898,0.20127016
dss_fedavg,persistent_sybil,13,8,2,3,0.2,1.0,3001,16.898067,0.19910416
dss_fedavg,persistent_sybil,14,8,2,3,0.2,1.0,3001,16.93225,0.19950691
dss_fedavg,persistent_sybil,15,8,2,3,0.2,1.0,3001,16.92433,0.1994136
dss_fedavg,persistent_sybil,16,8,2,3,0.2,1.0,3001,17.042038,0.20080051
dss_fedavg,persistent_sybil,17,8,2,3,0.2,1.0,3001,17.168282,0.202288
dss_fedavg,persistent_sybil,18,8,2,3,0.2,1.0,3001,17.020422,0.20054582
dss_fedavg,persistent_sybil,19,8,2,3,0.2,1.0,3001,17.070965,0.20114134
dss_fedavg,persistent_sybil,0,8,2,3,0.2,1.0,4001,16.940168,0.19960022
dss_fedavg,persistent_sybil,1,8,2,3,0.2,1.0,4001,16.953426,0.19975643
dss_fedavg,persistent_sybil,2,8,2,3,0.2,1.0,4001,16.95562,0.19978228
dss_fedavg,persistent_sybil,3,8,2,3,0.2,1.0,4001,16.974546,0.20000528
dss_fedavg,persistent_sybil,4,8,2,3,0.2,1.0,4001,16.964914,0.19989179
dss_fedavg,persistent_sybil,5,8,2,3,0.2,1.0,4001,17.065178,0.20107315
dss_fedavg,persistent_sybil,6,8,2,3,0.2,1.0,4001,16.952446,0.19974488
dss_fedavg,persistent_sybil,7,8,2,3,0.2,1.0,4001,17.029116,0.20064825
dss_fedavg,persistent_sybil,8,8,2,3,0.2,1.0,4001,17.049046,0.20088308
dss_fedavg,persistent_sybil,9,8,2,3,0.2,1.0,4001,17.030855,0.20066875
dss_fedavg,persistent_sybil,10,8,2,3,0.2,1.0,4001,16.977266,0.20003733
dss_fedavg,persistent_sybil,11,8,2,3,0.2,1.0,4001,17.000307,0.20030881
dss_fedavg,persistent_sybil,12,8,2,3,0.2,1.0,4001,16.984943,0.20012778
dss_fedavg,persistent_sybil,13,8,2,3,0.2,1.0,4001,17.065851,0.2010811
dss_fedavg,persistent_sybil,14,8,2,3,0.2,1.0,4001,16.940279,0.19960152
dss_fedavg,persistent_sybil,15,8,2,3,0.2,1.0,4001,16.943071,0.19963442
dss_fedavg,persistent_sybil,16,8,2,3,0.2,1.0,4001,16.95906,0.19982281
dss_fedavg,persistent_sybil,17,8,2,3,0.2,1.0,4001,16.902973,0.19916196
dss_fedavg,persistent_sybil,18,8,2,3,0.2,1.0,4001,17.057077,0.20097771
dss_fedavg,persistent_sybil,19,8,2,3,0.2,1.0,4001,16.956657,0.1997945
flanders_fedavg,persistent_sybil,0,8,2,3,0.2,1.0,1,17.012531,0.20045285
flanders_fedavg,persistent_sybil,1,8,2,3,0.2,1.0,1,0.22226231,0.002618841
flanders_fedavg,persistent_sybil,2,8,2,3,0.2,1.0,1,24.21063,0.2852656
flanders_fedavg,persistent_sybil,3,8,2,3,0.2,1.0,1,24.368208,0.28712228
flanders_fedavg,persistent_sybil,4,8,2,3,0.2,1.0,1,24.367653,0.28711572
flanders_fedavg,persistent_sybil,5,8,2,3,0.2,1.0,1,24.41653,0.28769165
flanders_fedavg,persistent_sybil,6,8,2,3,0.2,1.0,1,24.134354,0.28436685
flanders_fedavg,persistent_sybil,7,8,2,3,0.2,1.0,1,24.16674,0.28474844
flanders_fedavg,persistent_sybil,8,8,2,3,0.2,1.0,1,24.352446,0.28693655
flanders_fedavg,persistent_sybil,9,8,2,3,0.2,1.0,1,24.210018,0.28525838
flanders_fedavg,persistent_sybil,10,8,2,3,0.2,1.0,1,24.423323,0.28777167
flanders_fedavg,persistent_sybil,11,8,2,3,0.2,1.0,1,24.285843,0.2861518
flanders_fedavg,persistent_sybil,12,8,2,3,0.2,1.0,1,24.164818,0.2847258
flanders_fedavg,persistent_sybil,13,8,2,3,0.2,1.0,1,24.27649,0.2860416
flanders_fedavg,persistent_sybil,14,8,2,3,0.2,1.0,1,24.246204,0.28568473
flanders_fedavg,persistent_sybil,15,8,2,3,0.2,1.0,1,24.248144,0.2857076
flanders_fedavg,persistent_sybil,16,8,2,3,0.2,1.0,1,24.183878,0.28495038
flanders_fedavg,persistent_sybil,17,8,2,3,0.2,1.0,1,24.306973,0.28640077
flanders_fedavg,persistent_sybil,18,8,2,3,0.2,1.0,1,24.313732,0.2864804
flanders_fedavg,persistent_sybil,19,8,2,3,0.2,1.0,1,24.202707,0.28517222
flanders_fedavg,persistent_sybil,0,8,2,3,0.2,1.0,1001,16.926119,0.19943468
flanders_fedavg,persistent_sybil,1,8,2,3,0.2,1.0,1001,0.2195696,0.0025871135
flanders_fedavg,persistent_sybil,2,8,2,3,0.2,1.0,1001,24.263374,0.28588706
flanders_fedavg,persistent_sybil,3,8,2,3,0.2,1.0,1001,24.13971,0.28442994
flanders_fedavg,persistent_sybil,4,8,2,3,0.2,1.0,1001,24.172178,0.2848125
flanders_fedavg,persistent_sybil,5,8,2,3,0.2,1.0,1001,24.295652,0.28626737
flanders_fedavg,persistent_sybil,6,8,2,3,0.2,1.0,1001,24.188467,0.28500444
flanders_fedavg,persistent_sybil,7,8,2,3,0.2,1.0,1001,24.11008,0.28408083
flanders_fedavg,persistent_sybil,8,8,2,3,0.2,1.0,1001,24.419071,0.28772157
flanders_fedavg,persistent_sybil,9,8,2,3,0.2,1.0,1001,24.438063,0.28794533
flanders_fedavg,persistent_sybil,10,8,2,3,0.2,1.0,1001,24.209108,0.28524765
flanders_fedavg,persistent_sybil,11,8,2,3,0.2,1.0,1001,24.36195,0.28704852
flanders_fedavg,persistent_sybil,12,8,2,3,0.2,1.0,1001,24.307203,0.28640348
flanders_fedavg,persistent_sybil,13,8,2,3,0.2,1.0,1001,24.482302,0.2884666
flanders_fedavg,persistent_sybil,14,8,2,3,0.2,1.0,1001,24.393612,0.28742158
flanders_fedavg,persistent_sybil,15,8,2,3,0.2,1.0,1001,24.202986,0.2851755
flanders_fedavg,persistent_sybil,16,8,2,3,0.2,1.0,1001,24.133575,0.28435767
flanders_fedavg,persistent_sybil,17,8,2,3,0.2,1.0,1001,24.360285,0.2870289
flanders_fedavg,persistent_sybil,18,8,2,3,0.2,1.0,1001,24.233934,0.28554016
flanders_fedavg,persistent_sybil,19,8,2,3,0.2,1.0,1001,24.325367,0.2866175
flanders_fedavg,persistent_sybil,0,8,2,3,0.2,1.0,2001,17.026028,0.20061187
flanders_fedavg,persistent_sybil,1,8,2,3,0.2,1.0,2001,0.38656354,0.004554746
flanders_fedavg,persistent_sybil,2,8,2,3,0.2,1.0,2001,24.132395,0.28434375
flanders_fedavg,persistent_sybil,3,8,2,3,0.2,1.0,2001,24.250626,0.28573683
flanders_fedavg,persistent_sybil,4,8,2,3,0.2,1.0,2001,24.419344,0.2877248
flanders_fedavg,persistent_sybil,5,8,2,3,0.2,1.0,2001,24.17275,0.28481928
flanders_fedavg,persistent_sybil,6,8,2,3,0.2,1.0,2001,24.176815,0.28486714
flanders_fedavg,persistent_sybil,7,8,2,3,0.2,1.0,2001,24.23575,0.28556156
flanders_fedavg,persistent_sybil,8,8,2,3,0.2,1.0,2001,24.305527,0.28638372
flanders_fedavg,persistent_sybil,9,8,2,3,0.2,1.0,2001,24.31007,0.28643724
flanders_fedavg,persistent_sybil,10,8,2,3,0.2,1.0,2001,24.211357,0.28527415
flanders_fedavg,persistent_sybil,11,8,2,3,0.2,1.0,2001,24.259348,0.28583962
flanders_fedavg,persistent_sybil,12,8,2,3,0.2,1.0,2001,24.372782,0.28717616
flanders_fedavg,persistent_sybil,13,8,2,3,0.2,1.0,2001,24.403963,0.28754357
flanders_fedavg,persistent_sybil,14,8,2,3,0.2,1.0,2001,24.237387,0.28558084
flanders_fedavg,persistent_sybil,15,8,2,3,0.2,1.0,2001,24.243608,0.28565416
flanders_fedavg,persistent_sybil,16,8,2,3,0.2,1.0,2001,24.174543,0.28484038
flanders_fedavg,persistent_sybil,17,8,2,3,0.2,1.0,2001,24.35872,0.2870105
flanders_fedavg,persistent_sybil,18,8,2,3,0.2,1.0,2001,24.263504,0.28588858
flanders_fedavg,persistent_sybil,19,8,2,3,0.2,1.0,2001,24.292868,0.28623456
flanders_fedavg,persistent_sybil,0,8,2,3,0.2,1.0,3001,16.98005,0.20007011
flanders_fedavg,persistent_sybil,1,8,2,3,0.2,1.0,3001,0.23827323,0.0028074922
flanders_fedavg,persistent_sybil,2,8,2,3,0.2,1.0,3001,24.393618,0.28742167
flanders_fedavg,persistent_sybil,3,8,2,3,0.2,1.0,3001,24.183348,0.28494412
flanders_fedavg,persistent_sybil,4,8,2,3,0.2,1.0,3001,24.1622,0.28469497
flanders_fedavg,persistent_sybil,5,8,2,3,0.2,1.0,3001,24.234035,0.28554136
flanders_fedavg,persistent_sybil,6,8,2,3,0.2,1.0,3001,24.305355,0.2863817
flanders_fedavg,persistent_sybil,7,8,2,3,0.2,1.0,3001,24.178942,0.2848922
flanders_fedavg,persistent_sybil,8,8,2,3,0.2,1.0,3001,24.223856,0.28542143
flanders_fedavg,persistent_sybil,9,8,2,3,0.2,1.0,3001,24.328077,0.28664944
flanders_fedavg,persistent_sybil,10,8,2,3,0.2,1.0,3001,24.363144,0.28706262
flanders_fedavg,persistent_sybil,11,8,2,3,0.2,1.0,3001,24.131063,0.28432807
flanders_fedavg,persistent_sybil,12,8,2,3,0.2,1.0,3001,24.4197,0.287729
flanders_fedavg,persistent_sybil,13,8,2,3,0.2,1.0,3001,24.195122,0.28508285
flanders_fedavg,persistent_sybil,14,8,2,3,0.2,1.0,3001,24.18229,0.28493166
flanders_fedavg,persistent_sybil,15,8,2,3,0.2,1.0,3001,24.294306,0.28625152
flanders_fedavg,persistent_sybil,16,8,2,3,0.2,1.0,3001,24.4586,0.28818733
flanders_fedavg,persistent_sybil,17,8,2,3,0.2,1.0,3001,24.358263,0.2870051
flanders_fedavg,persistent_sybil,18,8,2,3,0.2,1.0,3001,24.293484,0.28624183
flanders_fedavg,persistent_sybil,19,8,2,3,0.2,1.0,3001,24.20737,0.28522718
flanders_fedavg,persistent_sybil,0,8,2,3,0.2,1.0,4001,16.940168,0.19960022
flanders_fedavg,persistent_sybil,1,8,2,3,0.2,1.0,4001,0.2127703,0.0025069998
flanders_fedavg,persistent_sybil,2,8,2,3,0.2,1.0,4001,24.256485,0.28580588
flanders_fedavg,persistent_sybil,3,8,2,3,0.2,1.0,4001,24.235947,0.2855639
flanders_fedavg,persistent_sybil,4,8,2,3,0.2,1.0,4001,24.183798,0.28494942
flanders_fedavg,persistent_sybil,5,8,2,3,0.2,1.0,4001,24.359186,0.28701597
flanders_fedavg,persistent_sybil,6,8,2,3,0.2,1.0,4001,24.158764,0.28465447
flanders_fedavg,persistent_sybil,7,8,2,3,0.2,1.0,4001,24.327686,0.28664482
flanders_fedavg,persistent_sybil,8,8,2,3,0.2,1.0,4001,24.381592,0.28727996
flanders_fedavg,persistent_sybil,9,8,2,3,0.2,1.0,4001,24.285551,0.28614834
flanders_fedavg,persistent_sybil,10,8,2,3,0.2,1.0,4001,24.17017,0.28478885
flanders_fedavg,persistent_sybil,11,8,2,3,0.2,1.0,4001,24.380178,0.2872633
flanders_fedavg,persistent_sybil,12,8,2,3,0.2,1.0,4001,24.291971,0.286224
flanders_fedavg,persistent_sybil,13,8,2,3,0.2,1.0,4001,24.337057,0.28675523
flanders_fedavg,persistent_sybil,14,8,2,3,0.2,1.0,4001,24.26521,0.28590867
flanders_fedavg,persistent_sybil,15,8,2,3,0.2,1.0,4001,24.160883,0.28467944
flanders_fedavg,persistent_sybil,16,8,2,3,0.2,1.0,4001,24.282234,0.28610927
flanders_fedavg,persistent_sybil,17,8,2,3,0.2,1.0,4001,24.182053,0.28492886
flanders_fedavg,persistent_sybil,18,8,2,3,0.2,1.0,4001,24.352139,0.28693292
flanders_fedavg,persistent_sybil,19,8,2,3,0.2,1.0,4001,24.206537,0.28521734
dss_krum,persistent_sybil,0,8,2,3,0.2,1.0,1,0.13920565,0.0016402126
dss_krum,persistent_sybil,1,8,2,3,0.2,1.0,1,0.3879176,0.0045707007
dss_krum,persistent_sybil,2,8,2,3,0.2,1.0,1,0.20969842,0.0024708048
dss_krum,persistent_sybil,3,8,2,3,0.2,1.0,1,0.4022157,0.00473917
dss_krum,persistent_sybil,4,8,2,3,0.2,1.0,1,0.3633399,0.00428111
dss_krum,persistent_sybil,5,8,2,3,0.2,1.0,1,0.37281993,0.0043928097
dss_krum,persistent_sybil,6,8,2,3,0.2,1.0,1,0.29438955,0.0034686914
dss_krum,persistent_sybil,7,8,2,3,0.2,1.0,1,0.31431276,0.0037034398
dss_krum,persistent_sybil,8,8,2,3,0.2,1.0,1,0.2603167,0.0030672227
dss_krum,persistent_sybil,9,8,2,3,0.2,1.0,1,0.28637066,0.0033742078
dss_krum,persistent_sybil,10,8,2,3,0.2,1.0,1,0.51315945,0.0060463827
dss_krum,persistent_sybil,11,8,2,3,0.2,1.0,1,0.34140223,0.0040226257
dss_krum,persistent_sybil,12,8,2,3,0.2,1.0,1,0.19943902,0.0023499217
dss_krum,persistent_sybil,13,8,2,3,0.2,1.0,1,0.3415129,0.0040239296
dss_krum,persistent_sybil,14,8,2,3,0.2,1.0,1,0.2785409,0.0032819523
dss_krum,persistent_sybil,15,8,2,3,0.2,1.0,1,0.41518614,0.0048919963
dss_krum,persistent_sybil,16,8,2,3,0.2,1.0,1,0.3948724,0.0046526464
dss_krum,persistent_sybil,17,8,2,3,0.2,1.0,1,0.23228851,0.0027369761
dss_krum,persistent_sybil,18,8,2,3,0.2,1.0,1,0.25847915,0.0030455715
dss_krum,persistent_sybil,19,8,2,3,0.2,1.0,1,0.21981928,0.0025900553
dss_krum,persistent_sybil,0,8,2,3,0.2,1.0,1001,0.16645326,0.001961262
dss_krum,persistent_sybil,1,8,2,3,0.2,1.0,1001,0.27051345,0.0031873675
dss_krum,persistent_sybil,2,8,2,3,0.2,1.0,1001,0.22888859,0.002696916
dss_krum,persistent_sybil,3,8,2,3,0.2,1.0,1001,0.6076259,0.007159448
dss_krum,persistent_sybil,4,8,2,3,0.2,1.0,1001,0.41570494,0.004898109
dss_krum,persistent_sybil,5,8,2,3,0.2,1.0,1001,0.54728705,0.006448496
dss_krum,persistent_sybil,6,8,2,3,0.2,1.0,1001,0.4003571,0.004717271
dss_krum,persistent_sybil,7,8,2,3,0.2,1.0,1001,0.19864288,0.0023405412
dss_krum,persistent_sybil,8,8,2,3,0.2,1.0,1001,0.46703863,0.0055029565
dss_krum,persistent_sybil,9,8,2,3,0.2,1.0,1001,0.26184466,0.0030852263
dss_krum,persistent_sybil,10,8,2,3,0.2,1.0,1001,0.2804325,0.0033042403
dss_krum,persistent_sybil,11,8,2,3,0.2,1.0,1001,0.42490202,0.0050064754
dss_krum,persistent_sybil,12,8,2,3,0.2,1.0,1001,0.27972367,0.0032958884
dss_krum,persistent_sybil,13,8,2,3,0.2,1.0,1001,0.37002152,0.004359837
dss_krum,persistent_sybil,14,8,2,3,0.2,1.0,1001,0.18068449,0.0021289436
dss_krum,persistent_sybil,15,8,2,3,0.2,1.0,1001,0.14282694,0.0016828811
dss_krum,persistent_sybil,16,8,2,3,0.2,1.0,1001,0.40057808,0.004719875
dss_krum,persistent_sybil,17,8,2,3,0.2,1.0,1001,0.27728048,0.0032671012
dss_krum,persistent_sybil,18,8,2,3,0.2,1.0,1001,0.28859493,0.0034004154
dss_krum,persistent_sybil,19,8,2,3,0.2,1.0,1001,0.16043086,0.001890302
dss_krum,persistent_sybil,0,8,2,3,0.2,1.0,2001,0.29126975,0.0034319318
dss_krum,persistent_sybil,1,8,2,3,0.2,1.0,2001,0.3292758,0.003879744
dss_krum,persistent_sybil,2,8,2,3,0.2,1.0,2001,0.34467104,0.004061141
dss_krum,persistent_sybil,3,8,2,3,0.2,1.0,2001,0.16976169,0.0020002439
dss_krum,persistent_sybil,4,8,2,3,0.2,1.0,2001,0.38036036,0.004481656
dss_krum,persistent_sybil,5,8,2,3,0.2,1.0,2001,0.3990603,0.004701991
dss_krum,persistent_sybil,6,8,2,3,0.2,1.0,2001,0.2913096,0.0034324015
dss_krum,persistent_sybil,7,8,2,3,0.2,1.0,2001,0.2423743,0.0028558136
dss_krum,persistent_sybil,8,8,2,3,0.2,1.0,2001,0.41956717,0.0049436167
dss_krum,persistent_sybil,9,8,2,3,0.2,1.0,2001,0.33082277,0.0038979717
dss_krum,persistent_sybil,10,8,2,3,0.2,1.0,2001,0.2349113,0.0027678795
dss_krum,persistent_sybil,11,8,2,3,0.2,1.0,2001,0.101560086,0.0011966478
dss_krum,persistent_sybil,12,8,2,3,0.2,1.0,2001,0.10289896,0.0012124233
dss_krum,persistent_sybil,13,8,2,3,0.2,1.0,2001,0.27210334,0.0032061008
dss_krum,persistent_sybil,14,8,2,3,0.2,1.0,2001,0.34389913,0.0040520458
dss_krum,persistent_sybil,15,8,2,3,0.2,1.0,2001,0.21052183,0.002480507
dss_krum,persistent_sybil,16,8,2,3,0.2,1.0,2001,0.266199,0.0031365317
dss_krum,persistent_sybil,17,8,2,3,0.2,1.0,2001,0.13482744,0.0015886256
dss_krum,persistent_sybil,18,8,2,3,0.2,1.0,2001,0.22355184,0.002634035
dss_krum,persistent_sybil,19,8,2,3,0.2,1.0,2001,0.46310046,0.0054565547
dss_krum,persistent_sybil,0,8,2,3,0.2,1.0,3001,0.31443003,0.0037048217
dss_krum,persistent_sybil,1,8,2,3,0.2,1.0,3001,0.39238477,0.004623336
dss_krum,persistent_sybil,2,8,2,3,0.2,1.0,3001,0.28589442,0.0033685963
dss_krum,persistent_sybil,3,8,2,3,0.2,1.0,3001,0.3875281,0.004566111
dss_krum,persistent_sybil,4,8,2,3,0.2,1.0,3001,0.1783196,0.0021010789
dss_krum,persistent_sybil,5,8,2,3,0.2,1.0,3001,0.20347826,0.0023975149
dss_krum,persistent_sybil,6,8,2,3,0.2,1.0,3001,0.26395652,0.0031101094
dss_krum,persistent_sybil,7,8,2,3,0.2,1.0,3001,0.28944552,0.0034104376
dss_krum,persistent_sybil,8,8,2,3,0.2,1.0,3001,0.2579448,0.0030392753
dss_krum,persistent_sybil,9,8,2,3,0.2,1.0,3001,0.19625004,0.002312347
dss_krum,persistent_sybil,10,8,2,3,0.2,1.0,3001,0.24041775,0.00283276
dss_krum,persistent_sybil,11,8,2,3,0.2,1.0,3001,0.75307834,0.008873265
dss_krum,persistent_sybil,12,8,2,3,0.2,1.0,3001,0.1466147,0.001727511
dss_krum,persistent_sybil,13,8,2,3,0.2,1.0,3001,0.3064112,0.0036103386
dss_krum,persistent_sybil,14,8,2,3,0.2,1.0,3001,0.4802889,0.00565908
dss_krum,persistent_sybil,15,8,2,3,0.2,1.0,3001,0.355309,0.0041864845
dss_krum,persistent_sybil,16,8,2,3,0.2,1.0,3001,0.3194902,0.0037644438
dss_krum,persistent_sybil,17,8,2,3,0.2,1.0,3001,0.3595727,0.0042367224
dss_krum,persistent_sybil,18,8,2,3,0.2,1.0,3001,0.08774578,0.0010338785
dss_krum,persistent_sybil,19,8,2,3,0.2,1.0,3001,0.32685292,0.0038511963
dss_krum,persistent_sybil,0,8,2,3,0.2,1.0,4001,0.44883117,0.0052884244
dss_krum,persistent_sybil,1,8,2,3,0.2,1.0,4001,0.0701128,0.0008261152
dss_krum,persistent_sybil,2,8,2,3,0.2,1.0,4001,0.20258364,0.002386974
dss_krum,persistent_sybil,3,8,2,3,0.2,1.0,4001,0.30310154,0.003571342
dss_krum,persistent_sybil,4,8,2,3,0.2,1.0,4001,0.32085848,0.003780566
dss_krum,persistent_sybil,5,8,2,3,0.2,1.0,4001,0.41667515,0.004909541
dss_krum,persistent_sybil,6,8,2,3,0.2,1.0,4001,0.2685083,0.0031637414
dss_krum,persistent_sybil,7,8,2,3,0.2,1.0,4001,0.16424228,0.0019352107
dss_krum,persistent_sybil,8,8,2,3,0.2,1.0,4001,0.48581445,0.0057241856
dss_krum,persistent_sybil,9,8,2,3,0.2,1.0,4001,0.20409724,0.002404808
dss_krum,persistent_sybil,10,8,2,3,0.2,1.0,4001,0.067562744,0.00079606875
dss_krum,persistent_sybil,11,8,2,3,0.2,1.0,4001,0.20453368,0.0024099506
dss_krum,persistent_sybil,12,8,2,3,0.2,1.0,4001,0.28902102,0.003405436
dss_krum,persistent_sybil,13,8,2,3,0.2,1.0,4001,0.21608566,0.0025460634
dss_krum,persistent_sybil,14,8,2,3,0.2,1.0,4001,0.31876493,0.0037558982
dss_krum,persistent_sybil,15,8,2,3,0.2,1.0,4001,0.34230888,0.0040333085
dss_krum,persistent_sybil,16,8,2,3,0.2,1.0,4001,0.14624308,0.0017231322
dss_krum,persistent_sybil,17,8,2,3,0.2,1.0,4001,0.35645863,0.00420003
dss_krum,persistent_sybil,18,8,2,3,0.2,1.0,4001,0.48746258,0.005743605
dss_krum,persistent_sybil,19,8,2,3,0.2,1.0,4001,0.11688235,0.0013771848
flanders_krum,persistent_sybil,0,8,2,3,0.2,1.0,1,0.13920565,0.0016402126
flanders_krum,persistent_sybil,1,8,2,3,0.2,1.0,1,0.111764275,0.0013168802
flanders_krum,persistent_sybil,2,8,2,3,0.2,1.0,1,0.20969842,0.0024708048
flanders_krum,persistent_sybil,3,8,2,3,0.2,1.0,1,0.28895798,0.0034046932
flanders_krum,persistent_sybil,4,8,2,3,0.2,1.0,1,0.41408008,0.0048789643
flanders_krum,persistent_sybil,5,8,2,3,0.2,1.0,1,0.37281993,0.0043928097
flanders_krum,persistent_sybil,6,8,2,3,0.2,1.0,1,0.29438955,0.0034686914
flanders_krum,persistent_sybil,7,8,2,3,0.2,1.0,1,0.4082587,0.004810373
flanders_krum,persistent_sybil,8,8,2,3,0.2,1.0,1,0.2603167,0.0030672227
flanders_krum,persistent_sybil,9,8,2,3,0.2,1.0,1,0.28637066,0.0033742078
flanders_krum,persistent_sybil,10,8,2,3,0.2,1.0,1,0.48317188,0.005693049
flanders_krum,persistent_sybil,11,8,2,3,0.2,1.0,1,0.34140223,0.0040226257
flanders_krum,persistent_sybil,12,8,2,3,0.2,1.0,1,0.19943902,0.0023499217
flanders_krum,persistent_sybil,13,8,2,3,0.2,1.0,1,0.33904147,0.00399481
flanders_krum,persistent_sybil,14,8,2,3,0.2,1.0,1,0.2785409,0.0032819523
flanders_krum,persistent_sybil,15,8,2,3,0.2,1.0,1,0.41518614,0.0048919963
flanders_krum,persistent_sybil,16,8,2,3,0.2,1.0,1,0.3948724,0.0046526464
flanders_krum,persistent_sybil,17,8,2,3,0.2,1.0,1,0.18625809,0.0021946155
flanders_krum,persistent_sybil,18,8,2,3,0.2,1.0,1,0.31885374,0.0037569446
flanders_krum,persistent_sybil,19,8,2,3,0.2,1.0,1,0.21981928,0.0025900553
flanders_krum,persistent_sybil,0,8,2,3,0.2,1.0,1001,0.16645326,0.001961262
flanders_krum,persistent_sybil,1,8,2,3,0.2,1.0,1001,0.24568477,0.0028948197
flanders_krum,persistent_sybil,2,8,2,3,0.2,1.0,1001,0.22888859,0.002696916
flanders_krum,persistent_sybil,3,8,2,3,0.2,1.0,1001,0.6357218,0.007490493
flanders_krum,persistent_sybil,4,8,2,3,0.2,1.0,1001,0.41570494,0.004898109
flanders_krum,persistent_sybil,5,8,2,3,0.2,1.0,1001,0.54728705,0.006448496
flanders_krum,persistent_sybil,6,8,2,3,0.2,1.0,1001,0.4003571,0.004717271
flanders_krum,persistent_sybil,7,8,2,3,0.2,1.0,1001,0.32372153,0.0038143
flanders_krum,persistent_sybil,8,8,2,3,0.2,1.0,1001,0.34625244,0.004079774
flanders_krum,persistent_sybil,9,8,2,3,0.2,1.0,1001,0.587491,0.0069222054
flanders_krum,persistent_sybil,10,8,2,3,0.2,1.0,1001,0.2804325,0.0033042403
flanders_krum,persistent_sybil,11,8,2,3,0.2,1.0,1001,0.42490202,0.0050064754
flanders_krum,persistent_sybil,12,8,2,3,0.2,1.0,1001,0.1999441,0.002355873
flanders_krum,persistent_sybil,13,8,2,3,0.2,1.0,1001,0.48435685,0.005707011
flanders_krum,persistent_sybil,14,8,2,3,0.2,1.0,1001,0.18068449,0.0021289436
flanders_krum,persistent_sybil,15,8,2,3,0.2,1.0,1001,0.14282694,0.0016828811
flanders_krum,persistent_sybil,16,8,2,3,0.2,1.0,1001,0.2818254,0.0033206523
flanders_krum,persistent_sybil,17,8,2,3,0.2,1.0,1001,0.27728048,0.0032671012
flanders_krum,persistent_sybil,18,8,2,3,0.2,1.0,1001,0.53627634,0.006318761
flanders_krum,persistent_sybil,19,8,2,3,0.2,1.0,1001,0.36760324,0.0043313433
flanders_krum,persistent_sybil,0,8,2,3,0.2,1.0,2001,0.29126975,0.0034319318
flanders_krum,persistent_sybil,1,8,2,3,0.2,1.0,2001,0.3292758,0.003879744
flanders_krum,persistent_sybil,2,8,2,3,0.2,1.0,2001,0.3012571,0.0035496096
flanders_krum,persistent_sybil,3,8,2,3,0.2,1.0,2001,0.16976169,0.0020002439
flanders_krum,persistent_sybil,4,8,2,3,0.2,1.0,2001,0.38036036,0.004481656
flanders_krum,persistent_sybil,5,8,2,3,0.2,1.0,2001,0.296922,0.0034985305
flanders_krum,persistent_sybil,6,8,2,3,0.2,1.0,2001,0.2913096,0.0034324015
flanders_krum,persistent_sybil,7,8,2,3,0.2,1.0,2001,0.2423743,0.0028558136
flanders_krum,persistent_sybil,8,8,2,3,0.2,1.0,2001,0.36699915,0.0043242257
flanders_krum,persistent_sybil,9,8,2,3,0.2,1.0,2001,0.33082277,0.0038979717
flanders_krum,persistent_sybil,10,8,2,3,0.2,1.0,2001,0.2349113,0.0027678795
flanders_krum,persistent_sybil,11,8,2,3,0.2,1.0,2001,0.3527793,0.004156678
flanders_krum,persistent_sybil,12,8,2,3,0.2,1.0,2001,0.19890328,0.0023436095
flanders_krum,persistent_sybil,13,8,2,3,0.2,1.0,2001,0.28925365,0.003408177
flanders_krum,persistent_sybil,14,8,2,3,0.2,1.0,2001,0.35520282,0.0041852337
flanders_krum,persistent_sybil,15,8,2,3,0.2,1.0,2001,0.21052183,0.002480507
flanders_krum,persistent_sybil,16,8,2,3,0.2,1.0,2001,0.40509155,0.004773055
flanders_krum,persistent_sybil,17,8,2,3,0.2,1.0,2001,0.13482744,0.0015886256
flanders_krum,persistent_sybil,18,8,2,3,0.2,1.0,2001,0.29181343,0.003438338
flanders_krum,persistent_sybil,19,8,2,3,0.2,1.0,2001,0.46341237,0.0054602297
flanders_krum,persistent_sybil,0,8,2,3,0.2,1.0,3001,0.31443003,0.0037048217
flanders_krum,persistent_sybil,1,8,2,3,0.2,1.0,3001,0.39238477,0.004623336
flanders_krum,persistent_sybil,2,8,2,3,0.2,1.0,3001,0.28589442,0.0033685963
flanders_krum,persistent_sybil,3,8,2,3,0.2,1.0,3001,0.36242267,0.0042703026
flanders_krum,persistent_sybil,4,8,2,3,0.2,1.0,3001,0.1783196,0.0021010789
flanders_krum,persistent_sybil,5,8,2,3,0.2,1.0,3001,0.20347826,0.0023975149
flanders_krum,persistent_sybil,6,8,2,3,0.2,1.0,3001,0.26395652,0.0031101094
flanders_krum,persistent_sybil,7,8,2,3,0.2,1.0,3001,0.25790557,0.0030388134
flanders_krum,persistent_sybil,8,8,2,3,0.2,1.0,3001,0.2579448,0.0030392753
flanders_krum,persistent_sybil,9,8,2,3,0.2,1.0,3001,0.27765837,0.0032715537
flanders_krum,persistent_sybil,10,8,2,3,0.2,1.0,3001,0.38648745,0.00455385
flanders_krum,persistent_sybil,11,8,2,3,0.2,1.0,3001,0.5723991,0.006744383
flanders_krum,persistent_sybil,12,8,2,3,0.2,1.0,3001,0.51245487,0.0060380804
flanders_krum,persistent_sybil,13,8,2,3,0.2,1.0,3001,0.31495556,0.0037110138
flanders_krum,persistent_sybil,14,8,2,3,0.2,1.0,3001,0.33039796,0.0038929663
flanders_krum,persistent_sybil,15,8,2,3,0.2,1.0,3001,0.38229066,0.0045044003
flanders_krum,persistent_sybil,16,8,2,3,0.2,1.0,3001,0.58930445,0.006943573
flanders_krum,persistent_sybil,17,8,2,3,0.2,1.0,3001,0.3595727,0.0042367224
flanders_krum,persistent_sybil,18,8,2,3,0.2,1.0,3001,0.08774578,0.0010338785
flanders_krum,persistent_sybil,19,8,2,3,0.2,1.0,3001,0.48985687,0.0057718162
flanders_krum,persistent_sybil,0,8,2,3,0.2,1.0,4001,0.44883117,0.0052884244
flanders_krum,persistent_sybil,1,8,2,3,0.2,1.0,4001,0.0701128,0.0008261152
flanders_krum,persistent_sybil,2,8,2,3,0.2,1.0,4001,0.20258364,0.002386974
flanders_krum,persistent_sybil,3,8,2,3,0.2,1.0,4001,0.09774684,0.0011517176
flanders_krum,persistent_sybil,4,8,2,3,0.2,1.0,4001,0.32085848,0.003780566
flanders_krum,persistent_sybil,5,8,2,3,0.2,1.0,4001,0.41667515,0.004909541
flanders_krum,persistent_sybil,6,8,2,3,0.2,1.0,4001,0.18338893,0.0021608092
flanders_krum,persistent_sybil,7,8,2,3,0.2,1.0,4001,0.16424228,0.0019352107
flanders_krum,persistent_sybil,8,8,2,3,0.2,1.0,4001,0.43672892,0.005145828
flanders_krum,persistent_sybil,9,8,2,3,0.2,1.0,4001,0.20409724,0.002404808
flanders_krum,persistent_sybil,10,8,2,3,0.2,1.0,4001,0.2690337,0.0031699322
flanders_krum,persistent_sybil,11,8,2,3,0.2,1.0,4001,0.20453368,0.0024099506
flanders_krum,persistent_sybil,12,8,2,3,0.2,1.0,4001,0.28902102,0.003405436
flanders_krum,persistent_sybil,13,8,2,3,0.2,1.0,4001,0.21608566,0.0025460634
flanders_krum,persistent_sybil,14,8,2,3,0.2,1.0,4001,0.31876493,0.0037558982
flanders_krum,persistent_sybil,15,8,2,3,0.2,1.0,4001,0.29377067,0.0034613993
flanders_krum,persistent_sybil,16,8,2,3,0.2,1.0,4001,0.14624308,0.0017231322
flanders_krum,persistent_sybil,17,8,2,3,0.2,1.0,4001,0.35645863,0.00420003
flanders_krum,persistent_sybil,18,8,2,3,0.2,1.0,4001,0.48746258,0.005743605
flanders_krum,persistent_sybil,19,8,2,3,0.2,1.0,4001,0.09155932,0.0010788122
dsscoll_fedavg,persistent_sybil,0,8,2,3,0.2,1.0,1,17.012531,0.20045285
dsscoll_fedavg,persistent_sybil,1,8,2,3,0.2,1.0,1,0.59239763,0.0069800187
dsscoll_fedavg,persistent_sybil,2,8,2,3,0.2,1.0,1,0.11130519,0.0013114711
dsscoll_fedavg,persistent_sybil,3,8,2,3,0.2,1.0,1,0.19937658,0.0023491862
dsscoll_fedavg,persistent_sybil,4,8,2,3,0.2,1.0,1,0.07671593,0.0009039176
dsscoll_fedavg,persistent_sybil,5,8,2,3,0.2,1.0,1,0.24244542,0.0028566516
dsscoll_fedavg,persistent_sybil,6,8,2,3,0.2,1.0,1,0.21284139,0.0025078375
dsscoll_fedavg,persistent_sybil,7,8,2,3,0.2,1.0,1,0.36912465,0.0043492694
dsscoll_fedavg,persistent_sybil,8,8,2,3,0.2,1.0,1,0.08008444,0.00094360765
dsscoll_fedavg,persistent_sybil,9,8,2,3,0.2,1.0,1,0.3192554,0.0037616775
dsscoll_fedavg,persistent_sybil,10,8,2,3,0.2,1.0,1,0.36631358,0.004316148
dsscoll_fedavg,persistent_sybil,11,8,2,3,0.2,1.0,1,0.31966168,0.0037664643
dsscoll_fedavg,persistent_sybil,12,8,2,3,0.2,1.0,1,0.15432975,0.0018184147
dsscoll_fedavg,persistent_sybil,13,8,2,3,0.2,1.0,1,0.082504034,0.00097211683
dsscoll_fedavg,persistent_sybil,14,8,2,3,0.2,1.0,1,0.2585419,0.003046311
dsscoll_fedavg,persistent_sybil,15,8,2,3,0.2,1.0,1,0.13938996,0.0016423843
dsscoll_fedavg,persistent_sybil,16,8,2,3,0.2,1.0,1,0.20201784,0.0023803073
dsscoll_fedavg,persistent_sybil,17,8,2,3,0.2,1.0,1,0.17456363,0.0020568236
dsscoll_fedavg,persistent_sybil,18,8,2,3,0.2,1.0,1,0.24224775,0.0028543223
dsscoll_fedavg,persistent_sybil,19,8,2,3,0.2,1.0,1,0.21673664,0.0025537338
dsscoll_fedavg,persistent_sybil,0,8,2,3,0.2,1.0,1001,16.926119,0.19943468
dsscoll_fedavg,persistent_sybil,1,8,2,3,0.2,1.0,1001,0.49933648,0.005883511
dsscoll_fedavg,persistent_sybil,2,8,2,3,0.2,1.0,1001,0.1973849,0.0023257188
dsscoll_fedavg,persistent_sybil,3,8,2,3,0.2,1.0,1001,0.36850026,0.004341913
dsscoll_fedavg,persistent_sybil,4,8,2,3,0.2,1.0,1001,0.22715048,0.0026764364
dsscoll_fedavg,persistent_sybil,5,8,2,3,0.2,1.0,1001,0.42334926,0.0049881795
dsscoll_fedavg,persistent_sybil,6,8,2,3,0.2,1.0,1001,0.2185868,0.0025755337
dsscoll_fedavg,persistent_sybil,7,8,2,3,0.2,1.0,1001,0.35530004,0.004186379
dsscoll_fedavg,persistent_sybil,8,8,2,3,0.2,1.0,1001,0.4250185,0.0050078477
dsscoll_fedavg,persistent_sybil,9,8,2,3,0.2,1.0,1001,0.25323415,0.0029837715
dsscoll_fedavg,persistent_sybil,10,8,2,3,0.2,1.0,1001,0.19244774,0.002267546
dsscoll_fedavg,persistent_sybil,11,8,2,3,0.2,1.0,1001,0.14833342,0.001747762
dsscoll_fedavg,persistent_sybil,12,8,2,3,0.2,1.0,1001,0.17669316,0.002081915
dsscoll_fedavg,persistent_sybil,13,8,2,3,0.2,1.0,1001,0.46502107,0.0054791844
dsscoll_fedavg,persistent_sybil,14,8,2,3,0.2,1.0,1001,0.23491685,0.002767945
dsscoll_fedavg,persistent_sybil,15,8,2,3,0.2,1.0,1001,0.08181359,0.00096398155
dsscoll_fedavg,persistent_sybil,16,8,2,3,0.2,1.0,1001,0.25172246,0.0029659597
dsscoll_fedavg,persistent_sybil,17,8,2,3,0.2,1.0,1001,0.14822456,0.0017464794
dsscoll_fedavg,persistent_sybil,18,8,2,3,0.2,1.0,1001,0.28567165,0.0033659714
dsscoll_fedavg,persistent_sybil,19,8,2,3,0.2,1.0,1001,0.24741675,0.002915227
dsscoll_fedavg,persistent_sybil,0,8,2,3,0.2,1.0,2001,17.026028,0.20061187
dsscoll_fedavg,persistent_sybil,1,8,2,3,0.2,1.0,2001,0.27963278,0.0032948174
dsscoll_fedavg,persistent_sybil,2,8,2,3,0.2,1.0,2001,0.27812585,0.003277062
dsscoll_fedavg,persistent_sybil,3,8,2,3,0.2,1.0,2001,0.45881718,0.0054060863
dsscoll_fedavg,persistent_sybil,4,8,2,3,0.2,1.0,2001,0.40112323,0.004726298
dsscoll_fedavg,persistent_sybil,5,8,2,3,0.2,1.0,2001,0.27918172,0.0032895028
dsscoll_fedavg,persistent_sybil,6,8,2,3,0.2,1.0,2001,0.15180612,0.0017886796
dsscoll_fedavg,persistent_sybil,7,8,2,3,0.2,1.0,2001,0.044855565,0.0005285178
dsscoll_fedavg,persistent_sybil,8,8,2,3,0.2,1.0,2001,0.21305263,0.0025103264
dsscoll_fedavg,persistent_sybil,9,8,2,3,0.2,1.0,2001,0.27231523,0.0032085974
dsscoll_fedavg,persistent_sybil,10,8,2,3,0.2,1.0,2001,0.28239843,0.0033274041
dsscoll_fedavg,persistent_sybil,11,8,2,3,0.2,1.0,2001,0.081862085,0.000964553
dsscoll_fedavg,persistent_sybil,12,8,2,3,0.2,1.0,2001,0.2249067,0.0026499988
dsscoll_fedavg,persistent_sybil,13,8,2,3,0.2,1.0,2001,0.43782678,0.0051587634
dsscoll_fedavg,persistent_sybil,14,8,2,3,0.2,1.0,2001,0.287429,0.0033866777
dsscoll_fedavg,persistent_sybil,15,8,2,3,0.2,1.0,2001,0.17887208,0.0021075886
dsscoll_fedavg,persistent_sybil,16,8,2,3,0.2,1.0,2001,0.13007085,0.0015325804
dsscoll_fedavg,persistent_sybil,17,8,2,3,0.2,1.0,2001,0.4480666,0.0052794158
dsscoll_fedavg,persistent_sybil,18,8,2,3,0.2,1.0,2001,0.0928222,0.0010936923
dsscoll_fedavg,persistent_sybil,19,8,2,3,0.2,1.0,2001,0.1954744,0.002303208
dsscoll_fedavg,persistent_sybil,0,8,2,3,0.2,1.0,3001,16.98005,0.20007011
dsscoll_fedavg,persistent_sybil,1,8,2,3,0.2,1.0,3001,0.53917843,0.0063529555
dsscoll_fedavg,persistent_sybil,2,8,2,3,0.2,1.0,3001,0.42097107,0.0049601584
dsscoll_fedavg,persistent_sybil,3,8,2,3,0.2,1.0,3001,0.14604528,0.0017208017
dsscoll_fedavg,persistent_sybil,4,8,2,3,0.2,1.0,3001,0.112182036,0.0013218026
dsscoll_fedavg,persistent_sybil,5,8,2,3,0.2,1.0,3001,0.13944893,0.0016430791
dsscoll_fedavg,persistent_sybil,6,8,2,3,0.2,1.0,3001,0.39691487,0.004676712
dsscoll_fedavg,persistent_sybil,7,8,2,3,0.2,1.0,3001,0.20668256,0.00243527
dsscoll_fedavg,persistent_sybil,8,8,2,3,0.2,1.0,3001,0.23875222,0.0028131357
dsscoll_fedavg,persistent_sybil,9,8,2,3,0.2,1.0,3001,0.3521102,0.0041487943
dsscoll_fedavg,persistent_sybil,10,8,2,3,0.2,1.0,3001,0.14665121,0.0017279411
dsscoll_fedavg,persistent_sybil,11,8,2,3,0.2,1.0,3001,0.37722042,0.004444659
dsscoll_fedavg,persistent_sybil,12,8,2,3,0.2,1.0,3001,0.24833521,0.002926049
dsscoll_fedavg,persistent_sybil,13,8,2,3,0.2,1.0,3001,0.08919597,0.0010509656
dsscoll_fedavg,persistent_sybil,14,8,2,3,0.2,1.0,3001,0.36527067,0.0043038595
dsscoll_fedavg,persistent_sybil,15,8,2,3,0.2,1.0,3001,0.0783529,0.00092320546
dsscoll_fedavg,persistent_sybil,16,8,2,3,0.2,1.0,3001,0.14618476,0.001722445
dsscoll_fedavg,persistent_sybil,17,8,2,3,0.2,1.0,3001,0.1361562,0.001604282
dsscoll_fedavg,persistent_sybil,18,8,2,3,0.2,1.0,3001,0.24698201,0.0029101046
dsscoll_fedavg,persistent_sybil,19,8,2,3,0.2,1.0,3001,0.2749308,0.0032394158
dsscoll_fedavg,persistent_sybil,0,8,2,3,0.2,1.0,4001,16.940168,0.19960022
dsscoll_fedavg,persistent_sybil,1,8,2,3,0.2,1.0,4001,0.2769209,0.0032628644
dsscoll_fedavg,persistent_sybil,2,8,2,3,0.2,1.0,4001,0.24196678,0.002851012
dsscoll_fedavg,persistent_sybil,3,8,2,3,0.2,1.0,4001,0.3676008,0.0043313145
dsscoll_fedavg,persistent_sybil,4,8,2,3,0.2,1.0,4001,0.31836477,0.0037511834
dsscoll_fedavg,persistent_sybil,5,8,2,3,0.2,1.0,4001,0.29309157,0.003453398
dsscoll_fedavg,persistent_sybil,6,8,2,3,0.2,1.0,4001,0.07818885,0.0009212725
dsscoll_fedavg,persistent_sybil,7,8,2,3,0.2,1.0,4001,0.23047008,0.0027155501
dsscoll_fedavg,persistent_sybil,8,8,2,3,0.2,1.0,4001,0.32695457,0.003852394
dsscoll_fedavg,persistent_sybil,9,8,2,3,0.2,1.0,4001,0.07596383,0.0008950559
dsscoll_fedavg,persistent_sybil,10,8,2,3,0.2,1.0,4001,0.22864911,0.0026940943
dsscoll_fedavg,persistent_sybil,11,8,2,3,0.2,1.0,4001,0.1840327,0.0021683944
dsscoll_fedavg,persistent_sybil,12,8,2,3,0.2,1.0,4001,0.3351318,0.0039487435
dsscoll_fedavg,persistent_sybil,13,8,2,3,0.2,1.0,4001,0.2216401,0.0026115095
dsscoll_fedavg,persistent_sybil,14,8,2,3,0.2,1.0,4001,0.26653725,0.0031405173
dsscoll_fedavg,persistent_sybil,15,8,2,3,0.2,1.0,4001,0.2457156,0.002895183
dsscoll_fedavg,persistent_sybil,16,8,2,3,0.2,1.0,4001,0.16886123,0.0019896342
dsscoll_fedavg,persistent_sybil,17,8,2,3,0.2,1.0,4001,0.06685087,0.00078768097
dsscoll_fedavg,persistent_sybil,18,8,2,3,0.2,1.0,4001,0.17702045,0.0020857714
dsscoll_fedavg,persistent_sybil,19,8,2,3,0.2,1.0,4001,0.33914828,0.003996068
dssstab_fedavg,persistent_sybil,0,8,2,3,0.2,1.0,1,17.012531,0.20045285
dssstab_fedavg,persistent_sybil,1,8,2,3,0.2,1.0,1,16.932629,0.19951138
dssstab_fedavg,persistent_sybil,2,8,2,3,0.2,1.0,1,17.01689,0.2005042
dssstab_fedavg,persistent_sybil,3,8,2,3,0.2,1.0,1,17.081415,0.20126449
dssstab_fedavg,persistent_sybil,4,8,2,3,0.2,1.0,1,16.999651,0.20030108
dssstab_fedavg,persistent_sybil,5,8,2,3,0.2,1.0,1,17.075895,0.20119944
dssstab_fedavg,persistent_sybil,6,8,2,3,0.2,1.0,1,16.906866,0.19920783
dssstab_fedavg,persistent_sybil,7,8,2,3,0.2,1.0,1,16.885195,0.19895248
dssstab_fedavg,persistent_sybil,8,8,2,3,0.2,1.0,1,17.099262,0.20147477
dssstab_fedavg,persistent_sybil,9,8,2,3,0.2,1.0,1,16.92806,0.19945756
dssstab_fedavg,persistent_sybil,10,8,2,3,0.2,1.0,1,17.19645,0.20261988
dssstab_fedavg,persistent_sybil,11,8,2,3,0.2,1.0,1,16.97356,0.19999366
dssstab_fedavg,persistent_sybil,12,8,2,3,0.2,1.0,1,16.911606,0.19926368
dssstab_fedavg,persistent_sybil,13,8,2,3,0.2,1.0,1,17.068186,0.2011086
dssstab_fedavg,persistent_sybil,14,8,2,3,0.2,1.0,1,17.104067,0.20153138
dssstab_fedavg,persistent_sybil,15,8,2,3,0.2,1.0,1,16.91897,0.19935045
dssstab_fedavg,persistent_sybil,16,8,2,3,0.2,1.0,1,16.962631,0.1998649
dssstab_fedavg,persistent_sybil,17,8,2,3,0.2,1.0,1,16.98579,0.20013776
dssstab_fedavg,persistent_sybil,18,8,2,3,0.2,1.0,1,17.038263,0.20075603
dssstab_fedavg,persistent_sybil,19,8,2,3,0.2,1.0,1,16.905859,0.19919597
dssstab_fedavg,persistent_sybil,0,8,2,3,0.2,1.0,1001,16.926119,0.19943468
dssstab_fedavg,persistent_sybil,1,8,2,3,0.2,1.0,1001,17.048243,0.20087361
dssstab_fedavg,persistent_sybil,2,8,2,3,0.2,1.0,1001,16.949984,0.19971587
dssstab_fedavg,persistent_sybil,3,8,2,3,0.2,1.0,1001,16.976948,0.20003358
dssstab_fedavg,persistent_sybil,4,8,2,3,0.2,1.0,1001,16.88125,0.198906
dssstab_fedavg,persistent_sybil,5,8,2,3,0.2,1.0,1001,17.049185,0.20088471
dssstab_fedavg,persistent_sybil,6,8,2,3,0.2,1.0,1001,16.997623,0.2002772
dssstab_fedavg,persistent_sybil,7,8,2,3,0.2,1.0,1001,16.885332,0.1989541
dssstab_fedavg,persistent_sybil,8,8,2,3,0.2,1.0,1001,17.118654,0.20170325
dssstab_fedavg,persistent_sybil,9,8,2,3,0.2,1.0,1001,17.075825,0.20119861
dssstab_fedavg,persistent_sybil,10,8,2,3,0.2,1.0,1001,16.911064,0.19925728
dssstab_fedavg,persistent_sybil,11,8,2,3,0.2,1.0,1001,17.053932,0.20094065
dssstab_fedavg,persistent_sybil,12,8,2,3,0.2,1.0,1001,17.026289,0.20061494
dssstab_fedavg,persistent_sybil,13,8,2,3,0.2,1.0,1001,17.131077,0.20184962
dssstab_fedavg,persistent_sybil,14,8,2,3,0.2,1.0,1001,17.060017,0.20101234
dssstab_fedavg,persistent_sybil,15,8,2,3,0.2,1.0,1001,16.900433,0.19913203
dssstab_fedavg,persistent_sybil,16,8,2,3,0.2,1.0,1001,16.851702,0.19855784
dssstab_fedavg,persistent_sybil,17,8,2,3,0.2,1.0,1001,17.002214,0.20033129
dssstab_fedavg,persistent_sybil,18,8,2,3,0.2,1.0,1001,16.984417,0.20012158
dssstab_fedavg,persistent_sybil,19,8,2,3,0.2,1.0,1001,17.002941,0.20033985
dssstab_fedavg,persistent_sybil,0,8,2,3,0.2,1.0,2001,17.026028,0.20061187
dssstab_fedavg,persistent_sybil,1,8,2,3,0.2,1.0,2001,16.73597,0.19719422
dssstab_fedavg,persistent_sybil,2,8,2,3,0.2,1.0,2001,16.83839,0.198401
dssstab_fedavg,persistent_sybil,3,8,2,3,0.2,1.0,2001,16.905746,0.19919464
dssstab_fedavg,persistent_sybil,4,8,2,3,0.2,1.0,2001,17.090366,0.20136994
dssstab_fedavg,persistent_sybil,5,8,2,3,0.2,1.0,2001,16.88737,0.1989781
dssstab_fedavg,persistent_sybil,6,8,2,3,0.2,1.0,2001,16.952198,0.19974196
dssstab_fedavg,persistent_sybil,7,8,2,3,0.2,1.0,2001,16.955162,0.19977689
dssstab_fedavg,persistent_sybil,8,8,2,3,0.2,1.0,2001,17.038013,0.2007531
dssstab_fedavg,persistent_sybil,9,8,2,3,0.2,1.0,2001,17.044405,0.2008284
dssstab_fedavg,persistent_sybil,10,8,2,3,0.2,1.0,2001,16.917152,0.19932903
dssstab_fedavg,persistent_sybil,11,8,2,3,0.2,1.0,2001,16.972807,0.19998479
dssstab_fedavg,persistent_sybil,12,8,2,3,0.2,1.0,2001,17.15824,0.20216967
dssstab_fedavg,persistent_sybil,13,8,2,3,0.2,1.0,2001,17.149744,0.20206958
dssstab_fedavg,persistent_sybil,14,8,2,3,0.2,1.0,2001,16.88247,0.19892037
dssstab_fedavg,persistent_sybil,15,8,2,3,0.2,1.0,2001,16.986656,0.20014797
dssstab_fedavg,persistent_sybil,16,8,2,3,0.2,1.0,2001,16.874382,0.19882508
dssstab_fedavg,persistent_sybil,17,8,2,3,0.2,1.0,2001,17.09483,0.20142254
dssstab_fedavg,persistent_sybil,18,8,2,3,0.2,1.0,2001,17.0207,0.2005491
dssstab_fedavg,persistent_sybil,19,8,2,3,0.2,1.0,2001,17.111414,0.20161794
dssstab_fedavg,persistent_sybil,0,8,2,3,0.2,1.0,3001,16.98005,0.20007011
dssstab_fedavg,persistent_sybil,1,8,2,3,0.2,1.0,3001,16.945242,0.19966
dssstab_fedavg,persistent_sybil,2,8,2,3,0.2,1.0,3001,17.155369,0.20213585
dssstab_fedavg,persistent_sybil,3,8,2,3,0.2,1.0,3001,16.876078,0.19884506
dssstab_fedavg,persistent_sybil,4,8,2,3,0.2,1.0,3001,16.93854,0.19958103
dssstab_fedavg,persistent_sybil,5,8,2,3,0.2,1.0,3001,16.951605,0.19973497
dssstab_fedavg,persistent_sybil,6,8,2,3,0.2,1.0,3001,16.933462,0.1995212
dssstab_fedavg,persistent_sybil,7,8,2,3,0.2,1.0,3001,16.909292,0.19923641
dssstab_fedavg,persistent_sybil,8,8,2,3,0.2,1.0,3001,16.935732,0.19954795
dssstab_fedavg,persistent_sybil,9,8,2,3,0.2,1.0,3001,17.04365,0.2008195
dssstab_fedavg,persistent_sybil,10,8,2,3,0.2,1.0,3001,17.080673,0.20125574
dssstab_fedavg,persistent_sybil,11,8,2,3,0.2,1.0,3001,16.806553,0.19802587
dssstab_fedavg,persistent_sybil,12,8,2,3,0.2,1.0,3001,17.081898,0.20127016
dssstab_fedavg,persistent_sybil,13,8,2,3,0.2,1.0,3001,16.898067,0.19910416
dssstab_fedavg,persistent_sybil,14,8,2,3,0.2,1.0,3001,16.93225,0.19950691
dssstab_fedavg,persistent_sybil,15,8,2,3,0.2,1.0,3001,16.92433,0.1994136
dssstab_fedavg,persistent_sybil,16,8,2,3,0.2,1.0,3001,17.042038,0.20080051
dssstab_fedavg,persistent_sybil,17,8,2,3,0.2,1.0,3001,17.168282,0.202288
dssstab_fedavg,persistent_sybil,18,8,2,3,0.2,1.0,3001,17.020422,0.20054582
dssstab_fedavg,persistent_sybil,19,8,2,3,0.2,1.0,3001,17.070965,0.20114134
dssstab_fedavg,persistent_sybil,0,8,2,3,0.2,1.0,4001,16.940168,0.19960022
dssstab_fedavg,persistent_sybil,1,8,2,3,0.2,1.0,4001,16.953426,0.19975643
dssstab_fedavg,persistent_sybil,2,8,2,3,0.2,1.0,4001,16.95562,0.19978228
dssstab_fedavg,persistent_sybil,3,8,2,3,0.2,1.0,4001,16.974546,0.20000528
dssstab_fedavg,persistent_sybil,4,8,2,3,0.2,1.0,4001,16.964914,0.19989179
dssstab_fedavg,persistent_sybil,5,8,2,3,0.2,1.0,4001,17.065178,0.20107315
dssstab_fedavg,persistent_sybil,6,8,2,3,0.2,1.0,4001,16.952446,0.19974488
dssstab_fedavg,persistent_sybil,7,8,2,3,0.2,1.0,4001,17.029116,0.20064825
dssstab_fedavg,persistent_sybil,8,8,2,3,0.2,1.0,4001,17.049046,0.20088308
dssstab_fedavg,persistent_sybil,9,8,2,3,0.2,1.0,4001,17.030855,0.20066875
dssstab_fedavg,persistent_sybil,10,8,2,3,0.2,1.0,4001,16.977266,0.20003733
dssstab_fedavg,persistent_sybil,11,8,2,3,0.2,1.0,4001,17.000307,0.20030881
dssstab_fedavg,persistent_sybil,12,8,2,3,0.2,1.0,4001,16.984943,0.20012778
dssstab_fedavg,persistent_sybil,13,8,2,3,0.2,1.0,4001,17.065851,0.2010811
dssstab_fedavg,persistent_sybil,14,8,2,3,0.2,1.0,4001,16.940279,0.19960152
dssstab_fedavg,persistent_sybil,15,8,2,3,0.2,1.0,4001,16.943071,0.19963442
dssstab_fedavg,persistent_sybil,16,8,2,3,0.2,1.0,4001,16.95906,0.19982281
dssstab_fedavg,persistent_sybil,17,8,2,3,0.2,1.0,4001,16.902973,0.19916196
dssstab_fedavg,persistent_sybil,18,8,2,3,0.2,1.0,4001,17.057077,0.20097771
dssstab_fedavg,persistent_sybil,19,8,2,3,0.2,1.0,4001,16.956657,0.1997945
foolsgold,persistent_sybil,0,8,2,3,0.2,1.0,1,1.5534024,0.01830321
foolsgold,persistent_sybil,1,8,2,3,0.2,1.0,1,1.5178956,0.017884845
foolsgold,persistent_sybil,2,8,2,3,0.2,1.0,1,1.0781219,0.012703142
foolsgold,persistent_sybil,3,8,2,3,0.2,1.0,1,0.67308366,0.007930715
foolsgold,persistent_sybil,4,8,2,3,0.2,1.0,1,1.2668116,0.014926408
foolsgold,persistent_sybil,5,8,2,3,0.2,1.0,1,1.3487223,0.015891535
foolsgold,persistent_sybil,6,8,2,3,0.2,1.0,1,1.4874004,0.017525531
foolsgold,persistent_sybil,7,8,2,3,0.2,1.0,1,1.2021092,0.014164043
foolsgold,persistent_sybil,8,8,2,3,0.2,1.0,1,1.5959134,0.018804103
foolsgold,persistent_sybil,9,8,2,3,0.2,1.0,1,0.69215584,0.008155435
foolsgold,persistent_sybil,10,8,2,3,0.2,1.0,1,1.4812311,0.01745284
foolsgold,persistent_sybil,11,8,2,3,0.2,1.0,1,1.3333961,0.01571095
foolsgold,persistent_sybil,12,8,2,3,0.2,1.0,1,1.3309408,0.015682021
foolsgold,persistent_sybil,13,8,2,3,0.2,1.0,1,0.63847154,0.007522892
foolsgold,persistent_sybil,14,8,2,3,0.2,1.0,1,0.95658463,0.01127111
foolsgold,persistent_sybil,15,8,2,3,0.2,1.0,1,1.2712831,0.014979095
foolsgold,persistent_sybil,16,8,2,3,0.2,1.0,1,1.2077156,0.0142301
foolsgold,persistent_sybil,17,8,2,3,0.2,1.0,1,1.2315371,0.014510781
foolsgold,persistent_sybil,18,8,2,3,0.2,1.0,1,1.3745681,0.016196067
foolsgold,persistent_sybil,19,8,2,3,0.2,1.0,1,1.5529135,0.01829745
foolsgold,persistent_sybil,0,8,2,3,0.2,1.0,1001,1.5780144,0.018593205
foolsgold,persistent_sybil,1,8,2,3,0.2,1.0,1001,1.5690718,0.018487837
foolsgold,persistent_sybil,2,8,2,3,0.2,1.0,1001,1.5322478,0.018053953
foolsgold,persistent_sybil,3,8,2,3,0.2,1.0,1001,1.3221436,0.015578366
foolsgold,persistent_sybil,4,8,2,3,0.2,1.0,1001,1.5021855,0.017699739
foolsgold,persistent_sybil,5,8,2,3,0.2,1.0,1001,1.5089021,0.017778877
foolsgold,persistent_sybil,6,8,2,3,0.2,1.0,1001,1.4632568,0.017241055
foolsgold,persistent_sybil,7,8,2,3,0.2,1.0,1001,1.408589,0.016596923
foolsgold,persistent_sybil,8,8,2,3,0.2,1.0,1001,1.2168574,0.014337815
foolsgold,persistent_sybil,9,8,2,3,0.2,1.0,1001,1.2967888,0.01527962
foolsgold,persistent_sybil,10,8,2,3,0.2,1.0,1001,1.4737065,0.01736418
foolsgold,persistent_sybil,11,8,2,3,0.2,1.0,1001,1.5328261,0.018060766
foolsgold,persistent_sybil,12,8,2,3,0.2,1.0,1001,1.1883292,0.014001677
foolsgold,persistent_sybil,13,8,2,3,0.2,1.0,1001,1.4339861,0.016896168
foolsgold,persistent_sybil,14,8,2,3,0.2,1.0,1001,1.1593635,0.013660384
foolsgold,persistent_sybil,15,8,2,3,0.2,1.0,1001,1.4080242,0.016590267
foolsgold,persistent_sybil,16,8,2,3,0.2,1.0,1001,1.4211382,0.016744785
foolsgold,persistent_sybil,17,8,2,3,0.2,1.0,1001,1.3096052,0.015430631
foolsgold,persistent_sybil,18,8,2,3,0.2,1.0,1001,1.6194062,0.01908091
foolsgold,persistent_sybil,19,8,2,3,0.2,1.0,1001,1.3102963,0.015438774
foolsgold,persistent_sybil,0,8,2,3,0.2,1.0,2001,1.3495185,0.015900915
foolsgold,persistent_sybil,1,8,2,3,0.2,1.0,2001,1.1957084,0.014088623
foolsgold,persistent_sybil,2,8,2,3,0.2,1.0,2001,1.5617044,0.018401029
foolsgold,persistent_sybil,3,8,2,3,0.2,1.0,2001,1.5237736,0.017954104
foolsgold,persistent_sybil,4,8,2,3,0.2,1.0,2001,1.546558,0.018222565
foolsgold,persistent_sybil,5,8,2,3,0.2,1.0,2001,1.3540806,0.015954668
foolsgold,persistent_sybil,6,8,2,3,0.2,1.0,2001,1.2183708,0.014355646
foolsgold,persistent_sybil,7,8,2,3,0.2,1.0,2001,1.4444321,0.01701925
foolsgold,persistent_sybil,8,8,2,3,0.2,1.0,2001,1.403713,0.016539471
foolsgold,persistent_sybil,9,8,2,3,0.2,1.0,2001,1.4771779,0.017405082
foolsgold,persistent_sybil,10,8,2,3,0.2,1.0,2001,1.3419849,0.01581215
foolsgold,persistent_sybil,11,8,2,3,0.2,1.0,2001,1.1566428,0.013628327
foolsgold,persistent_sybil,12,8,2,3,0.2,1.0,2001,1.4650424,0.017262094
foolsgold,persistent_sybil,13,8,2,3,0.2,1.0,2001,0.9693022,0.011420957
foolsgold,persistent_sybil,14,8,2,3,0.2,1.0,2001,1.084724,0.012780932
foolsgold,persistent_sybil,15,8,2,3,0.2,1.0,2001,1.5226936,0.017941378
foolsgold,persistent_sybil,16,8,2,3,0.2,1.0,2001,1.4742509,0.017370595
foolsgold,persistent_sybil,17,8,2,3,0.2,1.0,2001,1.3041071,0.015365848
foolsgold,persistent_sybil,18,8,2,3,0.2,1.0,2001,1.4072552,0.016581208
foolsgold,persistent_sybil,19,8,2,3,0.2,1.0,2001,1.5150535,0.017851358
foolsgold,persistent_sybil,0,8,2,3,0.2,1.0,3001,1.3631084,0.01606104
foolsgold,persistent_sybil,1,8,2,3,0.2,1.0,3001,1.1741881,0.013835058
foolsgold,persistent_sybil,2,8,2,3,0.2,1.0,3001,1.4701931,0.017322784
foolsgold,persistent_sybil,3,8,2,3,0.2,1.0,3001,1.5780519,0.018593647
foolsgold,persistent_sybil,4,8,2,3,0.2,1.0,3001,0.9158195,0.010790789
foolsgold,persistent_sybil,5,8,2,3,0.2,1.0,3001,1.4632164,0.017240578
foolsgold,persistent_sybil,6,8,2,3,0.2,1.0,3001,1.2755512,0.015029384
foolsgold,persistent_sybil,7,8,2,3,0.2,1.0,3001,1.5576229,0.018352939
foolsgold,persistent_sybil,8,8,2,3,0.2,1.0,3001,1.5532084,0.018300923
foolsgold,persistent_sybil,9,8,2,3,0.2,1.0,3001,1.5795205,0.01861095
foolsgold,persistent_sybil,10,8,2,3,0.2,1.0,3001,1.5722096,0.018524809
foolsgold,persistent_sybil,11,8,2,3,0.2,1.0,3001,1.4781622,0.01741668
foolsgold,persistent_sybil,12,8,2,3,0.2,1.0,3001,1.1515166,0.013567926
foolsgold,persistent_sybil,13,8,2,3,0.2,1.0,3001,1.3662187,0.016097687
foolsgold,persistent_sybil,14,8,2,3,0.2,1.0,3001,1.5493119,0.018255012
foolsgold,persistent_sybil,15,8,2,3,0.2,1.0,3001,1.3133917,0.015475245
foolsgold,persistent_sybil,16,8,2,3,0.2,1.0,3001,0.80889595,0.009530945
foolsgold,persistent_sybil,17,8,2,3,0.2,1.0,3001,1.3785737,0.016243262
foolsgold,persistent_sybil,18,8,2,3,0.2,1.0,3001,1.3609352,0.016035434
foolsgold,persistent_sybil,19,8,2,3,0.2,1.0,3001,1.2212056,0.014389048
foolsgold,persistent_sybil,0,8,2,3,0.2,1.0,4001,1.406373,0.016570812
foolsgold,persistent_sybil,1,8,2,3,0.2,1.0,4001,1.4582074,0.017181559
foolsgold,persistent_sybil,2,8,2,3,0.2,1.0,4001,1.5688808,0.018485587
foolsgold,persistent_sybil,3,8,2,3,0.2,1.0,4001,1.1943448,0.014072556
foolsgold,persistent_sybil,4,8,2,3,0.2,1.0,4001,1.2085872,0.01424037
foolsgold,persistent_sybil,5,8,2,3,0.2,1.0,4001,1.4078754,0.016588515
foolsgold,persistent_sybil,6,8,2,3,0.2,1.0,4001,1.407745,0.016586978
foolsgold,persistent_sybil,7,8,2,3,0.2,1.0,4001,1.5151428,0.01785241
foolsgold,persistent_sybil,8,8,2,3,0.2,1.0,4001,1.5752745,0.018560922
foolsgold,persistent_sybil,9,8,2,3,0.2,1.0,4001,1.2373471,0.014579238
foolsgold,persistent_sybil,10,8,2,3,0.2,1.0,4001,1.1716423,0.013805061
foolsgold,persistent_sybil,11,8,2,3,0.2,1.0,4001,1.3745346,0.016195672
foolsgold,persistent_sybil,12,8,2,3,0.2,1.0,4001,1.4215442,0.01674957
foolsgold,persistent_sybil,13,8,2,3,0.2,1.0,4001,0.9740423,0.011476807
foolsgold,persistent_sybil,14,8,2,3,0.2,1.0,4001,1.2977421,0.015290852
foolsgold,persistent_sybil,15,8,2,3,0.2,1.0,4001,1.1847256,0.013959218
foolsgold,persistent_sybil,16,8,2,3,0.2,1.0,4001,1.3984069,0.01647695
foolsgold,persistent_sybil,17,8,2,3,0.2,1.0,4001,1.2216439,0.014394213
foolsgold,persistent_sybil,18,8,2,3,0.2,1.0,4001,1.5885684,0.018717559
foolsgold,persistent_sybil,19,8,2,3,0.2,1.0,4001,1.3567355,0.01598595
fedavg,correlated_sybil,0,8,2,3,0.2,1.0,1,17.001228,0.20030762
fedavg,correlated_sybil,1,8,2,3,0.2,1.0,1,16.94044,0.1995914
fedavg,correlated_sybil,2,8,2,3,0.2,1.0,1,17.039694,0.20076081
fedavg,correlated_sybil,3,8,2,3,0.2,1.0,1,17.078426,0.20121716
fedavg,correlated_sybil,4,8,2,3,0.2,1.0,1,16.986923,0.20013908
fedavg,correlated_sybil,5,8,2,3,0.2,1.0,1,17.073627,0.20116062
fedavg,correlated_sybil,6,8,2,3,0.2,1.0,1,16.905363,0.19917814
fedavg,correlated_sybil,7,8,2,3,0.2,1.0,1,16.884699,0.19893467
fedavg,correlated_sybil,8,8,2,3,0.2,1.0,1,17.109436,0.20158252
fedavg,correlated_sybil,9,8,2,3,0.2,1.0,1,16.898853,0.19910145
fedavg,correlated_sybil,10,8,2,3,0.2,1.0,1,17.201487,0.20266706
fedavg,correlated_sybil,11,8,2,3,0.2,1.0,1,16.97325,0.19997798
fedavg,correlated_sybil,12,8,2,3,0.2,1.0,1,16.906212,0.19918814
fedavg,correlated_sybil,13,8,2,3,0.2,1.0,1,17.052324,0.20090963
fedavg,correlated_sybil,14,8,2,3,0.2,1.0,1,17.130491,0.20183058
fedavg,correlated_sybil,15,8,2,3,0.2,1.0,1,16.910242,0.19923562
fedavg,correlated_sybil,16,8,2,3,0.2,1.0,1,16.990448,0.2001806
fedavg,correlated_sybil,17,8,2,3,0.2,1.0,1,16.976467,0.20001589
fedavg,correlated_sybil,18,8,2,3,0.2,1.0,1,17.029165,0.20063677
fedavg,correlated_sybil,19,8,2,3,0.2,1.0,1,16.923666,0.19939378
fedavg,correlated_sybil,0,8,2,3,0.2,1.0,1001,15.169178,0.1992976
fedavg,correlated_sybil,1,8,2,3,0.2,1.0,1001,15.290021,0.20088528
fedavg,correlated_sybil,2,8,2,3,0.2,1.0,1001,15.196883,0.19966161
fedavg,correlated_sybil,3,8,2,3,0.2,1.0,1001,15.262124,0.20051876
fedavg,correlated_sybil,4,8,2,3,0.2,1.0,1001,15.135722,0.19885805
fedavg,correlated_sybil,5,8,2,3,0.2,1.0,1001,15.264517,0.2005502
fedavg,correlated_sybil,6,8,2,3,0.2,1.0,1001,15.249547,0.20035352
fedavg,correlated_sybil,7,8,2,3,0.2,1.0,1001,15.135191,0.19885108
fedavg,correlated_sybil,8,8,2,3,0.2,1.0,1001,15.349773,0.20167033
fedavg,correlated_sybil,9,8,2,3,0.2,1.0,1001,15.335985,0.20148918
fedavg,correlated_sybil,10,8,2,3,0.2,1.0,1001,15.1651325,0.19924445
fedavg,correlated_sybil,11,8,2,3,0.2,1.0,1001,15.298729,0.20099969
fedavg,correlated_sybil,12,8,2,3,0.2,1.0,1001,15.28069,0.20076269
fedavg,correlated_sybil,13,8,2,3,0.2,1.0,1001,15.369364,0.2019277
fedavg,correlated_sybil,14,8,2,3,0.2,1.0,1001,15.305294,0.20108594
fedavg,correlated_sybil,15,8,2,3,0.2,1.0,1001,15.154365,0.19910298
fedavg,correlated_sybil,16,8,2,3,0.2,1.0,1001,15.117979,0.19862494
fedavg,correlated_sybil,17,8,2,3,0.2,1.0,1001,15.24644,0.2003127
fedavg,correlated_sybil,18,8,2,3,0.2,1.0,1001,15.227818,0.20006803
fedavg,correlated_sybil,19,8,2,3,0.2,1.0,1001,15.265967,0.20056926
fedavg,correlated_sybil,0,8,2,3,0.2,1.0,2001,18.134617,0.20052141
fedavg,correlated_sybil,1,8,2,3,0.2,1.0,2001,17.847734,0.19734924
fedavg,correlated_sybil,2,8,2,3,0.2,1.0,2001,17.953287,0.19851638
fedavg,correlated_sybil,3,8,2,3,0.2,1.0,2001,18.021648,0.19927227
fedavg,correlated_sybil,4,8,2,3,0.2,1.0,2001,18.204075,0.20128943
fedavg,correlated_sybil,5,8,2,3,0.2,1.0,2001,17.99758,0.19900614
fedavg,correlated_sybil,6,8,2,3,0.2,1.0,2001,18.064013,0.19974071
fedavg,correlated_sybil,7,8,2,3,0.2,1.0,2001,18.068995,0.1997958
fedavg,correlated_sybil,8,8,2,3,0.2,1.0,2001,18.149092,0.20068146
fedavg,correlated_sybil,9,8,2,3,0.2,1.0,2001,18.155672,0.20075423
fedavg,correlated_sybil,10,8,2,3,0.2,1.0,2001,18.02862,0.19934936
fedavg,correlated_sybil,11,8,2,3,0.2,1.0,2001,18.089472,0.20002222
fedavg,correlated_sybil,12,8,2,3,0.2,1.0,2001,18.271603,0.20203611
fedavg,correlated_sybil,13,8,2,3,0.2,1.0,2001,18.265846,0.20197247
fedavg,correlated_sybil,14,8,2,3,0.2,1.0,2001,17.999063,0.19902255
fedavg,correlated_sybil,15,8,2,3,0.2,1.0,2001,18.098152,0.20011821
fedavg,correlated_sybil,16,8,2,3,0.2,1.0,2001,17.987356,0.1988931
fedavg,correlated_sybil,17,8,2,3,0.2,1.0,2001,18.20768,0.20132929
fedavg,correlated_sybil,18,8,2,3,0.2,1.0,2001,18.135576,0.20053202
fedavg,correlated_sybil,19,8,2,3,0.2,1.0,2001,18.224901,0.20151971
fedavg,correlated_sybil,0,8,2,3,0.2,1.0,3001,16.68096,0.20018597
fedavg,correlated_sybil,1,8,2,3,0.2,1.0,3001,16.641483,0.19971222
fedavg,correlated_sybil,2,8,2,3,0.2,1.0,3001,16.84972,0.20221125
fedavg,correlated_sybil,3,8,2,3,0.2,1.0,3001,16.56544,0.19879963
fedavg,correlated_sybil,4,8,2,3,0.2,1.0,3001,16.61652,0.19941264
fedavg,correlated_sybil,5,8,2,3,0.2,1.0,3001,16.638817,0.19968022
fedavg,correlated_sybil,6,8,2,3,0.2,1.0,3001,16.644516,0.19974862
fedavg,correlated_sybil,7,8,2,3,0.2,1.0,3001,16.606634,0.199294
fedavg,correlated_sybil,8,8,2,3,0.2,1.0,3001,16.634743,0.19963133
fedavg,correlated_sybil,9,8,2,3,0.2,1.0,3001,16.750061,0.20101525
fedavg,correlated_sybil,10,8,2,3,0.2,1.0,3001,16.768883,0.20124112
fedavg,correlated_sybil,11,8,2,3,0.2,1.0,3001,16.516443,0.19821163
fedavg,correlated_sybil,12,8,2,3,0.2,1.0,3001,16.765179,0.20119667
fedavg,correlated_sybil,13,8,2,3,0.2,1.0,3001,16.593168,0.1991324
fedavg,correlated_sybil,14,8,2,3,0.2,1.0,3001,16.610582,0.19934139
fedavg,correlated_sybil,15,8,2,3,0.2,1.0,3001,16.618658,0.1994383
fedavg,correlated_sybil,16,8,2,3,0.2,1.0,3001,16.724728,0.20071122
fedavg,correlated_sybil,17,8,2,3,0.2,1.0,3001,16.860556,0.20234127
fedavg,correlated_sybil,18,8,2,3,0.2,1.0,3001,16.70609,0.20048757
fedavg,correlated_sybil,19,8,2,3,0.2,1.0,3001,16.76267,0.20116657
fedavg,correlated_sybil,0,8,2,3,0.2,1.0,4001,18.587702,0.19974273
fedavg,correlated_sybil,1,8,2,3,0.2,1.0,4001,18.6076,0.19995655
fedavg,correlated_sybil,2,8,2,3,0.2,1.0,4001,18.590824,0.19977629
fedavg,correlated_sybil,3,8,2,3,0.2,1.0,4001,18.615705,0.20004366
fedavg,correlated_sybil,4,8,2,3,0.2,1.0,4001,18.622486,0.20011653
fedavg,correlated_sybil,5,8,2,3,0.2,1.0,4001,18.677275,0.20070527
fedavg,correlated_sybil,6,8,2,3,0.2,1.0,4001,18.588537,0.1997517
fedavg,correlated_sybil,7,8,2,3,0.2,1.0,4001,18.662525,0.20054679
fedavg,correlated_sybil,8,8,2,3,0.2,1.0,4001,18.70155,0.20096613
fedavg,correlated_sybil,9,8,2,3,0.2,1.0,4001,18.66488,0.2005721
fedavg,correlated_sybil,10,8,2,3,0.2,1.0,4001,18.597273,0.19984558
fedavg,correlated_sybil,11,8,2,3,0.2,1.0,4001,18.651287,0.20042601
fedavg,correlated_sybil,12,8,2,3,0.2,1.0,4001,18.620718,0.20009753
fedavg,correlated_sybil,13,8,2,3,0.2,1.0,4001,18.707752,0.20103279
fedavg,correlated_sybil,14,8,2,3,0.2,1.0,4001,18.571213,0.19956554
fedavg,correlated_sybil,15,8,2,3,0.2,1.0,4001,18.592106,0.19979006
fedavg,correlated_sybil,16,8,2,3,0.2,1.0,4001,18.603937,0.1999172
fedavg,correlated_sybil,17,8,2,3,0.2,1.0,4001,18.547943,0.19931549
fedavg,correlated_sybil,18,8,2,3,0.2,1.0,4001,18.701704,0.2009678
fedavg,correlated_sybil,19,8,2,3,0.2,1.0,4001,18.595476,0.19982627
krum,correlated_sybil,0,8,2,3,0.2,1.0,1,0.13920565,0.001640114
krum,correlated_sybil,1,8,2,3,0.2,1.0,1,0.3879176,0.004570426
krum,correlated_sybil,2,8,2,3,0.2,1.0,1,0.20969842,0.0024706563
krum,correlated_sybil,3,8,2,3,0.2,1.0,1,0.4022157,0.004738885
krum,correlated_sybil,4,8,2,3,0.2,1.0,1,0.3633399,0.0042808526
krum,correlated_sybil,5,8,2,3,0.2,1.0,1,0.37281993,0.0043925457
krum,correlated_sybil,6,8,2,3,0.2,1.0,1,0.29438955,0.0034684828
krum,correlated_sybil,7,8,2,3,0.2,1.0,1,0.31431276,0.003703217
krum,correlated_sybil,8,8,2,3,0.2,1.0,1,0.2603167,0.0030670383
krum,correlated_sybil,9,8,2,3,0.2,1.0,1,0.28637066,0.0033740047
krum,correlated_sybil,10,8,2,3,0.2,1.0,1,0.51315945,0.006046019
krum,correlated_sybil,11,8,2,3,0.2,1.0,1,0.34140223,0.004022384
krum,correlated_sybil,12,8,2,3,0.2,1.0,1,0.19943902,0.0023497804
krum,correlated_sybil,13,8,2,3,0.2,1.0,1,0.3415129,0.004023688
krum,correlated_sybil,14,8,2,3,0.2,1.0,1,0.2785409,0.003281755
krum,correlated_sybil,15,8,2,3,0.2,1.0,1,0.41518614,0.0048917024
krum,correlated_sybil,16,8,2,3,0.2,1.0,1,0.3948724,0.004652367
krum,correlated_sybil,17,8,2,3,0.2,1.0,1,0.23228851,0.0027368115
krum,correlated_sybil,18,8,2,3,0.2,1.0,1,0.25847915,0.0030453883
krum,correlated_sybil,19,8,2,3,0.2,1.0,1,0.21981928,0.0025898996
krum,correlated_sybil,0,8,2,3,0.2,1.0,1001,0.16645326,0.0021869172
krum,correlated_sybil,1,8,2,3,0.2,1.0,1001,0.27051345,0.003554094
krum,correlated_sybil,2,8,2,3,0.2,1.0,1001,0.22888859,0.003007213
krum,correlated_sybil,3,8,2,3,0.2,1.0,1001,0.6076259,0.007983187
krum,correlated_sybil,4,8,2,3,0.2,1.0,1001,0.41570494,0.005461667
krum,correlated_sybil,5,8,2,3,0.2,1.0,1001,0.54728705,0.0071904357
krum,correlated_sybil,6,8,2,3,0.2,1.0,1001,0.4003571,0.005260022
krum,correlated_sybil,7,8,2,3,0.2,1.0,1001,0.19864288,0.002609835
krum,correlated_sybil,8,8,2,3,0.2,1.0,1001,0.46703863,0.006136106
krum,correlated_sybil,9,8,2,3,0.2,1.0,1001,0.26184466,0.0034402006
krum,correlated_sybil,10,8,2,3,0.2,1.0,1001,0.2804325,0.0036844136
krum,correlated_sybil,11,8,2,3,0.2,1.0,1001,0.42490202,0.005582501
krum,correlated_sybil,12,8,2,3,0.2,1.0,1001,0.27972367,0.0036751009
krum,correlated_sybil,13,8,2,3,0.2,1.0,1001,0.37002152,0.0048614633
krum,correlated_sybil,14,8,2,3,0.2,1.0,1001,0.18068449,0.0023738916
krum,correlated_sybil,15,8,2,3,0.2,1.0,1001,0.14282694,0.001876507
krum,correlated_sybil,16,8,2,3,0.2,1.0,1001,0.40057808,0.0052629253
krum,correlated_sybil,17,8,2,3,0.2,1.0,1001,0.27728048,0.0036430014
krum,correlated_sybil,18,8,2,3,0.2,1.0,1001,0.28859493,0.0037916542
krum,correlated_sybil,19,8,2,3,0.2,1.0,1001,0.16043086,0.002107793
krum,correlated_sybil,0,8,2,3,0.2,1.0,2001,0.29126975,0.0032206813
krum,correlated_sybil,1,8,2,3,0.2,1.0,2001,0.3292758,0.0036409285
krum,correlated_sybil,2,8,2,3,0.2,1.0,2001,0.34467104,0.0038111599
krum,correlated_sybil,3,8,2,3,0.2,1.0,2001,0.16976169,0.0018771201
krum,correlated_sybil,4,8,2,3,0.2,1.0,2001,0.38036036,0.0042057903
krum,correlated_sybil,5,8,2,3,0.2,1.0,2001,0.3990603,0.004412563
krum,correlated_sybil,6,8,2,3,0.2,1.0,2001,0.2913096,0.0032211218
krum,correlated_sybil,7,8,2,3,0.2,1.0,2001,0.2423743,0.0026800255
krum,correlated_sybil,8,8,2,3,0.2,1.0,2001,0.41956717,0.004639315
krum,correlated_sybil,9,8,2,3,0.2,1.0,2001,0.33082277,0.0036580341
krum,correlated_sybil,10,8,2,3,0.2,1.0,2001,0.2349113,0.0025975043
krum,correlated_sybil,11,8,2,3,0.2,1.0,2001,0.101560086,0.0011229888
krum,correlated_sybil,12,8,2,3,0.2,1.0,2001,0.10289896,0.0011377933
krum,correlated_sybil,13,8,2,3,0.2,1.0,2001,0.27210334,0.003008751
krum,correlated_sybil,14,8,2,3,0.2,1.0,2001,0.34389913,0.0038026245
krum,correlated_sybil,15,8,2,3,0.2,1.0,2001,0.21052183,0.0023278205
krum,correlated_sybil,16,8,2,3,0.2,1.0,2001,0.266199,0.0029434643
krum,correlated_sybil,17,8,2,3,0.2,1.0,2001,0.13482744,0.0014908386
krum,correlated_sybil,18,8,2,3,0.2,1.0,2001,0.22355184,0.0024718984
krum,correlated_sybil,19,8,2,3,0.2,1.0,2001,0.46310046,0.0051206793
krum,correlated_sybil,0,8,2,3,0.2,1.0,3001,0.31443003,0.0037734327
krum,correlated_sybil,1,8,2,3,0.2,1.0,3001,0.39238477,0.0047089574
krum,correlated_sybil,2,8,2,3,0.2,1.0,3001,0.28589442,0.0034309807
krum,correlated_sybil,3,8,2,3,0.2,1.0,3001,0.3875281,0.004650673
krum,correlated_sybil,4,8,2,3,0.2,1.0,3001,0.1783196,0.0021399898
krum,correlated_sybil,5,8,2,3,0.2,1.0,3001,0.20347826,0.0024419155
krum,correlated_sybil,6,8,2,3,0.2,1.0,3001,0.26395652,0.003167707
krum,correlated_sybil,7,8,2,3,0.2,1.0,3001,0.28944552,0.003473597
krum,correlated_sybil,8,8,2,3,0.2,1.0,3001,0.2579448,0.003095561
krum,correlated_sybil,9,8,2,3,0.2,1.0,3001,0.19625004,0.0023551704
krum,correlated_sybil,10,8,2,3,0.2,1.0,3001,0.24041775,0.0028852213
krum,correlated_sybil,11,8,2,3,0.2,1.0,3001,0.75307834,0.009037592
krum,correlated_sybil,12,8,2,3,0.2,1.0,3001,0.1466147,0.0017595035
krum,correlated_sybil,13,8,2,3,0.2,1.0,3001,0.3064112,0.0036772
krum,correlated_sybil,14,8,2,3,0.2,1.0,3001,0.4802889,0.005763883
krum,correlated_sybil,15,8,2,3,0.2,1.0,3001,0.355309,0.004264016
krum,correlated_sybil,16,8,2,3,0.2,1.0,3001,0.3194902,0.003834159
krum,correlated_sybil,17,8,2,3,0.2,1.0,3001,0.3595727,0.004315184
krum,correlated_sybil,18,8,2,3,0.2,1.0,3001,0.08774578,0.0010530254
krum,correlated_sybil,19,8,2,3,0.2,1.0,3001,0.32685292,0.0039225183
krum,correlated_sybil,0,8,2,3,0.2,1.0,4001,0.44883117,0.0048231226
krum,correlated_sybil,1,8,2,3,0.2,1.0,4001,0.0701128,0.0007534295
krum,correlated_sybil,2,8,2,3,0.2,1.0,4001,0.20258364,0.002176956
krum,correlated_sybil,3,8,2,3,0.2,1.0,4001,0.30310154,0.0032571177
krum,correlated_sybil,4,8,2,3,0.2,1.0,4001,0.32085848,0.003447933
krum,correlated_sybil,5,8,2,3,0.2,1.0,4001,0.41667515,0.0044775754
krum,correlated_sybil,6,8,2,3,0.2,1.0,4001,0.2685083,0.0028853798
krum,correlated_sybil,7,8,2,3,0.2,1.0,4001,0.16424228,0.0017649413
krum,correlated_sybil,8,8,2,3,0.2,1.0,4001,0.48581445,0.0052205436
krum,correlated_sybil,9,8,2,3,0.2,1.0,4001,0.20409724,0.0021932211
krum,correlated_sybil,10,8,2,3,0.2,1.0,4001,0.067562744,0.00072602666
krum,correlated_sybil,11,8,2,3,0.2,1.0,4001,0.20453368,0.002197911
krum,correlated_sybil,12,8,2,3,0.2,1.0,4001,0.28902102,0.0031058087
krum,correlated_sybil,13,8,2,3,0.2,1.0,4001,0.21608566,0.0023220482
krum,correlated_sybil,14,8,2,3,0.2,1.0,4001,0.31876493,0.0034254356
krum,correlated_sybil,15,8,2,3,0.2,1.0,4001,0.34230888,0.0036784383
krum,correlated_sybil,16,8,2,3,0.2,1.0,4001,0.14624308,0.0015715226
krum,correlated_sybil,17,8,2,3,0.2,1.0,4001,0.35645863,0.0038304909
krum,correlated_sybil,18,8,2,3,0.2,1.0,4001,0.48746258,0.005238254
krum,correlated_sybil,19,8,2,3,0.2,1.0,4001,0.11688235,0.0012560133
dss_fedavg,correlated_sybil,0,8,2,3,0.2,1.0,1,17.001228,0.20030762
dss_fedavg,correlated_sybil,1,8,2,3,0.2,1.0,1,16.94044,0.1995914
dss_fedavg,correlated_sybil,2,8,2,3,0.2,1.0,1,17.039694,0.20076081
dss_fedavg,correlated_sybil,3,8,2,3,0.2,1.0,1,17.078426,0.20121716
dss_fedavg,correlated_sybil,4,8,2,3,0.2,1.0,1,16.986923,0.20013908
dss_fedavg,correlated_sybil,5,8,2,3,0.2,1.0,1,17.073627,0.20116062
dss_fedavg,correlated_sybil,6,8,2,3,0.2,1.0,1,16.905363,0.19917814
dss_fedavg,correlated_sybil,7,8,2,3,0.2,1.0,1,16.884699,0.19893467
dss_fedavg,correlated_sybil,8,8,2,3,0.2,1.0,1,17.109436,0.20158252
dss_fedavg,correlated_sybil,9,8,2,3,0.2,1.0,1,16.898853,0.19910145
dss_fedavg,correlated_sybil,10,8,2,3,0.2,1.0,1,17.201487,0.20266706
dss_fedavg,correlated_sybil,11,8,2,3,0.2,1.0,1,16.97325,0.19997798
dss_fedavg,correlated_sybil,12,8,2,3,0.2,1.0,1,16.906212,0.19918814
dss_fedavg,correlated_sybil,13,8,2,3,0.2,1.0,1,17.052324,0.20090963
dss_fedavg,correlated_sybil,14,8,2,3,0.2,1.0,1,17.130491,0.20183058
dss_fedavg,correlated_sybil,15,8,2,3,0.2,1.0,1,16.910242,0.19923562
dss_fedavg,correlated_sybil,16,8,2,3,0.2,1.0,1,16.990448,0.2001806
dss_fedavg,correlated_sybil,17,8,2,3,0.2,1.0,1,16.976467,0.20001589
dss_fedavg,correlated_sybil,18,8,2,3,0.2,1.0,1,17.029165,0.20063677
dss_fedavg,correlated_sybil,19,8,2,3,0.2,1.0,1,16.923666,0.19939378
dss_fedavg,correlated_sybil,0,8,2,3,0.2,1.0,1001,15.169178,0.1992976
dss_fedavg,correlated_sybil,1,8,2,3,0.2,1.0,1001,15.290021,0.20088528
dss_fedavg,correlated_sybil,2,8,2,3,0.2,1.0,1001,15.196883,0.19966161
dss_fedavg,correlated_sybil,3,8,2,3,0.2,1.0,1001,15.262124,0.20051876
dss_fedavg,correlated_sybil,4,8,2,3,0.2,1.0,1001,15.135722,0.19885805
dss_fedavg,correlated_sybil,5,8,2,3,0.2,1.0,1001,15.264517,0.2005502
dss_fedavg,correlated_sybil,6,8,2,3,0.2,1.0,1001,15.249547,0.20035352
dss_fedavg,correlated_sybil,7,8,2,3,0.2,1.0,1001,15.135191,0.19885108
dss_fedavg,correlated_sybil,8,8,2,3,0.2,1.0,1001,15.349773,0.20167033
dss_fedavg,correlated_sybil,9,8,2,3,0.2,1.0,1001,15.335985,0.20148918
dss_fedavg,correlated_sybil,10,8,2,3,0.2,1.0,1001,15.1651325,0.19924445
dss_fedavg,correlated_sybil,11,8,2,3,0.2,1.0,1001,15.298729,0.20099969
dss_fedavg,correlated_sybil,12,8,2,3,0.2,1.0,1001,15.28069,0.20076269
dss_fedavg,correlated_sybil,13,8,2,3,0.2,1.0,1001,15.369364,0.2019277
dss_fedavg,correlated_sybil,14,8,2,3,0.2,1.0,1001,15.305294,0.20108594
dss_fedavg,correlated_sybil,15,8,2,3,0.2,1.0,1001,15.154365,0.19910298
dss_fedavg,correlated_sybil,16,8,2,3,0.2,1.0,1001,15.117979,0.19862494
dss_fedavg,correlated_sybil,17,8,2,3,0.2,1.0,1001,15.24644,0.2003127
dss_fedavg,correlated_sybil,18,8,2,3,0.2,1.0,1001,15.227818,0.20006803
dss_fedavg,correlated_sybil,19,8,2,3,0.2,1.0,1001,15.265967,0.20056926
dss_fedavg,correlated_sybil,0,8,2,3,0.2,1.0,2001,18.134617,0.20052141
dss_fedavg,correlated_sybil,1,8,2,3,0.2,1.0,2001,17.847734,0.19734924
dss_fedavg,correlated_sybil,2,8,2,3,0.2,1.0,2001,17.953287,0.19851638
dss_fedavg,correlated_sybil,3,8,2,3,0.2,1.0,2001,18.021648,0.19927227
dss_fedavg,correlated_sybil,4,8,2,3,0.2,1.0,2001,18.204075,0.20128943
dss_fedavg,correlated_sybil,5,8,2,3,0.2,1.0,2001,17.99758,0.19900614
dss_fedavg,correlated_sybil,6,8,2,3,0.2,1.0,2001,18.064013,0.19974071
dss_fedavg,correlated_sybil,7,8,2,3,0.2,1.0,2001,18.068995,0.1997958
dss_fedavg,correlated_sybil,8,8,2,3,0.2,1.0,2001,18.149092,0.20068146
dss_fedavg,correlated_sybil,9,8,2,3,0.2,1.0,2001,18.155672,0.20075423
dss_fedavg,correlated_sybil,10,8,2,3,0.2,1.0,2001,18.02862,0.19934936
dss_fedavg,correlated_sybil,11,8,2,3,0.2,1.0,2001,18.089472,0.20002222
dss_fedavg,correlated_sybil,12,8,2,3,0.2,1.0,2001,18.271603,0.20203611
dss_fedavg,correlated_sybil,13,8,2,3,0.2,1.0,2001,18.265846,0.20197247
dss_fedavg,correlated_sybil,14,8,2,3,0.2,1.0,2001,17.999063,0.19902255
dss_fedavg,correlated_sybil,15,8,2,3,0.2,1.0,2001,18.098152,0.20011821
dss_fedavg,correlated_sybil,16,8,2,3,0.2,1.0,2001,17.987356,0.1988931
dss_fedavg,correlated_sybil,17,8,2,3,0.2,1.0,2001,18.20768,0.20132929
dss_fedavg,correlated_sybil,18,8,2,3,0.2,1.0,2001,18.135576,0.20053202
dss_fedavg,correlated_sybil,19,8,2,3,0.2,1.0,2001,18.224901,0.20151971
dss_fedavg,correlated_sybil,0,8,2,3,0.2,1.0,3001,16.68096,0.20018597
dss_fedavg,correlated_sybil,1,8,2,3,0.2,1.0,3001,16.641483,0.19971222
dss_fedavg,correlated_sybil,2,8,2,3,0.2,1.0,3001,16.84972,0.20221125
dss_fedavg,correlated_sybil,3,8,2,3,0.2,1.0,3001,16.56544,0.19879963
dss_fedavg,correlated_sybil,4,8,2,3,0.2,1.0,3001,16.61652,0.19941264
dss_fedavg,correlated_sybil,5,8,2,3,0.2,1.0,3001,16.638817,0.19968022
dss_fedavg,correlated_sybil,6,8,2,3,0.2,1.0,3001,16.644516,0.19974862
dss_fedavg,correlated_sybil,7,8,2,3,0.2,1.0,3001,16.606634,0.199294
dss_fedavg,correlated_sybil,8,8,2,3,0.2,1.0,3001,16.634743,0.19963133
dss_fedavg,correlated_sybil,9,8,2,3,0.2,1.0,3001,16.750061,0.20101525
dss_fedavg,correlated_sybil,10,8,2,3,0.2,1.0,3001,16.768883,0.20124112
dss_fedavg,correlated_sybil,11,8,2,3,0.2,1.0,3001,16.516443,0.19821163
dss_fedavg,correlated_sybil,12,8,2,3,0.2,1.0,3001,16.765179,0.20119667
dss_fedavg,correlated_sybil,13,8,2,3,0.2,1.0,3001,16.593168,0.1991324
dss_fedavg,correlated_sybil,14,8,2,3,0.2,1.0,3001,16.610582,0.19934139
dss_fedavg,correlated_sybil,15,8,2,3,0.2,1.0,3001,16.618658,0.1994383
dss_fedavg,correlated_sybil,16,8,2,3,0.2,1.0,3001,16.724728,0.20071122
dss_fedavg,correlated_sybil,17,8,2,3,0.2,1.0,3001,16.860556,0.20234127
dss_fedavg,correlated_sybil,18,8,2,3,0.2,1.0,3001,16.70609,0.20048757
dss_fedavg,correlated_sybil,19,8,2,3,0.2,1.0,3001,16.76267,0.20116657
dss_fedavg,correlated_sybil,0,8,2,3,0.2,1.0,4001,18.587702,0.19974273
dss_fedavg,correlated_sybil,1,8,2,3,0.2,1.0,4001,18.6076,0.19995655
dss_fedavg,correlated_sybil,2,8,2,3,0.2,1.0,4001,18.590824,0.19977629
dss_fedavg,correlated_sybil,3,8,2,3,0.2,1.0,4001,18.615705,0.20004366
dss_fedavg,correlated_sybil,4,8,2,3,0.2,1.0,4001,18.622486,0.20011653
dss_fedavg,correlated_sybil,5,8,2,3,0.2,1.0,4001,18.677275,0.20070527
dss_fedavg,correlated_sybil,6,8,2,3,0.2,1.0,4001,18.588537,0.1997517
dss_fedavg,correlated_sybil,7,8,2,3,0.2,1.0,4001,18.662525,0.20054679
dss_fedavg,correlated_sybil,8,8,2,3,0.2,1.0,4001,18.70155,0.20096613
dss_fedavg,correlated_sybil,9,8,2,3,0.2,1.0,4001,18.66488,0.2005721
dss_fedavg,correlated_sybil,10,8,2,3,0.2,1.0,4001,18.597273,0.19984558
dss_fedavg,correlated_sybil,11,8,2,3,0.2,1.0,4001,18.651287,0.20042601
dss_fedavg,correlated_sybil,12,8,2,3,0.2,1.0,4001,18.620718,0.20009753
dss_fedavg,correlated_sybil,13,8,2,3,0.2,1.0,4001,18.707752,0.20103279
dss_fedavg,correlated_sybil,14,8,2,3,0.2,1.0,4001,18.571213,0.19956554
dss_fedavg,correlated_sybil,15,8,2,3,0.2,1.0,4001,18.592106,0.19979006
dss_fedavg,correlated_sybil,16,8,2,3,0.2,1.0,4001,18.603937,0.1999172
dss_fedavg,correlated_sybil,17,8,2,3,0.2,1.0,4001,18.547943,0.19931549
dss_fedavg,correlated_sybil,18,8,2,3,0.2,1.0,4001,18.701704,0.2009678
dss_fedavg,correlated_sybil,19,8,2,3,0.2,1.0,4001,18.595476,0.19982627
flanders_fedavg,correlated_sybil,0,8,2,3,0.2,1.0,1,17.001228,0.20030762
flanders_fedavg,correlated_sybil,1,8,2,3,0.2,1.0,1,0.22226231,0.0026186833
flanders_fedavg,correlated_sybil,2,8,2,3,0.2,1.0,1,24.219662,0.28535485
flanders_fedavg,correlated_sybil,3,8,2,3,0.2,1.0,1,24.289885,0.2861822
flanders_fedavg,correlated_sybil,4,8,2,3,0.2,1.0,1,24.223118,0.28539556
flanders_fedavg,correlated_sybil,5,8,2,3,0.2,1.0,1,24.34643,0.28684843
flanders_fedavg,correlated_sybil,6,8,2,3,0.2,1.0,1,24.149828,0.28453207
flanders_fedavg,correlated_sybil,7,8,2,3,0.2,1.0,1,24.260954,0.28584135
flanders_fedavg,correlated_sybil,8,8,2,3,0.2,1.0,1,24.48592,0.28849187
flanders_fedavg,correlated_sybil,9,8,2,3,0.2,1.0,1,24.116613,0.28414074
flanders_fedavg,correlated_sybil,10,8,2,3,0.2,1.0,1,24.494923,0.28859794
flanders_fedavg,correlated_sybil,11,8,2,3,0.2,1.0,1,24.209087,0.28523025
flanders_fedavg,correlated_sybil,12,8,2,3,0.2,1.0,1,24.22834,0.28545707
flanders_fedavg,correlated_sybil,13,8,2,3,0.2,1.0,1,24.35137,0.28690663
flanders_fedavg,correlated_sybil,14,8,2,3,0.2,1.0,1,24.402435,0.28750828
flanders_fedavg,correlated_sybil,15,8,2,3,0.2,1.0,1,24.232695,0.2855084
flanders_fedavg,correlated_sybil,16,8,2,3,0.2,1.0,1,24.237278,0.2855624
flanders_fedavg,correlated_sybil,17,8,2,3,0.2,1.0,1,24.226498,0.28543538
flanders_fedavg,correlated_sybil,18,8,2,3,0.2,1.0,1,24.269756,0.28594506
flanders_fedavg,correlated_sybil,19,8,2,3,0.2,1.0,1,24.238379,0.28557536
flanders_fedavg,correlated_sybil,0,8,2,3,0.2,1.0,1001,15.169178,0.1992976
flanders_fedavg,correlated_sybil,1,8,2,3,0.2,1.0,1001,0.2195696,0.0028847768
flanders_fedavg,correlated_sybil,2,8,2,3,0.2,1.0,1001,21.712883,0.28527093
flanders_fedavg,correlated_sybil,3,8,2,3,0.2,1.0,1001,21.7745,0.28608048
flanders_fedavg,correlated_sybil,4,8,2,3,0.2,1.0,1001,21.70494,0.2851666
flanders_fedavg,correlated_sybil,5,8,2,3,0.2,1.0,1001,21.796064,0.2863638
flanders_fedavg,correlated_sybil,6,8,2,3,0.2,1.0,1001,21.77398,0.28607363
flanders_fedavg,correlated_sybil,7,8,2,3,0.2,1.0,1001,21.682764,0.2848752
flanders_fedavg,correlated_sybil,8,8,2,3,0.2,1.0,1001,21.8284,0.28678864
flanders_fedavg,correlated_sybil,9,8,2,3,0.2,1.0,1001,21.873848,0.28738573
flanders_fedavg,correlated_sybil,10,8,2,3,0.2,1.0,1001,21.60013,0.28378955
flanders_fedavg,correlated_sybil,11,8,2,3,0.2,1.0,1001,21.81539,0.2866177
flanders_fedavg,correlated_sybil,12,8,2,3,0.2,1.0,1001,21.780563,0.28616014
flanders_fedavg,correlated_sybil,13,8,2,3,0.2,1.0,1001,21.944265,0.28831092
flanders_fedavg,correlated_sybil,14,8,2,3,0.2,1.0,1001,21.881535,0.28748673
flanders_fedavg,correlated_sybil,15,8,2,3,0.2,1.0,1001,21.708685,0.28521577
flanders_fedavg,correlated_sybil,16,8,2,3,0.2,1.0,1001,21.704609,0.28516224
flanders_fedavg,correlated_sybil,17,8,2,3,0.2,1.0,1001,21.757603,0.28585848
flanders_fedavg,correlated_sybil,18,8,2,3,0.2,1.0,1001,21.781584,0.28617355
flanders_fedavg,correlated_sybil,19,8,2,3,0.2,1.0,1001,21.84732,0.28703722
flanders_fedavg,correlated_sybil,0,8,2,3,0.2,1.0,2001,18.134617,0.20052141
flanders_fedavg,correlated_sybil,1,8,2,3,0.2,1.0,2001,0.38656354,0.0042743813
flanders_fedavg,correlated_sybil,2,8,2,3,0.2,1.0,2001,25.723135,0.28443056
flanders_fedavg,correlated_sybil,3,8,2,3,0.2,1.0,2001,25.758087,0.28481704
flanders_fedavg,correlated_sybil,4,8,2,3,0.2,1.0,2001,25.898485,0.28636947
flanders_fedavg,correlated_sybil,5,8,2,3,0.2,1.0,2001,25.769285,0.28494087
flanders_fedavg,correlated_sybil,6,8,2,3,0.2,1.0,2001,25.94826,0.28691986
flanders_fedavg,correlated_sybil,7,8,2,3,0.2,1.0,2001,25.905422,0.28644618
flanders_fedavg,correlated_sybil,8,8,2,3,0.2,1.0,2001,25.918312,0.2865887
flanders_fedavg,correlated_sybil,9,8,2,3,0.2,1.0,2001,25.839571,0.28571805
flanders_fedavg,correlated_sybil,10,8,2,3,0.2,1.0,2001,25.753866,0.28477037
flanders_fedavg,correlated_sybil,11,8,2,3,0.2,1.0,2001,25.84701,0.2858003
flanders_fedavg,correlated_sybil,12,8,2,3,0.2,1.0,2001,25.980892,0.28728068
flanders_fedavg,correlated_sybil,13,8,2,3,0.2,1.0,2001,25.862883,0.2859758
flanders_fedavg,correlated_sybil,14,8,2,3,0.2,1.0,2001,25.680725,0.28396162
flanders_fedavg,correlated_sybil,15,8,2,3,0.2,1.0,2001,25.832815,0.28564334
flanders_fedavg,correlated_sybil,16,8,2,3,0.2,1.0,2001,25.77096,0.28495938
flanders_fedavg,correlated_sybil,17,8,2,3,0.2,1.0,2001,25.949984,0.2869389
flanders_fedavg,correlated_sybil,18,8,2,3,0.2,1.0,2001,25.891357,0.28629068
flanders_fedavg,correlated_sybil,19,8,2,3,0.2,1.0,2001,25.90486,0.28643996
flanders_fedavg,correlated_sybil,0,8,2,3,0.2,1.0,3001,16.68096,0.20018597
flanders_fedavg,correlated_sybil,1,8,2,3,0.2,1.0,3001,0.23827323,0.0028594853
flanders_fedavg,correlated_sybil,2,8,2,3,0.2,1.0,3001,23.942362,0.28732908
flanders_fedavg,correlated_sybil,3,8,2,3,0.2,1.0,3001,23.76938,0.28525317
flanders_fedavg,correlated_sybil,4,8,2,3,0.2,1.0,3001,23.70313,0.2844581
flanders_fedavg,correlated_sybil,5,8,2,3,0.2,1.0,3001,23.75313,0.28505814
flanders_fedavg,correlated_sybil,6,8,2,3,0.2,1.0,3001,23.891293,0.28671622
flanders_fedavg,correlated_sybil,7,8,2,3,0.2,1.0,3001,23.772188,0.28528684
flanders_fedavg,correlated_sybil,8,8,2,3,0.2,1.0,3001,23.763664,0.28518456
flanders_fedavg,correlated_sybil,9,8,2,3,0.2,1.0,3001,23.86993,0.28645983
flanders_fedavg,correlated_sybil,10,8,2,3,0.2,1.0,3001,23.825094,0.28592178
flanders_fedavg,correlated_sybil,11,8,2,3,0.2,1.0,3001,23.578308,0.28296012
flanders_fedavg,correlated_sybil,12,8,2,3,0.2,1.0,3001,23.975504,0.28772682
flanders_fedavg,correlated_sybil,13,8,2,3,0.2,1.0,3001,23.693481,0.28434232
flanders_fedavg,correlated_sybil,14,8,2,3,0.2,1.0,3001,23.73595,0.28485197
flanders_fedavg,correlated_sybil,15,8,2,3,0.2,1.0,3001,23.698118,0.28439796
flanders_fedavg,correlated_sybil,16,8,2,3,0.2,1.0,3001,23.917458,0.28703022
flanders_fedavg,correlated_sybil,17,8,2,3,0.2,1.0,3001,24.100073,0.28922176
flanders_fedavg,correlated_sybil,18,8,2,3,0.2,1.0,3001,23.812857,0.28577492
flanders_fedavg,correlated_sybil,19,8,2,3,0.2,1.0,3001,23.982306,0.28780845
flanders_fedavg,correlated_sybil,0,8,2,3,0.2,1.0,4001,18.587702,0.19974273
flanders_fedavg,correlated_sybil,1,8,2,3,0.2,1.0,4001,0.2127703,0.0022864216
flanders_fedavg,correlated_sybil,2,8,2,3,0.2,1.0,4001,26.635513,0.28622422
flanders_fedavg,correlated_sybil,3,8,2,3,0.2,1.0,4001,26.670918,0.28660467
flanders_fedavg,correlated_sybil,4,8,2,3,0.2,1.0,4001,26.564013,0.28545585
flanders_fedavg,correlated_sybil,5,8,2,3,0.2,1.0,4001,26.679077,0.28669235
flanders_fedavg,correlated_sybil,6,8,2,3,0.2,1.0,4001,26.540373,0.28520185
flanders_fedavg,correlated_sybil,7,8,2,3,0.2,1.0,4001,26.593086,0.2857683
flanders_fedavg,correlated_sybil,8,8,2,3,0.2,1.0,4001,26.643772,0.28631297
flanders_fedavg,correlated_sybil,9,8,2,3,0.2,1.0,4001,26.656033,0.28644472
flanders_fedavg,correlated_sybil,10,8,2,3,0.2,1.0,4001,26.664427,0.2865349
flanders_fedavg,correlated_sybil,11,8,2,3,0.2,1.0,4001,26.732515,0.28726658
flanders_fedavg,correlated_sybil,12,8,2,3,0.2,1.0,4001,26.542116,0.28522056
flanders_fedavg,correlated_sybil,13,8,2,3,0.2,1.0,4001,26.679907,0.28670126
flanders_fedavg,correlated_sybil,14,8,2,3,0.2,1.0,4001,26.495152,0.2847159
flanders_fedavg,correlated_sybil,15,8,2,3,0.2,1.0,4001,26.56844,0.28550345
flanders_fedavg,correlated_sybil,16,8,2,3,0.2,1.0,4001,26.566488,0.28548247
flanders_fedavg,correlated_sybil,17,8,2,3,0.2,1.0,4001,26.496904,0.28473473
flanders_fedavg,correlated_sybil,18,8,2,3,0.2,1.0,4001,26.709929,0.28702387
flanders_fedavg,correlated_sybil,19,8,2,3,0.2,1.0,4001,26.58355,0.2856658
dss_krum,correlated_sybil,0,8,2,3,0.2,1.0,1,0.13920565,0.001640114
dss_krum,correlated_sybil,1,8,2,3,0.2,1.0,1,0.3879176,0.004570426
dss_krum,correlated_sybil,2,8,2,3,0.2,1.0,1,0.20969842,0.0024706563
dss_krum,correlated_sybil,3,8,2,3,0.2,1.0,1,0.4022157,0.004738885
dss_krum,correlated_sybil,4,8,2,3,0.2,1.0,1,0.3633399,0.0042808526
dss_krum,correlated_sybil,5,8,2,3,0.2,1.0,1,0.37281993,0.0043925457
dss_krum,correlated_sybil,6,8,2,3,0.2,1.0,1,0.29438955,0.0034684828
dss_krum,correlated_sybil,7,8,2,3,0.2,1.0,1,0.31431276,0.003703217
dss_krum,correlated_sybil,8,8,2,3,0.2,1.0,1,0.2603167,0.0030670383
dss_krum,correlated_sybil,9,8,2,3,0.2,1.0,1,0.28637066,0.0033740047
dss_krum,correlated_sybil,10,8,2,3,0.2,1.0,1,0.51315945,0.006046019
dss_krum,correlated_sybil,11,8,2,3,0.2,1.0,1,0.34140223,0.004022384
dss_krum,correlated_sybil,12,8,2,3,0.2,1.0,1,0.19943902,0.0023497804
dss_krum,correlated_sybil,13,8,2,3,0.2,1.0,1,0.3415129,0.004023688
dss_krum,correlated_sybil,14,8,2,3,0.2,1.0,1,0.2785409,0.003281755
dss_krum,correlated_sybil,15,8,2,3,0.2,1.0,1,0.41518614,0.0048917024
dss_krum,correlated_sybil,16,8,2,3,0.2,1.0,1,0.3948724,0.004652367
dss_krum,correlated_sybil,17,8,2,3,0.2,1.0,1,0.23228851,0.0027368115
dss_krum,correlated_sybil,18,8,2,3,0.2,1.0,1,0.25847915,0.0030453883
dss_krum,correlated_sybil,19,8,2,3,0.2,1.0,1,0.21981928,0.0025898996
dss_krum,correlated_sybil,0,8,2,3,0.2,1.0,1001,0.16645326,0.0021869172
dss_krum,correlated_sybil,1,8,2,3,0.2,1.0,1001,0.27051345,0.003554094
dss_krum,correlated_sybil,2,8,2,3,0.2,1.0,1001,0.22888859,0.003007213
dss_krum,correlated_sybil,3,8,2,3,0.2,1.0,1001,0.6076259,0.007983187
dss_krum,correlated_sybil,4,8,2,3,0.2,1.0,1001,0.41570494,0.005461667
dss_krum,correlated_sybil,5,8,2,3,0.2,1.0,1001,0.54728705,0.0071904357
dss_krum,correlated_sybil,6,8,2,3,0.2,1.0,1001,0.4003571,0.005260022
dss_krum,correlated_sybil,7,8,2,3,0.2,1.0,1001,0.19864288,0.002609835
dss_krum,correlated_sybil,8,8,2,3,0.2,1.0,1001,0.46703863,0.006136106
dss_krum,correlated_sybil,9,8,2,3,0.2,1.0,1001,0.26184466,0.0034402006
dss_krum,correlated_sybil,10,8,2,3,0.2,1.0,1001,0.2804325,0.0036844136
dss_krum,correlated_sybil,11,8,2,3,0.2,1.0,1001,0.42490202,0.005582501
dss_krum,correlated_sybil,12,8,2,3,0.2,1.0,1001,0.27972367,0.0036751009
dss_krum,correlated_sybil,13,8,2,3,0.2,1.0,1001,0.37002152,0.0048614633
dss_krum,correlated_sybil,14,8,2,3,0.2,1.0,1001,0.18068449,0.0023738916
dss_krum,correlated_sybil,15,8,2,3,0.2,1.0,1001,0.14282694,0.001876507
dss_krum,correlated_sybil,16,8,2,3,0.2,1.0,1001,0.40057808,0.0052629253
dss_krum,correlated_sybil,17,8,2,3,0.2,1.0,1001,0.27728048,0.0036430014
dss_krum,correlated_sybil,18,8,2,3,0.2,1.0,1001,0.28859493,0.0037916542
dss_krum,correlated_sybil,19,8,2,3,0.2,1.0,1001,0.16043086,0.002107793
dss_krum,correlated_sybil,0,8,2,3,0.2,1.0,2001,0.29126975,0.0032206813
dss_krum,correlated_sybil,1,8,2,3,0.2,1.0,2001,0.3292758,0.0036409285
dss_krum,correlated_sybil,2,8,2,3,0.2,1.0,2001,0.34467104,0.0038111599
dss_krum,correlated_sybil,3,8,2,3,0.2,1.0,2001,0.16976169,0.0018771201
dss_krum,correlated_sybil,4,8,2,3,0.2,1.0,2001,0.38036036,0.0042057903
dss_krum,correlated_sybil,5,8,2,3,0.2,1.0,2001,0.3990603,0.004412563
dss_krum,correlated_sybil,6,8,2,3,0.2,1.0,2001,0.2913096,0.0032211218
dss_krum,correlated_sybil,7,8,2,3,0.2,1.0,2001,0.2423743,0.0026800255
dss_krum,correlated_sybil,8,8,2,3,0.2,1.0,2001,0.41956717,0.004639315
dss_krum,correlated_sybil,9,8,2,3,0.2,1.0,2001,0.33082277,0.0036580341
dss_krum,correlated_sybil,10,8,2,3,0.2,1.0,2001,0.2349113,0.0025975043
dss_krum,correlated_sybil,11,8,2,3,0.2,1.0,2001,0.101560086,0.0011229888
dss_krum,correlated_sybil,12,8,2,3,0.2,1.0,2001,0.10289896,0.0011377933
dss_krum,correlated_sybil,13,8,2,3,0.2,1.0,2001,0.27210334,0.003008751
dss_krum,correlated_sybil,14,8,2,3,0.2,1.0,2001,0.34389913,0.0038026245
dss_krum,correlated_sybil,15,8,2,3,0.2,1.0,2001,0.21052183,0.0023278205
dss_krum,correlated_sybil,16,8,2,3,0.2,1.0,2001,0.266199,0.0029434643
dss_krum,correlated_sybil,17,8,2,3,0.2,1.0,2001,0.13482744,0.0014908386
dss_krum,correlated_sybil,18,8,2,3,0.2,1.0,2001,0.22355184,0.0024718984
dss_krum,correlated_sybil,19,8,2,3,0.2,1.0,2001,0.46310046,0.0051206793
dss_krum,correlated_sybil,0,8,2,3,0.2,1.0,3001,0.31443003,0.0037734327
dss_krum,correlated_sybil,1,8,2,3,0.2,1.0,3001,0.39238477,0.0047089574
dss_krum,correlated_sybil,2,8,2,3,0.2,1.0,3001,0.28589442,0.0034309807
dss_krum,correlated_sybil,3,8,2,3,0.2,1.0,3001,0.3875281,0.004650673
dss_krum,correlated_sybil,4,8,2,3,0.2,1.0,3001,0.1783196,0.0021399898
dss_krum,correlated_sybil,5,8,2,3,0.2,1.0,3001,0.20347826,0.0024419155
dss_krum,correlated_sybil,6,8,2,3,0.2,1.0,3001,0.26395652,0.003167707
dss_krum,correlated_sybil,7,8,2,3,0.2,1.0,3001,0.28944552,0.003473597
dss_krum,correlated_sybil,8,8,2,3,0.2,1.0,3001,0.2579448,0.003095561
dss_krum,correlated_sybil,9,8,2,3,0.2,1.0,3001,0.19625004,0.0023551704
dss_krum,correlated_sybil,10,8,2,3,0.2,1.0,3001,0.24041775,0.0028852213
dss_krum,correlated_sybil,11,8,2,3,0.2,1.0,3001,0.75307834,0.009037592
dss_krum,correlated_sybil,12,8,2,3,0.2,1.0,3001,0.1466147,0.0017595035
dss_krum,correlated_sybil,13,8,2,3,0.2,1.0,3001,0.3064112,0.0036772
dss_krum,correlated_sybil,14,8,2,3,0.2,1.0,3001,0.4802889,0.005763883
dss_krum,correlated_sybil,15,8,2,3,0.2,1.0,3001,0.355309,0.004264016
dss_krum,correlated_sybil,16,8,2,3,0.2,1.0,3001,0.3194902,0.003834159
dss_krum,correlated_sybil,17,8,2,3,0.2,1.0,3001,0.3595727,0.004315184
dss_krum,correlated_sybil,18,8,2,3,0.2,1.0,3001,0.08774578,0.0010530254
dss_krum,correlated_sybil,19,8,2,3,0.2,1.0,3001,0.32685292,0.0039225183
dss_krum,correlated_sybil,0,8,2,3,0.2,1.0,4001,0.44883117,0.0048231226
dss_krum,correlated_sybil,1,8,2,3,0.2,1.0,4001,0.0701128,0.0007534295
dss_krum,correlated_sybil,2,8,2,3,0.2,1.0,4001,0.20258364,0.002176956
dss_krum,correlated_sybil,3,8,2,3,0.2,1.0,4001,0.30310154,0.0032571177
dss_krum,correlated_sybil,4,8,2,3,0.2,1.0,4001,0.32085848,0.003447933
dss_krum,correlated_sybil,5,8,2,3,0.2,1.0,4001,0.41667515,0.0044775754
dss_krum,correlated_sybil,6,8,2,3,0.2,1.0,4001,0.2685083,0.0028853798
dss_krum,correlated_sybil,7,8,2,3,0.2,1.0,4001,0.16424228,0.0017649413
dss_krum,correlated_sybil,8,8,2,3,0.2,1.0,4001,0.48581445,0.0052205436
dss_krum,correlated_sybil,9,8,2,3,0.2,1.0,4001,0.20409724,0.0021932211
dss_krum,correlated_sybil,10,8,2,3,0.2,1.0,4001,0.067562744,0.00072602666
dss_krum,correlated_sybil,11,8,2,3,0.2,1.0,4001,0.20453368,0.002197911
dss_krum,correlated_sybil,12,8,2,3,0.2,1.0,4001,0.28902102,0.0031058087
dss_krum,correlated_sybil,13,8,2,3,0.2,1.0,4001,0.21608566,0.0023220482
dss_krum,correlated_sybil,14,8,2,3,0.2,1.0,4001,0.31876493,0.0034254356
dss_krum,correlated_sybil,15,8,2,3,0.2,1.0,4001,0.34230888,0.0036784383
dss_krum,correlated_sybil,16,8,2,3,0.2,1.0,4001,0.14624308,0.0015715226
dss_krum,correlated_sybil,17,8,2,3,0.2,1.0,4001,0.35645863,0.0038304909
dss_krum,correlated_sybil,18,8,2,3,0.2,1.0,4001,0.48746258,0.005238254
dss_krum,correlated_sybil,19,8,2,3,0.2,1.0,4001,0.11688235,0.0012560133
flanders_krum,correlated_sybil,0,8,2,3,0.2,1.0,1,0.13920565,0.001640114
flanders_krum,correlated_sybil,1,8,2,3,0.2,1.0,1,0.111764275,0.0013168011
flanders_krum,correlated_sybil,2,8,2,3,0.2,1.0,1,0.20969842,0.0024706563
flanders_krum,correlated_sybil,3,8,2,3,0.2,1.0,1,0.09293683,0.001094977
flanders_krum,correlated_sybil,4,8,2,3,0.2,1.0,1,0.41408008,0.004878671
flanders_krum,correlated_sybil,5,8,2,3,0.2,1.0,1,0.42885965,0.005052803
flanders_krum,correlated_sybil,6,8,2,3,0.2,1.0,1,0.18844548,0.002220255
flanders_krum,correlated_sybil,7,8,2,3,0.2,1.0,1,0.41669056,0.0049094274
flanders_krum,correlated_sybil,8,8,2,3,0.2,1.0,1,0.2603167,0.0030670383
flanders_krum,correlated_sybil,9,8,2,3,0.2,1.0,1,0.28637066,0.0033740047
flanders_krum,correlated_sybil,10,8,2,3,0.2,1.0,1,0.6813793,0.008027977
flanders_krum,correlated_sybil,11,8,2,3,0.2,1.0,1,0.34140223,0.004022384
flanders_krum,correlated_sybil,12,8,2,3,0.2,1.0,1,0.25210127,0.0029702445
flanders_krum,correlated_sybil,13,8,2,3,0.2,1.0,1,0.3415129,0.004023688
flanders_krum,correlated_sybil,14,8,2,3,0.2,1.0,1,0.36776564,0.0043329964
flanders_krum,correlated_sybil,15,8,2,3,0.2,1.0,1,0.35295027,0.0041584424
flanders_krum,correlated_sybil,16,8,2,3,0.2,1.0,1,0.35406905,0.004171624
flanders_krum,correlated_sybil,17,8,2,3,0.2,1.0,1,0.2331378,0.002746818
flanders_krum,correlated_sybil,18,8,2,3,0.2,1.0,1,0.4360036,0.0051369723
flanders_krum,correlated_sybil,19,8,2,3,0.2,1.0,1,0.36464638,0.004296245
flanders_krum,correlated_sybil,0,8,2,3,0.2,1.0,1001,0.16645326,0.0021869172
flanders_krum,correlated_sybil,1,8,2,3,0.2,1.0,1001,0.24568477,0.0032278867
flanders_krum,correlated_sybil,2,8,2,3,0.2,1.0,1001,0.22888859,0.003007213
flanders_krum,correlated_sybil,3,8,2,3,0.2,1.0,1001,0.5091034,0.0066887666
flanders_krum,correlated_sybil,4,8,2,3,0.2,1.0,1001,0.29649058,0.0038953898
flanders_krum,correlated_sybil,5,8,2,3,0.2,1.0,1001,0.54728705,0.0071904357
flanders_krum,correlated_sybil,6,8,2,3,0.2,1.0,1001,0.4003571,0.005260022
flanders_krum,correlated_sybil,7,8,2,3,0.2,1.0,1001,0.32372153,0.004253159
flanders_krum,correlated_sybil,8,8,2,3,0.2,1.0,1001,0.27770552,0.0036485856
flanders_krum,correlated_sybil,9,8,2,3,0.2,1.0,1001,0.26184466,0.0034402006
flanders_krum,correlated_sybil,10,8,2,3,0.2,1.0,1001,0.30652943,0.0040272838
flanders_krum,correlated_sybil,11,8,2,3,0.2,1.0,1001,0.3409436,0.0044794283
flanders_krum,correlated_sybil,12,8,2,3,0.2,1.0,1001,0.1999441,0.0026269306
flanders_krum,correlated_sybil,13,8,2,3,0.2,1.0,1001,0.37002152,0.0048614633
flanders_krum,correlated_sybil,14,8,2,3,0.2,1.0,1001,0.13403942,0.0017610536
flanders_krum,correlated_sybil,15,8,2,3,0.2,1.0,1001,0.14282694,0.001876507
flanders_krum,correlated_sybil,16,8,2,3,0.2,1.0,1001,0.33264974,0.0043704608
flanders_krum,correlated_sybil,17,8,2,3,0.2,1.0,1001,0.21019493,0.0027616096
flanders_krum,correlated_sybil,18,8,2,3,0.2,1.0,1001,0.28859493,0.0037916542
flanders_krum,correlated_sybil,19,8,2,3,0.2,1.0,1001,0.36760324,0.0048296913
flanders_krum,correlated_sybil,0,8,2,3,0.2,1.0,2001,0.29126975,0.0032206813
flanders_krum,correlated_sybil,1,8,2,3,0.2,1.0,2001,0.3292758,0.0036409285
flanders_krum,correlated_sybil,2,8,2,3,0.2,1.0,2001,0.3012571,0.0033311152
flanders_krum,correlated_sybil,3,8,2,3,0.2,1.0,2001,0.28785127,0.003182882
flanders_krum,correlated_sybil,4,8,2,3,0.2,1.0,2001,0.38036036,0.0042057903
flanders_krum,correlated_sybil,5,8,2,3,0.2,1.0,2001,0.3990603,0.004412563
flanders_krum,correlated_sybil,6,8,2,3,0.2,1.0,2001,0.2913096,0.0032211218
flanders_krum,correlated_sybil,7,8,2,3,0.2,1.0,2001,0.2423743,0.0026800255
flanders_krum,correlated_sybil,8,8,2,3,0.2,1.0,2001,0.06556032,0.0007249256
flanders_krum,correlated_sybil,9,8,2,3,0.2,1.0,2001,0.33082277,0.0036580341
flanders_krum,correlated_sybil,10,8,2,3,0.2,1.0,2001,0.2349113,0.0025975043
flanders_krum,correlated_sybil,11,8,2,3,0.2,1.0,2001,0.101560086,0.0011229888
flanders_krum,correlated_sybil,12,8,2,3,0.2,1.0,2001,0.10289896,0.0011377933
flanders_krum,correlated_sybil,13,8,2,3,0.2,1.0,2001,0.27210334,0.003008751
flanders_krum,correlated_sybil,14,8,2,3,0.2,1.0,2001,0.34389913,0.0038026245
flanders_krum,correlated_sybil,15,8,2,3,0.2,1.0,2001,0.21052183,0.0023278205
flanders_krum,correlated_sybil,16,8,2,3,0.2,1.0,2001,0.27789527,0.0030727945
flanders_krum,correlated_sybil,17,8,2,3,0.2,1.0,2001,0.27731833,0.003066415
flanders_krum,correlated_sybil,18,8,2,3,0.2,1.0,2001,0.17029822,0.0018830526
flanders_krum,correlated_sybil,19,8,2,3,0.2,1.0,2001,0.6339388,0.007009704
flanders_krum,correlated_sybil,0,8,2,3,0.2,1.0,3001,0.31443003,0.0037734327
flanders_krum,correlated_sybil,1,8,2,3,0.2,1.0,3001,0.39238477,0.0047089574
flanders_krum,correlated_sybil,2,8,2,3,0.2,1.0,3001,0.28589442,0.0034309807
flanders_krum,correlated_sybil,3,8,2,3,0.2,1.0,3001,0.39080518,0.004690001
flanders_krum,correlated_sybil,4,8,2,3,0.2,1.0,3001,0.39285412,0.00471459
flanders_krum,correlated_sybil,5,8,2,3,0.2,1.0,3001,0.20347826,0.0024419155
flanders_krum,correlated_sybil,6,8,2,3,0.2,1.0,3001,0.26395652,0.003167707
flanders_krum,correlated_sybil,7,8,2,3,0.2,1.0,3001,0.25790557,0.0030950904
flanders_krum,correlated_sybil,8,8,2,3,0.2,1.0,3001,0.2579448,0.003095561
flanders_krum,correlated_sybil,9,8,2,3,0.2,1.0,3001,0.27765837,0.003332141
flanders_krum,correlated_sybil,10,8,2,3,0.2,1.0,3001,0.3929902,0.004716223
flanders_krum,correlated_sybil,11,8,2,3,0.2,1.0,3001,0.5723991,0.006869285
flanders_krum,correlated_sybil,12,8,2,3,0.2,1.0,3001,0.1466147,0.0017595035
flanders_krum,correlated_sybil,13,8,2,3,0.2,1.0,3001,0.3064112,0.0036772
flanders_krum,correlated_sybil,14,8,2,3,0.2,1.0,3001,0.33039796,0.003965062
flanders_krum,correlated_sybil,15,8,2,3,0.2,1.0,3001,0.5947299,0.0071372744
flanders_krum,correlated_sybil,16,8,2,3,0.2,1.0,3001,0.3194902,0.003834159
flanders_krum,correlated_sybil,17,8,2,3,0.2,1.0,3001,0.53431726,0.00641227
flanders_krum,correlated_sybil,18,8,2,3,0.2,1.0,3001,0.48406023,0.0058091423
flanders_krum,correlated_sybil,19,8,2,3,0.2,1.0,3001,0.30903384,0.0037086739
flanders_krum,correlated_sybil,0,8,2,3,0.2,1.0,4001,0.44883117,0.0048231226
flanders_krum,correlated_sybil,1,8,2,3,0.2,1.0,4001,0.0701128,0.0007534295
flanders_krum,correlated_sybil,2,8,2,3,0.2,1.0,4001,0.20258364,0.002176956
flanders_krum,correlated_sybil,3,8,2,3,0.2,1.0,4001,0.09774684,0.0010503838
flanders_krum,correlated_sybil,4,8,2,3,0.2,1.0,4001,0.22755487,0.002445296
flanders_krum,correlated_sybil,5,8,2,3,0.2,1.0,4001,0.41667515,0.0044775754
flanders_krum,correlated_sybil,6,8,2,3,0.2,1.0,4001,0.2685083,0.0028853798
flanders_krum,correlated_sybil,7,8,2,3,0.2,1.0,4001,0.2746162,0.0029510153
flanders_krum,correlated_sybil,8,8,2,3,0.2,1.0,4001,0.43672892,0.0046930723
flanders_krum,correlated_sybil,9,8,2,3,0.2,1.0,4001,0.20409724,0.0021932211
flanders_krum,correlated_sybil,10,8,2,3,0.2,1.0,4001,0.2690337,0.002891026
flanders_krum,correlated_sybil,11,8,2,3,0.2,1.0,4001,0.20453368,0.002197911
flanders_krum,correlated_sybil,12,8,2,3,0.2,1.0,4001,0.28902102,0.0031058087
flanders_krum,correlated_sybil,13,8,2,3,0.2,1.0,4001,0.21608566,0.0023220482
flanders_krum,correlated_sybil,14,8,2,3,0.2,1.0,4001,0.41831714,0.00449522
flanders_krum,correlated_sybil,15,8,2,3,0.2,1.0,4001,0.29377067,0.0031568485
flanders_krum,correlated_sybil,16,8,2,3,0.2,1.0,4001,0.39020124,0.0041930876
flanders_krum,correlated_sybil,17,8,2,3,0.2,1.0,4001,0.35645863,0.0038304909
flanders_krum,correlated_sybil,18,8,2,3,0.2,1.0,4001,0.54491884,0.005855677
flanders_krum,correlated_sybil,19,8,2,3,0.2,1.0,4001,0.11688235,0.0012560133
dsscoll_fedavg,correlated_sybil,0,8,2,3,0.2,1.0,1,17.001228,0.20030762
dsscoll_fedavg,correlated_sybil,1,8,2,3,0.2,1.0,1,0.40746263,0.0048007043
dsscoll_fedavg,correlated_sybil,2,8,2,3,0.2,1.0,1,0.09105316,0.0010727837
dsscoll_fedavg,correlated_sybil,3,8,2,3,0.2,1.0,1,0.17983347,0.002118789
dsscoll_fedavg,correlated_sybil,4,8,2,3,0.2,1.0,1,0.12393013,0.0014601385
dsscoll_fedavg,correlated_sybil,5,8,2,3,0.2,1.0,1,0.24625064,0.0029013127
dsscoll_fedavg,correlated_sybil,6,8,2,3,0.2,1.0,1,0.24267124,0.0028591403
dsscoll_fedavg,correlated_sybil,7,8,2,3,0.2,1.0,1,0.42004034,0.004948894
dsscoll_fedavg,correlated_sybil,8,8,2,3,0.2,1.0,1,0.13243687,0.0015603646
dsscoll_fedavg,correlated_sybil,9,8,2,3,0.2,1.0,1,0.27481613,0.0032378698
dsscoll_fedavg,correlated_sybil,10,8,2,3,0.2,1.0,1,0.34415686,0.004054839
dsscoll_fedavg,correlated_sybil,11,8,2,3,0.2,1.0,1,0.19882213,0.0023425124
dsscoll_fedavg,correlated_sybil,12,8,2,3,0.2,1.0,1,0.17767526,0.002093361
dsscoll_fedavg,correlated_sybil,13,8,2,3,0.2,1.0,1,0.17344016,0.0020434633
dsscoll_fedavg,correlated_sybil,14,8,2,3,0.2,1.0,1,0.25899902,0.0030515133
dsscoll_fedavg,correlated_sybil,15,8,2,3,0.2,1.0,1,0.1969114,0.0023200002
dsscoll_fedavg,correlated_sybil,16,8,2,3,0.2,1.0,1,0.22112572,0.0026052922
dsscoll_fedavg,correlated_sybil,17,8,2,3,0.2,1.0,1,0.21553165,0.002539383
dsscoll_fedavg,correlated_sybil,18,8,2,3,0.2,1.0,1,0.26842773,0.003162602
dsscoll_fedavg,correlated_sybil,19,8,2,3,0.2,1.0,1,0.16018112,0.0018872459
dsscoll_fedavg,correlated_sybil,0,8,2,3,0.2,1.0,1001,15.169178,0.1992976
dsscoll_fedavg,correlated_sybil,1,8,2,3,0.2,1.0,1001,0.44678152,0.0058699613
dsscoll_fedavg,correlated_sybil,2,8,2,3,0.2,1.0,1001,0.16197602,0.0021280937
dsscoll_fedavg,correlated_sybil,3,8,2,3,0.2,1.0,1001,0.39172837,0.0051466553
dsscoll_fedavg,correlated_sybil,4,8,2,3,0.2,1.0,1001,0.213328,0.002802773
dsscoll_fedavg,correlated_sybil,5,8,2,3,0.2,1.0,1001,0.40521768,0.0053238817
dsscoll_fedavg,correlated_sybil,6,8,2,3,0.2,1.0,1001,0.21978055,0.0028875484
dsscoll_fedavg,correlated_sybil,7,8,2,3,0.2,1.0,1001,0.3180235,0.0041782963
dsscoll_fedavg,correlated_sybil,8,8,2,3,0.2,1.0,1001,0.4427789,0.0058173733
dsscoll_fedavg,correlated_sybil,9,8,2,3,0.2,1.0,1001,0.2578961,0.003388323
dsscoll_fedavg,correlated_sybil,10,8,2,3,0.2,1.0,1001,0.18338408,0.0024093597
dsscoll_fedavg,correlated_sybil,11,8,2,3,0.2,1.0,1001,0.18203826,0.002391678
dsscoll_fedavg,correlated_sybil,12,8,2,3,0.2,1.0,1001,0.1949859,0.0025617883
dsscoll_fedavg,correlated_sybil,13,8,2,3,0.2,1.0,1001,0.3940988,0.005177798
dsscoll_fedavg,correlated_sybil,14,8,2,3,0.2,1.0,1001,0.30137792,0.0039596013
dsscoll_fedavg,correlated_sybil,15,8,2,3,0.2,1.0,1001,0.061848816,0.0008125899
dsscoll_fedavg,correlated_sybil,16,8,2,3,0.2,1.0,1001,0.18605617,0.0024444666
dsscoll_fedavg,correlated_sybil,17,8,2,3,0.2,1.0,1001,0.19146426,0.00251552
dsscoll_fedavg,correlated_sybil,18,8,2,3,0.2,1.0,1001,0.2653571,0.003486348
dsscoll_fedavg,correlated_sybil,19,8,2,3,0.2,1.0,1001,0.23078354,0.0030321092
dsscoll_fedavg,correlated_sybil,0,8,2,3,0.2,1.0,2001,18.134617,0.20052141
dsscoll_fedavg,correlated_sybil,1,8,2,3,0.2,1.0,2001,0.65482914,0.007240697
dsscoll_fedavg,correlated_sybil,2,8,2,3,0.2,1.0,2001,0.20450522,0.0022612927
dsscoll_fedavg,correlated_sybil,3,8,2,3,0.2,1.0,2001,0.46474847,0.005138902
dsscoll_fedavg,correlated_sybil,4,8,2,3,0.2,1.0,2001,0.4212588,0.00465802
dsscoll_fedavg,correlated_sybil,5,8,2,3,0.2,1.0,2001,0.25302878,0.0027978362
dsscoll_fedavg,correlated_sybil,6,8,2,3,0.2,1.0,2001,0.15307294,0.0016925861
dsscoll_fedavg,correlated_sybil,7,8,2,3,0.2,1.0,2001,0.038181376,0.0004221861
dsscoll_fedavg,correlated_sybil,8,8,2,3,0.2,1.0,2001,0.23690732,0.002619575
dsscoll_fedavg,correlated_sybil,9,8,2,3,0.2,1.0,2001,0.294592,0.0032574167
dsscoll_fedavg,correlated_sybil,10,8,2,3,0.2,1.0,2001,0.28606477,0.003163128
dsscoll_fedavg,correlated_sybil,11,8,2,3,0.2,1.0,2001,0.12049764,0.0013323886
dsscoll_fedavg,correlated_sybil,12,8,2,3,0.2,1.0,2001,0.2735859,0.003025144
dsscoll_fedavg,correlated_sybil,13,8,2,3,0.2,1.0,2001,0.44994023,0.0049751615
dsscoll_fedavg,correlated_sybil,14,8,2,3,0.2,1.0,2001,0.2660392,0.0029416974
dsscoll_fedavg,correlated_sybil,15,8,2,3,0.2,1.0,2001,0.18887544,0.002088468
dsscoll_fedavg,correlated_sybil,16,8,2,3,0.2,1.0,2001,0.09913017,0.0010961202
dsscoll_fedavg,correlated_sybil,17,8,2,3,0.2,1.0,2001,0.4544492,0.005025019
dsscoll_fedavg,correlated_sybil,18,8,2,3,0.2,1.0,2001,0.13406794,0.0014824406
dsscoll_fedavg,correlated_sybil,19,8,2,3,0.2,1.0,2001,0.22526,0.0024907861
dsscoll_fedavg,correlated_sybil,0,8,2,3,0.2,1.0,3001,16.68096,0.20018597
dsscoll_fedavg,correlated_sybil,1,8,2,3,0.2,1.0,3001,0.5942314,0.007131292
dsscoll_fedavg,correlated_sybil,2,8,2,3,0.2,1.0,3001,0.46031204,0.005524143
dsscoll_fedavg,correlated_sybil,3,8,2,3,0.2,1.0,3001,0.15758128,0.001891112
dsscoll_fedavg,correlated_sybil,4,8,2,3,0.2,1.0,3001,0.1075793,0.0012910448
dsscoll_fedavg,correlated_sybil,5,8,2,3,0.2,1.0,3001,0.09397989,0.0011278401
dsscoll_fedavg,correlated_sybil,6,8,2,3,0.2,1.0,3001,0.35927022,0.0043115537
dsscoll_fedavg,correlated_sybil,7,8,2,3,0.2,1.0,3001,0.17932631,0.002152071
dsscoll_fedavg,correlated_sybil,8,8,2,3,0.2,1.0,3001,0.22545615,0.002705669
dsscoll_fedavg,correlated_sybil,9,8,2,3,0.2,1.0,3001,0.35762247,0.0042917794
dsscoll_fedavg,correlated_sybil,10,8,2,3,0.2,1.0,3001,0.15499826,0.0018601133
dsscoll_fedavg,correlated_sybil,11,8,2,3,0.2,1.0,3001,0.39703742,0.004764793
dsscoll_fedavg,correlated_sybil,12,8,2,3,0.2,1.0,3001,0.25043648,0.0030054548
dsscoll_fedavg,correlated_sybil,13,8,2,3,0.2,1.0,3001,0.077653,0.00093190325
dsscoll_fedavg,correlated_sybil,14,8,2,3,0.2,1.0,3001,0.3320944,0.003985421
dsscoll_fedavg,correlated_sybil,15,8,2,3,0.2,1.0,3001,0.11225626,0.0013471724
dsscoll_fedavg,correlated_sybil,16,8,2,3,0.2,1.0,3001,0.16411914,0.001969572
dsscoll_fedavg,correlated_sybil,17,8,2,3,0.2,1.0,3001,0.24882723,0.0029861424
dsscoll_fedavg,correlated_sybil,18,8,2,3,0.2,1.0,3001,0.23301497,0.0027963815
dsscoll_fedavg,correlated_sybil,19,8,2,3,0.2,1.0,3001,0.30694547,0.0036836118
dsscoll_fedavg,correlated_sybil,0,8,2,3,0.2,1.0,4001,18.587702,0.19974273
dsscoll_fedavg,correlated_sybil,1,8,2,3,0.2,1.0,4001,0.43721655,0.0046983124
dsscoll_fedavg,correlated_sybil,2,8,2,3,0.2,1.0,4001,0.2708774,0.0029108382
dsscoll_fedavg,correlated_sybil,3,8,2,3,0.2,1.0,4001,0.3339719,0.0035888492
dsscoll_fedavg,correlated_sybil,4,8,2,3,0.2,1.0,4001,0.28081173,0.003017592
dsscoll_fedavg,correlated_sybil,5,8,2,3,0.2,1.0,4001,0.32442865,0.0034862978
dsscoll_fedavg,correlated_sybil,6,8,2,3,0.2,1.0,4001,0.058987033,0.0006338724
dsscoll_fedavg,correlated_sybil,7,8,2,3,0.2,1.0,4001,0.1986791,0.002134998
dsscoll_fedavg,correlated_sybil,8,8,2,3,0.2,1.0,4001,0.3153209,0.0033884265
dsscoll_fedavg,correlated_sybil,9,8,2,3,0.2,1.0,4001,0.07810878,0.00083935395
dsscoll_fedavg,correlated_sybil,10,8,2,3,0.2,1.0,4001,0.24555185,0.0026386909
dsscoll_fedavg,correlated_sybil,11,8,2,3,0.2,1.0,4001,0.12045585,0.001294414
dsscoll_fedavg,correlated_sybil,12,8,2,3,0.2,1.0,4001,0.33579594,0.0036084503
dsscoll_fedavg,correlated_sybil,13,8,2,3,0.2,1.0,4001,0.27158734,0.0029184672
dsscoll_fedavg,correlated_sybil,14,8,2,3,0.2,1.0,4001,0.2362405,0.0025386314
dsscoll_fedavg,correlated_sybil,15,8,2,3,0.2,1.0,4001,0.22181427,0.0023836077
dsscoll_fedavg,correlated_sybil,16,8,2,3,0.2,1.0,4001,0.16738911,0.001798757
dsscoll_fedavg,correlated_sybil,17,8,2,3,0.2,1.0,4001,0.030407134,0.0003267539
dsscoll_fedavg,correlated_sybil,18,8,2,3,0.2,1.0,4001,0.15530948,0.0016689497
dsscoll_fedavg,correlated_sybil,19,8,2,3,0.2,1.0,4001,0.3301143,0.0035473958
dssstab_fedavg,correlated_sybil,0,8,2,3,0.2,1.0,1,17.001228,0.20030762
dssstab_fedavg,correlated_sybil,1,8,2,3,0.2,1.0,1,16.94044,0.1995914
dssstab_fedavg,correlated_sybil,2,8,2,3,0.2,1.0,1,17.039694,0.20076081
dssstab_fedavg,correlated_sybil,3,8,2,3,0.2,1.0,1,17.078426,0.20121716
dssstab_fedavg,correlated_sybil,4,8,2,3,0.2,1.0,1,16.986923,0.20013908
dssstab_fedavg,correlated_sybil,5,8,2,3,0.2,1.0,1,17.073627,0.20116062
dssstab_fedavg,correlated_sybil,6,8,2,3,0.2,1.0,1,16.905363,0.19917814
dssstab_fedavg,correlated_sybil,7,8,2,3,0.2,1.0,1,16.884699,0.19893467
dssstab_fedavg,correlated_sybil,8,8,2,3,0.2,1.0,1,17.109436,0.20158252
dssstab_fedavg,correlated_sybil,9,8,2,3,0.2,1.0,1,16.898853,0.19910145
dssstab_fedavg,correlated_sybil,10,8,2,3,0.2,1.0,1,17.201487,0.20266706
dssstab_fedavg,correlated_sybil,11,8,2,3,0.2,1.0,1,16.97325,0.19997798
dssstab_fedavg,correlated_sybil,12,8,2,3,0.2,1.0,1,16.906212,0.19918814
dssstab_fedavg,correlated_sybil,13,8,2,3,0.2,1.0,1,17.052324,0.20090963
dssstab_fedavg,correlated_sybil,14,8,2,3,0.2,1.0,1,17.130491,0.20183058
dssstab_fedavg,correlated_sybil,15,8,2,3,0.2,1.0,1,16.910242,0.19923562
dssstab_fedavg,correlated_sybil,16,8,2,3,0.2,1.0,1,16.990448,0.2001806
dssstab_fedavg,correlated_sybil,17,8,2,3,0.2,1.0,1,16.976467,0.20001589
dssstab_fedavg,correlated_sybil,18,8,2,3,0.2,1.0,1,17.029165,0.20063677
dssstab_fedavg,correlated_sybil,19,8,2,3,0.2,1.0,1,16.923666,0.19939378
dssstab_fedavg,correlated_sybil,0,8,2,3,0.2,1.0,1001,15.169178,0.1992976
dssstab_fedavg,correlated_sybil,1,8,2,3,0.2,1.0,1001,15.290021,0.20088528
dssstab_fedavg,correlated_sybil,2,8,2,3,0.2,1.0,1001,15.196883,0.19966161
dssstab_fedavg,correlated_sybil,3,8,2,3,0.2,1.0,1001,15.262124,0.20051876
dssstab_fedavg,correlated_sybil,4,8,2,3,0.2,1.0,1001,15.135722,0.19885805
dssstab_fedavg,correlated_sybil,5,8,2,3,0.2,1.0,1001,15.264517,0.2005502
dssstab_fedavg,correlated_sybil,6,8,2,3,0.2,1.0,1001,15.249547,0.20035352
dssstab_fedavg,correlated_sybil,7,8,2,3,0.2,1.0,1001,15.135191,0.19885108
dssstab_fedavg,correlated_sybil,8,8,2,3,0.2,1.0,1001,15.349773,0.20167033
dssstab_fedavg,correlated_sybil,9,8,2,3,0.2,1.0,1001,15.335985,0.20148918
dssstab_fedavg,correlated_sybil,10,8,2,3,0.2,1.0,1001,15.1651325,0.19924445
dssstab_fedavg,correlated_sybil,11,8,2,3,0.2,1.0,1001,15.298729,0.20099969
dssstab_fedavg,correlated_sybil,12,8,2,3,0.2,1.0,1001,15.28069,0.20076269
dssstab_fedavg,correlated_sybil,13,8,2,3,0.2,1.0,1001,15.369364,0.2019277
dssstab_fedavg,correlated_sybil,14,8,2,3,0.2,1.0,1001,15.305294,0.20108594
dssstab_fedavg,correlated_sybil,15,8,2,3,0.2,1.0,1001,15.154365,0.19910298
dssstab_fedavg,correlated_sybil,16,8,2,3,0.2,1.0,1001,15.117979,0.19862494
dssstab_fedavg,correlated_sybil,17,8,2,3,0.2,1.0,1001,15.24644,0.2003127
dssstab_fedavg,correlated_sybil,18,8,2,3,0.2,1.0,1001,15.227818,0.20006803
dssstab_fedavg,correlated_sybil,19,8,2,3,0.2,1.0,1001,15.265967,0.20056926
dssstab_fedavg,correlated_sybil,0,8,2,3,0.2,1.0,2001,18.134617,0.20052141
dssstab_fedavg,correlated_sybil,1,8,2,3,0.2,1.0,2001,17.847734,0.19734924
dssstab_fedavg,correlated_sybil,2,8,2,3,0.2,1.0,2001,17.953287,0.19851638
dssstab_fedavg,correlated_sybil,3,8,2,3,0.2,1.0,2001,18.021648,0.19927227
dssstab_fedavg,correlated_sybil,4,8,2,3,0.2,1.0,2001,18.204075,0.20128943
dssstab_fedavg,correlated_sybil,5,8,2,3,0.2,1.0,2001,17.99758,0.19900614
dssstab_fedavg,correlated_sybil,6,8,2,3,0.2,1.0,2001,18.064013,0.19974071
dssstab_fedavg,correlated_sybil,7,8,2,3,0.2,1.0,2001,18.068995,0.1997958
dssstab_fedavg,correlated_sybil,8,8,2,3,0.2,1.0,2001,18.149092,0.20068146
dssstab_fedavg,correlated_sybil,9,8,2,3,0.2,1.0,2001,18.155672,0.20075423
dssstab_fedavg,correlated_sybil,10,8,2,3,0.2,1.0,2001,18.02862,0.19934936
dssstab_fedavg,correlated_sybil,11,8,2,3,0.2,1.0,2001,18.089472,0.20002222
dssstab_fedavg,correlated_sybil,12,8,2,3,0.2,1.0,2001,18.271603,0.20203611
dssstab_fedavg,correlated_sybil,13,8,2,3,0.2,1.0,2001,18.265846,0.20197247
dssstab_fedavg,correlated_sybil,14,8,2,3,0.2,1.0,2001,17.999063,0.19902255
dssstab_fedavg,correlated_sybil,15,8,2,3,0.2,1.0,2001,18.098152,0.20011821
dssstab_fedavg,correlated_sybil,16,8,2,3,0.2,1.0,2001,17.987356,0.1988931
dssstab_fedavg,correlated_sybil,17,8,2,3,0.2,1.0,2001,18.20768,0.20132929
dssstab_fedavg,correlated_sybil,18,8,2,3,0.2,1.0,2001,18.135576,0.20053202
dssstab_fedavg,correlated_sybil,19,8,2,3,0.2,1.0,2001,18.224901,0.20151971
dssstab_fedavg,correlated_sybil,0,8,2,3,0.2,1.0,3001,16.68096,0.20018597
dssstab_fedavg,correlated_sybil,1,8,2,3,0.2,1.0,3001,16.641483,0.19971222
dssstab_fedavg,correlated_sybil,2,8,2,3,0.2,1.0,3001,16.84972,0.20221125
dssstab_fedavg,correlated_sybil,3,8,2,3,0.2,1.0,3001,16.56544,0.19879963
dssstab_fedavg,correlated_sybil,4,8,2,3,0.2,1.0,3001,16.61652,0.19941264
dssstab_fedavg,correlated_sybil,5,8,2,3,0.2,1.0,3001,16.638817,0.19968022
dssstab_fedavg,correlated_sybil,6,8,2,3,0.2,1.0,3001,16.644516,0.19974862
dssstab_fedavg,correlated_sybil,7,8,2,3,0.2,1.0,3001,16.606634,0.199294
dssstab_fedavg,correlated_sybil,8,8,2,3,0.2,1.0,3001,16.634743,0.19963133
dssstab_fedavg,correlated_sybil,9,8,2,3,0.2,1.0,3001,16.750061,0.20101525
dssstab_fedavg,correlated_sybil,10,8,2,3,0.2,1.0,3001,16.768883,0.20124112
dssstab_fedavg,correlated_sybil,11,8,2,3,0.2,1.0,3001,16.516443,0.19821163
dssstab_fedavg,correlated_sybil,12,8,2,3,0.2,1.0,3001,16.765179,0.20119667
dssstab_fedavg,correlated_sybil,13,8,2,3,0.2,1.0,3001,16.593168,0.1991324
dssstab_fedavg,correlated_sybil,14,8,2,3,0.2,1.0,3001,16.610582,0.19934139
dssstab_fedavg,correlated_sybil,15,8,2,3,0.2,1.0,3001,16.618658,0.1994383
dssstab_fedavg,correlated_sybil,16,8,2,3,0.2,1.0,3001,16.724728,0.20071122
dssstab_fedavg,correlated_sybil,17,8,2,3,0.2,1.0,3001,16.860556,0.20234127
dssstab_fedavg,correlated_sybil,18,8,2,3,0.2,1.0,3001,16.70609,0.20048757
dssstab_fedavg,correlated_sybil,19,8,2,3,0.2,1.0,3001,16.76267,0.20116657
dssstab_fedavg,correlated_sybil,0,8,2,3,0.2,1.0,4001,18.587702,0.19974273
dssstab_fedavg,correlated_sybil,1,8,2,3,0.2,1.0,4001,18.6076,0.19995655
dssstab_fedavg,correlated_sybil,2,8,2,3,0.2,1.0,4001,18.590824,0.19977629
dssstab_fedavg,correlated_sybil,3,8,2,3,0.2,1.0,4001,18.615705,0.20004366
dssstab_fedavg,correlated_sybil,4,8,2,3,0.2,1.0,4001,18.622486,0.20011653
dssstab_fedavg,correlated_sybil,5,8,2,3,0.2,1.0,4001,18.677275,0.20070527
dssstab_fedavg,correlated_sybil,6,8,2,3,0.2,1.0,4001,18.588537,0.1997517
dssstab_fedavg,correlated_sybil,7,8,2,3,0.2,1.0,4001,18.662525,0.20054679
dssstab_fedavg,correlated_sybil,8,8,2,3,0.2,1.0,4001,18.70155,0.20096613
dssstab_fedavg,correlated_sybil,9,8,2,3,0.2,1.0,4001,18.66488,0.2005721
dssstab_fedavg,correlated_sybil,10,8,2,3,0.2,1.0,4001,18.597273,0.19984558
dssstab_fedavg,correlated_sybil,11,8,2,3,0.2,1.0,4001,18.651287,0.20042601
dssstab_fedavg,correlated_sybil,12,8,2,3,0.2,1.0,4001,18.620718,0.20009753
dssstab_fedavg,correlated_sybil,13,8,2,3,0.2,1.0,4001,18.707752,0.20103279
dssstab_fedavg,correlated_sybil,14,8,2,3,0.2,1.0,4001,18.571213,0.19956554
dssstab_fedavg,correlated_sybil,15,8,2,3,0.2,1.0,4001,18.592106,0.19979006
dssstab_fedavg,correlated_sybil,16,8,2,3,0.2,1.0,4001,18.603937,0.1999172
dssstab_fedavg,correlated_sybil,17,8,2,3,0.2,1.0,4001,18.547943,0.19931549
dssstab_fedavg,correlated_sybil,18,8,2,3,0.2,1.0,4001,18.701704,0.2009678
dssstab_fedavg,correlated_sybil,19,8,2,3,0.2,1.0,4001,18.595476,0.19982627
foolsgold,correlated_sybil,0,8,2,3,0.2,1.0,1,1.5534024,0.01830211
foolsgold,correlated_sybil,1,8,2,3,0.2,1.0,1,1.5178956,0.01788377
foolsgold,correlated_sybil,2,8,2,3,0.2,1.0,1,8.134612,0.095841594
foolsgold,correlated_sybil,3,8,2,3,0.2,1.0,1,7.939658,0.093544655
foolsgold,correlated_sybil,4,8,2,3,0.2,1.0,1,7.939658,0.093544655
foolsgold,correlated_sybil,5,8,2,3,0.2,1.0,1,7.939658,0.093544655
foolsgold,correlated_sybil,6,8,2,3,0.2,1.0,1,7.939658,0.093544655
foolsgold,correlated_sybil,7,8,2,3,0.2,1.0,1,7.939658,0.093544655
foolsgold,correlated_sybil,8,8,2,3,0.2,1.0,1,7.939658,0.093544655
foolsgold,correlated_sybil,9,8,2,3,0.2,1.0,1,7.939658,0.093544655
foolsgold,correlated_sybil,10,8,2,3,0.2,1.0,1,7.939658,0.093544655
foolsgold,correlated_sybil,11,8,2,3,0.2,1.0,1,7.939658,0.093544655
foolsgold,correlated_sybil,12,8,2,3,0.2,1.0,1,7.939658,0.093544655
foolsgold,correlated_sybil,13,8,2,3,0.2,1.0,1,7.939658,0.093544655
foolsgold,correlated_sybil,14,8,2,3,0.2,1.0,1,7.939658,0.093544655
foolsgold,correlated_sybil,15,8,2,3,0.2,1.0,1,7.939658,0.093544655
foolsgold,correlated_sybil,16,8,2,3,0.2,1.0,1,7.939658,0.093544655
foolsgold,correlated_sybil,17,8,2,3,0.2,1.0,1,7.939658,0.093544655
foolsgold,correlated_sybil,18,8,2,3,0.2,1.0,1,7.939658,0.093544655
foolsgold,correlated_sybil,19,8,2,3,0.2,1.0,1,7.939658,0.093544655
foolsgold,correlated_sybil,0,8,2,3,0.2,1.0,1001,6.596898,0.086672194
foolsgold,correlated_sybil,1,8,2,3,0.2,1.0,1001,3.3597586,0.044141605
foolsgold,correlated_sybil,2,8,2,3,0.2,1.0,1001,3.134297,0.041179415
foolsgold,correlated_sybil,3,8,2,3,0.2,1.0,1001,6.6778364,0.08773559
foolsgold,correlated_sybil,4,8,2,3,0.2,1.0,1001,7.0191345,0.09221968
foolsgold,correlated_sybil,5,8,2,3,0.2,1.0,1001,6.4585743,0.084854856
foolsgold,correlated_sybil,6,8,2,3,0.2,1.0,1001,6.4585743,0.084854856
foolsgold,correlated_sybil,7,8,2,3,0.2,1.0,1001,10.334165,0.13577363
foolsgold,correlated_sybil,8,8,2,3,0.2,1.0,1001,13.851138,0.18198077
foolsgold,correlated_sybil,9,8,2,3,0.2,1.0,1001,13.851138,0.18198077
foolsgold,correlated_sybil,10,8,2,3,0.2,1.0,1001,13.851138,0.18198077
foolsgold,correlated_sybil,11,8,2,3,0.2,1.0,1001,13.851138,0.18198077
foolsgold,correlated_sybil,12,8,2,3,0.2,1.0,1001,11.789517,0.15489452
foolsgold,correlated_sybil,13,8,2,3,0.2,1.0,1001,13.851138,0.18198077
foolsgold,correlated_sybil,14,8,2,3,0.2,1.0,1001,13.851138,0.18198077
foolsgold,correlated_sybil,15,8,2,3,0.2,1.0,1001,13.851138,0.18198077
foolsgold,correlated_sybil,16,8,2,3,0.2,1.0,1001,13.851138,0.18198077
foolsgold,correlated_sybil,17,8,2,3,0.2,1.0,1001,13.851138,0.18198077
foolsgold,correlated_sybil,18,8,2,3,0.2,1.0,1001,13.851138,0.18198077
foolsgold,correlated_sybil,19,8,2,3,0.2,1.0,1001,13.851138,0.18198077
foolsgold,correlated_sybil,0,8,2,3,0.2,1.0,2001,1.3495185,0.014922144
foolsgold,correlated_sybil,1,8,2,3,0.2,1.0,2001,1.408973,0.015579554
foolsgold,correlated_sybil,2,8,2,3,0.2,1.0,2001,7.5954366,0.08398566
foolsgold,correlated_sybil,3,8,2,3,0.2,1.0,2001,1.5237736,0.016848948
foolsgold,correlated_sybil,4,8,2,3,0.2,1.0,2001,8.064231,0.08916929
foolsgold,correlated_sybil,5,8,2,3,0.2,1.0,2001,1.5482297,0.017119369
foolsgold,correlated_sybil,6,8,2,3,0.2,1.0,2001,1.4348074,0.015865216
foolsgold,correlated_sybil,7,8,2,3,0.2,1.0,2001,1.5578855,0.017226137
foolsgold,correlated_sybil,8,8,2,3,0.2,1.0,2001,11.312421,0.12508577
foolsgold,correlated_sybil,9,8,2,3,0.2,1.0,2001,8.581385,0.09488766
foolsgold,correlated_sybil,10,8,2,3,0.2,1.0,2001,7.6428843,0.084510304
foolsgold,correlated_sybil,11,8,2,3,0.2,1.0,2001,7.6428843,0.084510304
foolsgold,correlated_sybil,12,8,2,3,0.2,1.0,2001,7.6428843,0.084510304
foolsgold,correlated_sybil,13,8,2,3,0.2,1.0,2001,7.6428843,0.084510304
foolsgold,correlated_sybil,14,8,2,3,0.2,1.0,2001,7.6428843,0.084510304
foolsgold,correlated_sybil,15,8,2,3,0.2,1.0,2001,7.699652,0.08513801
foolsgold,correlated_sybil,16,8,2,3,0.2,1.0,2001,7.6428843,0.084510304
foolsgold,correlated_sybil,17,8,2,3,0.2,1.0,2001,7.6943164,0.08507901
foolsgold,correlated_sybil,18,8,2,3,0.2,1.0,2001,7.6428843,0.084510304
foolsgold,correlated_sybil,19,8,2,3,0.2,1.0,2001,7.8299875,0.086579174
foolsgold,correlated_sybil,0,8,2,3,0.2,1.0,3001,3.270165,0.039244812
foolsgold,correlated_sybil,1,8,2,3,0.2,1.0,3001,5.2198644,0.062642895
foolsgold,correlated_sybil,2,8,2,3,0.2,1.0,3001,5.2198644,0.062642895
foolsgold,correlated_sybil,3,8,2,3,0.2,1.0,3001,5.2198644,0.062642895
foolsgold,correlated_sybil,4,8,2,3,0.2,1.0,3001,5.2198644,0.062642895
foolsgold,correlated_sybil,5,8,2,3,0.2,1.0,3001,5.2198644,0.062642895
foolsgold,correlated_sybil,6,8,2,3,0.2,1.0,3001,5.2198644,0.062642895
foolsgold,correlated_sybil,7,8,2,3,0.2,1.0,3001,5.2198644,0.062642895
foolsgold,correlated_sybil,8,8,2,3,0.2,1.0,3001,5.2198644,0.062642895
foolsgold,correlated_sybil,9,8,2,3,0.2,1.0,3001,5.2198644,0.062642895
foolsgold,correlated_sybil,10,8,2,3,0.2,1.0,3001,5.2198644,0.062642895
foolsgold,correlated_sybil,11,8,2,3,0.2,1.0,3001,5.2198644,0.062642895
foolsgold,correlated_sybil,12,8,2,3,0.2,1.0,3001,5.2198644,0.062642895
foolsgold,correlated_sybil,13,8,2,3,0.2,1.0,3001,5.2198644,0.062642895
foolsgold,correlated_sybil,14,8,2,3,0.2,1.0,3001,5.2198644,0.062642895
foolsgold,correlated_sybil,15,8,2,3,0.2,1.0,3001,5.2198644,0.062642895
foolsgold,correlated_sybil,16,8,2,3,0.2,1.0,3001,5.2198644,0.062642895
foolsgold,correlated_sybil,17,8,2,3,0.2,1.0,3001,5.2198644,0.062642895
foolsgold,correlated_sybil,18,8,2,3,0.2,1.0,3001,5.2198644,0.062642895
foolsgold,correlated_sybil,19,8,2,3,0.2,1.0,3001,5.2198644,0.062642895
foolsgold,correlated_sybil,0,8,2,3,0.2,1.0,4001,13.272988,0.14263102
foolsgold,correlated_sybil,1,8,2,3,0.2,1.0,4001,1.508766,0.016213143
foolsgold,correlated_sybil,2,8,2,3,0.2,1.0,4001,1.5726107,0.016899215
foolsgold,correlated_sybil,3,8,2,3,0.2,1.0,4001,1.5529376,0.016687809
foolsgold,correlated_sybil,4,8,2,3,0.2,1.0,4001,1.3740189,0.014765155
foolsgold,correlated_sybil,5,8,2,3,0.2,1.0,4001,9.178481,0.098631606
foolsgold,correlated_sybil,6,8,2,3,0.2,1.0,4001,9.7430725,0.10469869
foolsgold,correlated_sybil,7,8,2,3,0.2,1.0,4001,13.612848,0.14628315
foolsgold,correlated_sybil,8,8,2,3,0.2,1.0,4001,12.576898,0.13515086
foolsgold,correlated_sybil,9,8,2,3,0.2,1.0,4001,12.459981,0.13389447
foolsgold,correlated_sybil,10,8,2,3,0.2,1.0,4001,12.653726,0.13597645
foolsgold,correlated_sybil,11,8,2,3,0.2,1.0,4001,8.894007,0.095574655
foolsgold,correlated_sybil,12,8,2,3,0.2,1.0,4001,8.894007,0.095574655
foolsgold,correlated_sybil,13,8,2,3,0.2,1.0,4001,8.894007,0.095574655
foolsgold,correlated_sybil,14,8,2,3,0.2,1.0,4001,8.894007,0.095574655
foolsgold,correlated_sybil,15,8,2,3,0.2,1.0,4001,8.894007,0.095574655
foolsgold,correlated_sybil,16,8,2,3,0.2,1.0,4001,8.894007,0.095574655
foolsgold,correlated_sybil,17,8,2,3,0.2,1.0,4001,8.894007,0.095574655
foolsgold,correlated_sybil,18,8,2,3,0.2,1.0,4001,8.894007,0.095574655
foolsgold,correlated_sybil,19,8,2,3,0.2,1.0,4001,8.894007,0.095574655
fedavg,correlated_sybil_unstable,0,8,2,3,0.2,1.0,1,16.376663,0.2003835
fedavg,correlated_sybil_unstable,1,8,2,3,0.2,1.0,1,16.310974,0.19957973
fedavg,correlated_sybil_unstable,2,8,2,3,0.2,1.0,1,16.40424,0.20072092
fedavg,correlated_sybil_unstable,3,8,2,3,0.2,1.0,1,16.45436,0.20133418
fedavg,correlated_sybil_unstable,4,8,2,3,0.2,1.0,1,16.362478,0.20020993
fedavg,correlated_sybil_unstable,5,8,2,3,0.2,1.0,1,16.448586,0.20126353
fedavg,correlated_sybil_unstable,6,8,2,3,0.2,1.0,1,16.2766,0.19915913
fedavg,correlated_sybil_unstable,7,8,2,3,0.2,1.0,1,16.25618,0.19890927
fedavg,correlated_sybil_unstable,8,8,2,3,0.2,1.0,1,16.477055,0.20161188
fedavg,correlated_sybil_unstable,9,8,2,3,0.2,1.0,1,16.278988,0.19918835
fedavg,correlated_sybil_unstable,10,8,2,3,0.2,1.0,1,16.569483,0.20274282
fedavg,correlated_sybil_unstable,11,8,2,3,0.2,1.0,1,16.34367,0.19997978
fedavg,correlated_sybil_unstable,12,8,2,3,0.2,1.0,1,16.279367,0.19919299
fedavg,correlated_sybil_unstable,13,8,2,3,0.2,1.0,1,16.430162,0.2010381
fedavg,correlated_sybil_unstable,14,8,2,3,0.2,1.0,1,16.489428,0.20176327
fedavg,correlated_sybil_unstable,15,8,2,3,0.2,1.0,1,16.28542,0.19926704
fedavg,correlated_sybil_unstable,16,8,2,3,0.2,1.0,1,16.349089,0.20004609
fedavg,correlated_sybil_unstable,17,8,2,3,0.2,1.0,1,16.352322,0.20008565
fedavg,correlated_sybil_unstable,18,8,2,3,0.2,1.0,1,16.403984,0.20071779
fedavg,correlated_sybil_unstable,19,8,2,3,0.2,1.0,1,16.284449,0.19925517
fedavg,correlated_sybil_unstable,0,8,2,3,0.2,1.0,1001,19.179497,0.19951099
fedavg,correlated_sybil_unstable,1,8,2,3,0.2,1.0,1001,19.297749,0.20074108
fedavg,correlated_sybil_unstable,2,8,2,3,0.2,1.0,1001,19.200912,0.19973376
fedavg,correlated_sybil_unstable,3,8,2,3,0.2,1.0,1001,19.24206,0.2001618
fedavg,correlated_sybil_unstable,4,8,2,3,0.2,1.0,1001,19.137573,0.1990749
fedavg,correlated_sybil_unstable,5,8,2,3,0.2,1.0,1001,19.296556,0.20072868
fedavg,correlated_sybil_unstable,6,8,2,3,0.2,1.0,1001,19.255959,0.20030637
fedavg,correlated_sybil_unstable,7,8,2,3,0.2,1.0,1001,19.134007,0.19903779
fedavg,correlated_sybil_unstable,8,8,2,3,0.2,1.0,1001,19.363346,0.20142345
fedavg,correlated_sybil_unstable,9,8,2,3,0.2,1.0,1001,19.329067,0.20106687
fedavg,correlated_sybil_unstable,10,8,2,3,0.2,1.0,1001,19.161287,0.19932157
fedavg,correlated_sybil_unstable,11,8,2,3,0.2,1.0,1001,19.30191,0.20078439
fedavg,correlated_sybil_unstable,12,8,2,3,0.2,1.0,1001,19.285812,0.20061693
fedavg,correlated_sybil_unstable,13,8,2,3,0.2,1.0,1001,19.383348,0.20163152
fedavg,correlated_sybil_unstable,14,8,2,3,0.2,1.0,1001,19.310349,0.20087215
fedavg,correlated_sybil_unstable,15,8,2,3,0.2,1.0,1001,19.152084,0.19922584
fedavg,correlated_sybil_unstable,16,8,2,3,0.2,1.0,1001,19.107325,0.19876024
fedavg,correlated_sybil_unstable,17,8,2,3,0.2,1.0,1001,19.255533,0.20030195
fedavg,correlated_sybil_unstable,18,8,2,3,0.2,1.0,1001,19.239452,0.20013466
fedavg,correlated_sybil_unstable,19,8,2,3,0.2,1.0,1001,19.260294,0.20035148
fedavg,correlated_sybil_unstable,0,8,2,3,0.2,1.0,2001,18.176655,0.20047422
fedavg,correlated_sybil_unstable,1,8,2,3,0.2,1.0,2001,17.885365,0.19726153
fedavg,correlated_sybil_unstable,2,8,2,3,0.2,1.0,2001,18.00693,0.19860229
fedavg,correlated_sybil_unstable,3,8,2,3,0.2,1.0,2001,18.056614,0.19915026
fedavg,correlated_sybil_unstable,4,8,2,3,0.2,1.0,2001,18.25862,0.20137823
fedavg,correlated_sybil_unstable,5,8,2,3,0.2,1.0,2001,18.042953,0.1989996
fedavg,correlated_sybil_unstable,6,8,2,3,0.2,1.0,2001,18.117268,0.19981922
fedavg,correlated_sybil_unstable,7,8,2,3,0.2,1.0,2001,18.115088,0.19979519
fedavg,correlated_sybil_unstable,8,8,2,3,0.2,1.0,2001,18.187176,0.20059027
fedavg,correlated_sybil_unstable,9,8,2,3,0.2,1.0,2001,18.208021,0.20082016
fedavg,correlated_sybil_unstable,10,8,2,3,0.2,1.0,2001,18.067743,0.19927302
fedavg,correlated_sybil_unstable,11,8,2,3,0.2,1.0,2001,18.12833,0.19994125
fedavg,correlated_sybil_unstable,12,8,2,3,0.2,1.0,2001,18.320887,0.20206499
fedavg,correlated_sybil_unstable,13,8,2,3,0.2,1.0,2001,18.311565,0.20196219
fedavg,correlated_sybil_unstable,14,8,2,3,0.2,1.0,2001,18.02542,0.19880621
fedavg,correlated_sybil_unstable,15,8,2,3,0.2,1.0,2001,18.157244,0.20026013
fedavg,correlated_sybil_unstable,16,8,2,3,0.2,1.0,2001,18.038311,0.1989484
fedavg,correlated_sybil_unstable,17,8,2,3,0.2,1.0,2001,18.255575,0.20134465
fedavg,correlated_sybil_unstable,18,8,2,3,0.2,1.0,2001,18.18684,0.20058656
fedavg,correlated_sybil_unstable,19,8,2,3,0.2,1.0,2001,18.285471,0.20167439
fedavg,correlated_sybil_unstable,0,8,2,3,0.2,1.0,3001,18.319378,0.19983506
fedavg,correlated_sybil_unstable,1,8,2,3,0.2,1.0,3001,18.291044,0.19952598
fedavg,correlated_sybil_unstable,2,8,2,3,0.2,1.0,3001,18.495695,0.2017584
fedavg,correlated_sybil_unstable,3,8,2,3,0.2,1.0,3001,18.248007,0.1990565
fedavg,correlated_sybil_unstable,4,8,2,3,0.2,1.0,3001,18.324648,0.19989255
fedavg,correlated_sybil_unstable,5,8,2,3,0.2,1.0,3001,18.322935,0.19987386
fedavg,correlated_sybil_unstable,6,8,2,3,0.2,1.0,3001,18.25527,0.19913574
fedavg,correlated_sybil_unstable,7,8,2,3,0.2,1.0,3001,18.257671,0.19916193
fedavg,correlated_sybil_unstable,8,8,2,3,0.2,1.0,3001,18.285536,0.1994659
fedavg,correlated_sybil_unstable,9,8,2,3,0.2,1.0,3001,18.372343,0.20041282
fedavg,correlated_sybil_unstable,10,8,2,3,0.2,1.0,3001,18.441938,0.201172
fedavg,correlated_sybil_unstable,11,8,2,3,0.2,1.0,3001,18.151863,0.19800773
fedavg,correlated_sybil_unstable,12,8,2,3,0.2,1.0,3001,18.457169,0.20133813
fedavg,correlated_sybil_unstable,13,8,2,3,0.2,1.0,3001,18.253902,0.19912082
fedavg,correlated_sybil_unstable,14,8,2,3,0.2,1.0,3001,18.319138,0.19983244
fedavg,correlated_sybil_unstable,15,8,2,3,0.2,1.0,3001,18.28139,0.19942066
fedavg,correlated_sybil_unstable,16,8,2,3,0.2,1.0,3001,18.411812,0.20084336
fedavg,correlated_sybil_unstable,17,8,2,3,0.2,1.0,3001,18.517864,0.20200023
fedavg,correlated_sybil_unstable,18,8,2,3,0.2,1.0,3001,18.386648,0.20056887
fedavg,correlated_sybil_unstable,19,8,2,3,0.2,1.0,3001,18.42045,0.2009376
fedavg,correlated_sybil_unstable,0,8,2,3,0.2,1.0,4001,17.828625,0.19933644
fedavg,correlated_sybil_unstable,1,8,2,3,0.2,1.0,4001,17.856983,0.1996535
fedavg,correlated_sybil_unstable,2,8,2,3,0.2,1.0,4001,17.875727,0.19986308
fedavg,correlated_sybil_unstable,3,8,2,3,0.2,1.0,4001,17.865717,0.19975117
fedavg,correlated_sybil_unstable,4,8,2,3,0.2,1.0,4001,17.85628,0.19964564
fedavg,correlated_sybil_unstable,5,8,2,3,0.2,1.0,4001,17.99421,0.20118779
fedavg,correlated_sybil_unstable,6,8,2,3,0.2,1.0,4001,17.87224,0.1998241
fedavg,correlated_sybil_unstable,7,8,2,3,0.2,1.0,4001,17.93998,0.20058148
fedavg,correlated_sybil_unstable,8,8,2,3,0.2,1.0,4001,17.96995,0.20091656
fedavg,correlated_sybil_unstable,9,8,2,3,0.2,1.0,4001,17.949692,0.20069006
fedavg,correlated_sybil_unstable,10,8,2,3,0.2,1.0,4001,17.917551,0.2003307
fedavg,correlated_sybil_unstable,11,8,2,3,0.2,1.0,4001,17.907629,0.20021977
fedavg,correlated_sybil_unstable,12,8,2,3,0.2,1.0,4001,17.874685,0.19985144
fedavg,correlated_sybil_unstable,13,8,2,3,0.2,1.0,4001,17.9836,0.20106918
fedavg,correlated_sybil_unstable,14,8,2,3,0.2,1.0,4001,17.860928,0.19969761
fedavg,correlated_sybil_unstable,15,8,2,3,0.2,1.0,4001,17.840443,0.19946858
fedavg,correlated_sybil_unstable,16,8,2,3,0.2,1.0,4001,17.85961,0.19968288
fedavg,correlated_sybil_unstable,17,8,2,3,0.2,1.0,4001,17.819952,0.19923948
fedavg,correlated_sybil_unstable,18,8,2,3,0.2,1.0,4001,17.977036,0.20099579
fedavg,correlated_sybil_unstable,19,8,2,3,0.2,1.0,4001,17.871649,0.19981748
krum,correlated_sybil_unstable,0,8,2,3,0.2,1.0,1,0.13920565,0.0017033088
krum,correlated_sybil_unstable,1,8,2,3,0.2,1.0,1,0.3879176,0.004746528
krum,correlated_sybil_unstable,2,8,2,3,0.2,1.0,1,0.20969842,0.0025658526
krum,correlated_sybil_unstable,3,8,2,3,0.2,1.0,1,0.4022157,0.0049214778
krum,correlated_sybil_unstable,4,8,2,3,0.2,1.0,1,0.3633399,0.004445797
krum,correlated_sybil_unstable,5,8,2,3,0.2,1.0,1,0.37281993,0.0045617935
krum,correlated_sybil_unstable,6,8,2,3,0.2,1.0,1,0.29438955,0.0036021261
krum,correlated_sybil_unstable,7,8,2,3,0.2,1.0,1,0.31431276,0.0038459047
krum,correlated_sybil_unstable,8,8,2,3,0.2,1.0,1,0.2603167,0.0031852135
krum,correlated_sybil_unstable,9,8,2,3,0.2,1.0,1,0.28637066,0.0035040076
krum,correlated_sybil_unstable,10,8,2,3,0.2,1.0,1,0.51315945,0.0062789763
krum,correlated_sybil_unstable,11,8,2,3,0.2,1.0,1,0.34140223,0.004177369
krum,correlated_sybil_unstable,12,8,2,3,0.2,1.0,1,0.19943902,0.0024403194
krum,correlated_sybil_unstable,13,8,2,3,0.2,1.0,1,0.3415129,0.0041787233
krum,correlated_sybil_unstable,14,8,2,3,0.2,1.0,1,0.2785409,0.0034082034
krum,correlated_sybil_unstable,15,8,2,3,0.2,1.0,1,0.41518614,0.005080183
krum,correlated_sybil_unstable,16,8,2,3,0.2,1.0,1,0.3948724,0.004831626
krum,correlated_sybil_unstable,17,8,2,3,0.2,1.0,1,0.23228851,0.0028422629
krum,correlated_sybil_unstable,18,8,2,3,0.2,1.0,1,0.25847915,0.0031627293
krum,correlated_sybil_unstable,19,8,2,3,0.2,1.0,1,0.21981928,0.0026896906
krum,correlated_sybil_unstable,0,8,2,3,0.2,1.0,1001,0.16645326,0.0017314977
krum,correlated_sybil_unstable,1,8,2,3,0.2,1.0,1001,0.27051345,0.0028139637
krum,correlated_sybil_unstable,2,8,2,3,0.2,1.0,1001,0.22888859,0.0023809692
krum,correlated_sybil_unstable,3,8,2,3,0.2,1.0,1001,0.6076259,0.0063207108
krum,correlated_sybil_unstable,4,8,2,3,0.2,1.0,1001,0.41570494,0.00432429
krum,correlated_sybil_unstable,5,8,2,3,0.2,1.0,1001,0.54728705,0.0056930473
krum,correlated_sybil_unstable,6,8,2,3,0.2,1.0,1001,0.4003571,0.004164637
krum,correlated_sybil_unstable,7,8,2,3,0.2,1.0,1001,0.19864288,0.002066344
krum,correlated_sybil_unstable,8,8,2,3,0.2,1.0,1001,0.46703863,0.0048582787
krum,correlated_sybil_unstable,9,8,2,3,0.2,1.0,1001,0.26184466,0.0027237884
krum,correlated_sybil_unstable,10,8,2,3,0.2,1.0,1001,0.2804325,0.0029171447
krum,correlated_sybil_unstable,11,8,2,3,0.2,1.0,1001,0.42490202,0.004419961
krum,correlated_sybil_unstable,12,8,2,3,0.2,1.0,1001,0.27972367,0.0029097712
krum,correlated_sybil_unstable,13,8,2,3,0.2,1.0,1001,0.37002152,0.003849077
krum,correlated_sybil_unstable,14,8,2,3,0.2,1.0,1001,0.18068449,0.0018795354
krum,correlated_sybil_unstable,15,8,2,3,0.2,1.0,1001,0.14282694,0.0014857296
krum,correlated_sybil_unstable,16,8,2,3,0.2,1.0,1001,0.40057808,0.0041669356
krum,correlated_sybil_unstable,17,8,2,3,0.2,1.0,1001,0.27728048,0.0028843563
krum,correlated_sybil_unstable,18,8,2,3,0.2,1.0,1001,0.28859493,0.003002053
krum,correlated_sybil_unstable,19,8,2,3,0.2,1.0,1001,0.16043086,0.0016688509
krum,correlated_sybil_unstable,0,8,2,3,0.2,1.0,2001,0.29126975,0.0032124766
krum,correlated_sybil_unstable,1,8,2,3,0.2,1.0,2001,0.3292758,0.0036316533
krum,correlated_sybil_unstable,2,8,2,3,0.2,1.0,2001,0.34467104,0.0038014508
krum,correlated_sybil_unstable,3,8,2,3,0.2,1.0,2001,0.16976169,0.001872338
krum,correlated_sybil_unstable,4,8,2,3,0.2,1.0,2001,0.38036036,0.004195076
krum,correlated_sybil_unstable,5,8,2,3,0.2,1.0,2001,0.3990603,0.0044013215
krum,correlated_sybil_unstable,6,8,2,3,0.2,1.0,2001,0.2913096,0.003212916
krum,correlated_sybil_unstable,7,8,2,3,0.2,1.0,2001,0.2423743,0.0026731982
krum,correlated_sybil_unstable,8,8,2,3,0.2,1.0,2001,0.41956717,0.0046274965
krum,correlated_sybil_unstable,9,8,2,3,0.2,1.0,2001,0.33082277,0.0036487153
krum,correlated_sybil_unstable,10,8,2,3,0.2,1.0,2001,0.2349113,0.002590887
krum,correlated_sybil_unstable,11,8,2,3,0.2,1.0,2001,0.101560086,0.001120128
krum,correlated_sybil_unstable,12,8,2,3,0.2,1.0,2001,0.10289896,0.0011348947
krum,correlated_sybil_unstable,13,8,2,3,0.2,1.0,2001,0.27210334,0.0030010862
krum,correlated_sybil_unstable,14,8,2,3,0.2,1.0,2001,0.34389913,0.0037929371
krum,correlated_sybil_unstable,15,8,2,3,0.2,1.0,2001,0.21052183,0.0023218903
krum,correlated_sybil_unstable,16,8,2,3,0.2,1.0,2001,0.266199,0.0029359658
krum,correlated_sybil_unstable,17,8,2,3,0.2,1.0,2001,0.13482744,0.0014870407
krum,correlated_sybil_unstable,18,8,2,3,0.2,1.0,2001,0.22355184,0.002465601
krum,correlated_sybil_unstable,19,8,2,3,0.2,1.0,2001,0.46310046,0.0051076342
krum,correlated_sybil_unstable,0,8,2,3,0.2,1.0,3001,0.31443003,0.0034299279
krum,correlated_sybil_unstable,1,8,2,3,0.2,1.0,3001,0.39238477,0.004280289
krum,correlated_sybil_unstable,2,8,2,3,0.2,1.0,3001,0.28589442,0.00311865
krum,correlated_sybil_unstable,3,8,2,3,0.2,1.0,3001,0.3875281,0.0042273104
krum,correlated_sybil_unstable,4,8,2,3,0.2,1.0,3001,0.1783196,0.0019451812
krum,correlated_sybil_unstable,5,8,2,3,0.2,1.0,3001,0.20347826,0.0022196218
krum,correlated_sybil_unstable,6,8,2,3,0.2,1.0,3001,0.26395652,0.0028793425
krum,correlated_sybil_unstable,7,8,2,3,0.2,1.0,3001,0.28944552,0.0031573868
krum,correlated_sybil_unstable,8,8,2,3,0.2,1.0,3001,0.2579448,0.0028137644
krum,correlated_sybil_unstable,9,8,2,3,0.2,1.0,3001,0.19625004,0.0021407735
krum,correlated_sybil_unstable,10,8,2,3,0.2,1.0,3001,0.24041775,0.0026225725
krum,correlated_sybil_unstable,11,8,2,3,0.2,1.0,3001,0.75307834,0.008214878
krum,correlated_sybil_unstable,12,8,2,3,0.2,1.0,3001,0.1466147,0.0015993314
krum,correlated_sybil_unstable,13,8,2,3,0.2,1.0,3001,0.3064112,0.0033424553
krum,correlated_sybil_unstable,14,8,2,3,0.2,1.0,3001,0.4802889,0.005239182
krum,correlated_sybil_unstable,15,8,2,3,0.2,1.0,3001,0.355309,0.0038758519
krum,correlated_sybil_unstable,16,8,2,3,0.2,1.0,3001,0.3194902,0.003485126
krum,correlated_sybil_unstable,17,8,2,3,0.2,1.0,3001,0.3595727,0.003922362
krum,correlated_sybil_unstable,18,8,2,3,0.2,1.0,3001,0.08774578,0.00095716584
krum,correlated_sybil_unstable,19,8,2,3,0.2,1.0,3001,0.32685292,0.0035654416
krum,correlated_sybil_unstable,0,8,2,3,0.2,1.0,4001,0.44883117,0.005018245
krum,correlated_sybil_unstable,1,8,2,3,0.2,1.0,4001,0.0701128,0.00078391
krum,correlated_sybil_unstable,2,8,2,3,0.2,1.0,4001,0.20258364,0.0022650263
krum,correlated_sybil_unstable,3,8,2,3,0.2,1.0,4001,0.30310154,0.0033888863
krum,correlated_sybil_unstable,4,8,2,3,0.2,1.0,4001,0.32085848,0.0035874213
krum,correlated_sybil_unstable,5,8,2,3,0.2,1.0,4001,0.41667515,0.0046587186
krum,correlated_sybil_unstable,6,8,2,3,0.2,1.0,4001,0.2685083,0.0030021097
krum,correlated_sybil_unstable,7,8,2,3,0.2,1.0,4001,0.16424228,0.0018363431
krum,correlated_sybil_unstable,8,8,2,3,0.2,1.0,4001,0.48581445,0.005431744
krum,correlated_sybil_unstable,9,8,2,3,0.2,1.0,4001,0.20409724,0.0022819494
krum,correlated_sybil_unstable,10,8,2,3,0.2,1.0,4001,0.067562744,0.00075539853
krum,correlated_sybil_unstable,11,8,2,3,0.2,1.0,4001,0.20453368,0.002286829
krum,correlated_sybil_unstable,12,8,2,3,0.2,1.0,4001,0.28902102,0.0032314563
krum,correlated_sybil_unstable,13,8,2,3,0.2,1.0,4001,0.21608566,0.0024159881
krum,correlated_sybil_unstable,14,8,2,3,0.2,1.0,4001,0.31876493,0.0035640139
krum,correlated_sybil_unstable,15,8,2,3,0.2,1.0,4001,0.34230888,0.0038272517
krum,correlated_sybil_unstable,16,8,2,3,0.2,1.0,4001,0.14624308,0.0016350995
krum,correlated_sybil_unstable,17,8,2,3,0.2,1.0,4001,0.35645863,0.0039854557
krum,correlated_sybil_unstable,18,8,2,3,0.2,1.0,4001,0.48746258,0.0054501714
krum,correlated_sybil_unstable,19,8,2,3,0.2,1.0,4001,0.11688235,0.001306826
dss_fedavg,correlated_sybil_unstable,0,8,2,3,0.2,1.0,1,16.376663,0.2003835
dss_fedavg,correlated_sybil_unstable,1,8,2,3,0.2,1.0,1,16.310974,0.19957973
dss_fedavg,correlated_sybil_unstable,2,8,2,3,0.2,1.0,1,16.40424,0.20072092
dss_fedavg,correlated_sybil_unstable,3,8,2,3,0.2,1.0,1,16.45436,0.20133418
dss_fedavg,correlated_sybil_unstable,4,8,2,3,0.2,1.0,1,16.362478,0.20020993
dss_fedavg,correlated_sybil_unstable,5,8,2,3,0.2,1.0,1,16.448586,0.20126353
dss_fedavg,correlated_sybil_unstable,6,8,2,3,0.2,1.0,1,16.2766,0.19915913
dss_fedavg,correlated_sybil_unstable,7,8,2,3,0.2,1.0,1,16.25618,0.19890927
dss_fedavg,correlated_sybil_unstable,8,8,2,3,0.2,1.0,1,16.477055,0.20161188
dss_fedavg,correlated_sybil_unstable,9,8,2,3,0.2,1.0,1,16.278988,0.19918835
dss_fedavg,correlated_sybil_unstable,10,8,2,3,0.2,1.0,1,16.569483,0.20274282
dss_fedavg,correlated_sybil_unstable,11,8,2,3,0.2,1.0,1,16.34367,0.19997978
dss_fedavg,correlated_sybil_unstable,12,8,2,3,0.2,1.0,1,16.279367,0.19919299
dss_fedavg,correlated_sybil_unstable,13,8,2,3,0.2,1.0,1,16.430162,0.2010381
dss_fedavg,correlated_sybil_unstable,14,8,2,3,0.2,1.0,1,16.489428,0.20176327
dss_fedavg,correlated_sybil_unstable,15,8,2,3,0.2,1.0,1,16.28542,0.19926704
dss_fedavg,correlated_sybil_unstable,16,8,2,3,0.2,1.0,1,16.349089,0.20004609
dss_fedavg,correlated_sybil_unstable,17,8,2,3,0.2,1.0,1,16.352322,0.20008565
dss_fedavg,correlated_sybil_unstable,18,8,2,3,0.2,1.0,1,16.403984,0.20071779
dss_fedavg,correlated_sybil_unstable,19,8,2,3,0.2,1.0,1,16.284449,0.19925517
dss_fedavg,correlated_sybil_unstable,0,8,2,3,0.2,1.0,1001,19.179497,0.19951099
dss_fedavg,correlated_sybil_unstable,1,8,2,3,0.2,1.0,1001,19.297749,0.20074108
dss_fedavg,correlated_sybil_unstable,2,8,2,3,0.2,1.0,1001,19.200912,0.19973376
dss_fedavg,correlated_sybil_unstable,3,8,2,3,0.2,1.0,1001,19.24206,0.2001618
dss_fedavg,correlated_sybil_unstable,4,8,2,3,0.2,1.0,1001,19.137573,0.1990749
dss_fedavg,correlated_sybil_unstable,5,8,2,3,0.2,1.0,1001,19.296556,0.20072868
dss_fedavg,correlated_sybil_unstable,6,8,2,3,0.2,1.0,1001,19.255959,0.20030637
dss_fedavg,correlated_sybil_unstable,7,8,2,3,0.2,1.0,1001,19.134007,0.19903779
dss_fedavg,correlated_sybil_unstable,8,8,2,3,0.2,1.0,1001,19.363346,0.20142345
dss_fedavg,correlated_sybil_unstable,9,8,2,3,0.2,1.0,1001,19.329067,0.20106687
dss_fedavg,correlated_sybil_unstable,10,8,2,3,0.2,1.0,1001,19.161287,0.19932157
dss_fedavg,correlated_sybil_unstable,11,8,2,3,0.2,1.0,1001,19.30191,0.20078439
dss_fedavg,correlated_sybil_unstable,12,8,2,3,0.2,1.0,1001,19.285812,0.20061693
dss_fedavg,correlated_sybil_unstable,13,8,2,3,0.2,1.0,1001,19.383348,0.20163152
dss_fedavg,correlated_sybil_unstable,14,8,2,3,0.2,1.0,1001,19.310349,0.20087215
dss_fedavg,correlated_sybil_unstable,15,8,2,3,0.2,1.0,1001,19.152084,0.19922584
dss_fedavg,correlated_sybil_unstable,16,8,2,3,0.2,1.0,1001,19.107325,0.19876024
dss_fedavg,correlated_sybil_unstable,17,8,2,3,0.2,1.0,1001,19.255533,0.20030195
dss_fedavg,correlated_sybil_unstable,18,8,2,3,0.2,1.0,1001,19.239452,0.20013466
dss_fedavg,correlated_sybil_unstable,19,8,2,3,0.2,1.0,1001,19.260294,0.20035148
dss_fedavg,correlated_sybil_unstable,0,8,2,3,0.2,1.0,2001,18.176655,0.20047422
dss_fedavg,correlated_sybil_unstable,1,8,2,3,0.2,1.0,2001,17.885365,0.19726153
dss_fedavg,correlated_sybil_unstable,2,8,2,3,0.2,1.0,2001,18.00693,0.19860229
dss_fedavg,correlated_sybil_unstable,3,8,2,3,0.2,1.0,2001,18.056614,0.19915026
dss_fedavg,correlated_sybil_unstable,4,8,2,3,0.2,1.0,2001,18.25862,0.20137823
dss_fedavg,correlated_sybil_unstable,5,8,2,3,0.2,1.0,2001,18.042953,0.1989996
dss_fedavg,correlated_sybil_unstable,6,8,2,3,0.2,1.0,2001,18.117268,0.19981922
dss_fedavg,correlated_sybil_unstable,7,8,2,3,0.2,1.0,2001,18.115088,0.19979519
dss_fedavg,correlated_sybil_unstable,8,8,2,3,0.2,1.0,2001,18.187176,0.20059027
dss_fedavg,correlated_sybil_unstable,9,8,2,3,0.2,1.0,2001,18.208021,0.20082016
dss_fedavg,correlated_sybil_unstable,10,8,2,3,0.2,1.0,2001,18.067743,0.19927302
dss_fedavg,correlated_sybil_unstable,11,8,2,3,0.2,1.0,2001,18.12833,0.19994125
dss_fedavg,correlated_sybil_unstable,12,8,2,3,0.2,1.0,2001,18.320887,0.20206499
dss_fedavg,correlated_sybil_unstable,13,8,2,3,0.2,1.0,2001,18.311565,0.20196219
dss_fedavg,correlated_sybil_unstable,14,8,2,3,0.2,1.0,2001,18.02542,0.19880621
dss_fedavg,correlated_sybil_unstable,15,8,2,3,0.2,1.0,2001,18.157244,0.20026013
dss_fedavg,correlated_sybil_unstable,16,8,2,3,0.2,1.0,2001,18.038311,0.1989484
dss_fedavg,correlated_sybil_unstable,17,8,2,3,0.2,1.0,2001,18.255575,0.20134465
dss_fedavg,correlated_sybil_unstable,18,8,2,3,0.2,1.0,2001,18.18684,0.20058656
dss_fedavg,correlated_sybil_unstable,19,8,2,3,0.2,1.0,2001,18.285471,0.20167439
dss_fedavg,correlated_sybil_unstable,0,8,2,3,0.2,1.0,3001,18.319378,0.19983506
dss_fedavg,correlated_sybil_unstable,1,8,2,3,0.2,1.0,3001,18.291044,0.19952598
dss_fedavg,correlated_sybil_unstable,2,8,2,3,0.2,1.0,3001,18.495695,0.2017584
dss_fedavg,correlated_sybil_unstable,3,8,2,3,0.2,1.0,3001,18.248007,0.1990565
dss_fedavg,correlated_sybil_unstable,4,8,2,3,0.2,1.0,3001,18.324648,0.19989255
dss_fedavg,correlated_sybil_unstable,5,8,2,3,0.2,1.0,3001,18.322935,0.19987386
dss_fedavg,correlated_sybil_unstable,6,8,2,3,0.2,1.0,3001,18.25527,0.19913574
dss_fedavg,correlated_sybil_unstable,7,8,2,3,0.2,1.0,3001,18.257671,0.19916193
dss_fedavg,correlated_sybil_unstable,8,8,2,3,0.2,1.0,3001,18.285536,0.1994659
dss_fedavg,correlated_sybil_unstable,9,8,2,3,0.2,1.0,3001,18.372343,0.20041282
dss_fedavg,correlated_sybil_unstable,10,8,2,3,0.2,1.0,3001,18.441938,0.201172
dss_fedavg,correlated_sybil_unstable,11,8,2,3,0.2,1.0,3001,18.151863,0.19800773
dss_fedavg,correlated_sybil_unstable,12,8,2,3,0.2,1.0,3001,18.457169,0.20133813
dss_fedavg,correlated_sybil_unstable,13,8,2,3,0.2,1.0,3001,18.253902,0.19912082
dss_fedavg,correlated_sybil_unstable,14,8,2,3,0.2,1.0,3001,18.319138,0.19983244
dss_fedavg,correlated_sybil_unstable,15,8,2,3,0.2,1.0,3001,18.28139,0.19942066
dss_fedavg,correlated_sybil_unstable,16,8,2,3,0.2,1.0,3001,18.411812,0.20084336
dss_fedavg,correlated_sybil_unstable,17,8,2,3,0.2,1.0,3001,18.517864,0.20200023
dss_fedavg,correlated_sybil_unstable,18,8,2,3,0.2,1.0,3001,18.386648,0.20056887
dss_fedavg,correlated_sybil_unstable,19,8,2,3,0.2,1.0,3001,18.42045,0.2009376
dss_fedavg,correlated_sybil_unstable,0,8,2,3,0.2,1.0,4001,17.828625,0.19933644
dss_fedavg,correlated_sybil_unstable,1,8,2,3,0.2,1.0,4001,17.856983,0.1996535
dss_fedavg,correlated_sybil_unstable,2,8,2,3,0.2,1.0,4001,17.875727,0.19986308
dss_fedavg,correlated_sybil_unstable,3,8,2,3,0.2,1.0,4001,17.865717,0.19975117
dss_fedavg,correlated_sybil_unstable,4,8,2,3,0.2,1.0,4001,17.85628,0.19964564
dss_fedavg,correlated_sybil_unstable,5,8,2,3,0.2,1.0,4001,17.99421,0.20118779
dss_fedavg,correlated_sybil_unstable,6,8,2,3,0.2,1.0,4001,17.87224,0.1998241
dss_fedavg,correlated_sybil_unstable,7,8,2,3,0.2,1.0,4001,17.93998,0.20058148
dss_fedavg,correlated_sybil_unstable,8,8,2,3,0.2,1.0,4001,17.96995,0.20091656
dss_fedavg,correlated_sybil_unstable,9,8,2,3,0.2,1.0,4001,17.949692,0.20069006
dss_fedavg,correlated_sybil_unstable,10,8,2,3,0.2,1.0,4001,17.917551,0.2003307
dss_fedavg,correlated_sybil_unstable,11,8,2,3,0.2,1.0,4001,17.907629,0.20021977
dss_fedavg,correlated_sybil_unstable,12,8,2,3,0.2,1.0,4001,17.874685,0.19985144
dss_fedavg,correlated_sybil_unstable,13,8,2,3,0.2,1.0,4001,17.9836,0.20106918
dss_fedavg,correlated_sybil_unstable,14,8,2,3,0.2,1.0,4001,17.860928,0.19969761
dss_fedavg,correlated_sybil_unstable,15,8,2,3,0.2,1.0,4001,17.840443,0.19946858
dss_fedavg,correlated_sybil_unstable,16,8,2,3,0.2,1.0,4001,17.85961,0.19968288
dss_fedavg,correlated_sybil_unstable,17,8,2,3,0.2,1.0,4001,17.819952,0.19923948
dss_fedavg,correlated_sybil_unstable,18,8,2,3,0.2,1.0,4001,17.977036,0.20099579
dss_fedavg,correlated_sybil_unstable,19,8,2,3,0.2,1.0,4001,17.871649,0.19981748
flanders_fedavg,correlated_sybil_unstable,0,8,2,3,0.2,1.0,1,16.376663,0.2003835
flanders_fedavg,correlated_sybil_unstable,1,8,2,3,0.2,1.0,1,0.22226231,0.0027195832
flanders_fedavg,correlated_sybil_unstable,2,8,2,3,0.2,1.0,1,23.38192,0.28609923
flanders_fedavg,correlated_sybil_unstable,3,8,2,3,0.2,1.0,1,23.476788,0.28726003
flanders_fedavg,correlated_sybil_unstable,4,8,2,3,0.2,1.0,1,23.389868,0.28619647
flanders_fedavg,correlated_sybil_unstable,5,8,2,3,0.2,1.0,1,23.53489,0.28797096
flanders_fedavg,correlated_sybil_unstable,6,8,2,3,0.2,1.0,1,23.409494,0.28643662
flanders_fedavg,correlated_sybil_unstable,7,8,2,3,0.2,1.0,1,23.220715,0.28412673
flanders_fedavg,correlated_sybil_unstable,8,8,2,3,0.2,1.0,1,23.529274,0.28790224
flanders_fedavg,correlated_sybil_unstable,9,8,2,3,0.2,1.0,1,23.374046,0.2860029
flanders_fedavg,correlated_sybil_unstable,10,8,2,3,0.2,1.0,1,23.543829,0.28808033
flanders_fedavg,correlated_sybil_unstable,11,8,2,3,0.2,1.0,1,23.391262,0.28621355
flanders_fedavg,correlated_sybil_unstable,12,8,2,3,0.2,1.0,1,23.27043,0.28473505
flanders_fedavg,correlated_sybil_unstable,13,8,2,3,0.2,1.0,1,23.492943,0.2874577
flanders_fedavg,correlated_sybil_unstable,14,8,2,3,0.2,1.0,1,23.524574,0.28784475
flanders_fedavg,correlated_sybil_unstable,15,8,2,3,0.2,1.0,1,23.368822,0.28593898
flanders_fedavg,correlated_sybil_unstable,16,8,2,3,0.2,1.0,1,23.385836,0.28614715
flanders_fedavg,correlated_sybil_unstable,17,8,2,3,0.2,1.0,1,23.33676,0.28554666
flanders_fedavg,correlated_sybil_unstable,18,8,2,3,0.2,1.0,1,23.379978,0.28607547
flanders_fedavg,correlated_sybil_unstable,19,8,2,3,0.2,1.0,1,23.256289,0.28456202
flanders_fedavg,correlated_sybil_unstable,0,8,2,3,0.2,1.0,1001,19.179497,0.19951099
flanders_fedavg,correlated_sybil_unstable,1,8,2,3,0.2,1.0,1001,0.2195696,0.0022840302
flanders_fedavg,correlated_sybil_unstable,2,8,2,3,0.2,1.0,1001,27.385405,0.28487137
flanders_fedavg,correlated_sybil_unstable,3,8,2,3,0.2,1.0,1001,27.44569,0.28549847
flanders_fedavg,correlated_sybil_unstable,4,8,2,3,0.2,1.0,1001,27.448046,0.28552297
flanders_fedavg,correlated_sybil_unstable,5,8,2,3,0.2,1.0,1001,27.451311,0.28555694
flanders_fedavg,correlated_sybil_unstable,6,8,2,3,0.2,1.0,1001,27.52554,0.2863291
flanders_fedavg,correlated_sybil_unstable,7,8,2,3,0.2,1.0,1001,27.384651,0.28486353
flanders_fedavg,correlated_sybil_unstable,8,8,2,3,0.2,1.0,1001,27.591314,0.2870133
flanders_fedavg,correlated_sybil_unstable,9,8,2,3,0.2,1.0,1001,27.54715,0.2865539
flanders_fedavg,correlated_sybil_unstable,10,8,2,3,0.2,1.0,1001,27.499205,0.28605515
flanders_fedavg,correlated_sybil_unstable,11,8,2,3,0.2,1.0,1001,27.494398,0.28600514
flanders_fedavg,correlated_sybil_unstable,12,8,2,3,0.2,1.0,1001,27.515451,0.28622416
flanders_fedavg,correlated_sybil_unstable,13,8,2,3,0.2,1.0,1001,27.527576,0.28635028
flanders_fedavg,correlated_sybil_unstable,14,8,2,3,0.2,1.0,1001,27.539482,0.2864741
flanders_fedavg,correlated_sybil_unstable,15,8,2,3,0.2,1.0,1001,27.44012,0.28544053
flanders_fedavg,correlated_sybil_unstable,16,8,2,3,0.2,1.0,1001,27.394054,0.28496134
flanders_fedavg,correlated_sybil_unstable,17,8,2,3,0.2,1.0,1001,27.444954,0.2854908
flanders_fedavg,correlated_sybil_unstable,18,8,2,3,0.2,1.0,1001,27.382105,0.28483704
flanders_fedavg,correlated_sybil_unstable,19,8,2,3,0.2,1.0,1001,27.404629,0.28507134
flanders_fedavg,correlated_sybil_unstable,0,8,2,3,0.2,1.0,2001,18.176655,0.20047422
flanders_fedavg,correlated_sybil_unstable,1,8,2,3,0.2,1.0,2001,0.38656354,0.0042634923
flanders_fedavg,correlated_sybil_unstable,2,8,2,3,0.2,1.0,2001,25.797531,0.2845265
flanders_fedavg,correlated_sybil_unstable,3,8,2,3,0.2,1.0,2001,25.889107,0.2855365
flanders_fedavg,correlated_sybil_unstable,4,8,2,3,0.2,1.0,2001,26.050684,0.2873186
flanders_fedavg,correlated_sybil_unstable,5,8,2,3,0.2,1.0,2001,25.793215,0.2844789
flanders_fedavg,correlated_sybil_unstable,6,8,2,3,0.2,1.0,2001,26.029394,0.28708377
flanders_fedavg,correlated_sybil_unstable,7,8,2,3,0.2,1.0,2001,25.920612,0.285884
flanders_fedavg,correlated_sybil_unstable,8,8,2,3,0.2,1.0,2001,25.958607,0.28630304
flanders_fedavg,correlated_sybil_unstable,9,8,2,3,0.2,1.0,2001,26.009865,0.28686836
flanders_fedavg,correlated_sybil_unstable,10,8,2,3,0.2,1.0,2001,25.838139,0.28497437
flanders_fedavg,correlated_sybil_unstable,11,8,2,3,0.2,1.0,2001,25.867764,0.28530112
flanders_fedavg,correlated_sybil_unstable,12,8,2,3,0.2,1.0,2001,26.03781,0.28717658
flanders_fedavg,correlated_sybil_unstable,13,8,2,3,0.2,1.0,2001,26.08008,0.2876428
flanders_fedavg,correlated_sybil_unstable,14,8,2,3,0.2,1.0,2001,25.813864,0.28470665
flanders_fedavg,correlated_sybil_unstable,15,8,2,3,0.2,1.0,2001,25.96401,0.28636265
flanders_fedavg,correlated_sybil_unstable,16,8,2,3,0.2,1.0,2001,25.824352,0.28482231
flanders_fedavg,correlated_sybil_unstable,17,8,2,3,0.2,1.0,2001,25.996807,0.28672436
flanders_fedavg,correlated_sybil_unstable,18,8,2,3,0.2,1.0,2001,25.956558,0.28628045
flanders_fedavg,correlated_sybil_unstable,19,8,2,3,0.2,1.0,2001,25.96853,0.28641248
flanders_fedavg,correlated_sybil_unstable,0,8,2,3,0.2,1.0,3001,18.319378,0.19983506
flanders_fedavg,correlated_sybil_unstable,1,8,2,3,0.2,1.0,3001,0.23827323,0.002599179
flanders_fedavg,correlated_sybil_unstable,2,8,2,3,0.2,1.0,3001,26.28121,0.28668588
flanders_fedavg,correlated_sybil_unstable,3,8,2,3,0.2,1.0,3001,26.206545,0.28587142
flanders_fedavg,correlated_sybil_unstable,4,8,2,3,0.2,1.0,3001,26.19533,0.28574908
flanders_fedavg,correlated_sybil_unstable,5,8,2,3,0.2,1.0,3001,26.103613,0.28474858
flanders_fedavg,correlated_sybil_unstable,6,8,2,3,0.2,1.0,3001,26.062,0.28429466
flanders_fedavg,correlated_sybil_unstable,7,8,2,3,0.2,1.0,3001,26.166048,0.28542966
flanders_fedavg,correlated_sybil_unstable,8,8,2,3,0.2,1.0,3001,26.183329,0.28561816
flanders_fedavg,correlated_sybil_unstable,9,8,2,3,0.2,1.0,3001,26.169178,0.2854638
flanders_fedavg,correlated_sybil_unstable,10,8,2,3,0.2,1.0,3001,26.325724,0.28717145
flanders_fedavg,correlated_sybil_unstable,11,8,2,3,0.2,1.0,3001,26.068628,0.28436697
flanders_fedavg,correlated_sybil_unstable,12,8,2,3,0.2,1.0,3001,26.393158,0.28790706
flanders_fedavg,correlated_sybil_unstable,13,8,2,3,0.2,1.0,3001,26.154484,0.2853035
flanders_fedavg,correlated_sybil_unstable,14,8,2,3,0.2,1.0,3001,26.143675,0.2851856
flanders_fedavg,correlated_sybil_unstable,15,8,2,3,0.2,1.0,3001,26.173456,0.28551048
flanders_fedavg,correlated_sybil_unstable,16,8,2,3,0.2,1.0,3001,26.272488,0.28659075
flanders_fedavg,correlated_sybil_unstable,17,8,2,3,0.2,1.0,3001,26.399763,0.28797913
flanders_fedavg,correlated_sybil_unstable,18,8,2,3,0.2,1.0,3001,26.260813,0.28646338
flanders_fedavg,correlated_sybil_unstable,19,8,2,3,0.2,1.0,3001,26.264801,0.2865069
flanders_fedavg,correlated_sybil_unstable,0,8,2,3,0.2,1.0,4001,17.828625,0.19933644
flanders_fedavg,correlated_sybil_unstable,1,8,2,3,0.2,1.0,4001,0.2127703,0.00237892
flanders_fedavg,correlated_sybil_unstable,2,8,2,3,0.2,1.0,4001,25.535471,0.28550434
flanders_fedavg,correlated_sybil_unstable,3,8,2,3,0.2,1.0,4001,25.591467,0.28613043
flanders_fedavg,correlated_sybil_unstable,4,8,2,3,0.2,1.0,4001,25.49259,0.2850249
flanders_fedavg,correlated_sybil_unstable,5,8,2,3,0.2,1.0,4001,25.72341,0.28760564
flanders_fedavg,correlated_sybil_unstable,6,8,2,3,0.2,1.0,4001,25.610924,0.28634796
flanders_fedavg,correlated_sybil_unstable,7,8,2,3,0.2,1.0,4001,25.6326,0.28659034
flanders_fedavg,correlated_sybil_unstable,8,8,2,3,0.2,1.0,4001,25.605724,0.28628984
flanders_fedavg,correlated_sybil_unstable,9,8,2,3,0.2,1.0,4001,25.621658,0.286468
flanders_fedavg,correlated_sybil_unstable,10,8,2,3,0.2,1.0,4001,25.693127,0.28726706
flanders_fedavg,correlated_sybil_unstable,11,8,2,3,0.2,1.0,4001,25.582455,0.28602967
flanders_fedavg,correlated_sybil_unstable,12,8,2,3,0.2,1.0,4001,25.50757,0.2851924
flanders_fedavg,correlated_sybil_unstable,13,8,2,3,0.2,1.0,4001,25.618967,0.2864379
flanders_fedavg,correlated_sybil_unstable,14,8,2,3,0.2,1.0,4001,25.465094,0.2847175
flanders_fedavg,correlated_sybil_unstable,15,8,2,3,0.2,1.0,4001,25.499561,0.28510287
flanders_fedavg,correlated_sybil_unstable,16,8,2,3,0.2,1.0,4001,25.557499,0.28575066
flanders_fedavg,correlated_sybil_unstable,17,8,2,3,0.2,1.0,4001,25.526382,0.28540275
flanders_fedavg,correlated_sybil_unstable,18,8,2,3,0.2,1.0,4001,25.687737,0.2872068
flanders_fedavg,correlated_sybil_unstable,19,8,2,3,0.2,1.0,4001,25.414726,0.28415436
dss_krum,correlated_sybil_unstable,0,8,2,3,0.2,1.0,1,0.13920565,0.0017033088
dss_krum,correlated_sybil_unstable,1,8,2,3,0.2,1.0,1,0.3879176,0.004746528
dss_krum,correlated_sybil_unstable,2,8,2,3,0.2,1.0,1,0.20969842,0.0025658526
dss_krum,correlated_sybil_unstable,3,8,2,3,0.2,1.0,1,0.4022157,0.0049214778
dss_krum,correlated_sybil_unstable,4,8,2,3,0.2,1.0,1,0.3633399,0.004445797
dss_krum,correlated_sybil_unstable,5,8,2,3,0.2,1.0,1,0.37281993,0.0045617935
dss_krum,correlated_sybil_unstable,6,8,2,3,0.2,1.0,1,0.29438955,0.0036021261
dss_krum,correlated_sybil_unstable,7,8,2,3,0.2,1.0,1,0.31431276,0.0038459047
dss_krum,correlated_sybil_unstable,8,8,2,3,0.2,1.0,1,0.2603167,0.0031852135
dss_krum,correlated_sybil_unstable,9,8,2,3,0.2,1.0,1,0.28637066,0.0035040076
dss_krum,correlated_sybil_unstable,10,8,2,3,0.2,1.0,1,0.51315945,0.0062789763
dss_krum,correlated_sybil_unstable,11,8,2,3,0.2,1.0,1,0.34140223,0.004177369
dss_krum,correlated_sybil_unstable,12,8,2,3,0.2,1.0,1,0.19943902,0.0024403194
dss_krum,correlated_sybil_unstable,13,8,2,3,0.2,1.0,1,0.3415129,0.0041787233
dss_krum,correlated_sybil_unstable,14,8,2,3,0.2,1.0,1,0.2785409,0.0034082034
dss_krum,correlated_sybil_unstable,15,8,2,3,0.2,1.0,1,0.41518614,0.005080183
dss_krum,correlated_sybil_unstable,16,8,2,3,0.2,1.0,1,0.3948724,0.004831626
dss_krum,correlated_sybil_unstable,17,8,2,3,0.2,1.0,1,0.23228851,0.0028422629
dss_krum,correlated_sybil_unstable,18,8,2,3,0.2,1.0,1,0.25847915,0.0031627293
dss_krum,correlated_sybil_unstable,19,8,2,3,0.2,1.0,1,0.21981928,0.0026896906
dss_krum,correlated_sybil_unstable,0,8,2,3,0.2,1.0,1001,0.16645326,0.0017314977
dss_krum,correlated_sybil_unstable,1,8,2,3,0.2,1.0,1001,0.27051345,0.0028139637
dss_krum,correlated_sybil_unstable,2,8,2,3,0.2,1.0,1001,0.22888859,0.0023809692
dss_krum,correlated_sybil_unstable,3,8,2,3,0.2,1.0,1001,0.6076259,0.0063207108
dss_krum,correlated_sybil_unstable,4,8,2,3,0.2,1.0,1001,0.41570494,0.00432429
dss_krum,correlated_sybil_unstable,5,8,2,3,0.2,1.0,1001,0.54728705,0.0056930473
dss_krum,correlated_sybil_unstable,6,8,2,3,0.2,1.0,1001,0.4003571,0.004164637
dss_krum,correlated_sybil_unstable,7,8,2,3,0.2,1.0,1001,0.19864288,0.002066344
dss_krum,correlated_sybil_unstable,8,8,2,3,0.2,1.0,1001,0.46703863,0.0048582787
dss_krum,correlated_sybil_unstable,9,8,2,3,0.2,1.0,1001,0.26184466,0.0027237884
dss_krum,correlated_sybil_unstable,10,8,2,3,0.2,1.0,1001,0.2804325,0.0029171447
dss_krum,correlated_sybil_unstable,11,8,2,3,0.2,1.0,1001,0.42490202,0.004419961
dss_krum,correlated_sybil_unstable,12,8,2,3,0.2,1.0,1001,0.27972367,0.0029097712
dss_krum,correlated_sybil_unstable,13,8,2,3,0.2,1.0,1001,0.37002152,0.003849077
dss_krum,correlated_sybil_unstable,14,8,2,3,0.2,1.0,1001,0.18068449,0.0018795354
dss_krum,correlated_sybil_unstable,15,8,2,3,0.2,1.0,1001,0.14282694,0.0014857296
dss_krum,correlated_sybil_unstable,16,8,2,3,0.2,1.0,1001,0.40057808,0.0041669356
dss_krum,correlated_sybil_unstable,17,8,2,3,0.2,1.0,1001,0.27728048,0.0028843563
dss_krum,correlated_sybil_unstable,18,8,2,3,0.2,1.0,1001,0.28859493,0.003002053
dss_krum,correlated_sybil_unstable,19,8,2,3,0.2,1.0,1001,0.16043086,0.0016688509
dss_krum,correlated_sybil_unstable,0,8,2,3,0.2,1.0,2001,0.29126975,0.0032124766
dss_krum,correlated_sybil_unstable,1,8,2,3,0.2,1.0,2001,0.3292758,0.0036316533
dss_krum,correlated_sybil_unstable,2,8,2,3,0.2,1.0,2001,0.34467104,0.0038014508
dss_krum,correlated_sybil_unstable,3,8,2,3,0.2,1.0,2001,0.16976169,0.001872338
dss_krum,correlated_sybil_unstable,4,8,2,3,0.2,1.0,2001,0.38036036,0.004195076
dss_krum,correlated_sybil_unstable,5,8,2,3,0.2,1.0,2001,0.3990603,0.0044013215
dss_krum,correlated_sybil_unstable,6,8,2,3,0.2,1.0,2001,0.2913096,0.003212916
dss_krum,correlated_sybil_unstable,7,8,2,3,0.2,1.0,2001,0.2423743,0.0026731982
dss_krum,correlated_sybil_unstable,8,8,2,3,0.2,1.0,2001,0.41956717,0.0046274965
dss_krum,correlated_sybil_unstable,9,8,2,3,0.2,1.0,2001,0.33082277,0.0036487153
dss_krum,correlated_sybil_unstable,10,8,2,3,0.2,1.0,2001,0.2349113,0.002590887
dss_krum,correlated_sybil_unstable,11,8,2,3,0.2,1.0,2001,0.101560086,0.001120128
dss_krum,correlated_sybil_unstable,12,8,2,3,0.2,1.0,2001,0.10289896,0.0011348947
dss_krum,correlated_sybil_unstable,13,8,2,3,0.2,1.0,2001,0.27210334,0.0030010862
dss_krum,correlated_sybil_unstable,14,8,2,3,0.2,1.0,2001,0.34389913,0.0037929371
dss_krum,correlated_sybil_unstable,15,8,2,3,0.2,1.0,2001,0.21052183,0.0023218903
dss_krum,correlated_sybil_unstable,16,8,2,3,0.2,1.0,2001,0.266199,0.0029359658
dss_krum,correlated_sybil_unstable,17,8,2,3,0.2,1.0,2001,0.13482744,0.0014870407
dss_krum,correlated_sybil_unstable,18,8,2,3,0.2,1.0,2001,0.22355184,0.002465601
dss_krum,correlated_sybil_unstable,19,8,2,3,0.2,1.0,2001,0.46310046,0.0051076342
dss_krum,correlated_sybil_unstable,0,8,2,3,0.2,1.0,3001,0.31443003,0.0034299279
dss_krum,correlated_sybil_unstable,1,8,2,3,0.2,1.0,3001,0.39238477,0.004280289
dss_krum,correlated_sybil_unstable,2,8,2,3,0.2,1.0,3001,0.28589442,0.00311865
dss_krum,correlated_sybil_unstable,3,8,2,3,0.2,1.0,3001,0.3875281,0.0042273104
dss_krum,correlated_sybil_unstable,4,8,2,3,0.2,1.0,3001,0.1783196,0.0019451812
dss_krum,correlated_sybil_unstable,5,8,2,3,0.2,1.0,3001,0.20347826,0.0022196218
dss_krum,correlated_sybil_unstable,6,8,2,3,0.2,1.0,3001,0.26395652,0.0028793425
dss_krum,correlated_sybil_unstable,7,8,2,3,0.2,1.0,3001,0.28944552,0.0031573868
dss_krum,correlated_sybil_unstable,8,8,2,3,0.2,1.0,3001,0.2579448,0.0028137644
dss_krum,correlated_sybil_unstable,9,8,2,3,0.2,1.0,3001,0.19625004,0.0021407735
dss_krum,correlated_sybil_unstable,10,8,2,3,0.2,1.0,3001,0.24041775,0.0026225725
dss_krum,correlated_sybil_unstable,11,8,2,3,0.2,1.0,3001,0.75307834,0.008214878
dss_krum,correlated_sybil_unstable,12,8,2,3,0.2,1.0,3001,0.1466147,0.0015993314
dss_krum,correlated_sybil_unstable,13,8,2,3,0.2,1.0,3001,0.3064112,0.0033424553
dss_krum,correlated_sybil_unstable,14,8,2,3,0.2,1.0,3001,0.4802889,0.005239182
dss_krum,correlated_sybil_unstable,15,8,2,3,0.2,1.0,3001,0.355309,0.0038758519
dss_krum,correlated_sybil_unstable,16,8,2,3,0.2,1.0,3001,0.3194902,0.003485126
dss_krum,correlated_sybil_unstable,17,8,2,3,0.2,1.0,3001,0.3595727,0.003922362
dss_krum,correlated_sybil_unstable,18,8,2,3,0.2,1.0,3001,0.08774578,0.00095716584
dss_krum,correlated_sybil_unstable,19,8,2,3,0.2,1.0,3001,0.32685292,0.0035654416
dss_krum,correlated_sybil_unstable,0,8,2,3,0.2,1.0,4001,0.44883117,0.005018245
dss_krum,correlated_sybil_unstable,1,8,2,3,0.2,1.0,4001,0.0701128,0.00078391
dss_krum,correlated_sybil_unstable,2,8,2,3,0.2,1.0,4001,0.20258364,0.0022650263
dss_krum,correlated_sybil_unstable,3,8,2,3,0.2,1.0,4001,0.30310154,0.0033888863
dss_krum,correlated_sybil_unstable,4,8,2,3,0.2,1.0,4001,0.32085848,0.0035874213
dss_krum,correlated_sybil_unstable,5,8,2,3,0.2,1.0,4001,0.41667515,0.0046587186
dss_krum,correlated_sybil_unstable,6,8,2,3,0.2,1.0,4001,0.2685083,0.0030021097
dss_krum,correlated_sybil_unstable,7,8,2,3,0.2,1.0,4001,0.16424228,0.0018363431
dss_krum,correlated_sybil_unstable,8,8,2,3,0.2,1.0,4001,0.48581445,0.005431744
dss_krum,correlated_sybil_unstable,9,8,2,3,0.2,1.0,4001,0.20409724,0.0022819494
dss_krum,correlated_sybil_unstable,10,8,2,3,0.2,1.0,4001,0.067562744,0.00075539853
dss_krum,correlated_sybil_unstable,11,8,2,3,0.2,1.0,4001,0.20453368,0.002286829
dss_krum,correlated_sybil_unstable,12,8,2,3,0.2,1.0,4001,0.28902102,0.0032314563
dss_krum,correlated_sybil_unstable,13,8,2,3,0.2,1.0,4001,0.21608566,0.0024159881
dss_krum,correlated_sybil_unstable,14,8,2,3,0.2,1.0,4001,0.31876493,0.0035640139
dss_krum,correlated_sybil_unstable,15,8,2,3,0.2,1.0,4001,0.34230888,0.0038272517
dss_krum,correlated_sybil_unstable,16,8,2,3,0.2,1.0,4001,0.14624308,0.0016350995
dss_krum,correlated_sybil_unstable,17,8,2,3,0.2,1.0,4001,0.35645863,0.0039854557
dss_krum,correlated_sybil_unstable,18,8,2,3,0.2,1.0,4001,0.48746258,0.0054501714
dss_krum,correlated_sybil_unstable,19,8,2,3,0.2,1.0,4001,0.11688235,0.001306826
flanders_krum,correlated_sybil_unstable,0,8,2,3,0.2,1.0,1,0.13920565,0.0017033088
flanders_krum,correlated_sybil_unstable,1,8,2,3,0.2,1.0,1,0.111764275,0.0013675384
flanders_krum,correlated_sybil_unstable,2,8,2,3,0.2,1.0,1,0.20969842,0.0025658526
flanders_krum,correlated_sybil_unstable,3,8,2,3,0.2,1.0,1,0.4022157,0.0049214778
flanders_krum,correlated_sybil_unstable,4,8,2,3,0.2,1.0,1,0.3633399,0.004445797
flanders_krum,correlated_sybil_unstable,5,8,2,3,0.2,1.0,1,0.42885965,0.005247491
flanders_krum,correlated_sybil_unstable,6,8,2,3,0.2,1.0,1,0.2765558,0.003383914
flanders_krum,correlated_sybil_unstable,7,8,2,3,0.2,1.0,1,0.31431276,0.0038459047
flanders_krum,correlated_sybil_unstable,8,8,2,3,0.2,1.0,1,0.2603167,0.0031852135
flanders_krum,correlated_sybil_unstable,9,8,2,3,0.2,1.0,1,0.55940133,0.0068447883
flanders_krum,correlated_sybil_unstable,10,8,2,3,0.2,1.0,1,0.48317188,0.005912051
flanders_krum,correlated_sybil_unstable,11,8,2,3,0.2,1.0,1,0.3994371,0.0048874794
flanders_krum,correlated_sybil_unstable,12,8,2,3,0.2,1.0,1,0.19943902,0.0024403194
flanders_krum,correlated_sybil_unstable,13,8,2,3,0.2,1.0,1,0.3415129,0.0041787233
flanders_krum,correlated_sybil_unstable,14,8,2,3,0.2,1.0,1,0.5628018,0.006886396
flanders_krum,correlated_sybil_unstable,15,8,2,3,0.2,1.0,1,0.27687925,0.0033878717
flanders_krum,correlated_sybil_unstable,16,8,2,3,0.2,1.0,1,0.5169002,0.0063247476
flanders_krum,correlated_sybil_unstable,17,8,2,3,0.2,1.0,1,0.2331378,0.0028526548
flanders_krum,correlated_sybil_unstable,18,8,2,3,0.2,1.0,1,0.25847915,0.0031627293
flanders_krum,correlated_sybil_unstable,19,8,2,3,0.2,1.0,1,0.21981928,0.0026896906
flanders_krum,correlated_sybil_unstable,0,8,2,3,0.2,1.0,1001,0.16645326,0.0017314977
flanders_krum,correlated_sybil_unstable,1,8,2,3,0.2,1.0,1001,0.24568477,0.0025556881
flanders_krum,correlated_sybil_unstable,2,8,2,3,0.2,1.0,1001,0.22888859,0.0023809692
flanders_krum,correlated_sybil_unstable,3,8,2,3,0.2,1.0,1001,0.6076259,0.0063207108
flanders_krum,correlated_sybil_unstable,4,8,2,3,0.2,1.0,1001,0.41570494,0.00432429
flanders_krum,correlated_sybil_unstable,5,8,2,3,0.2,1.0,1001,0.7284068,0.0075771105
flanders_krum,correlated_sybil_unstable,6,8,2,3,0.2,1.0,1001,0.4003571,0.004164637
flanders_krum,correlated_sybil_unstable,7,8,2,3,0.2,1.0,1001,0.19864288,0.002066344
flanders_krum,correlated_sybil_unstable,8,8,2,3,0.2,1.0,1001,0.46703863,0.0048582787
flanders_krum,correlated_sybil_unstable,9,8,2,3,0.2,1.0,1001,0.37820598,0.0039342144
flanders_krum,correlated_sybil_unstable,10,8,2,3,0.2,1.0,1001,0.2804325,0.0029171447
flanders_krum,correlated_sybil_unstable,11,8,2,3,0.2,1.0,1001,0.42490202,0.004419961
flanders_krum,correlated_sybil_unstable,12,8,2,3,0.2,1.0,1001,0.1999441,0.0020798796
flanders_krum,correlated_sybil_unstable,13,8,2,3,0.2,1.0,1001,0.42271104,0.0043971697
flanders_krum,correlated_sybil_unstable,14,8,2,3,0.2,1.0,1001,0.18068449,0.0018795354
flanders_krum,correlated_sybil_unstable,15,8,2,3,0.2,1.0,1001,0.14282694,0.0014857296
flanders_krum,correlated_sybil_unstable,16,8,2,3,0.2,1.0,1001,0.2818254,0.002931634
flanders_krum,correlated_sybil_unstable,17,8,2,3,0.2,1.0,1001,0.21019493,0.002186512
flanders_krum,correlated_sybil_unstable,18,8,2,3,0.2,1.0,1001,0.28859493,0.003002053
flanders_krum,correlated_sybil_unstable,19,8,2,3,0.2,1.0,1001,0.16043086,0.0016688509
flanders_krum,correlated_sybil_unstable,0,8,2,3,0.2,1.0,2001,0.29126975,0.0032124766
flanders_krum,correlated_sybil_unstable,1,8,2,3,0.2,1.0,2001,0.3292758,0.0036316533
flanders_krum,correlated_sybil_unstable,2,8,2,3,0.2,1.0,2001,0.3012571,0.0033226293
flanders_krum,correlated_sybil_unstable,3,8,2,3,0.2,1.0,2001,0.16976169,0.001872338
flanders_krum,correlated_sybil_unstable,4,8,2,3,0.2,1.0,2001,0.45027006,0.004966125
flanders_krum,correlated_sybil_unstable,5,8,2,3,0.2,1.0,2001,0.5259002,0.005800266
flanders_krum,correlated_sybil_unstable,6,8,2,3,0.2,1.0,2001,0.2913096,0.003212916
flanders_krum,correlated_sybil_unstable,7,8,2,3,0.2,1.0,2001,0.2423743,0.0026731982
flanders_krum,correlated_sybil_unstable,8,8,2,3,0.2,1.0,2001,0.41956717,0.0046274965
flanders_krum,correlated_sybil_unstable,9,8,2,3,0.2,1.0,2001,0.33082277,0.0036487153
flanders_krum,correlated_sybil_unstable,10,8,2,3,0.2,1.0,2001,0.2349113,0.002590887
flanders_krum,correlated_sybil_unstable,11,8,2,3,0.2,1.0,2001,0.47246543,0.0052109226
flanders_krum,correlated_sybil_unstable,12,8,2,3,0.2,1.0,2001,0.19890328,0.0021937469
flanders_krum,correlated_sybil_unstable,13,8,2,3,0.2,1.0,2001,0.27210334,0.0030010862
flanders_krum,correlated_sybil_unstable,14,8,2,3,0.2,1.0,2001,0.35520282,0.003917608
flanders_krum,correlated_sybil_unstable,15,8,2,3,0.2,1.0,2001,0.28032333,0.003091746
flanders_krum,correlated_sybil_unstable,16,8,2,3,0.2,1.0,2001,0.40509155,0.0044678417
flanders_krum,correlated_sybil_unstable,17,8,2,3,0.2,1.0,2001,0.3493436,0.0038529853
flanders_krum,correlated_sybil_unstable,18,8,2,3,0.2,1.0,2001,0.17029822,0.0018782555
flanders_krum,correlated_sybil_unstable,19,8,2,3,0.2,1.0,2001,0.46310046,0.0051076342
flanders_krum,correlated_sybil_unstable,0,8,2,3,0.2,1.0,3001,0.31443003,0.0034299279
flanders_krum,correlated_sybil_unstable,1,8,2,3,0.2,1.0,3001,0.39238477,0.004280289
flanders_krum,correlated_sybil_unstable,2,8,2,3,0.2,1.0,3001,0.28589442,0.00311865
flanders_krum,correlated_sybil_unstable,3,8,2,3,0.2,1.0,3001,0.36242267,0.003953451
flanders_krum,correlated_sybil_unstable,4,8,2,3,0.2,1.0,3001,0.1783196,0.0019451812
flanders_krum,correlated_sybil_unstable,5,8,2,3,0.2,1.0,3001,0.20347826,0.0022196218
flanders_krum,correlated_sybil_unstable,6,8,2,3,0.2,1.0,3001,0.26395652,0.0028793425
flanders_krum,correlated_sybil_unstable,7,8,2,3,0.2,1.0,3001,0.28944552,0.0031573868
flanders_krum,correlated_sybil_unstable,8,8,2,3,0.2,1.0,3001,0.41622698,0.0045403694
flanders_krum,correlated_sybil_unstable,9,8,2,3,0.2,1.0,3001,0.27765837,0.003028808
flanders_krum,correlated_sybil_unstable,10,8,2,3,0.2,1.0,3001,0.24041775,0.0026225725
flanders_krum,correlated_sybil_unstable,11,8,2,3,0.2,1.0,3001,0.5723991,0.0062439567
flanders_krum,correlated_sybil_unstable,12,8,2,3,0.2,1.0,3001,0.1466147,0.0015993314
flanders_krum,correlated_sybil_unstable,13,8,2,3,0.2,1.0,3001,0.24236864,0.0026438534
flanders_krum,correlated_sybil_unstable,14,8,2,3,0.2,1.0,3001,0.40613136,0.0044302423
flanders_krum,correlated_sybil_unstable,15,8,2,3,0.2,1.0,3001,0.38229066,0.0041701784
flanders_krum,correlated_sybil_unstable,16,8,2,3,0.2,1.0,3001,0.3194902,0.003485126
flanders_krum,correlated_sybil_unstable,17,8,2,3,0.2,1.0,3001,0.3595727,0.003922362
flanders_krum,correlated_sybil_unstable,18,8,2,3,0.2,1.0,3001,0.08774578,0.00095716584
flanders_krum,correlated_sybil_unstable,19,8,2,3,0.2,1.0,3001,0.32685292,0.0035654416
flanders_krum,correlated_sybil_unstable,0,8,2,3,0.2,1.0,4001,0.44883117,0.005018245
flanders_krum,correlated_sybil_unstable,1,8,2,3,0.2,1.0,4001,0.0701128,0.00078391
flanders_krum,correlated_sybil_unstable,2,8,2,3,0.2,1.0,4001,0.20258364,0.0022650263
flanders_krum,correlated_sybil_unstable,3,8,2,3,0.2,1.0,4001,0.09774684,0.0010928778
flanders_krum,correlated_sybil_unstable,4,8,2,3,0.2,1.0,4001,0.32085848,0.0035874213
flanders_krum,correlated_sybil_unstable,5,8,2,3,0.2,1.0,4001,0.52447087,0.0058639497
flanders_krum,correlated_sybil_unstable,6,8,2,3,0.2,1.0,4001,0.2685083,0.0030021097
flanders_krum,correlated_sybil_unstable,7,8,2,3,0.2,1.0,4001,0.29652175,0.0033153198
flanders_krum,correlated_sybil_unstable,8,8,2,3,0.2,1.0,4001,0.43672892,0.0048829336
flanders_krum,correlated_sybil_unstable,9,8,2,3,0.2,1.0,4001,0.20409724,0.0022819494
flanders_krum,correlated_sybil_unstable,10,8,2,3,0.2,1.0,4001,0.2690337,0.0030079843
flanders_krum,correlated_sybil_unstable,11,8,2,3,0.2,1.0,4001,0.26899004,0.003007496
flanders_krum,correlated_sybil_unstable,12,8,2,3,0.2,1.0,4001,0.28902102,0.0032314563
flanders_krum,correlated_sybil_unstable,13,8,2,3,0.2,1.0,4001,0.21608566,0.0024159881
flanders_krum,correlated_sybil_unstable,14,8,2,3,0.2,1.0,4001,0.41831714,0.004677077
flanders_krum,correlated_sybil_unstable,15,8,2,3,0.2,1.0,4001,0.3834013,0.004286694
flanders_krum,correlated_sybil_unstable,16,8,2,3,0.2,1.0,4001,0.14624308,0.0016350995
flanders_krum,correlated_sybil_unstable,17,8,2,3,0.2,1.0,4001,0.35645863,0.0039854557
flanders_krum,correlated_sybil_unstable,18,8,2,3,0.2,1.0,4001,0.48746258,0.0054501714
flanders_krum,correlated_sybil_unstable,19,8,2,3,0.2,1.0,4001,0.3851902,0.0043066945
dsscoll_fedavg,correlated_sybil_unstable,0,8,2,3,0.2,1.0,1,16.376663,0.2003835
dsscoll_fedavg,correlated_sybil_unstable,1,8,2,3,0.2,1.0,1,0.44966152,0.005502021
dsscoll_fedavg,correlated_sybil_unstable,2,8,2,3,0.2,1.0,1,0.06960527,0.0008516843
dsscoll_fedavg,correlated_sybil_unstable,3,8,2,3,0.2,1.0,1,0.2048447,0.0025064626
dsscoll_fedavg,correlated_sybil_unstable,4,8,2,3,0.2,1.0,1,0.121406145,0.0014855155
dsscoll_fedavg,correlated_sybil_unstable,5,8,2,3,0.2,1.0,1,0.25160185,0.0030785792
dsscoll_fedavg,correlated_sybil_unstable,6,8,2,3,0.2,1.0,1,0.22577906,0.0027626138
dsscoll_fedavg,correlated_sybil_unstable,7,8,2,3,0.2,1.0,1,0.42459202,0.0051952726
dsscoll_fedavg,correlated_sybil_unstable,8,8,2,3,0.2,1.0,1,0.12761313,0.0015614637
dsscoll_fedavg,correlated_sybil_unstable,9,8,2,3,0.2,1.0,1,0.28986472,0.0035467607
dsscoll_fedavg,correlated_sybil_unstable,10,8,2,3,0.2,1.0,1,0.35030785,0.0042863376
dsscoll_fedavg,correlated_sybil_unstable,11,8,2,3,0.2,1.0,1,0.25255552,0.0030902484
dsscoll_fedavg,correlated_sybil_unstable,12,8,2,3,0.2,1.0,1,0.175869,0.0021519186
dsscoll_fedavg,correlated_sybil_unstable,13,8,2,3,0.2,1.0,1,0.13930477,0.0017045216
dsscoll_fedavg,correlated_sybil_unstable,14,8,2,3,0.2,1.0,1,0.26114258,0.0031953189
dsscoll_fedavg,correlated_sybil_unstable,15,8,2,3,0.2,1.0,1,0.1812612,0.002217897
dsscoll_fedavg,correlated_sybil_unstable,16,8,2,3,0.2,1.0,1,0.21660788,0.0026503962
dsscoll_fedavg,correlated_sybil_unstable,17,8,2,3,0.2,1.0,1,0.1998816,0.0024457346
dsscoll_fedavg,correlated_sybil_unstable,18,8,2,3,0.2,1.0,1,0.26377988,0.0032275887
dsscoll_fedavg,correlated_sybil_unstable,19,8,2,3,0.2,1.0,1,0.19851145,0.0024289696
dsscoll_fedavg,correlated_sybil_unstable,0,8,2,3,0.2,1.0,1001,19.179497,0.19951099
dsscoll_fedavg,correlated_sybil_unstable,1,8,2,3,0.2,1.0,1001,0.5652287,0.005879682
dsscoll_fedavg,correlated_sybil_unstable,2,8,2,3,0.2,1.0,1001,0.14687148,0.0015278021
dsscoll_fedavg,correlated_sybil_unstable,3,8,2,3,0.2,1.0,1001,0.3760599,0.00391189
dsscoll_fedavg,correlated_sybil_unstable,4,8,2,3,0.2,1.0,1001,0.20584054,0.0021412163
dsscoll_fedavg,correlated_sybil_unstable,5,8,2,3,0.2,1.0,1001,0.43046087,0.004477786
dsscoll_fedavg,correlated_sybil_unstable,6,8,2,3,0.2,1.0,1001,0.22502616,0.002340791
dsscoll_fedavg,correlated_sybil_unstable,7,8,2,3,0.2,1.0,1001,0.32888213,0.0034211325
dsscoll_fedavg,correlated_sybil_unstable,8,8,2,3,0.2,1.0,1001,0.45758936,0.0047599846
dsscoll_fedavg,correlated_sybil_unstable,9,8,2,3,0.2,1.0,1001,0.25779057,0.0026816165
dsscoll_fedavg,correlated_sybil_unstable,10,8,2,3,0.2,1.0,1001,0.18577178,0.0019324549
dsscoll_fedavg,correlated_sybil_unstable,11,8,2,3,0.2,1.0,1001,0.17115207,0.0017803762
dsscoll_fedavg,correlated_sybil_unstable,12,8,2,3,0.2,1.0,1001,0.17760913,0.0018475446
dsscoll_fedavg,correlated_sybil_unstable,13,8,2,3,0.2,1.0,1001,0.48153532,0.005009078
dsscoll_fedavg,correlated_sybil_unstable,14,8,2,3,0.2,1.0,1001,0.28929365,0.003009321
dsscoll_fedavg,correlated_sybil_unstable,15,8,2,3,0.2,1.0,1001,0.07555403,0.00078593614
dsscoll_fedavg,correlated_sybil_unstable,16,8,2,3,0.2,1.0,1001,0.1887864,0.001963814
dsscoll_fedavg,correlated_sybil_unstable,17,8,2,3,0.2,1.0,1001,0.20899126,0.002173991
dsscoll_fedavg,correlated_sybil_unstable,18,8,2,3,0.2,1.0,1001,0.30247578,0.0031464456
dsscoll_fedavg,correlated_sybil_unstable,19,8,2,3,0.2,1.0,1001,0.2867222,0.0029825722
dsscoll_fedavg,correlated_sybil_unstable,0,8,2,3,0.2,1.0,2001,18.176655,0.20047422
dsscoll_fedavg,correlated_sybil_unstable,1,8,2,3,0.2,1.0,2001,2.0936203,0.023090987
dsscoll_fedavg,correlated_sybil_unstable,2,8,2,3,0.2,1.0,2001,0.12670217,0.0013974254
dsscoll_fedavg,correlated_sybil_unstable,3,8,2,3,0.2,1.0,2001,0.47118363,0.005196785
dsscoll_fedavg,correlated_sybil_unstable,4,8,2,3,0.2,1.0,2001,0.48670122,0.005367932
dsscoll_fedavg,correlated_sybil_unstable,5,8,2,3,0.2,1.0,2001,0.27298823,0.0030108457
dsscoll_fedavg,correlated_sybil_unstable,6,8,2,3,0.2,1.0,2001,0.1541134,0.0016997497
dsscoll_fedavg,correlated_sybil_unstable,7,8,2,3,0.2,1.0,2001,0.051939197,0.00057284854
dsscoll_fedavg,correlated_sybil_unstable,8,8,2,3,0.2,1.0,2001,0.23550774,0.0025974654
dsscoll_fedavg,correlated_sybil_unstable,9,8,2,3,0.2,1.0,2001,0.31554183,0.0034801785
dsscoll_fedavg,correlated_sybil_unstable,10,8,2,3,0.2,1.0,2001,0.2939441,0.0032419723
dsscoll_fedavg,correlated_sybil_unstable,11,8,2,3,0.2,1.0,2001,0.1815122,0.002001937
dsscoll_fedavg,correlated_sybil_unstable,12,8,2,3,0.2,1.0,2001,0.30672842,0.0033829736
dsscoll_fedavg,correlated_sybil_unstable,13,8,2,3,0.2,1.0,2001,0.4697196,0.005180638
dsscoll_fedavg,correlated_sybil_unstable,14,8,2,3,0.2,1.0,2001,0.25786614,0.002844061
dsscoll_fedavg,correlated_sybil_unstable,15,8,2,3,0.2,1.0,2001,0.17025207,0.0018777465
dsscoll_fedavg,correlated_sybil_unstable,16,8,2,3,0.2,1.0,2001,0.09075886,0.0010009989
dsscoll_fedavg,correlated_sybil_unstable,17,8,2,3,0.2,1.0,2001,0.42591986,0.0046975613
dsscoll_fedavg,correlated_sybil_unstable,18,8,2,3,0.2,1.0,2001,0.13331929,0.001470407
dsscoll_fedavg,correlated_sybil_unstable,19,8,2,3,0.2,1.0,2001,0.23636243,0.0026068918
dsscoll_fedavg,correlated_sybil_unstable,0,8,2,3,0.2,1.0,3001,18.319378,0.19983506
dsscoll_fedavg,correlated_sybil_unstable,1,8,2,3,0.2,1.0,3001,0.64313793,0.007015604
dsscoll_fedavg,correlated_sybil_unstable,2,8,2,3,0.2,1.0,3001,0.3903836,0.0042584594
dsscoll_fedavg,correlated_sybil_unstable,3,8,2,3,0.2,1.0,3001,0.16851951,0.0018382778
dsscoll_fedavg,correlated_sybil_unstable,4,8,2,3,0.2,1.0,3001,0.11504667,0.0012549749
dsscoll_fedavg,correlated_sybil_unstable,5,8,2,3,0.2,1.0,3001,0.1532827,0.0016720686
dsscoll_fedavg,correlated_sybil_unstable,6,8,2,3,0.2,1.0,3001,0.32941276,0.0035933654
dsscoll_fedavg,correlated_sybil_unstable,7,8,2,3,0.2,1.0,3001,0.14653292,0.0015984394
dsscoll_fedavg,correlated_sybil_unstable,8,8,2,3,0.2,1.0,3001,0.21750985,0.002372684
dsscoll_fedavg,correlated_sybil_unstable,9,8,2,3,0.2,1.0,3001,0.31828985,0.0034720323
dsscoll_fedavg,correlated_sybil_unstable,10,8,2,3,0.2,1.0,3001,0.22977425,0.002506469
dsscoll_fedavg,correlated_sybil_unstable,11,8,2,3,0.2,1.0,3001,0.3318177,0.0036195992
dsscoll_fedavg,correlated_sybil_unstable,12,8,2,3,0.2,1.0,3001,0.2571435,0.0028050235
dsscoll_fedavg,correlated_sybil_unstable,13,8,2,3,0.2,1.0,3001,0.09034302,0.0009854976
dsscoll_fedavg,correlated_sybil_unstable,14,8,2,3,0.2,1.0,3001,0.2975667,0.003245976
dsscoll_fedavg,correlated_sybil_unstable,15,8,2,3,0.2,1.0,3001,0.07585149,0.00082741823
dsscoll_fedavg,correlated_sybil_unstable,16,8,2,3,0.2,1.0,3001,0.108200416,0.0011802932
dsscoll_fedavg,correlated_sybil_unstable,17,8,2,3,0.2,1.0,3001,0.119632035,0.0013049938
dsscoll_fedavg,correlated_sybil_unstable,18,8,2,3,0.2,1.0,3001,0.25322616,0.0027622916
dsscoll_fedavg,correlated_sybil_unstable,19,8,2,3,0.2,1.0,3001,0.24977405,0.0027246347
dsscoll_fedavg,correlated_sybil_unstable,0,8,2,3,0.2,1.0,4001,17.828625,0.19933644
dsscoll_fedavg,correlated_sybil_unstable,1,8,2,3,0.2,1.0,4001,0.4354105,0.0048681926
dsscoll_fedavg,correlated_sybil_unstable,2,8,2,3,0.2,1.0,4001,0.24001497,0.0026835345
dsscoll_fedavg,correlated_sybil_unstable,3,8,2,3,0.2,1.0,4001,0.33866134,0.0037864698
dsscoll_fedavg,correlated_sybil_unstable,4,8,2,3,0.2,1.0,4001,0.35569772,0.003976948
dsscoll_fedavg,correlated_sybil_unstable,5,8,2,3,0.2,1.0,4001,0.29934868,0.0033469268
dsscoll_fedavg,correlated_sybil_unstable,6,8,2,3,0.2,1.0,4001,0.07723867,0.0008635821
dsscoll_fedavg,correlated_sybil_unstable,7,8,2,3,0.2,1.0,4001,0.23449823,0.0026218535
dsscoll_fedavg,correlated_sybil_unstable,8,8,2,3,0.2,1.0,4001,0.3245442,0.0036286302
dsscoll_fedavg,correlated_sybil_unstable,9,8,2,3,0.2,1.0,4001,0.09022939,0.0010088275
dsscoll_fedavg,correlated_sybil_unstable,10,8,2,3,0.2,1.0,4001,0.29109907,0.0032546904
dsscoll_fedavg,correlated_sybil_unstable,11,8,2,3,0.2,1.0,4001,0.24389122,0.0027268738
dsscoll_fedavg,correlated_sybil_unstable,12,8,2,3,0.2,1.0,4001,0.33858836,0.0037856537
dsscoll_fedavg,correlated_sybil_unstable,13,8,2,3,0.2,1.0,4001,0.23829813,0.002664339
dsscoll_fedavg,correlated_sybil_unstable,14,8,2,3,0.2,1.0,4001,0.22763193,0.0025450834
dsscoll_fedavg,correlated_sybil_unstable,15,8,2,3,0.2,1.0,4001,0.21243308,0.0023751499
dsscoll_fedavg,correlated_sybil_unstable,16,8,2,3,0.2,1.0,4001,0.13247909,0.0014812085
dsscoll_fedavg,correlated_sybil_unstable,17,8,2,3,0.2,1.0,4001,0.09735381,0.0010884834
dsscoll_fedavg,correlated_sybil_unstable,18,8,2,3,0.2,1.0,4001,0.22139272,0.0024753248
dsscoll_fedavg,correlated_sybil_unstable,19,8,2,3,0.2,1.0,4001,0.35194674,0.0039350097
dssstab_fedavg,correlated_sybil_unstable,0,8,2,3,0.2,1.0,1,16.376663,0.2003835
dssstab_fedavg,correlated_sybil_unstable,1,8,2,3,0.2,1.0,1,16.310974,0.19957973
dssstab_fedavg,correlated_sybil_unstable,2,8,2,3,0.2,1.0,1,16.40424,0.20072092
dssstab_fedavg,correlated_sybil_unstable,3,8,2,3,0.2,1.0,1,16.45436,0.20133418
dssstab_fedavg,correlated_sybil_unstable,4,8,2,3,0.2,1.0,1,16.362478,0.20020993
dssstab_fedavg,correlated_sybil_unstable,5,8,2,3,0.2,1.0,1,16.448586,0.20126353
dssstab_fedavg,correlated_sybil_unstable,6,8,2,3,0.2,1.0,1,16.2766,0.19915913
dssstab_fedavg,correlated_sybil_unstable,7,8,2,3,0.2,1.0,1,16.25618,0.19890927
dssstab_fedavg,correlated_sybil_unstable,8,8,2,3,0.2,1.0,1,16.477055,0.20161188
dssstab_fedavg,correlated_sybil_unstable,9,8,2,3,0.2,1.0,1,16.278988,0.19918835
dssstab_fedavg,correlated_sybil_unstable,10,8,2,3,0.2,1.0,1,16.569483,0.20274282
dssstab_fedavg,correlated_sybil_unstable,11,8,2,3,0.2,1.0,1,16.34367,0.19997978
dssstab_fedavg,correlated_sybil_unstable,12,8,2,3,0.2,1.0,1,16.279367,0.19919299
dssstab_fedavg,correlated_sybil_unstable,13,8,2,3,0.2,1.0,1,16.430162,0.2010381
dssstab_fedavg,correlated_sybil_unstable,14,8,2,3,0.2,1.0,1,16.489428,0.20176327
dssstab_fedavg,correlated_sybil_unstable,15,8,2,3,0.2,1.0,1,16.28542,0.19926704
dssstab_fedavg,correlated_sybil_unstable,16,8,2,3,0.2,1.0,1,16.349089,0.20004609
dssstab_fedavg,correlated_sybil_unstable,17,8,2,3,0.2,1.0,1,16.352322,0.20008565
dssstab_fedavg,correlated_sybil_unstable,18,8,2,3,0.2,1.0,1,16.403984,0.20071779
dssstab_fedavg,correlated_sybil_unstable,19,8,2,3,0.2,1.0,1,16.284449,0.19925517
dssstab_fedavg,correlated_sybil_unstable,0,8,2,3,0.2,1.0,1001,19.179497,0.19951099
dssstab_fedavg,correlated_sybil_unstable,1,8,2,3,0.2,1.0,1001,19.297749,0.20074108
dssstab_fedavg,correlated_sybil_unstable,2,8,2,3,0.2,1.0,1001,19.200912,0.19973376
dssstab_fedavg,correlated_sybil_unstable,3,8,2,3,0.2,1.0,1001,19.24206,0.2001618
dssstab_fedavg,correlated_sybil_unstable,4,8,2,3,0.2,1.0,1001,19.137573,0.1990749
dssstab_fedavg,correlated_sybil_unstable,5,8,2,3,0.2,1.0,1001,19.296556,0.20072868
dssstab_fedavg,correlated_sybil_unstable,6,8,2,3,0.2,1.0,1001,19.255959,0.20030637
dssstab_fedavg,correlated_sybil_unstable,7,8,2,3,0.2,1.0,1001,19.134007,0.19903779
dssstab_fedavg,correlated_sybil_unstable,8,8,2,3,0.2,1.0,1001,19.363346,0.20142345
dssstab_fedavg,correlated_sybil_unstable,9,8,2,3,0.2,1.0,1001,19.329067,0.20106687
dssstab_fedavg,correlated_sybil_unstable,10,8,2,3,0.2,1.0,1001,19.161287,0.19932157
dssstab_fedavg,correlated_sybil_unstable,11,8,2,3,0.2,1.0,1001,19.30191,0.20078439
dssstab_fedavg,correlated_sybil_unstable,12,8,2,3,0.2,1.0,1001,19.285812,0.20061693
dssstab_fedavg,correlated_sybil_unstable,13,8,2,3,0.2,1.0,1001,19.383348,0.20163152
dssstab_fedavg,correlated_sybil_unstable,14,8,2,3,0.2,1.0,1001,19.310349,0.20087215
dssstab_fedavg,correlated_sybil_unstable,15,8,2,3,0.2,1.0,1001,19.152084,0.19922584
dssstab_fedavg,correlated_sybil_unstable,16,8,2,3,0.2,1.0,1001,19.107325,0.19876024
dssstab_fedavg,correlated_sybil_unstable,17,8,2,3,0.2,1.0,1001,19.255533,0.20030195
dssstab_fedavg,correlated_sybil_unstable,18,8,2,3,0.2,1.0,1001,19.239452,0.20013466
dssstab_fedavg,correlated_sybil_unstable,19,8,2,3,0.2,1.0,1001,19.260294,0.20035148
dssstab_fedavg,correlated_sybil_unstable,0,8,2,3,0.2,1.0,2001,18.176655,0.20047422
dssstab_fedavg,correlated_sybil_unstable,1,8,2,3,0.2,1.0,2001,17.885365,0.19726153
dssstab_fedavg,correlated_sybil_unstable,2,8,2,3,0.2,1.0,2001,18.00693,0.19860229
dssstab_fedavg,correlated_sybil_unstable,3,8,2,3,0.2,1.0,2001,18.056614,0.19915026
dssstab_fedavg,correlated_sybil_unstable,4,8,2,3,0.2,1.0,2001,18.25862,0.20137823
dssstab_fedavg,correlated_sybil_unstable,5,8,2,3,0.2,1.0,2001,18.042953,0.1989996
dssstab_fedavg,correlated_sybil_unstable,6,8,2,3,0.2,1.0,2001,18.117268,0.19981922
dssstab_fedavg,correlated_sybil_unstable,7,8,2,3,0.2,1.0,2001,18.115088,0.19979519
dssstab_fedavg,correlated_sybil_unstable,8,8,2,3,0.2,1.0,2001,18.187176,0.20059027
dssstab_fedavg,correlated_sybil_unstable,9,8,2,3,0.2,1.0,2001,18.208021,0.20082016
dssstab_fedavg,correlated_sybil_unstable,10,8,2,3,0.2,1.0,2001,18.067743,0.19927302
dssstab_fedavg,correlated_sybil_unstable,11,8,2,3,0.2,1.0,2001,18.12833,0.19994125
dssstab_fedavg,correlated_sybil_unstable,12,8,2,3,0.2,1.0,2001,18.320887,0.20206499
dssstab_fedavg,correlated_sybil_unstable,13,8,2,3,0.2,1.0,2001,18.311565,0.20196219
dssstab_fedavg,correlated_sybil_unstable,14,8,2,3,0.2,1.0,2001,18.02542,0.19880621
dssstab_fedavg,correlated_sybil_unstable,15,8,2,3,0.2,1.0,2001,18.157244,0.20026013
dssstab_fedavg,correlated_sybil_unstable,16,8,2,3,0.2,1.0,2001,18.038311,0.1989484
dssstab_fedavg,correlated_sybil_unstable,17,8,2,3,0.2,1.0,2001,18.255575,0.20134465
dssstab_fedavg,correlated_sybil_unstable,18,8,2,3,0.2,1.0,2001,18.18684,0.20058656
dssstab_fedavg,correlated_sybil_unstable,19,8,2,3,0.2,1.0,2001,18.285471,0.20167439
dssstab_fedavg,correlated_sybil_unstable,0,8,2,3,0.2,1.0,3001,18.319378,0.19983506
dssstab_fedavg,correlated_sybil_unstable,1,8,2,3,0.2,1.0,3001,18.291044,0.19952598
dssstab_fedavg,correlated_sybil_unstable,2,8,2,3,0.2,1.0,3001,18.495695,0.2017584
dssstab_fedavg,correlated_sybil_unstable,3,8,2,3,0.2,1.0,3001,18.248007,0.1990565
dssstab_fedavg,correlated_sybil_unstable,4,8,2,3,0.2,1.0,3001,18.324648,0.19989255
dssstab_fedavg,correlated_sybil_unstable,5,8,2,3,0.2,1.0,3001,18.322935,0.19987386
dssstab_fedavg,correlated_sybil_unstable,6,8,2,3,0.2,1.0,3001,18.25527,0.19913574
dssstab_fedavg,correlated_sybil_unstable,7,8,2,3,0.2,1.0,3001,18.257671,0.19916193
dssstab_fedavg,correlated_sybil_unstable,8,8,2,3,0.2,1.0,3001,18.285536,0.1994659
dssstab_fedavg,correlated_sybil_unstable,9,8,2,3,0.2,1.0,3001,18.372343,0.20041282
dssstab_fedavg,correlated_sybil_unstable,10,8,2,3,0.2,1.0,3001,18.441938,0.201172
dssstab_fedavg,correlated_sybil_unstable,11,8,2,3,0.2,1.0,3001,18.151863,0.19800773
dssstab_fedavg,correlated_sybil_unstable,12,8,2,3,0.2,1.0,3001,18.457169,0.20133813
dssstab_fedavg,correlated_sybil_unstable,13,8,2,3,0.2,1.0,3001,18.253902,0.19912082
dssstab_fedavg,correlated_sybil_unstable,14,8,2,3,0.2,1.0,3001,18.319138,0.19983244
dssstab_fedavg,correlated_sybil_unstable,15,8,2,3,0.2,1.0,3001,18.28139,0.19942066
dssstab_fedavg,correlated_sybil_unstable,16,8,2,3,0.2,1.0,3001,18.411812,0.20084336
dssstab_fedavg,correlated_sybil_unstable,17,8,2,3,0.2,1.0,3001,18.517864,0.20200023
dssstab_fedavg,correlated_sybil_unstable,18,8,2,3,0.2,1.0,3001,18.386648,0.20056887
dssstab_fedavg,correlated_sybil_unstable,19,8,2,3,0.2,1.0,3001,18.42045,0.2009376
dssstab_fedavg,correlated_sybil_unstable,0,8,2,3,0.2,1.0,4001,17.828625,0.19933644
dssstab_fedavg,correlated_sybil_unstable,1,8,2,3,0.2,1.0,4001,17.856983,0.1996535
dssstab_fedavg,correlated_sybil_unstable,2,8,2,3,0.2,1.0,4001,17.875727,0.19986308
dssstab_fedavg,correlated_sybil_unstable,3,8,2,3,0.2,1.0,4001,17.865717,0.19975117
dssstab_fedavg,correlated_sybil_unstable,4,8,2,3,0.2,1.0,4001,17.85628,0.19964564
dssstab_fedavg,correlated_sybil_unstable,5,8,2,3,0.2,1.0,4001,17.99421,0.20118779
dssstab_fedavg,correlated_sybil_unstable,6,8,2,3,0.2,1.0,4001,17.87224,0.1998241
dssstab_fedavg,correlated_sybil_unstable,7,8,2,3,0.2,1.0,4001,17.93998,0.20058148
dssstab_fedavg,correlated_sybil_unstable,8,8,2,3,0.2,1.0,4001,17.96995,0.20091656
dssstab_fedavg,correlated_sybil_unstable,9,8,2,3,0.2,1.0,4001,17.949692,0.20069006
dssstab_fedavg,correlated_sybil_unstable,10,8,2,3,0.2,1.0,4001,17.917551,0.2003307
dssstab_fedavg,correlated_sybil_unstable,11,8,2,3,0.2,1.0,4001,17.907629,0.20021977
dssstab_fedavg,correlated_sybil_unstable,12,8,2,3,0.2,1.0,4001,17.874685,0.19985144
dssstab_fedavg,correlated_sybil_unstable,13,8,2,3,0.2,1.0,4001,17.9836,0.20106918
dssstab_fedavg,correlated_sybil_unstable,14,8,2,3,0.2,1.0,4001,17.860928,0.19969761
dssstab_fedavg,correlated_sybil_unstable,15,8,2,3,0.2,1.0,4001,17.840443,0.19946858
dssstab_fedavg,correlated_sybil_unstable,16,8,2,3,0.2,1.0,4001,17.85961,0.19968288
dssstab_fedavg,correlated_sybil_unstable,17,8,2,3,0.2,1.0,4001,17.819952,0.19923948
dssstab_fedavg,correlated_sybil_unstable,18,8,2,3,0.2,1.0,4001,17.977036,0.20099579
dssstab_fedavg,correlated_sybil_unstable,19,8,2,3,0.2,1.0,4001,17.871649,0.19981748
foolsgold,correlated_sybil_unstable,0,8,2,3,0.2,1.0,1,1.5534024,0.019007303
foolsgold,correlated_sybil_unstable,1,8,2,3,0.2,1.0,1,1.5178956,0.018572845
foolsgold,correlated_sybil_unstable,2,8,2,3,0.2,1.0,1,4.3600936,0.053349745
foolsgold,correlated_sybil_unstable,3,8,2,3,0.2,1.0,1,15.002945,0.1835748
foolsgold,correlated_sybil_unstable,4,8,2,3,0.2,1.0,1,13.666872,0.16722672
foolsgold,correlated_sybil_unstable,5,8,2,3,0.2,1.0,1,15.442426,0.18895224
foolsgold,correlated_sybil_unstable,6,8,2,3,0.2,1.0,1,13.377748,0.163689
foolsgold,correlated_sybil_unstable,7,8,2,3,0.2,1.0,1,14.975208,0.1832354
foolsgold,correlated_sybil_unstable,8,8,2,3,0.2,1.0,1,14.975208,0.1832354
foolsgold,correlated_sybil_unstable,9,8,2,3,0.2,1.0,1,14.975208,0.1832354
foolsgold,correlated_sybil_unstable,10,8,2,3,0.2,1.0,1,14.975208,0.1832354
foolsgold,correlated_sybil_unstable,11,8,2,3,0.2,1.0,1,9.049119,0.11072427
foolsgold,correlated_sybil_unstable,12,8,2,3,0.2,1.0,1,14.259816,0.17448193
foolsgold,correlated_sybil_unstable,13,8,2,3,0.2,1.0,1,14.975208,0.1832354
foolsgold,correlated_sybil_unstable,14,8,2,3,0.2,1.0,1,14.975208,0.1832354
foolsgold,correlated_sybil_unstable,15,8,2,3,0.2,1.0,1,14.975208,0.1832354
foolsgold,correlated_sybil_unstable,16,8,2,3,0.2,1.0,1,14.975208,0.1832354
foolsgold,correlated_sybil_unstable,17,8,2,3,0.2,1.0,1,14.975208,0.1832354
foolsgold,correlated_sybil_unstable,18,8,2,3,0.2,1.0,1,14.364211,0.1757593
foolsgold,correlated_sybil_unstable,19,8,2,3,0.2,1.0,1,6.729424,0.08234067
foolsgold,correlated_sybil_unstable,0,8,2,3,0.2,1.0,1001,1.5780144,0.016414989
foolsgold,correlated_sybil_unstable,1,8,2,3,0.2,1.0,1001,1.6269209,0.01692373
foolsgold,correlated_sybil_unstable,2,8,2,3,0.2,1.0,1001,1.5770144,0.016404588
foolsgold,correlated_sybil_unstable,3,8,2,3,0.2,1.0,1001,1.5129067,0.015737718
foolsgold,correlated_sybil_unstable,4,8,2,3,0.2,1.0,1001,1.4984751,0.015587596
foolsgold,correlated_sybil_unstable,5,8,2,3,0.2,1.0,1001,1.5089021,0.015696062
foolsgold,correlated_sybil_unstable,6,8,2,3,0.2,1.0,1001,8.001291,0.08323188
foolsgold,correlated_sybil_unstable,7,8,2,3,0.2,1.0,1001,1.3495991,0.014038943
foolsgold,correlated_sybil_unstable,8,8,2,3,0.2,1.0,1001,8.639166,0.08986725
foolsgold,correlated_sybil_unstable,9,8,2,3,0.2,1.0,1001,1.4114999,0.014682854
foolsgold,correlated_sybil_unstable,10,8,2,3,0.2,1.0,1001,8.678146,0.09027273
foolsgold,correlated_sybil_unstable,11,8,2,3,0.2,1.0,1001,1.5328261,0.015944926
foolsgold,correlated_sybil_unstable,12,8,2,3,0.2,1.0,1001,1.5630133,0.016258942
foolsgold,correlated_sybil_unstable,13,8,2,3,0.2,1.0,1001,8.795086,0.09148917
foolsgold,correlated_sybil_unstable,14,8,2,3,0.2,1.0,1001,8.841826,0.09197538
foolsgold,correlated_sybil_unstable,15,8,2,3,0.2,1.0,1001,8.480375,0.088215455
foolsgold,correlated_sybil_unstable,16,8,2,3,0.2,1.0,1001,8.440179,0.08779732
foolsgold,correlated_sybil_unstable,17,8,2,3,0.2,1.0,1001,8.672152,0.09021038
foolsgold,correlated_sybil_unstable,18,8,2,3,0.2,1.0,1001,5.6377797,0.05864591
foolsgold,correlated_sybil_unstable,19,8,2,3,0.2,1.0,1001,3.947333,0.041061368
foolsgold,correlated_sybil_unstable,0,8,2,3,0.2,1.0,2001,7.4927297,0.08263892
foolsgold,correlated_sybil_unstable,1,8,2,3,0.2,1.0,2001,8.132309,0.08969298
foolsgold,correlated_sybil_unstable,2,8,2,3,0.2,1.0,2001,8.132309,0.08969298
foolsgold,correlated_sybil_unstable,3,8,2,3,0.2,1.0,2001,8.132309,0.08969298
foolsgold,correlated_sybil_unstable,4,8,2,3,0.2,1.0,2001,8.132309,0.08969298
foolsgold,correlated_sybil_unstable,5,8,2,3,0.2,1.0,2001,8.132309,0.08969298
foolsgold,correlated_sybil_unstable,6,8,2,3,0.2,1.0,2001,8.132309,0.08969298
foolsgold,correlated_sybil_unstable,7,8,2,3,0.2,1.0,2001,8.132309,0.08969298
foolsgold,correlated_sybil_unstable,8,8,2,3,0.2,1.0,2001,8.132309,0.08969298
foolsgold,correlated_sybil_unstable,9,8,2,3,0.2,1.0,2001,8.132309,0.08969298
foolsgold,correlated_sybil_unstable,10,8,2,3,0.2,1.0,2001,8.132309,0.08969298
foolsgold,correlated_sybil_unstable,11,8,2,3,0.2,1.0,2001,8.132309,0.08969298
foolsgold,correlated_sybil_unstable,12,8,2,3,0.2,1.0,2001,8.132309,0.08969298
foolsgold,correlated_sybil_unstable,13,8,2,3,0.2,1.0,2001,8.132309,0.08969298
foolsgold,correlated_sybil_unstable,14,8,2,3,0.2,1.0,2001,8.132309,0.08969298
foolsgold,correlated_sybil_unstable,15,8,2,3,0.2,1.0,2001,8.132309,0.08969298
foolsgold,correlated_sybil_unstable,16,8,2,3,0.2,1.0,2001,8.132309,0.08969298
foolsgold,correlated_sybil_unstable,17,8,2,3,0.2,1.0,2001,8.132309,0.08969298
foolsgold,correlated_sybil_unstable,18,8,2,3,0.2,1.0,2001,8.132309,0.08969298
foolsgold,correlated_sybil_unstable,19,8,2,3,0.2,1.0,2001,8.132309,0.08969298
foolsgold,correlated_sybil_unstable,0,8,2,3,0.2,1.0,3001,7.786369,0.084936805
foolsgold,correlated_sybil_unstable,1,8,2,3,0.2,1.0,3001,7.617628,0.08309612
foolsgold,correlated_sybil_unstable,2,8,2,3,0.2,1.0,3001,16.994991,0.18538812
foolsgold,correlated_sybil_unstable,3,8,2,3,0.2,1.0,3001,7.617628,0.08309612
foolsgold,correlated_sybil_unstable,4,8,2,3,0.2,1.0,3001,7.617628,0.08309612
foolsgold,correlated_sybil_unstable,5,8,2,3,0.2,1.0,3001,7.617628,0.08309612
foolsgold,correlated_sybil_unstable,6,8,2,3,0.2,1.0,3001,10.536298,0.114934124
foolsgold,correlated_sybil_unstable,7,8,2,3,0.2,1.0,3001,16.134283,0.17599918
foolsgold,correlated_sybil_unstable,8,8,2,3,0.2,1.0,3001,16.994991,0.18538812
foolsgold,correlated_sybil_unstable,9,8,2,3,0.2,1.0,3001,16.577003,0.18082854
foolsgold,correlated_sybil_unstable,10,8,2,3,0.2,1.0,3001,9.726792,0.10610372
foolsgold,correlated_sybil_unstable,11,8,2,3,0.2,1.0,3001,16.994991,0.18538812
foolsgold,correlated_sybil_unstable,12,8,2,3,0.2,1.0,3001,16.90657,0.1844236
foolsgold,correlated_sybil_unstable,13,8,2,3,0.2,1.0,3001,14.66348,0.15995507
foolsgold,correlated_sybil_unstable,14,8,2,3,0.2,1.0,3001,16.994991,0.18538812
foolsgold,correlated_sybil_unstable,15,8,2,3,0.2,1.0,3001,16.994991,0.18538812
foolsgold,correlated_sybil_unstable,16,8,2,3,0.2,1.0,3001,16.994991,0.18538812
foolsgold,correlated_sybil_unstable,17,8,2,3,0.2,1.0,3001,16.994991,0.18538812
foolsgold,correlated_sybil_unstable,18,8,2,3,0.2,1.0,3001,16.978441,0.18520759
foolsgold,correlated_sybil_unstable,19,8,2,3,0.2,1.0,3001,16.26593,0.17743523
foolsgold,correlated_sybil_unstable,0,8,2,3,0.2,1.0,4001,1.4044499,0.015702728
foolsgold,correlated_sybil_unstable,1,8,2,3,0.2,1.0,4001,1.517469,0.016966362
foolsgold,correlated_sybil_unstable,2,8,2,3,0.2,1.0,4001,1.4501189,0.016213339
foolsgold,correlated_sybil_unstable,3,8,2,3,0.2,1.0,4001,1.1943448,0.013353607
foolsgold,correlated_sybil_unstable,4,8,2,3,0.2,1.0,4001,1.2085872,0.013512846
foolsgold,correlated_sybil_unstable,5,8,2,3,0.2,1.0,4001,1.4078754,0.015741028
foolsgold,correlated_sybil_unstable,6,8,2,3,0.2,1.0,4001,7.9990826,0.08943532
foolsgold,correlated_sybil_unstable,7,8,2,3,0.2,1.0,4001,16.789883,0.18772258
foolsgold,correlated_sybil_unstable,8,8,2,3,0.2,1.0,4001,1.5752745,0.017612666
foolsgold,correlated_sybil_unstable,9,8,2,3,0.2,1.0,4001,16.95241,0.18953975
foolsgold,correlated_sybil_unstable,10,8,2,3,0.2,1.0,4001,17.041508,0.19053593
foolsgold,correlated_sybil_unstable,11,8,2,3,0.2,1.0,4001,16.884432,0.18877971
foolsgold,correlated_sybil_unstable,12,8,2,3,0.2,1.0,4001,16.732565,0.18708174
foolsgold,correlated_sybil_unstable,13,8,2,3,0.2,1.0,4001,16.52694,0.1847827
foolsgold,correlated_sybil_unstable,14,8,2,3,0.2,1.0,4001,16.68802,0.1865837
foolsgold,correlated_sybil_unstable,15,8,2,3,0.2,1.0,4001,16.54186,0.18494953
foolsgold,correlated_sybil_unstable,16,8,2,3,0.2,1.0,4001,16.52694,0.1847827
foolsgold,correlated_sybil_unstable,17,8,2,3,0.2,1.0,4001,16.646852,0.1861234
foolsgold,correlated_sybil_unstable,18,8,2,3,0.2,1.0,4001,16.661879,0.18629141
foolsgold,correlated_sybil_unstable,19,8,2,3,0.2,1.0,4001,16.680025,0.1864943
fedavg,scaling,0,8,2,3,0.2,1.0,1,171.47302,0.20004469
fedavg,scaling,1,8,2,3,0.2,1.0,1,171.47302,0.19995108
fedavg,scaling,2,8,2,3,0.2,1.0,1,171.47302,0.20004931
fedavg,scaling,3,8,2,3,0.2,1.0,1,171.47302,0.2001243
fedavg,scaling,4,8,2,3,0.2,1.0,1,171.47302,0.20002964
fedavg,scaling,5,8,2,3,0.2,1.0,1,171.47302,0.20011817
fedavg,scaling,6,8,2,3,0.2,1.0,1,171.47304,0.1999216
fedavg,scaling,7,8,2,3,0.2,1.0,1,171.47304,0.19989626
fedavg,scaling,8,8,2,3,0.2,1.0,1,171.47302,0.20014597
fedavg,scaling,9,8,2,3,0.2,1.0,1,171.47302,0.19994551
fedavg,scaling,10,8,2,3,0.2,1.0,1,171.47304,0.20025937
fedavg,scaling,11,8,2,3,0.2,1.0,1,171.47304,0.19999938
fedavg,scaling,12,8,2,3,0.2,1.0,1,171.47304,0.19992703
fedavg,scaling,13,8,2,3,0.2,1.0,1,171.47304,0.20010953
fedavg,scaling,14,8,2,3,0.2,1.0,1,171.47304,0.20015039
fedavg,scaling,15,8,2,3,0.2,1.0,1,171.47304,0.19993539
fedavg,scaling,16,8,2,3,0.2,1.0,1,171.47302,0.19998573
fedavg,scaling,17,8,2,3,0.2,1.0,1,171.47304,0.20001331
fedavg,scaling,18,8,2,3,0.2,1.0,1,171.47304,0.20007476
fedavg,scaling,19,8,2,3,0.2,1.0,1,171.47302,0.19991955
fedavg,scaling,0,8,2,3,0.2,1.0,1001,171.47304,0.1999437
fedavg,scaling,1,8,2,3,0.2,1.0,1001,171.47302,0.2000864
fedavg,scaling,2,8,2,3,0.2,1.0,1001,171.47302,0.19997184
fedavg,scaling,3,8,2,3,0.2,1.0,1001,171.47302,0.20000046
fedavg,scaling,4,8,2,3,0.2,1.0,1001,171.47302,0.19989151
fedavg,scaling,5,8,2,3,0.2,1.0,1001,171.47302,0.20008439
fedavg,scaling,6,8,2,3,0.2,1.0,1001,171.47302,0.20002651
fedavg,scaling,7,8,2,3,0.2,1.0,1001,171.47302,0.19989595
fedavg,scaling,8,8,2,3,0.2,1.0,1001,171.47304,0.20016795
fedavg,scaling,9,8,2,3,0.2,1.0,1001,171.47302,0.20011811
fedavg,scaling,10,8,2,3,0.2,1.0,1001,171.47304,0.19992597
fedavg,scaling,11,8,2,3,0.2,1.0,1001,171.47302,0.20009272
fedavg,scaling,12,8,2,3,0.2,1.0,1001,171.47304,0.20005976
fedavg,scaling,13,8,2,3,0.2,1.0,1001,171.47302,0.20018281
fedavg,scaling,14,8,2,3,0.2,1.0,1001,171.47302,0.20010018
fedavg,scaling,15,8,2,3,0.2,1.0,1001,171.47304,0.1999139
fedavg,scaling,16,8,2,3,0.2,1.0,1001,171.47302,0.19985665
fedavg,scaling,17,8,2,3,0.2,1.0,1001,171.47304,0.2000326
fedavg,scaling,18,8,2,3,0.2,1.0,1001,171.47302,0.20001131
fedavg,scaling,19,8,2,3,0.2,1.0,1001,171.47304,0.2000332
fedavg,scaling,0,8,2,3,0.2,1.0,2001,171.47304,0.20005864
fedavg,scaling,1,8,2,3,0.2,1.0,2001,171.47302,0.19972196
fedavg,scaling,2,8,2,3,0.2,1.0,2001,171.47302,0.19984142
fedavg,scaling,3,8,2,3,0.2,1.0,2001,171.47302,0.19991975
fedavg,scaling,4,8,2,3,0.2,1.0,2001,171.47302,0.20013541
fedavg,scaling,5,8,2,3,0.2,1.0,2001,171.47302,0.19989806
fedavg,scaling,6,8,2,3,0.2,1.0,2001,171.47302,0.19997425
fedavg,scaling,7,8,2,3,0.2,1.0,2001,171.47304,0.1999779
fedavg,scaling,8,8,2,3,0.2,1.0,2001,171.47302,0.20007382
fedavg,scaling,9,8,2,3,0.2,1.0,2001,171.47302,0.20008174
fedavg,scaling,10,8,2,3,0.2,1.0,2001,171.47302,0.199933
fedavg,scaling,11,8,2,3,0.2,1.0,2001,171.47302,0.19999774
fedavg,scaling,12,8,2,3,0.2,1.0,2001,171.47302,0.20021494
fedavg,scaling,13,8,2,3,0.2,1.0,2001,171.47302,0.20020442
fedavg,scaling,14,8,2,3,0.2,1.0,2001,171.47302,0.19989192
fedavg,scaling,15,8,2,3,0.2,1.0,2001,171.47304,0.2000142
fedavg,scaling,16,8,2,3,0.2,1.0,2001,171.47302,0.19988371
fedavg,scaling,17,8,2,3,0.2,1.0,2001,171.47302,0.2001409
fedavg,scaling,18,8,2,3,0.2,1.0,2001,171.47302,0.200054
fedavg,scaling,19,8,2,3,0.2,1.0,2001,171.47304,0.20015961
fedavg,scaling,0,8,2,3,0.2,1.0,3001,171.47304,0.20000648
fedavg,scaling,1,8,2,3,0.2,1.0,3001,171.47302,0.19996509
fedavg,scaling,2,8,2,3,0.2,1.0,3001,171.47302,0.20021068
fedavg,scaling,3,8,2,3,0.2,1.0,3001,171.47304,0.19988549
fedavg,scaling,4,8,2,3,0.2,1.0,3001,171.47302,0.19995812
fedavg,scaling,5,8,2,3,0.2,1.0,3001,171.47302,0.1999736
fedavg,scaling,6,8,2,3,0.2,1.0,3001,171.47302,0.19995135
fedavg,scaling,7,8,2,3,0.2,1.0,3001,171.47304,0.19992398
fedavg,scaling,8,8,2,3,0.2,1.0,3001,171.47302,0.19995508
fedavg,scaling,9,8,2,3,0.2,1.0,3001,171.47302,0.2000806
fedavg,scaling,10,8,2,3,0.2,1.0,3001,171.47304,0.20012438
fedavg,scaling,11,8,2,3,0.2,1.0,3001,171.47302,0.19980131
fedavg,scaling,12,8,2,3,0.2,1.0,3001,171.47304,0.20012507
fedavg,scaling,13,8,2,3,0.2,1.0,3001,171.47304,0.1999113
fedavg,scaling,14,8,2,3,0.2,1.0,3001,171.47302,0.19995078
fedavg,scaling,15,8,2,3,0.2,1.0,3001,171.47304,0.19994196
fedavg,scaling,16,8,2,3,0.2,1.0,3001,171.47302,0.20007885
fedavg,scaling,17,8,2,3,0.2,1.0,3001,171.47302,0.20022671
fedavg,scaling,18,8,2,3,0.2,1.0,3001,171.47304,0.20005384
fedavg,scaling,19,8,2,3,0.2,1.0,3001,171.47302,0.20011221
fedavg,scaling,0,8,2,3,0.2,1.0,4001,171.47302,0.19995949
fedavg,scaling,1,8,2,3,0.2,1.0,4001,171.47302,0.19997527
fedavg,scaling,2,8,2,3,0.2,1.0,4001,171.47302,0.1999784
fedavg,scaling,3,8,2,3,0.2,1.0,4001,171.47304,0.19999947
fedavg,scaling,4,8,2,3,0.2,1.0,4001,171.47302,0.1999885
fedavg,scaling,5,8,2,3,0.2,1.0,4001,171.47304,0.20010498
fedavg,scaling,6,8,2,3,0.2,1.0,4001,171.47304,0.1999747
fedavg,scaling,7,8,2,3,0.2,1.0,4001,171.47302,0.20006406
fedavg,scaling,8,8,2,3,0.2,1.0,4001,171.47302,0.20008531
fedavg,scaling,9,8,2,3,0.2,1.0,4001,171.47304,0.2000662
fedavg,scaling,10,8,2,3,0.2,1.0,4001,171.47304,0.20000288
fedavg,scaling,11,8,2,3,0.2,1.0,4001,171.47304,0.20003006
fedavg,scaling,12,8,2,3,0.2,1.0,4001,171.47302,0.20001078
fedavg,scaling,13,8,2,3,0.2,1.0,4001,171.47304,0.2001067
fedavg,scaling,14,8,2,3,0.2,1.0,4001,171.47302,0.19996046
fedavg,scaling,15,8,2,3,0.2,1.0,4001,171.47302,0.19996347
fedavg,scaling,16,8,2,3,0.2,1.0,4001,171.47302,0.19998223
fedavg,scaling,17,8,2,3,0.2,1.0,4001,171.47304,0.1999168
fedavg,scaling,18,8,2,3,0.2,1.0,4001,171.47304,0.20009604
fedavg,scaling,19,8,2,3,0.2,1.0,4001,171.47302,0.19997965
krum,scaling,0,8,2,3,0.2,1.0,1,0.13920565,0.00016240077
krum,scaling,1,8,2,3,0.2,1.0,1,0.3879176,0.00045234253
krum,scaling,2,8,2,3,0.2,1.0,1,0.20969842,0.00024464505
krum,scaling,3,8,2,3,0.2,1.0,1,0.4022157,0.00046942153
krum,scaling,4,8,2,3,0.2,1.0,1,0.3633399,0.00042384947
krum,scaling,5,8,2,3,0.2,1.0,1,0.37281993,0.00043510075
krum,scaling,6,8,2,3,0.2,1.0,1,0.29438955,0.00034323081
krum,scaling,7,8,2,3,0.2,1.0,1,0.31431276,0.00036641298
krum,scaling,8,8,2,3,0.2,1.0,1,0.2603167,0.00030384568
krum,scaling,9,8,2,3,0.2,1.0,1,0.28637066,0.0003339215
krum,scaling,10,8,2,3,0.2,1.0,1,0.51315945,0.00059930695
krum,scaling,11,8,2,3,0.2,1.0,1,0.34140223,0.00039819808
krum,scaling,12,8,2,3,0.2,1.0,1,0.19943902,0.00023253365
krum,scaling,13,8,2,3,0.2,1.0,1,0.3415129,0.00039854652
krum,scaling,14,8,2,3,0.2,1.0,1,0.2785409,0.00032512442
krum,scaling,15,8,2,3,0.2,1.0,1,0.41518614,0.0004841018
krum,scaling,16,8,2,3,0.2,1.0,1,0.3948724,0.00046053214
krum,scaling,17,8,2,3,0.2,1.0,1,0.23228851,0.00027095102
krum,scaling,18,8,2,3,0.2,1.0,1,0.25847915,0.0003015935
krum,scaling,19,8,2,3,0.2,1.0,1,0.21981928,0.0002562862
krum,scaling,0,8,2,3,0.2,1.0,1001,0.16645326,0.00019409046
krum,scaling,1,8,2,3,0.2,1.0,1001,0.27051345,0.0003156535
krum,scaling,2,8,2,3,0.2,1.0,1001,0.22888859,0.00026692988
krum,scaling,3,8,2,3,0.2,1.0,1001,0.6076259,0.00070871477
krum,scaling,4,8,2,3,0.2,1.0,1001,0.41570494,0.00048460034
krum,scaling,5,8,2,3,0.2,1.0,1001,0.54728705,0.0006386054
krum,scaling,6,8,2,3,0.2,1.0,1001,0.4003571,0.0004670241
krum,scaling,7,8,2,3,0.2,1.0,1001,0.19864288,0.00023156941
krum,scaling,8,8,2,3,0.2,1.0,1001,0.46703863,0.00054519455
krum,scaling,9,8,2,3,0.2,1.0,1001,0.26184466,0.0003055866
krum,scaling,10,8,2,3,0.2,1.0,1001,0.2804325,0.00032696535
krum,scaling,11,8,2,3,0.2,1.0,1001,0.42490202,0.00049582025
krum,scaling,12,8,2,3,0.2,1.0,1001,0.27972367,0.00032635714
krum,scaling,13,8,2,3,0.2,1.0,1001,0.37002152,0.00043197436
krum,scaling,14,8,2,3,0.2,1.0,1001,0.18068449,0.0002108495
krum,scaling,15,8,2,3,0.2,1.0,1001,0.14282694,0.0001665165
krum,scaling,16,8,2,3,0.2,1.0,1001,0.40057808,0.00046688507
krum,scaling,17,8,2,3,0.2,1.0,1001,0.27728048,0.0003234627
krum,scaling,18,8,2,3,0.2,1.0,1001,0.28859493,0.00033662585
krum,scaling,19,8,2,3,0.2,1.0,1001,0.16043086,0.00018715186
krum,scaling,0,8,2,3,0.2,1.0,2001,0.29126975,0.0003398262
krum,scaling,1,8,2,3,0.2,1.0,2001,0.3292758,0.0003835216
krum,scaling,2,8,2,3,0.2,1.0,2001,0.34467104,0.00040169325
krum,scaling,3,8,2,3,0.2,1.0,2001,0.16976169,0.0001979245
krum,scaling,4,8,2,3,0.2,1.0,2001,0.38036036,0.0004439391
krum,scaling,5,8,2,3,0.2,1.0,2001,0.3990603,0.00046521245
krum,scaling,6,8,2,3,0.2,1.0,2001,0.2913096,0.00033972933
krum,scaling,7,8,2,3,0.2,1.0,2001,0.2423743,0.00028266545
krum,scaling,8,8,2,3,0.2,1.0,2001,0.41956717,0.0004895488
krum,scaling,9,8,2,3,0.2,1.0,2001,0.33082277,0.00038601752
krum,scaling,10,8,2,3,0.2,1.0,2001,0.2349113,0.00027390034
krum,scaling,11,8,2,3,0.2,1.0,2001,0.101560086,0.00011845471
krum,scaling,12,8,2,3,0.2,1.0,2001,0.10289896,0.00012014665
krum,scaling,13,8,2,3,0.2,1.0,2001,0.27210334,0.000317696
krum,scaling,14,8,2,3,0.2,1.0,2001,0.34389913,0.00040089487
krum,scaling,15,8,2,3,0.2,1.0,2001,0.21052183,0.00024556255
krum,scaling,16,8,2,3,0.2,1.0,2001,0.266199,0.00031030446
krum,scaling,17,8,2,3,0.2,1.0,2001,0.13482744,0.00015736869
krum,scaling,18,8,2,3,0.2,1.0,2001,0.22355184,0.00026081328
krum,scaling,19,8,2,3,0.2,1.0,2001,0.46310046,0.00054057484
krum,scaling,0,8,2,3,0.2,1.0,3001,0.31443003,0.0003667518
krum,scaling,1,8,2,3,0.2,1.0,3001,0.39238477,0.0004575837
krum,scaling,2,8,2,3,0.2,1.0,3001,0.28589442,0.00033380828
krum,scaling,3,8,2,3,0.2,1.0,3001,0.3875281,0.00045174005
krum,scaling,4,8,2,3,0.2,1.0,3001,0.1783196,0.00020794205
krum,scaling,5,8,2,3,0.2,1.0,3001,0.20347826,0.00023729843
krum,scaling,6,8,2,3,0.2,1.0,3001,0.26395652,0.00030779454
krum,scaling,7,8,2,3,0.2,1.0,3001,0.28944552,0.00033747053
krum,scaling,8,8,2,3,0.2,1.0,3001,0.2579448,0.00030079
krum,scaling,9,8,2,3,0.2,1.0,3001,0.19625004,0.00022899128
krum,scaling,10,8,2,3,0.2,1.0,3001,0.24041775,0.000280589
krum,scaling,11,8,2,3,0.2,1.0,3001,0.75307834,0.000877491
krum,scaling,12,8,2,3,0.2,1.0,3001,0.1466147,0.00017111308
krum,scaling,13,8,2,3,0.2,1.0,3001,0.3064112,0.00035722853
krum,scaling,14,8,2,3,0.2,1.0,3001,0.4802889,0.000560054
krum,scaling,15,8,2,3,0.2,1.0,3001,0.355309,0.00041429943
krum,scaling,16,8,2,3,0.2,1.0,3001,0.3194902,0.00037278884
krum,scaling,17,8,2,3,0.2,1.0,3001,0.3595727,0.00041986816
krum,scaling,18,8,2,3,0.2,1.0,3001,0.08774578,0.00010237108
krum,scaling,19,8,2,3,0.2,1.0,3001,0.32685292,0.00038144345
krum,scaling,0,8,2,3,0.2,1.0,4001,0.44883117,0.00052339456
krum,scaling,1,8,2,3,0.2,1.0,4001,0.0701128,8.176696e-05
krum,scaling,2,8,2,3,0.2,1.0,4001,0.20258364,0.00023626078
krum,scaling,3,8,2,3,0.2,1.0,4001,0.30310154,0.0003535258
krum,scaling,4,8,2,3,0.2,1.0,4001,0.32085848,0.00037421632
krum,scaling,5,8,2,3,0.2,1.0,4001,0.41667515,0.00048625004
krum,scaling,6,8,2,3,0.2,1.0,4001,0.2685083,0.00031313882
krum,scaling,7,8,2,3,0.2,1.0,4001,0.16424228,0.00019162768
krum,scaling,8,8,2,3,0.2,1.0,4001,0.48581445,0.0005668783
krum,scaling,9,8,2,3,0.2,1.0,4001,0.20409724,0.00023813048
krum,scaling,10,8,2,3,0.2,1.0,4001,0.067562744,7.8803896e-05
krum,scaling,11,8,2,3,0.2,1.0,4001,0.20453368,0.0002385966
krum,scaling,12,8,2,3,0.2,1.0,4001,0.28902102,0.00033712195
krum,scaling,13,8,2,3,0.2,1.0,4001,0.21608566,0.00025216903
krum,scaling,14,8,2,3,0.2,1.0,4001,0.31876493,0.0003717225
krum,scaling,15,8,2,3,0.2,1.0,4001,0.34230888,0.00039918392
krum,scaling,16,8,2,3,0.2,1.0,4001,0.14624308,0.00017055754
krum,scaling,17,8,2,3,0.2,1.0,4001,0.35645863,0.0004155876
krum,scaling,18,8,2,3,0.2,1.0,4001,0.48746258,0.00056883186
krum,scaling,19,8,2,3,0.2,1.0,4001,0.11688235,0.00013631351
dss_fedavg,scaling,0,8,2,3,0.2,1.0,1,171.47302,0.20004469
dss_fedavg,scaling,1,8,2,3,0.2,1.0,1,171.47302,0.19995108
dss_fedavg,scaling,2,8,2,3,0.2,1.0,1,171.47302,0.20004931
dss_fedavg,scaling,3,8,2,3,0.2,1.0,1,171.47302,0.2001243
dss_fedavg,scaling,4,8,2,3,0.2,1.0,1,171.47302,0.20002964
dss_fedavg,scaling,5,8,2,3,0.2,1.0,1,171.47302,0.20011817
dss_fedavg,scaling,6,8,2,3,0.2,1.0,1,171.47304,0.1999216
dss_fedavg,scaling,7,8,2,3,0.2,1.0,1,171.47304,0.19989626
dss_fedavg,scaling,8,8,2,3,0.2,1.0,1,171.47302,0.20014597
dss_fedavg,scaling,9,8,2,3,0.2,1.0,1,171.47302,0.19994551
dss_fedavg,scaling,10,8,2,3,0.2,1.0,1,171.47304,0.20025937
dss_fedavg,scaling,11,8,2,3,0.2,1.0,1,171.47304,0.19999938
dss_fedavg,scaling,12,8,2,3,0.2,1.0,1,171.47304,0.19992703
dss_fedavg,scaling,13,8,2,3,0.2,1.0,1,171.47304,0.20010953
dss_fedavg,scaling,14,8,2,3,0.2,1.0,1,171.47304,0.20015039
dss_fedavg,scaling,15,8,2,3,0.2,1.0,1,171.47304,0.19993539
dss_fedavg,scaling,16,8,2,3,0.2,1.0,1,171.47302,0.19998573
dss_fedavg,scaling,17,8,2,3,0.2,1.0,1,171.47304,0.20001331
dss_fedavg,scaling,18,8,2,3,0.2,1.0,1,171.47304,0.20007476
dss_fedavg,scaling,19,8,2,3,0.2,1.0,1,171.47302,0.19991955
dss_fedavg,scaling,0,8,2,3,0.2,1.0,1001,171.47304,0.1999437
dss_fedavg,scaling,1,8,2,3,0.2,1.0,1001,171.47302,0.2000864
dss_fedavg,scaling,2,8,2,3,0.2,1.0,1001,171.47302,0.19997184
dss_fedavg,scaling,3,8,2,3,0.2,1.0,1001,171.47302,0.20000046
dss_fedavg,scaling,4,8,2,3,0.2,1.0,1001,171.47302,0.19989151
dss_fedavg,scaling,5,8,2,3,0.2,1.0,1001,171.47302,0.20008439
dss_fedavg,scaling,6,8,2,3,0.2,1.0,1001,171.47302,0.20002651
dss_fedavg,scaling,7,8,2,3,0.2,1.0,1001,171.47302,0.19989595
dss_fedavg,scaling,8,8,2,3,0.2,1.0,1001,171.47304,0.20016795
dss_fedavg,scaling,9,8,2,3,0.2,1.0,1001,171.47302,0.20011811
dss_fedavg,scaling,10,8,2,3,0.2,1.0,1001,171.47304,0.19992597
dss_fedavg,scaling,11,8,2,3,0.2,1.0,1001,171.47302,0.20009272
dss_fedavg,scaling,12,8,2,3,0.2,1.0,1001,171.47304,0.20005976
dss_fedavg,scaling,13,8,2,3,0.2,1.0,1001,171.47302,0.20018281
dss_fedavg,scaling,14,8,2,3,0.2,1.0,1001,171.47302,0.20010018
dss_fedavg,scaling,15,8,2,3,0.2,1.0,1001,171.47304,0.1999139
dss_fedavg,scaling,16,8,2,3,0.2,1.0,1001,171.47302,0.19985665
dss_fedavg,scaling,17,8,2,3,0.2,1.0,1001,171.47304,0.2000326
dss_fedavg,scaling,18,8,2,3,0.2,1.0,1001,171.47302,0.20001131
dss_fedavg,scaling,19,8,2,3,0.2,1.0,1001,171.47304,0.2000332
dss_fedavg,scaling,0,8,2,3,0.2,1.0,2001,171.47304,0.20005864
dss_fedavg,scaling,1,8,2,3,0.2,1.0,2001,171.47302,0.19972196
dss_fedavg,scaling,2,8,2,3,0.2,1.0,2001,171.47302,0.19984142
dss_fedavg,scaling,3,8,2,3,0.2,1.0,2001,171.47302,0.19991975
dss_fedavg,scaling,4,8,2,3,0.2,1.0,2001,171.47302,0.20013541
dss_fedavg,scaling,5,8,2,3,0.2,1.0,2001,171.47302,0.19989806
dss_fedavg,scaling,6,8,2,3,0.2,1.0,2001,171.47302,0.19997425
dss_fedavg,scaling,7,8,2,3,0.2,1.0,2001,171.47304,0.1999779
dss_fedavg,scaling,8,8,2,3,0.2,1.0,2001,171.47302,0.20007382
dss_fedavg,scaling,9,8,2,3,0.2,1.0,2001,171.47302,0.20008174
dss_fedavg,scaling,10,8,2,3,0.2,1.0,2001,171.47302,0.199933
dss_fedavg,scaling,11,8,2,3,0.2,1.0,2001,171.47302,0.19999774
dss_fedavg,scaling,12,8,2,3,0.2,1.0,2001,171.47302,0.20021494
dss_fedavg,scaling,13,8,2,3,0.2,1.0,2001,171.47302,0.20020442
dss_fedavg,scaling,14,8,2,3,0.2,1.0,2001,171.47302,0.19989192
dss_fedavg,scaling,15,8,2,3,0.2,1.0,2001,171.47304,0.2000142
dss_fedavg,scaling,16,8,2,3,0.2,1.0,2001,171.47302,0.19988371
dss_fedavg,scaling,17,8,2,3,0.2,1.0,2001,171.47302,0.2001409
dss_fedavg,scaling,18,8,2,3,0.2,1.0,2001,171.47302,0.200054
dss_fedavg,scaling,19,8,2,3,0.2,1.0,2001,171.47304,0.20015961
dss_fedavg,scaling,0,8,2,3,0.2,1.0,3001,171.47304,0.20000648
dss_fedavg,scaling,1,8,2,3,0.2,1.0,3001,171.47302,0.19996509
dss_fedavg,scaling,2,8,2,3,0.2,1.0,3001,171.47302,0.20021068
dss_fedavg,scaling,3,8,2,3,0.2,1.0,3001,171.47304,0.19988549
dss_fedavg,scaling,4,8,2,3,0.2,1.0,3001,171.47302,0.19995812
dss_fedavg,scaling,5,8,2,3,0.2,1.0,3001,171.47302,0.1999736
dss_fedavg,scaling,6,8,2,3,0.2,1.0,3001,171.47302,0.19995135
dss_fedavg,scaling,7,8,2,3,0.2,1.0,3001,171.47304,0.19992398
dss_fedavg,scaling,8,8,2,3,0.2,1.0,3001,171.47302,0.19995508
dss_fedavg,scaling,9,8,2,3,0.2,1.0,3001,171.47302,0.2000806
dss_fedavg,scaling,10,8,2,3,0.2,1.0,3001,171.47304,0.20012438
dss_fedavg,scaling,11,8,2,3,0.2,1.0,3001,171.47302,0.19980131
dss_fedavg,scaling,12,8,2,3,0.2,1.0,3001,171.47304,0.20012507
dss_fedavg,scaling,13,8,2,3,0.2,1.0,3001,171.47304,0.1999113
dss_fedavg,scaling,14,8,2,3,0.2,1.0,3001,171.47302,0.19995078
dss_fedavg,scaling,15,8,2,3,0.2,1.0,3001,171.47304,0.19994196
dss_fedavg,scaling,16,8,2,3,0.2,1.0,3001,171.47302,0.20007885
dss_fedavg,scaling,17,8,2,3,0.2,1.0,3001,171.47302,0.20022671
dss_fedavg,scaling,18,8,2,3,0.2,1.0,3001,171.47304,0.20005384
dss_fedavg,scaling,19,8,2,3,0.2,1.0,3001,171.47302,0.20011221
dss_fedavg,scaling,0,8,2,3,0.2,1.0,4001,171.47302,0.19995949
dss_fedavg,scaling,1,8,2,3,0.2,1.0,4001,171.47302,0.19997527
dss_fedavg,scaling,2,8,2,3,0.2,1.0,4001,171.47302,0.1999784
dss_fedavg,scaling,3,8,2,3,0.2,1.0,4001,171.47304,0.19999947
dss_fedavg,scaling,4,8,2,3,0.2,1.0,4001,171.47302,0.1999885
dss_fedavg,scaling,5,8,2,3,0.2,1.0,4001,171.47304,0.20010498
dss_fedavg,scaling,6,8,2,3,0.2,1.0,4001,171.47304,0.1999747
dss_fedavg,scaling,7,8,2,3,0.2,1.0,4001,171.47302,0.20006406
dss_fedavg,scaling,8,8,2,3,0.2,1.0,4001,171.47302,0.20008531
dss_fedavg,scaling,9,8,2,3,0.2,1.0,4001,171.47304,0.2000662
dss_fedavg,scaling,10,8,2,3,0.2,1.0,4001,171.47304,0.20000288
dss_fedavg,scaling,11,8,2,3,0.2,1.0,4001,171.47304,0.20003006
dss_fedavg,scaling,12,8,2,3,0.2,1.0,4001,171.47302,0.20001078
dss_fedavg,scaling,13,8,2,3,0.2,1.0,4001,171.47304,0.2001067
dss_fedavg,scaling,14,8,2,3,0.2,1.0,4001,171.47302,0.19996046
dss_fedavg,scaling,15,8,2,3,0.2,1.0,4001,171.47302,0.19996347
dss_fedavg,scaling,16,8,2,3,0.2,1.0,4001,171.47302,0.19998223
dss_fedavg,scaling,17,8,2,3,0.2,1.0,4001,171.47304,0.1999168
dss_fedavg,scaling,18,8,2,3,0.2,1.0,4001,171.47304,0.20009604
dss_fedavg,scaling,19,8,2,3,0.2,1.0,4001,171.47302,0.19997965
flanders_fedavg,scaling,0,8,2,3,0.2,1.0,1,171.47302,0.20004469
flanders_fedavg,scaling,1,8,2,3,0.2,1.0,1,0.22226231,0.0002591754
flanders_fedavg,scaling,2,8,2,3,0.2,1.0,1,0.09859941,0.00011503119
flanders_fedavg,scaling,3,8,2,3,0.2,1.0,1,244.92859,0.28585348
flanders_fedavg,scaling,4,8,2,3,0.2,1.0,1,245.04005,0.28584832
flanders_fedavg,scaling,5,8,2,3,0.2,1.0,1,244.98454,0.28591004
flanders_fedavg,scaling,6,8,2,3,0.2,1.0,1,245.07883,0.2857391
flanders_fedavg,scaling,7,8,2,3,0.2,1.0,1,245.00592,0.2856179
flanders_fedavg,scaling,8,8,2,3,0.2,1.0,1,244.89818,0.28584895
flanders_fedavg,scaling,9,8,2,3,0.2,1.0,1,245.08978,0.28578606
flanders_fedavg,scaling,10,8,2,3,0.2,1.0,1,244.81854,0.28591788
flanders_fedavg,scaling,11,8,2,3,0.2,1.0,1,244.97646,0.28573087
flanders_fedavg,scaling,12,8,2,3,0.2,1.0,1,245.0287,0.28568843
flanders_fedavg,scaling,13,8,2,3,0.2,1.0,1,0.097771905,0.00011410009
flanders_fedavg,scaling,14,8,2,3,0.2,1.0,1,244.69777,0.28562132
flanders_fedavg,scaling,15,8,2,3,0.2,1.0,1,0.08037777,9.371947e-05
flanders_fedavg,scaling,16,8,2,3,0.2,1.0,1,0.266504,0.00031081852
flanders_fedavg,scaling,17,8,2,3,0.2,1.0,1,0.12802842,0.00014933769
flanders_fedavg,scaling,18,8,2,3,0.2,1.0,1,0.19913673,0.00023235277
flanders_fedavg,scaling,19,8,2,3,0.2,1.0,1,245.01389,0.28566048
flanders_fedavg,scaling,0,8,2,3,0.2,1.0,1001,171.47304,0.1999437
flanders_fedavg,scaling,1,8,2,3,0.2,1.0,1001,0.2195696,0.00025620876
flanders_fedavg,scaling,2,8,2,3,0.2,1.0,1001,0.06118417,7.135298e-05
flanders_fedavg,scaling,3,8,2,3,0.2,1.0,1001,244.98398,0.2857412
flanders_fedavg,scaling,4,8,2,3,0.2,1.0,1001,244.96152,0.28555936
flanders_fedavg,scaling,5,8,2,3,0.2,1.0,1001,122.49309,0.14293185
flanders_fedavg,scaling,6,8,2,3,0.2,1.0,1001,0.22743016,0.00026530158
flanders_fedavg,scaling,7,8,2,3,0.2,1.0,1001,0.2191807,0.00025551152
flanders_fedavg,scaling,8,8,2,3,0.2,1.0,1001,0.28017247,0.00032705753
flanders_fedavg,scaling,9,8,2,3,0.2,1.0,1001,245.01175,0.28594172
flanders_fedavg,scaling,10,8,2,3,0.2,1.0,1001,0.17404518,0.00020292492
flanders_fedavg,scaling,11,8,2,3,0.2,1.0,1001,244.8803,0.28575203
flanders_fedavg,scaling,12,8,2,3,0.2,1.0,1001,122.48543,0.1429053
flanders_fedavg,scaling,13,8,2,3,0.2,1.0,1001,244.88885,0.28589067
flanders_fedavg,scaling,14,8,2,3,0.2,1.0,1001,244.873,0.28575417
flanders_fedavg,scaling,15,8,2,3,0.2,1.0,1001,0.1277862,0.00014898108
flanders_fedavg,scaling,16,8,2,3,0.2,1.0,1001,0.24371907,0.00028406148
flanders_fedavg,scaling,17,8,2,3,0.2,1.0,1001,244.95511,0.28575343
flanders_fedavg,scaling,18,8,2,3,0.2,1.0,1001,0.22541863,0.0002629351
flanders_fedavg,scaling,19,8,2,3,0.2,1.0,1001,0.16859528,0.00019667613
flanders_fedavg,scaling,0,8,2,3,0.2,1.0,2001,171.47304,0.20005864
flanders_fedavg,scaling,1,8,2,3,0.2,1.0,2001,0.38656354,0.00045024708
flanders_fedavg,scaling,2,8,2,3,0.2,1.0,2001,0.22259964,0.00025942642
flanders_fedavg,scaling,3,8,2,3,0.2,1.0,2001,122.567474,0.14290096
flanders_fedavg,scaling,4,8,2,3,0.2,1.0,2001,244.96577,0.28591275
flanders_fedavg,scaling,5,8,2,3,0.2,1.0,2001,0.29420763,0.00034297837
flanders_fedavg,scaling,6,8,2,3,0.2,1.0,2001,122.362595,0.14270097
flanders_fedavg,scaling,7,8,2,3,0.2,1.0,2001,244.93317,0.28564972
flanders_fedavg,scaling,8,8,2,3,0.2,1.0,2001,244.9649,0.28582376
flanders_fedavg,scaling,9,8,2,3,0.2,1.0,2001,244.92224,0.2857853
flanders_fedavg,scaling,10,8,2,3,0.2,1.0,2001,244.93674,0.28558975
flanders_fedavg,scaling,11,8,2,3,0.2,1.0,2001,245.029,0.28578985
flanders_fedavg,scaling,12,8,2,3,0.2,1.0,2001,0.22501083,0.00026272662
flanders_fedavg,scaling,13,8,2,3,0.2,1.0,2001,0.23011944,0.00026867742
flanders_fedavg,scaling,14,8,2,3,0.2,1.0,2001,122.50806,0.1428118
flanders_fedavg,scaling,15,8,2,3,0.2,1.0,2001,244.97774,0.28575352
flanders_fedavg,scaling,16,8,2,3,0.2,1.0,2001,0.13779722,0.0001606283
flanders_fedavg,scaling,17,8,2,3,0.2,1.0,2001,244.96324,0.28591764
flanders_fedavg,scaling,18,8,2,3,0.2,1.0,2001,245.03484,0.28587705
flanders_fedavg,scaling,19,8,2,3,0.2,1.0,2001,0.30170828,0.00035218254
flanders_fedavg,scaling,0,8,2,3,0.2,1.0,3001,171.47304,0.20000648
flanders_fedavg,scaling,1,8,2,3,0.2,1.0,3001,0.23827323,0.00027786486
flanders_fedavg,scaling,2,8,2,3,0.2,1.0,3001,0.24845403,0.00029009316
flanders_fedavg,scaling,3,8,2,3,0.2,1.0,3001,245.03624,0.28563783
flanders_fedavg,scaling,4,8,2,3,0.2,1.0,3001,0.19662835,0.00022929224
flanders_fedavg,scaling,5,8,2,3,0.2,1.0,3001,0.1483359,0.00017299085
flanders_fedavg,scaling,6,8,2,3,0.2,1.0,3001,0.26806182,0.00031258166
flanders_fedavg,scaling,7,8,2,3,0.2,1.0,3001,0.22956608,0.00026765585
flanders_fedavg,scaling,8,8,2,3,0.2,1.0,3001,0.11374314,0.00013263614
flanders_fedavg,scaling,9,8,2,3,0.2,1.0,3001,0.26642752,0.00031087676
flanders_fedavg,scaling,10,8,2,3,0.2,1.0,3001,244.8748,0.2857908
flanders_fedavg,scaling,11,8,2,3,0.2,1.0,3001,122.497375,0.14273462
flanders_fedavg,scaling,12,8,2,3,0.2,1.0,3001,0.18695505,0.00021819404
flanders_fedavg,scaling,13,8,2,3,0.2,1.0,3001,0.12605016,0.00014695518
flanders_fedavg,scaling,14,8,2,3,0.2,1.0,3001,0.06363113,7.419882e-05
flanders_fedavg,scaling,15,8,2,3,0.2,1.0,3001,0.101751335,0.00011864467
flanders_fedavg,scaling,16,8,2,3,0.2,1.0,3001,245.0731,0.2859572
flanders_fedavg,scaling,17,8,2,3,0.2,1.0,3001,0.30140513,0.00035194666
flanders_fedavg,scaling,18,8,2,3,0.2,1.0,3001,0.12903959,0.00015054765
flanders_fedavg,scaling,19,8,2,3,0.2,1.0,3001,244.96599,0.28587988
flanders_fedavg,scaling,0,8,2,3,0.2,1.0,4001,171.47302,0.19995949
flanders_fedavg,scaling,1,8,2,3,0.2,1.0,4001,0.2127703,0.000248137
flanders_fedavg,scaling,2,8,2,3,0.2,1.0,4001,244.9954,0.285723
flanders_fedavg,scaling,3,8,2,3,0.2,1.0,4001,244.93147,0.2856785
flanders_fedavg,scaling,4,8,2,3,0.2,1.0,4001,244.97057,0.28570846
flanders_fedavg,scaling,5,8,2,3,0.2,1.0,4001,0.22384258,0.000261219
flanders_fedavg,scaling,6,8,2,3,0.2,1.0,4001,0.073370956,8.5566426e-05
flanders_fedavg,scaling,7,8,2,3,0.2,1.0,4001,0.10162235,0.00011856664
flanders_fedavg,scaling,8,8,2,3,0.2,1.0,4001,0.37235996,0.0004344926
flanders_fedavg,scaling,9,8,2,3,0.2,1.0,4001,244.97017,0.28581896
flanders_fedavg,scaling,10,8,2,3,0.2,1.0,4001,244.96855,0.28572664
flanders_fedavg,scaling,11,8,2,3,0.2,1.0,4001,0.19705321,0.00022987035
flanders_fedavg,scaling,12,8,2,3,0.2,1.0,4001,0.28498867,0.0003324185
flanders_fedavg,scaling,13,8,2,3,0.2,1.0,4001,0.1531989,0.00017878103
flanders_fedavg,scaling,14,8,2,3,0.2,1.0,4001,0.08111233,9.458782e-05
flanders_fedavg,scaling,15,8,2,3,0.2,1.0,4001,244.91833,0.2856118
flanders_fedavg,scaling,16,8,2,3,0.2,1.0,4001,244.92793,0.2856498
flanders_fedavg,scaling,17,8,2,3,0.2,1.0,4001,244.98206,0.2856194
flanders_fedavg,scaling,18,8,2,3,0.2,1.0,4001,244.87282,0.28574803
flanders_fedavg,scaling,19,8,2,3,0.2,1.0,4001,244.94418,0.28566507
dss_krum,scaling,0,8,2,3,0.2,1.0,1,0.13920565,0.00016240077
dss_krum,scaling,1,8,2,3,0.2,1.0,1,0.3879176,0.00045234253
dss_krum,scaling,2,8,2,3,0.2,1.0,1,0.20969842,0.00024464505
dss_krum,scaling,3,8,2,3,0.2,1.0,1,0.4022157,0.00046942153
dss_krum,scaling,4,8,2,3,0.2,1.0,1,0.3633399,0.00042384947
dss_krum,scaling,5,8,2,3,0.2,1.0,1,0.37281993,0.00043510075
dss_krum,scaling,6,8,2,3,0.2,1.0,1,0.29438955,0.00034323081
dss_krum,scaling,7,8,2,3,0.2,1.0,1,0.31431276,0.00036641298
dss_krum,scaling,8,8,2,3,0.2,1.0,1,0.2603167,0.00030384568
dss_krum,scaling,9,8,2,3,0.2,1.0,1,0.28637066,0.0003339215
dss_krum,scaling,10,8,2,3,0.2,1.0,1,0.51315945,0.00059930695
dss_krum,scaling,11,8,2,3,0.2,1.0,1,0.34140223,0.00039819808
dss_krum,scaling,12,8,2,3,0.2,1.0,1,0.19943902,0.00023253365
dss_krum,scaling,13,8,2,3,0.2,1.0,1,0.3415129,0.00039854652
dss_krum,scaling,14,8,2,3,0.2,1.0,1,0.2785409,0.00032512442
dss_krum,scaling,15,8,2,3,0.2,1.0,1,0.41518614,0.0004841018
dss_krum,scaling,16,8,2,3,0.2,1.0,1,0.3948724,0.00046053214
dss_krum,scaling,17,8,2,3,0.2,1.0,1,0.23228851,0.00027095102
dss_krum,scaling,18,8,2,3,0.2,1.0,1,0.25847915,0.0003015935
dss_krum,scaling,19,8,2,3,0.2,1.0,1,0.21981928,0.0002562862
dss_krum,scaling,0,8,2,3,0.2,1.0,1001,0.16645326,0.00019409046
dss_krum,scaling,1,8,2,3,0.2,1.0,1001,0.27051345,0.0003156535
dss_krum,scaling,2,8,2,3,0.2,1.0,1001,0.22888859,0.00026692988
dss_krum,scaling,3,8,2,3,0.2,1.0,1001,0.6076259,0.00070871477
dss_krum,scaling,4,8,2,3,0.2,1.0,1001,0.41570494,0.00048460034
dss_krum,scaling,5,8,2,3,0.2,1.0,1001,0.54728705,0.0006386054
dss_krum,scaling,6,8,2,3,0.2,1.0,1001,0.4003571,0.0004670241
dss_krum,scaling,7,8,2,3,0.2,1.0,1001,0.19864288,0.00023156941
dss_krum,scaling,8,8,2,3,0.2,1.0,1001,0.46703863,0.00054519455
dss_krum,scaling,9,8,2,3,0.2,1.0,1001,0.26184466,0.0003055866
dss_krum,scaling,10,8,2,3,0.2,1.0,1001,0.2804325,0.00032696535
dss_krum,scaling,11,8,2,3,0.2,1.0,1001,0.42490202,0.00049582025
dss_krum,scaling,12,8,2,3,0.2,1.0,1001,0.27972367,0.00032635714
dss_krum,scaling,13,8,2,3,0.2,1.0,1001,0.37002152,0.00043197436
dss_krum,scaling,14,8,2,3,0.2,1.0,1001,0.18068449,0.0002108495
dss_krum,scaling,15,8,2,3,0.2,1.0,1001,0.14282694,0.0001665165
dss_krum,scaling,16,8,2,3,0.2,1.0,1001,0.40057808,0.00046688507
dss_krum,scaling,17,8,2,3,0.2,1.0,1001,0.27728048,0.0003234627
dss_krum,scaling,18,8,2,3,0.2,1.0,1001,0.28859493,0.00033662585
dss_krum,scaling,19,8,2,3,0.2,1.0,1001,0.16043086,0.00018715186
dss_krum,scaling,0,8,2,3,0.2,1.0,2001,0.29126975,0.0003398262
dss_krum,scaling,1,8,2,3,0.2,1.0,2001,0.3292758,0.0003835216
dss_krum,scaling,2,8,2,3,0.2,1.0,2001,0.34467104,0.00040169325
dss_krum,scaling,3,8,2,3,0.2,1.0,2001,0.16976169,0.0001979245
dss_krum,scaling,4,8,2,3,0.2,1.0,2001,0.38036036,0.0004439391
dss_krum,scaling,5,8,2,3,0.2,1.0,2001,0.3990603,0.00046521245
dss_krum,scaling,6,8,2,3,0.2,1.0,2001,0.2913096,0.00033972933
dss_krum,scaling,7,8,2,3,0.2,1.0,2001,0.2423743,0.00028266545
dss_krum,scaling,8,8,2,3,0.2,1.0,2001,0.41956717,0.0004895488
dss_krum,scaling,9,8,2,3,0.2,1.0,2001,0.33082277,0.00038601752
dss_krum,scaling,10,8,2,3,0.2,1.0,2001,0.2349113,0.00027390034
dss_krum,scaling,11,8,2,3,0.2,1.0,2001,0.101560086,0.00011845471
dss_krum,scaling,12,8,2,3,0.2,1.0,2001,0.10289896,0.00012014665
dss_krum,scaling,13,8,2,3,0.2,1.0,2001,0.27210334,0.000317696
dss_krum,scaling,14,8,2,3,0.2,1.0,2001,0.34389913,0.00040089487
dss_krum,scaling,15,8,2,3,0.2,1.0,2001,0.21052183,0.00024556255
dss_krum,scaling,16,8,2,3,0.2,1.0,2001,0.266199,0.00031030446
dss_krum,scaling,17,8,2,3,0.2,1.0,2001,0.13482744,0.00015736869
dss_krum,scaling,18,8,2,3,0.2,1.0,2001,0.22355184,0.00026081328
dss_krum,scaling,19,8,2,3,0.2,1.0,2001,0.46310046,0.00054057484
dss_krum,scaling,0,8,2,3,0.2,1.0,3001,0.31443003,0.0003667518
dss_krum,scaling,1,8,2,3,0.2,1.0,3001,0.39238477,0.0004575837
dss_krum,scaling,2,8,2,3,0.2,1.0,3001,0.28589442,0.00033380828
dss_krum,scaling,3,8,2,3,0.2,1.0,3001,0.3875281,0.00045174005
dss_krum,scaling,4,8,2,3,0.2,1.0,3001,0.1783196,0.00020794205
dss_krum,scaling,5,8,2,3,0.2,1.0,3001,0.20347826,0.00023729843
dss_krum,scaling,6,8,2,3,0.2,1.0,3001,0.26395652,0.00030779454
dss_krum,scaling,7,8,2,3,0.2,1.0,3001,0.28944552,0.00033747053
dss_krum,scaling,8,8,2,3,0.2,1.0,3001,0.2579448,0.00030079
dss_krum,scaling,9,8,2,3,0.2,1.0,3001,0.19625004,0.00022899128
dss_krum,scaling,10,8,2,3,0.2,1.0,3001,0.24041775,0.000280589
dss_krum,scaling,11,8,2,3,0.2,1.0,3001,0.75307834,0.000877491
dss_krum,scaling,12,8,2,3,0.2,1.0,3001,0.1466147,0.00017111308
dss_krum,scaling,13,8,2,3,0.2,1.0,3001,0.3064112,0.00035722853
dss_krum,scaling,14,8,2,3,0.2,1.0,3001,0.4802889,0.000560054
dss_krum,scaling,15,8,2,3,0.2,1.0,3001,0.355309,0.00041429943
dss_krum,scaling,16,8,2,3,0.2,1.0,3001,0.3194902,0.00037278884
dss_krum,scaling,17,8,2,3,0.2,1.0,3001,0.3595727,0.00041986816
dss_krum,scaling,18,8,2,3,0.2,1.0,3001,0.08774578,0.00010237108
dss_krum,scaling,19,8,2,3,0.2,1.0,3001,0.32685292,0.00038144345
dss_krum,scaling,0,8,2,3,0.2,1.0,4001,0.44883117,0.00052339456
dss_krum,scaling,1,8,2,3,0.2,1.0,4001,0.0701128,8.176696e-05
dss_krum,scaling,2,8,2,3,0.2,1.0,4001,0.20258364,0.00023626078
dss_krum,scaling,3,8,2,3,0.2,1.0,4001,0.30310154,0.0003535258
dss_krum,scaling,4,8,2,3,0.2,1.0,4001,0.32085848,0.00037421632
dss_krum,scaling,5,8,2,3,0.2,1.0,4001,0.41667515,0.00048625004
dss_krum,scaling,6,8,2,3,0.2,1.0,4001,0.2685083,0.00031313882
dss_krum,scaling,7,8,2,3,0.2,1.0,4001,0.16424228,0.00019162768
dss_krum,scaling,8,8,2,3,0.2,1.0,4001,0.48581445,0.0005668783
dss_krum,scaling,9,8,2,3,0.2,1.0,4001,0.20409724,0.00023813048
dss_krum,scaling,10,8,2,3,0.2,1.0,4001,0.067562744,7.8803896e-05
dss_krum,scaling,11,8,2,3,0.2,1.0,4001,0.20453368,0.0002385966
dss_krum,scaling,12,8,2,3,0.2,1.0,4001,0.28902102,0.00033712195
dss_krum,scaling,13,8,2,3,0.2,1.0,4001,0.21608566,0.00025216903
dss_krum,scaling,14,8,2,3,0.2,1.0,4001,0.31876493,0.0003717225
dss_krum,scaling,15,8,2,3,0.2,1.0,4001,0.34230888,0.00039918392
dss_krum,scaling,16,8,2,3,0.2,1.0,4001,0.14624308,0.00017055754
dss_krum,scaling,17,8,2,3,0.2,1.0,4001,0.35645863,0.0004155876
dss_krum,scaling,18,8,2,3,0.2,1.0,4001,0.48746258,0.00056883186
dss_krum,scaling,19,8,2,3,0.2,1.0,4001,0.11688235,0.00013631351
flanders_krum,scaling,0,8,2,3,0.2,1.0,1,0.13920565,0.00016240077
flanders_krum,scaling,1,8,2,3,0.2,1.0,1,0.111764275,0.00013032596
flanders_krum,scaling,2,8,2,3,0.2,1.0,1,0.20969842,0.00024464505
flanders_krum,scaling,3,8,2,3,0.2,1.0,1,0.28895798,0.0003372397
flanders_krum,scaling,4,8,2,3,0.2,1.0,1,0.41408008,0.0004830398
flanders_krum,scaling,5,8,2,3,0.2,1.0,1,0.37281993,0.00043510075
flanders_krum,scaling,6,8,2,3,0.2,1.0,1,0.2765558,0.0003224383
flanders_krum,scaling,7,8,2,3,0.2,1.0,1,0.4082587,0.00047593133
flanders_krum,scaling,8,8,2,3,0.2,1.0,1,0.38486844,0.00044922443
flanders_krum,scaling,9,8,2,3,0.2,1.0,1,0.18518361,0.0002159327
flanders_krum,scaling,10,8,2,3,0.2,1.0,1,0.48317188,0.0005642852
flanders_krum,scaling,11,8,2,3,0.2,1.0,1,0.36414477,0.00042472407
flanders_krum,scaling,12,8,2,3,0.2,1.0,1,0.19943902,0.00023253365
flanders_krum,scaling,13,8,2,3,0.2,1.0,1,0.34509706,0.00040272926
flanders_krum,scaling,14,8,2,3,0.2,1.0,1,0.2785409,0.00032512442
flanders_krum,scaling,15,8,2,3,0.2,1.0,1,0.35295027,0.00041153556
flanders_krum,scaling,16,8,2,3,0.2,1.0,1,0.5443065,0.0006348143
flanders_krum,scaling,17,8,2,3,0.2,1.0,1,0.18625809,0.0002172592
flanders_krum,scaling,18,8,2,3,0.2,1.0,1,0.510025,0.00059509726
flanders_krum,scaling,19,8,2,3,0.2,1.0,1,0.21981928,0.0002562862
flanders_krum,scaling,0,8,2,3,0.2,1.0,1001,0.16645326,0.00019409046
flanders_krum,scaling,1,8,2,3,0.2,1.0,1001,0.24568477,0.00028668172
flanders_krum,scaling,2,8,2,3,0.2,1.0,1001,0.22888859,0.00026692988
flanders_krum,scaling,3,8,2,3,0.2,1.0,1001,0.6357218,0.0007414849
flanders_krum,scaling,4,8,2,3,0.2,1.0,1001,0.46483585,0.0005418738
flanders_krum,scaling,5,8,2,3,0.2,1.0,1001,0.54728705,0.0006386054
flanders_krum,scaling,6,8,2,3,0.2,1.0,1001,0.4003571,0.0004670241
flanders_krum,scaling,7,8,2,3,0.2,1.0,1001,0.24056661,0.0002804423
flanders_krum,scaling,8,8,2,3,0.2,1.0,1001,0.46703863,0.00054519455
flanders_krum,scaling,9,8,2,3,0.2,1.0,1001,0.587491,0.00068563316
flanders_krum,scaling,10,8,2,3,0.2,1.0,1001,0.2804325,0.00032696535
flanders_krum,scaling,11,8,2,3,0.2,1.0,1001,0.42490202,0.00049582025
flanders_krum,scaling,12,8,2,3,0.2,1.0,1001,0.39435115,0.00046009448
flanders_krum,scaling,13,8,2,3,0.2,1.0,1001,0.37002152,0.00043197436
flanders_krum,scaling,14,8,2,3,0.2,1.0,1001,0.18068449,0.0002108495
flanders_krum,scaling,15,8,2,3,0.2,1.0,1001,0.14282694,0.0001665165
flanders_krum,scaling,16,8,2,3,0.2,1.0,1001,0.40057808,0.00046688507
flanders_krum,scaling,17,8,2,3,0.2,1.0,1001,0.1582512,0.00018460861
flanders_krum,scaling,18,8,2,3,0.2,1.0,1001,0.28859493,0.00033662585
flanders_krum,scaling,19,8,2,3,0.2,1.0,1001,0.36760324,0.0004288304
flanders_krum,scaling,0,8,2,3,0.2,1.0,2001,0.29126975,0.0003398262
flanders_krum,scaling,1,8,2,3,0.2,1.0,2001,0.3292758,0.0003835216
flanders_krum,scaling,2,8,2,3,0.2,1.0,2001,0.092240445,0.00010750066
flanders_krum,scaling,3,8,2,3,0.2,1.0,2001,0.62094253,0.0007239545
flanders_krum,scaling,4,8,2,3,0.2,1.0,2001,0.38036036,0.0004439391
flanders_krum,scaling,5,8,2,3,0.2,1.0,2001,0.5259002,0.00061307853
flanders_krum,scaling,6,8,2,3,0.2,1.0,2001,0.564421,0.0006582357
flanders_krum,scaling,7,8,2,3,0.2,1.0,2001,0.2423743,0.00028266545
flanders_krum,scaling,8,8,2,3,0.2,1.0,2001,0.06556032,7.649544e-05
flanders_krum,scaling,9,8,2,3,0.2,1.0,2001,0.33082277,0.00038601752
flanders_krum,scaling,10,8,2,3,0.2,1.0,2001,0.2349113,0.00027390034
flanders_krum,scaling,11,8,2,3,0.2,1.0,2001,0.3527793,0.0004114645
flanders_krum,scaling,12,8,2,3,0.2,1.0,2001,0.10289896,0.00012014665
flanders_krum,scaling,13,8,2,3,0.2,1.0,2001,0.27210334,0.000317696
flanders_krum,scaling,14,8,2,3,0.2,1.0,2001,0.27078992,0.000315669
flanders_krum,scaling,15,8,2,3,0.2,1.0,2001,0.21052183,0.00024556255
flanders_krum,scaling,16,8,2,3,0.2,1.0,2001,0.266199,0.00031030446
flanders_krum,scaling,17,8,2,3,0.2,1.0,2001,0.3493436,0.0004077489
flanders_krum,scaling,18,8,2,3,0.2,1.0,2001,0.17029822,0.00019868338
flanders_krum,scaling,19,8,2,3,0.2,1.0,2001,0.46341237,0.0005409389
flanders_krum,scaling,0,8,2,3,0.2,1.0,3001,0.31443003,0.0003667518
flanders_krum,scaling,1,8,2,3,0.2,1.0,3001,0.39238477,0.0004575837
flanders_krum,scaling,2,8,2,3,0.2,1.0,3001,0.28589442,0.00033380828
flanders_krum,scaling,3,8,2,3,0.2,1.0,3001,0.36242267,0.00042247475
flanders_krum,scaling,4,8,2,3,0.2,1.0,3001,0.1783196,0.00020794205
flanders_krum,scaling,5,8,2,3,0.2,1.0,3001,0.20347826,0.00023729843
flanders_krum,scaling,6,8,2,3,0.2,1.0,3001,0.26395652,0.00030779454
flanders_krum,scaling,7,8,2,3,0.2,1.0,3001,0.32204407,0.00037547786
flanders_krum,scaling,8,8,2,3,0.2,1.0,3001,0.3434311,0.00040047575
flanders_krum,scaling,9,8,2,3,0.2,1.0,3001,0.27765837,0.0003239813
flanders_krum,scaling,10,8,2,3,0.2,1.0,3001,0.24041775,0.000280589
flanders_krum,scaling,11,8,2,3,0.2,1.0,3001,0.52178663,0.0006079887
flanders_krum,scaling,12,8,2,3,0.2,1.0,3001,0.1466147,0.00017111308
flanders_krum,scaling,13,8,2,3,0.2,1.0,3001,0.31495556,0.00036718993
flanders_krum,scaling,14,8,2,3,0.2,1.0,3001,0.40613136,0.00047358053
flanders_krum,scaling,15,8,2,3,0.2,1.0,3001,0.355309,0.00041429943
flanders_krum,scaling,16,8,2,3,0.2,1.0,3001,0.58930445,0.0006876146
flanders_krum,scaling,17,8,2,3,0.2,1.0,3001,0.3595727,0.00041986816
flanders_krum,scaling,18,8,2,3,0.2,1.0,3001,0.48406023,0.0005647425
flanders_krum,scaling,19,8,2,3,0.2,1.0,3001,0.32685292,0.00038144345
flanders_krum,scaling,0,8,2,3,0.2,1.0,4001,0.44883117,0.00052339456
flanders_krum,scaling,1,8,2,3,0.2,1.0,4001,0.0701128,8.176696e-05
flanders_krum,scaling,2,8,2,3,0.2,1.0,4001,0.20258364,0.00023626078
flanders_krum,scaling,3,8,2,3,0.2,1.0,4001,0.30310154,0.0003535258
flanders_krum,scaling,4,8,2,3,0.2,1.0,4001,0.3896049,0.00045439508
flanders_krum,scaling,5,8,2,3,0.2,1.0,4001,0.40144774,0.00046848002
flanders_krum,scaling,6,8,2,3,0.2,1.0,4001,0.2685083,0.00031313882
flanders_krum,scaling,7,8,2,3,0.2,1.0,4001,0.16424228,0.00019162768
flanders_krum,scaling,8,8,2,3,0.2,1.0,4001,0.43672892,0.00050960225
flanders_krum,scaling,9,8,2,3,0.2,1.0,4001,0.20409724,0.00023813048
flanders_krum,scaling,10,8,2,3,0.2,1.0,4001,0.2690337,0.00031379578
flanders_krum,scaling,11,8,2,3,0.2,1.0,4001,0.20453368,0.0002385966
flanders_krum,scaling,12,8,2,3,0.2,1.0,4001,0.2674031,0.00031190622
flanders_krum,scaling,13,8,2,3,0.2,1.0,4001,0.21608566,0.00025216903
flanders_krum,scaling,14,8,2,3,0.2,1.0,4001,0.33330074,0.0003886732
flanders_krum,scaling,15,8,2,3,0.2,1.0,4001,0.29377067,0.000342581
flanders_krum,scaling,16,8,2,3,0.2,1.0,4001,0.3462692,0.00040384012
flanders_krum,scaling,17,8,2,3,0.2,1.0,4001,0.2242201,0.00026141346
flanders_krum,scaling,18,8,2,3,0.2,1.0,4001,0.48746258,0.00056883186
flanders_krum,scaling,19,8,2,3,0.2,1.0,4001,0.09155932,0.000106780644
dsscoll_fedavg,scaling,0,8,2,3,0.2,1.0,1,171.47302,0.20004469
dsscoll_fedavg,scaling,1,8,2,3,0.2,1.0,1,0.34420475,0.0004013699
dsscoll_fedavg,scaling,2,8,2,3,0.2,1.0,1,0.107702576,0.00012565141
dsscoll_fedavg,scaling,3,8,2,3,0.2,1.0,1,0.18712619,0.00021839293
dsscoll_fedavg,scaling,4,8,2,3,0.2,1.0,1,34.98525,0.04081159
dsscoll_fedavg,scaling,5,8,2,3,0.2,1.0,1,28.732534,0.033532403
dsscoll_fedavg,scaling,6,8,2,3,0.2,1.0,1,41.674507,0.048588596
dsscoll_fedavg,scaling,7,8,2,3,0.2,1.0,1,25.214647,0.029394206
dsscoll_fedavg,scaling,8,8,2,3,0.2,1.0,1,20.714682,0.024178497
dsscoll_fedavg,scaling,9,8,2,3,0.2,1.0,1,0.31229445,0.00036414983
dsscoll_fedavg,scaling,10,8,2,3,0.2,1.0,1,0.34461385,0.00040246648
dsscoll_fedavg,scaling,11,8,2,3,0.2,1.0,1,0.34981045,0.0004080051
dsscoll_fedavg,scaling,12,8,2,3,0.2,1.0,1,0.1563124,0.00018225066
dsscoll_fedavg,scaling,13,8,2,3,0.2,1.0,1,0.080980524,9.45045e-05
dsscoll_fedavg,scaling,14,8,2,3,0.2,1.0,1,0.26467067,0.00030893448
dsscoll_fedavg,scaling,15,8,2,3,0.2,1.0,1,0.15034422,0.00017529947
dsscoll_fedavg,scaling,16,8,2,3,0.2,1.0,1,0.19858192,0.00023160232
dsscoll_fedavg,scaling,17,8,2,3,0.2,1.0,1,0.18293515,0.00021338319
dsscoll_fedavg,scaling,18,8,2,3,0.2,1.0,1,0.24757093,0.0002888658
dsscoll_fedavg,scaling,19,8,2,3,0.2,1.0,1,0.2798332,0.00032625612
dsscoll_fedavg,scaling,0,8,2,3,0.2,1.0,1001,171.47304,0.1999437
dsscoll_fedavg,scaling,1,8,2,3,0.2,1.0,1001,0.39326388,0.00045888708
dsscoll_fedavg,scaling,2,8,2,3,0.2,1.0,1001,0.20270412,0.00023639355
dsscoll_fedavg,scaling,3,8,2,3,0.2,1.0,1001,0.36890396,0.0004302774
dsscoll_fedavg,scaling,4,8,2,3,0.2,1.0,1001,28.428476,0.03313997
dsscoll_fedavg,scaling,5,8,2,3,0.2,1.0,1001,0.4227226,0.0004932566
dsscoll_fedavg,scaling,6,8,2,3,0.2,1.0,1001,0.21366827,0.00024924806
dsscoll_fedavg,scaling,7,8,2,3,0.2,1.0,1001,0.39039028,0.00045510035
dsscoll_fedavg,scaling,8,8,2,3,0.2,1.0,1001,0.439547,0.0005131024
dsscoll_fedavg,scaling,9,8,2,3,0.2,1.0,1001,0.23712492,0.00027673735
dsscoll_fedavg,scaling,10,8,2,3,0.2,1.0,1001,29.970297,0.034943342
dsscoll_fedavg,scaling,11,8,2,3,0.2,1.0,1001,0.14878641,0.0001736196
dsscoll_fedavg,scaling,12,8,2,3,0.2,1.0,1001,0.17909397,0.0002089512
dsscoll_fedavg,scaling,13,8,2,3,0.2,1.0,1001,0.4781786,0.0005582402
dsscoll_fedavg,scaling,14,8,2,3,0.2,1.0,1001,46.50932,0.05427398
dsscoll_fedavg,scaling,15,8,2,3,0.2,1.0,1001,59.11191,0.068916336
dsscoll_fedavg,scaling,16,8,2,3,0.2,1.0,1001,0.24491817,0.00028545904
dsscoll_fedavg,scaling,17,8,2,3,0.2,1.0,1001,0.1696022,0.00019785017
dsscoll_fedavg,scaling,18,8,2,3,0.2,1.0,1001,0.3085589,0.00035991243
dsscoll_fedavg,scaling,19,8,2,3,0.2,1.0,1001,0.25467902,0.00029709778
dsscoll_fedavg,scaling,0,8,2,3,0.2,1.0,2001,171.47304,0.20005864
dsscoll_fedavg,scaling,1,8,2,3,0.2,1.0,2001,0.34145078,0.00039770233
dsscoll_fedavg,scaling,2,8,2,3,0.2,1.0,2001,0.2526715,0.00029447334
dsscoll_fedavg,scaling,3,8,2,3,0.2,1.0,2001,0.5167055,0.000602425
dsscoll_fedavg,scaling,4,8,2,3,0.2,1.0,2001,35.96798,0.041980166
dsscoll_fedavg,scaling,5,8,2,3,0.2,1.0,2001,0.27434474,0.0003198228
dsscoll_fedavg,scaling,6,8,2,3,0.2,1.0,2001,0.15478347,0.00018051066
dsscoll_fedavg,scaling,7,8,2,3,0.2,1.0,2001,0.048801444,5.6913967e-05
dsscoll_fedavg,scaling,8,8,2,3,0.2,1.0,2001,0.21754882,0.00025383482
dsscoll_fedavg,scaling,9,8,2,3,0.2,1.0,2001,0.27379236,0.0003194721
dsscoll_fedavg,scaling,10,8,2,3,0.2,1.0,2001,0.2793334,0.00032569538
dsscoll_fedavg,scaling,11,8,2,3,0.2,1.0,2001,0.08815609,0.000102820944
dsscoll_fedavg,scaling,12,8,2,3,0.2,1.0,2001,0.2255904,0.00026340334
dsscoll_fedavg,scaling,13,8,2,3,0.2,1.0,2001,0.43207377,0.0005044705
dsscoll_fedavg,scaling,14,8,2,3,0.2,1.0,2001,0.30617085,0.00035691375
dsscoll_fedavg,scaling,15,8,2,3,0.2,1.0,2001,0.1678759,0.00019581833
dsscoll_fedavg,scaling,16,8,2,3,0.2,1.0,2001,0.12924501,0.0001506591
dsscoll_fedavg,scaling,17,8,2,3,0.2,1.0,2001,0.43753493,0.0005106846
dsscoll_fedavg,scaling,18,8,2,3,0.2,1.0,2001,0.10114075,0.00011799881
dsscoll_fedavg,scaling,19,8,2,3,0.2,1.0,2001,0.1927648,0.00022501338
dsscoll_fedavg,scaling,0,8,2,3,0.2,1.0,3001,171.47304,0.20000648
dsscoll_fedavg,scaling,1,8,2,3,0.2,1.0,3001,0.41797248,0.00048742307
dsscoll_fedavg,scaling,2,8,2,3,0.2,1.0,3001,44.224518,0.05163623
dsscoll_fedavg,scaling,3,8,2,3,0.2,1.0,3001,0.18173462,0.00021184738
dsscoll_fedavg,scaling,4,8,2,3,0.2,1.0,3001,0.10858207,0.00012661972
dsscoll_fedavg,scaling,5,8,2,3,0.2,1.0,3001,0.14343932,0.0001672804
dsscoll_fedavg,scaling,6,8,2,3,0.2,1.0,3001,29.901793,0.034867898
dsscoll_fedavg,scaling,7,8,2,3,0.2,1.0,3001,0.21877816,0.000255078
dsscoll_fedavg,scaling,8,8,2,3,0.2,1.0,3001,0.25905675,0.00030208664
dsscoll_fedavg,scaling,9,8,2,3,0.2,1.0,3001,0.38580054,0.0004501653
dsscoll_fedavg,scaling,10,8,2,3,0.2,1.0,3001,0.15366094,0.00017933606
dsscoll_fedavg,scaling,11,8,2,3,0.2,1.0,3001,0.3776989,0.00044009683
dsscoll_fedavg,scaling,12,8,2,3,0.2,1.0,3001,0.23542158,0.00027475902
dsscoll_fedavg,scaling,13,8,2,3,0.2,1.0,3001,0.09120743,0.00010633389
dsscoll_fedavg,scaling,14,8,2,3,0.2,1.0,3001,0.37776035,0.00044049777
dsscoll_fedavg,scaling,15,8,2,3,0.2,1.0,3001,0.07938028,9.255944e-05
dsscoll_fedavg,scaling,16,8,2,3,0.2,1.0,3001,0.15256047,0.00017801124
dsscoll_fedavg,scaling,17,8,2,3,0.2,1.0,3001,0.12467207,0.00014557787
dsscoll_fedavg,scaling,18,8,2,3,0.2,1.0,3001,0.25200582,0.00029400966
dsscoll_fedavg,scaling,19,8,2,3,0.2,1.0,3001,0.275357,0.00032134677
dsscoll_fedavg,scaling,0,8,2,3,0.2,1.0,4001,171.47302,0.19995949
dsscoll_fedavg,scaling,1,8,2,3,0.2,1.0,4001,0.18376374,0.00021430895
dsscoll_fedavg,scaling,2,8,2,3,0.2,1.0,4001,0.24747284,0.00028861227
dsscoll_fedavg,scaling,3,8,2,3,0.2,1.0,4001,0.38932708,0.00045409592
dsscoll_fedavg,scaling,4,8,2,3,0.2,1.0,4001,0.327738,0.00038223987
dsscoll_fedavg,scaling,5,8,2,3,0.2,1.0,4001,0.29860163,0.00034846104
dsscoll_fedavg,scaling,6,8,2,3,0.2,1.0,4001,0.09291995,0.000108364795
dsscoll_fedavg,scaling,7,8,2,3,0.2,1.0,4001,0.23812975,0.00027783497
dsscoll_fedavg,scaling,8,8,2,3,0.2,1.0,4001,61.261745,0.071483985
dsscoll_fedavg,scaling,9,8,2,3,0.2,1.0,4001,0.061107192,7.1296825e-05
dsscoll_fedavg,scaling,10,8,2,3,0.2,1.0,4001,0.21788085,0.00025413206
dsscoll_fedavg,scaling,11,8,2,3,0.2,1.0,4001,0.16694474,0.00019474763
dsscoll_fedavg,scaling,12,8,2,3,0.2,1.0,4001,0.33324268,0.0003887033
dsscoll_fedavg,scaling,13,8,2,3,0.2,1.0,4001,0.23377469,0.00027281189
dsscoll_fedavg,scaling,14,8,2,3,0.2,1.0,4001,0.2732825,0.00031868392
dsscoll_fedavg,scaling,15,8,2,3,0.2,1.0,4001,0.27233732,0.0003175865
dsscoll_fedavg,scaling,16,8,2,3,0.2,1.0,4001,0.18801807,0.00021927807
dsscoll_fedavg,scaling,17,8,2,3,0.2,1.0,4001,37.196144,0.043366197
dsscoll_fedavg,scaling,18,8,2,3,0.2,1.0,4001,0.183226,0.00021381087
dsscoll_fedavg,scaling,19,8,2,3,0.2,1.0,4001,0.33440128,0.00038999398
dssstab_fedavg,scaling,0,8,2,3,0.2,1.0,1,171.47302,0.20004469
dssstab_fedavg,scaling,1,8,2,3,0.2,1.0,1,171.47302,0.19995108
dssstab_fedavg,scaling,2,8,2,3,0.2,1.0,1,171.47302,0.20004931
dssstab_fedavg,scaling,3,8,2,3,0.2,1.0,1,171.47302,0.2001243
dssstab_fedavg,scaling,4,8,2,3,0.2,1.0,1,171.47302,0.20002964
dssstab_fedavg,scaling,5,8,2,3,0.2,1.0,1,171.47302,0.20011817
dssstab_fedavg,scaling,6,8,2,3,0.2,1.0,1,171.47304,0.1999216
dssstab_fedavg,scaling,7,8,2,3,0.2,1.0,1,171.47304,0.19989626
dssstab_fedavg,scaling,8,8,2,3,0.2,1.0,1,171.47302,0.20014597
dssstab_fedavg,scaling,9,8,2,3,0.2,1.0,1,171.47302,0.19994551
dssstab_fedavg,scaling,10,8,2,3,0.2,1.0,1,171.47304,0.20025937
dssstab_fedavg,scaling,11,8,2,3,0.2,1.0,1,171.47304,0.19999938
dssstab_fedavg,scaling,12,8,2,3,0.2,1.0,1,171.47304,0.19992703
dssstab_fedavg,scaling,13,8,2,3,0.2,1.0,1,171.47304,0.20010953
dssstab_fedavg,scaling,14,8,2,3,0.2,1.0,1,171.47304,0.20015039
dssstab_fedavg,scaling,15,8,2,3,0.2,1.0,1,171.47304,0.19993539
dssstab_fedavg,scaling,16,8,2,3,0.2,1.0,1,171.47302,0.19998573
dssstab_fedavg,scaling,17,8,2,3,0.2,1.0,1,171.47304,0.20001331
dssstab_fedavg,scaling,18,8,2,3,0.2,1.0,1,171.47304,0.20007476
dssstab_fedavg,scaling,19,8,2,3,0.2,1.0,1,171.47302,0.19991955
dssstab_fedavg,scaling,0,8,2,3,0.2,1.0,1001,171.47304,0.1999437
dssstab_fedavg,scaling,1,8,2,3,0.2,1.0,1001,171.47302,0.2000864
dssstab_fedavg,scaling,2,8,2,3,0.2,1.0,1001,171.47302,0.19997184
dssstab_fedavg,scaling,3,8,2,3,0.2,1.0,1001,171.47302,0.20000046
dssstab_fedavg,scaling,4,8,2,3,0.2,1.0,1001,171.47302,0.19989151
dssstab_fedavg,scaling,5,8,2,3,0.2,1.0,1001,171.47302,0.20008439
dssstab_fedavg,scaling,6,8,2,3,0.2,1.0,1001,171.47302,0.20002651
dssstab_fedavg,scaling,7,8,2,3,0.2,1.0,1001,171.47302,0.19989595
dssstab_fedavg,scaling,8,8,2,3,0.2,1.0,1001,171.47304,0.20016795
dssstab_fedavg,scaling,9,8,2,3,0.2,1.0,1001,171.47302,0.20011811
dssstab_fedavg,scaling,10,8,2,3,0.2,1.0,1001,171.47304,0.19992597
dssstab_fedavg,scaling,11,8,2,3,0.2,1.0,1001,171.47302,0.20009272
dssstab_fedavg,scaling,12,8,2,3,0.2,1.0,1001,171.47304,0.20005976
dssstab_fedavg,scaling,13,8,2,3,0.2,1.0,1001,171.47302,0.20018281
dssstab_fedavg,scaling,14,8,2,3,0.2,1.0,1001,171.47302,0.20010018
dssstab_fedavg,scaling,15,8,2,3,0.2,1.0,1001,171.47304,0.1999139
dssstab_fedavg,scaling,16,8,2,3,0.2,1.0,1001,171.47302,0.19985665
dssstab_fedavg,scaling,17,8,2,3,0.2,1.0,1001,171.47304,0.2000326
dssstab_fedavg,scaling,18,8,2,3,0.2,1.0,1001,171.47302,0.20001131
dssstab_fedavg,scaling,19,8,2,3,0.2,1.0,1001,171.47304,0.2000332
dssstab_fedavg,scaling,0,8,2,3,0.2,1.0,2001,171.47304,0.20005864
dssstab_fedavg,scaling,1,8,2,3,0.2,1.0,2001,171.47302,0.19972196
dssstab_fedavg,scaling,2,8,2,3,0.2,1.0,2001,171.47302,0.19984142
dssstab_fedavg,scaling,3,8,2,3,0.2,1.0,2001,171.47302,0.19991975
dssstab_fedavg,scaling,4,8,2,3,0.2,1.0,2001,171.47302,0.20013541
dssstab_fedavg,scaling,5,8,2,3,0.2,1.0,2001,171.47302,0.19989806
dssstab_fedavg,scaling,6,8,2,3,0.2,1.0,2001,171.47302,0.19997425
dssstab_fedavg,scaling,7,8,2,3,0.2,1.0,2001,171.47304,0.1999779
dssstab_fedavg,scaling,8,8,2,3,0.2,1.0,2001,171.47302,0.20007382
dssstab_fedavg,scaling,9,8,2,3,0.2,1.0,2001,171.47302,0.20008174
dssstab_fedavg,scaling,10,8,2,3,0.2,1.0,2001,171.47302,0.199933
dssstab_fedavg,scaling,11,8,2,3,0.2,1.0,2001,171.47302,0.19999774
dssstab_fedavg,scaling,12,8,2,3,0.2,1.0,2001,171.47302,0.20021494
dssstab_fedavg,scaling,13,8,2,3,0.2,1.0,2001,171.47302,0.20020442
dssstab_fedavg,scaling,14,8,2,3,0.2,1.0,2001,171.47302,0.19989192
dssstab_fedavg,scaling,15,8,2,3,0.2,1.0,2001,171.47304,0.2000142
dssstab_fedavg,scaling,16,8,2,3,0.2,1.0,2001,171.47302,0.19988371
dssstab_fedavg,scaling,17,8,2,3,0.2,1.0,2001,171.47302,0.2001409
dssstab_fedavg,scaling,18,8,2,3,0.2,1.0,2001,171.47302,0.200054
dssstab_fedavg,scaling,19,8,2,3,0.2,1.0,2001,171.47304,0.20015961
dssstab_fedavg,scaling,0,8,2,3,0.2,1.0,3001,171.47304,0.20000648
dssstab_fedavg,scaling,1,8,2,3,0.2,1.0,3001,171.47302,0.19996509
dssstab_fedavg,scaling,2,8,2,3,0.2,1.0,3001,171.47302,0.20021068
dssstab_fedavg,scaling,3,8,2,3,0.2,1.0,3001,171.47304,0.19988549
dssstab_fedavg,scaling,4,8,2,3,0.2,1.0,3001,171.47302,0.19995812
dssstab_fedavg,scaling,5,8,2,3,0.2,1.0,3001,171.47302,0.1999736
dssstab_fedavg,scaling,6,8,2,3,0.2,1.0,3001,171.47302,0.19995135
dssstab_fedavg,scaling,7,8,2,3,0.2,1.0,3001,171.47304,0.19992398
dssstab_fedavg,scaling,8,8,2,3,0.2,1.0,3001,171.47302,0.19995508
dssstab_fedavg,scaling,9,8,2,3,0.2,1.0,3001,171.47302,0.2000806
dssstab_fedavg,scaling,10,8,2,3,0.2,1.0,3001,171.47304,0.20012438
dssstab_fedavg,scaling,11,8,2,3,0.2,1.0,3001,171.47302,0.19980131
dssstab_fedavg,scaling,12,8,2,3,0.2,1.0,3001,171.47304,0.20012507
dssstab_fedavg,scaling,13,8,2,3,0.2,1.0,3001,171.47304,0.1999113
dssstab_fedavg,scaling,14,8,2,3,0.2,1.0,3001,171.47302,0.19995078
dssstab_fedavg,scaling,15,8,2,3,0.2,1.0,3001,171.47304,0.19994196
dssstab_fedavg,scaling,16,8,2,3,0.2,1.0,3001,171.47302,0.20007885
dssstab_fedavg,scaling,17,8,2,3,0.2,1.0,3001,171.47302,0.20022671
dssstab_fedavg,scaling,18,8,2,3,0.2,1.0,3001,171.47304,0.20005384
dssstab_fedavg,scaling,19,8,2,3,0.2,1.0,3001,171.47302,0.20011221
dssstab_fedavg,scaling,0,8,2,3,0.2,1.0,4001,171.47302,0.19995949
dssstab_fedavg,scaling,1,8,2,3,0.2,1.0,4001,171.47302,0.19997527
dssstab_fedavg,scaling,2,8,2,3,0.2,1.0,4001,171.47302,0.1999784
dssstab_fedavg,scaling,3,8,2,3,0.2,1.0,4001,171.47304,0.19999947
dssstab_fedavg,scaling,4,8,2,3,0.2,1.0,4001,171.47302,0.1999885
dssstab_fedavg,scaling,5,8,2,3,0.2,1.0,4001,171.47304,0.20010498
dssstab_fedavg,scaling,6,8,2,3,0.2,1.0,4001,171.47304,0.1999747
dssstab_fedavg,scaling,7,8,2,3,0.2,1.0,4001,171.47302,0.20006406
dssstab_fedavg,scaling,8,8,2,3,0.2,1.0,4001,171.47302,0.20008531
dssstab_fedavg,scaling,9,8,2,3,0.2,1.0,4001,171.47304,0.2000662
dssstab_fedavg,scaling,10,8,2,3,0.2,1.0,4001,171.47304,0.20000288
dssstab_fedavg,scaling,11,8,2,3,0.2,1.0,4001,171.47304,0.20003006
dssstab_fedavg,scaling,12,8,2,3,0.2,1.0,4001,171.47302,0.20001078
dssstab_fedavg,scaling,13,8,2,3,0.2,1.0,4001,171.47304,0.2001067
dssstab_fedavg,scaling,14,8,2,3,0.2,1.0,4001,171.47302,0.19996046
dssstab_fedavg,scaling,15,8,2,3,0.2,1.0,4001,171.47302,0.19996347
dssstab_fedavg,scaling,16,8,2,3,0.2,1.0,4001,171.47302,0.19998223
dssstab_fedavg,scaling,17,8,2,3,0.2,1.0,4001,171.47304,0.1999168
dssstab_fedavg,scaling,18,8,2,3,0.2,1.0,4001,171.47304,0.20009604
dssstab_fedavg,scaling,19,8,2,3,0.2,1.0,4001,171.47302,0.19997965
foolsgold,scaling,0,8,2,3,0.2,1.0,1,1.5534024,0.0018122379
foolsgold,scaling,1,8,2,3,0.2,1.0,1,1.5178956,0.001769986
foolsgold,scaling,2,8,2,3,0.2,1.0,1,1.0780016,0.0012576525
foolsgold,scaling,3,8,2,3,0.2,1.0,1,0.67308366,0.0007855486
foolsgold,scaling,4,8,2,3,0.2,1.0,1,1.2650228,0.001475696
foolsgold,scaling,5,8,2,3,0.2,1.0,1,1.3487223,0.001574031
foolsgold,scaling,6,8,2,3,0.2,1.0,1,1.480428,0.0017260412
foolsgold,scaling,7,8,2,3,0.2,1.0,1,1.2040919,0.0014036811
foolsgold,scaling,8,8,2,3,0.2,1.0,1,1.5959134,0.001862775
foolsgold,scaling,9,8,2,3,0.2,1.0,1,0.69215584,0.0008070859
foolsgold,scaling,10,8,2,3,0.2,1.0,1,1.4812311,0.0017298954
foolsgold,scaling,11,8,2,3,0.2,1.0,1,1.3333961,0.0015552205
foolsgold,scaling,12,8,2,3,0.2,1.0,1,1.3311744,0.0015520676
foolsgold,scaling,13,8,2,3,0.2,1.0,1,0.64953166,0.0007580053
foolsgold,scaling,14,8,2,3,0.2,1.0,1,0.95658463,0.001116565
foolsgold,scaling,15,8,2,3,0.2,1.0,1,1.2712831,0.0014823001
foolsgold,scaling,16,8,2,3,0.2,1.0,1,1.2077156,0.0014085358
foolsgold,scaling,17,8,2,3,0.2,1.0,1,1.2315371,0.0014365163
foolsgold,scaling,18,8,2,3,0.2,1.0,1,1.3753525,0.0016047615
foolsgold,scaling,19,8,2,3,0.2,1.0,1,1.5529135,0.0018105342
foolsgold,scaling,0,8,2,3,0.2,1.0,1001,1.5780144,0.0018400213
foolsgold,scaling,1,8,2,3,0.2,1.0,1001,1.5690718,0.0018308999
foolsgold,scaling,2,8,2,3,0.2,1.0,1001,1.5328995,0.0017876674
foolsgold,scaling,3,8,2,3,0.2,1.0,1001,1.3205888,0.0015402912
foolsgold,scaling,4,8,2,3,0.2,1.0,1001,1.5021855,0.001751145
foolsgold,scaling,5,8,2,3,0.2,1.0,1001,1.5089021,0.0017606721
foolsgold,scaling,6,8,2,3,0.2,1.0,1001,1.4583659,0.0017012113
foolsgold,scaling,7,8,2,3,0.2,1.0,1001,1.4118388,0.0016458615
foolsgold,scaling,8,8,2,3,0.2,1.0,1001,1.2193016,0.0014233439
foolsgold,scaling,9,8,2,3,0.2,1.0,1001,1.2968605,0.001513505
foolsgold,scaling,10,8,2,3,0.2,1.0,1001,1.4736524,0.0017181791
foolsgold,scaling,11,8,2,3,0.2,1.0,1001,1.5328261,0.0017886623
foolsgold,scaling,12,8,2,3,0.2,1.0,1001,1.1883292,0.0013864387
foolsgold,scaling,13,8,2,3,0.2,1.0,1001,1.4339861,0.0016740789
foolsgold,scaling,14,8,2,3,0.2,1.0,1001,1.1582862,0.0013516604
foolsgold,scaling,15,8,2,3,0.2,1.0,1001,1.407861,0.0016413716
foolsgold,scaling,16,8,2,3,0.2,1.0,1001,1.4211382,0.0016563768
foolsgold,scaling,17,8,2,3,0.2,1.0,1001,1.3096052,0.0015277256
foolsgold,scaling,18,8,2,3,0.2,1.0,1001,1.6194062,0.0018889244
foolsgold,scaling,19,8,2,3,0.2,1.0,1001,1.3102963,0.0015285363
foolsgold,scaling,0,8,2,3,0.2,1.0,2001,1.3495185,0.0015744915
foolsgold,scaling,1,8,2,3,0.2,1.0,2001,1.1957084,0.0013926927
foolsgold,scaling,2,8,2,3,0.2,1.0,2001,1.5605899,0.0018187731
foolsgold,scaling,3,8,2,3,0.2,1.0,2001,1.5237736,0.0017765618
foolsgold,scaling,4,8,2,3,0.2,1.0,2001,1.546558,0.0018050713
foolsgold,scaling,5,8,2,3,0.2,1.0,2001,1.3540806,0.0015785461
foolsgold,scaling,6,8,2,3,0.2,1.0,2001,1.2183708,0.0014208811
foolsgold,scaling,7,8,2,3,0.2,1.0,2001,1.4444321,0.0016845478
foolsgold,scaling,8,8,2,3,0.2,1.0,2001,1.403713,0.001637845
foolsgold,scaling,9,8,2,3,0.2,1.0,2001,1.470041,0.001715304
foolsgold,scaling,10,8,2,3,0.2,1.0,2001,1.3611249,0.0015870356
foolsgold,scaling,11,8,2,3,0.2,1.0,2001,1.1566428,0.0013490515
foolsgold,scaling,12,8,2,3,0.2,1.0,2001,1.4650424,0.0017106094
foolsgold,scaling,13,8,2,3,0.2,1.0,2001,0.9693022,0.0011317149
foolsgold,scaling,14,8,2,3,0.2,1.0,2001,1.084724,0.0012644995
foolsgold,scaling,15,8,2,3,0.2,1.0,2001,1.521054,0.0017742288
foolsgold,scaling,16,8,2,3,0.2,1.0,2001,1.474972,0.0017193543
foolsgold,scaling,17,8,2,3,0.2,1.0,2001,1.3052734,0.0015234967
foolsgold,scaling,18,8,2,3,0.2,1.0,2001,1.4072552,0.0016418153
foolsgold,scaling,19,8,2,3,0.2,1.0,2001,1.5150535,0.0017685143
foolsgold,scaling,0,8,2,3,0.2,1.0,3001,1.3626881,0.001589442
foolsgold,scaling,1,8,2,3,0.2,1.0,3001,1.1741881,0.001369292
foolsgold,scaling,2,8,2,3,0.2,1.0,3001,1.4701931,0.001716587
foolsgold,scaling,3,8,2,3,0.2,1.0,3001,1.5780519,0.0018395293
foolsgold,scaling,4,8,2,3,0.2,1.0,3001,0.9158195,0.0010679555
foolsgold,scaling,5,8,2,3,0.2,1.0,3001,1.4632164,0.001706418
foolsgold,scaling,6,8,2,3,0.2,1.0,3001,1.2758254,0.001487715
foolsgold,scaling,7,8,2,3,0.2,1.0,3001,1.5587984,0.0018174355
foolsgold,scaling,8,8,2,3,0.2,1.0,3001,1.5498881,0.0018073281
foolsgold,scaling,9,8,2,3,0.2,1.0,3001,1.5795205,0.0018430387
foolsgold,scaling,10,8,2,3,0.2,1.0,3001,1.5722096,0.0018349093
foolsgold,scaling,11,8,2,3,0.2,1.0,3001,1.4781622,0.0017223627
foolsgold,scaling,12,8,2,3,0.2,1.0,3001,1.1539648,0.0013467849
foolsgold,scaling,13,8,2,3,0.2,1.0,3001,1.3671387,0.0015938744
foolsgold,scaling,14,8,2,3,0.2,1.0,3001,1.5493119,0.0018066174
foolsgold,scaling,15,8,2,3,0.2,1.0,3001,1.3133917,0.0015314483
foolsgold,scaling,16,8,2,3,0.2,1.0,3001,0.80966777,0.00094473985
foolsgold,scaling,17,8,2,3,0.2,1.0,3001,1.3757714,0.0016064695
foolsgold,scaling,18,8,2,3,0.2,1.0,3001,1.3612272,0.001588114
foolsgold,scaling,19,8,2,3,0.2,1.0,3001,1.2224498,0.0014266217
foolsgold,scaling,0,8,2,3,0.2,1.0,4001,1.4022306,0.0016351803
foolsgold,scaling,1,8,2,3,0.2,1.0,4001,1.4582074,0.0017005906
foolsgold,scaling,2,8,2,3,0.2,1.0,4001,1.5687612,0.0018295493
foolsgold,scaling,3,8,2,3,0.2,1.0,4001,1.1943448,0.0013930371
foolsgold,scaling,4,8,2,3,0.2,1.0,4001,1.2085872,0.0014095717
foolsgold,scaling,5,8,2,3,0.2,1.0,4001,1.4078754,0.0016429573
foolsgold,scaling,6,8,2,3,0.2,1.0,4001,1.407745,0.0016417357
foolsgold,scaling,7,8,2,3,0.2,1.0,4001,1.5116446,0.0017636929
foolsgold,scaling,8,8,2,3,0.2,1.0,4001,1.5752745,0.0018381275
foolsgold,scaling,9,8,2,3,0.2,1.0,4001,1.2373471,0.0014436749
foolsgold,scaling,10,8,2,3,0.2,1.0,4001,1.1716423,0.0013665812
foolsgold,scaling,11,8,2,3,0.2,1.0,4001,1.3745346,0.0016034489
foolsgold,scaling,12,8,2,3,0.2,1.0,4001,1.4215442,0.0016581276
foolsgold,scaling,13,8,2,3,0.2,1.0,4001,0.97412425,0.0011367898
foolsgold,scaling,14,8,2,3,0.2,1.0,4001,1.297664,0.0015132497
foolsgold,scaling,15,8,2,3,0.2,1.0,4001,1.1847256,0.0013815692
foolsgold,scaling,16,8,2,3,0.2,1.0,4001,1.3984069,0.0016309068
foolsgold,scaling,17,8,2,3,0.2,1.0,4001,1.2194048,0.0014216783
foolsgold,scaling,18,8,2,3,0.2,1.0,4001,1.5885684,0.001853739
foolsgold,scaling,19,8,2,3,0.2,1.0,4001,1.356819,0.0015823841
fedavg,alie,0,8,2,3,0.2,1.0,1,0.091309845,1.0000001
fedavg,alie,1,8,2,3,0.2,1.0,1,0.16155167,1.0
fedavg,alie,2,8,2,3,0.2,1.0,1,0.1664095,1.0000001
fedavg,alie,3,8,2,3,0.2,1.0,1,0.23850667,1.0000004
fedavg,alie,4,8,2,3,0.2,1.0,1,0.08631599,0.9999992
fedavg,alie,5,8,2,3,0.2,1.0,1,0.20534192,0.9999997
fedavg,alie,6,8,2,3,0.2,1.0,1,0.09116043,0.99999887
fedavg,alie,7,8,2,3,0.2,1.0,1,0.12923336,0.9999995
fedavg,alie,8,8,2,3,0.2,1.0,1,0.17155512,1.0000005
fedavg,alie,9,8,2,3,0.2,1.0,1,0.1910784,0.9999996
fedavg,alie,10,8,2,3,0.2,1.0,1,0.30065647,0.9999998
fedavg,alie,11,8,2,3,0.2,1.0,1,0.014737338,0.99999475
fedavg,alie,12,8,2,3,0.2,1.0,1,0.10566231,0.99999994
fedavg,alie,13,8,2,3,0.2,1.0,1,0.16074833,1.0
fedavg,alie,14,8,2,3,0.2,1.0,1,0.28514573,0.9999997
fedavg,alie,15,8,2,3,0.2,1.0,1,0.13542578,0.9999989
fedavg,alie,16,8,2,3,0.2,1.0,1,0.19463712,0.99999946
fedavg,alie,17,8,2,3,0.2,1.0,1,0.12056408,0.9999997
fedavg,alie,18,8,2,3,0.2,1.0,1,0.10319579,1.0000014
fedavg,alie,19,8,2,3,0.2,1.0,1,0.21041752,1.0
fedavg,alie,0,8,2,3,0.2,1.0,1001,0.13331042,0.9999995
fedavg,alie,1,8,2,3,0.2,1.0,1001,0.11451211,1.0000012
fedavg,alie,2,8,2,3,0.2,1.0,1001,0.050463337,0.9999979
fedavg,alie,3,8,2,3,0.2,1.0,1001,0.34378058,1.0
fedavg,alie,4,8,2,3,0.2,1.0,1001,0.15308264,0.9999998
fedavg,alie,5,8,2,3,0.2,1.0,1001,0.37664184,0.99999994
fedavg,alie,6,8,2,3,0.2,1.0,1001,0.19811253,1.0
fedavg,alie,7,8,2,3,0.2,1.0,1001,0.18833603,1.0000004
fedavg,alie,8,8,2,3,0.2,1.0,1001,0.25478095,1.0
fedavg,alie,9,8,2,3,0.2,1.0,1001,0.20227978,1.0000007
fedavg,alie,10,8,2,3,0.2,1.0,1001,0.1693012,1.0000005
fedavg,alie,11,8,2,3,0.2,1.0,1001,0.16668226,1.0000004
fedavg,alie,12,8,2,3,0.2,1.0,1001,0.22706732,1.0000001
fedavg,alie,13,8,2,3,0.2,1.0,1001,0.23869078,1.0000006
fedavg,alie,14,8,2,3,0.2,1.0,1001,0.11934311,0.99999917
fedavg,alie,15,8,2,3,0.2,1.0,1001,0.13368866,0.9999999
fedavg,alie,16,8,2,3,0.2,1.0,1001,0.22704917,0.9999998
fedavg,alie,17,8,2,3,0.2,1.0,1001,0.09951453,1.0000013
fedavg,alie,18,8,2,3,0.2,1.0,1001,0.17173465,1.0000005
fedavg,alie,19,8,2,3,0.2,1.0,1001,0.1419904,1.0000008
fedavg,alie,0,8,2,3,0.2,1.0,2001,0.29097104,0.9999996
fedavg,alie,1,8,2,3,0.2,1.0,2001,0.34145072,0.9999998
fedavg,alie,2,8,2,3,0.2,1.0,2001,0.21334082,1.0
fedavg,alie,3,8,2,3,0.2,1.0,2001,0.17392917,0.9999998
fedavg,alie,4,8,2,3,0.2,1.0,2001,0.18159948,1.0
fedavg,alie,5,8,2,3,0.2,1.0,2001,0.21369869,1.0000002
fedavg,alie,6,8,2,3,0.2,1.0,2001,0.0951447,0.9999988
fedavg,alie,7,8,2,3,0.2,1.0,2001,0.034866605,0.99999905
fedavg,alie,8,8,2,3,0.2,1.0,2001,0.19313742,0.9999993
fedavg,alie,9,8,2,3,0.2,1.0,2001,0.14237572,1.0000011
fedavg,alie,10,8,2,3,0.2,1.0,2001,0.17137504,1.0
fedavg,alie,11,8,2,3,0.2,1.0,2001,0.17588326,1.0000007
fedavg,alie,12,8,2,3,0.2,1.0,2001,0.2351188,1.0000004
fedavg,alie,13,8,2,3,0.2,1.0,2001,0.2740265,0.9999999
fedavg,alie,14,8,2,3,0.2,1.0,2001,0.2548345,1.0000004
fedavg,alie,15,8,2,3,0.2,1.0,2001,0.14029968,1.0
fedavg,alie,16,8,2,3,0.2,1.0,2001,0.13125694,0.99999976
fedavg,alie,17,8,2,3,0.2,1.0,2001,0.15392406,1.0000004
fedavg,alie,18,8,2,3,0.2,1.0,2001,0.13531756,1.0000006
fedavg,alie,19,8,2,3,0.2,1.0,2001,0.24131586,1.0000001
fedavg,alie,0,8,2,3,0.2,1.0,3001,0.13815951,1.0000004
fedavg,alie,1,8,2,3,0.2,1.0,3001,0.22956412,1.0000002
fedavg,alie,2,8,2,3,0.2,1.0,3001,0.30266348,1.0000004
fedavg,alie,3,8,2,3,0.2,1.0,3001,0.1617541,1.0000002
fedavg,alie,4,8,2,3,0.2,1.0,3001,0.13719966,1.0000005
fedavg,alie,5,8,2,3,0.2,1.0,3001,0.08722355,1.0
fedavg,alie,6,8,2,3,0.2,1.0,3001,0.23414323,0.9999993
fedavg,alie,7,8,2,3,0.2,1.0,3001,0.16183282,1.0
fedavg,alie,8,8,2,3,0.2,1.0,3001,0.09808333,1.0000004
fedavg,alie,9,8,2,3,0.2,1.0,3001,0.17345342,0.9999993
fedavg,alie,10,8,2,3,0.2,1.0,3001,0.13487478,0.99999934
fedavg,alie,11,8,2,3,0.2,1.0,3001,0.4327293,0.99999994
fedavg,alie,12,8,2,3,0.2,1.0,3001,0.22118783,1.0000004
fedavg,alie,13,8,2,3,0.2,1.0,3001,0.10767205,1.0
fedavg,alie,14,8,2,3,0.2,1.0,3001,0.13815123,0.9999999
fedavg,alie,15,8,2,3,0.2,1.0,3001,0.06708016,1.0000002
fedavg,alie,16,8,2,3,0.2,1.0,3001,0.15590908,1.0
fedavg,alie,17,8,2,3,0.2,1.0,3001,0.24400765,1.0000005
fedavg,alie,18,8,2,3,0.2,1.0,3001,0.10876588,1.0
fedavg,alie,19,8,2,3,0.2,1.0,3001,0.21983075,0.99999994
fedavg,alie,0,8,2,3,0.2,1.0,4001,0.20224643,1.0
fedavg,alie,1,8,2,3,0.2,1.0,4001,0.160831,0.99999934
fedavg,alie,2,8,2,3,0.2,1.0,4001,0.049382623,0.9999995
fedavg,alie,3,8,2,3,0.2,1.0,4001,0.21008733,1.0000006
fedavg,alie,4,8,2,3,0.2,1.0,4001,0.18059213,0.99999964
fedavg,alie,5,8,2,3,0.2,1.0,4001,0.25905842,1.0000005
fedavg,alie,6,8,2,3,0.2,1.0,4001,0.052703954,0.99999917
fedavg,alie,7,8,2,3,0.2,1.0,4001,0.0977899,1.0000005
fedavg,alie,8,8,2,3,0.2,1.0,4001,0.31222102,1.0
fedavg,alie,9,8,2,3,0.2,1.0,4001,0.082313046,1.000001
fedavg,alie,10,8,2,3,0.2,1.0,4001,0.18491602,1.0000004
fedavg,alie,11,8,2,3,0.2,1.0,4001,0.15050854,1.0000005
fedavg,alie,12,8,2,3,0.2,1.0,4001,0.27828768,1.0000001
fedavg,alie,13,8,2,3,0.2,1.0,4001,0.16988316,1.0
fedavg,alie,14,8,2,3,0.2,1.0,4001,0.07504217,1.0000006
fedavg,alie,15,8,2,3,0.2,1.0,4001,0.124666005,1.0
fedavg,alie,16,8,2,3,0.2,1.0,4001,0.09679701,1.0000007
fedavg,alie,17,8,2,3,0.2,1.0,4001,0.1423877,1.0
fedavg,alie,18,8,2,3,0.2,1.0,4001,0.20953552,1.0
fedavg,alie,19,8,2,3,0.2,1.0,4001,0.03174611,0.9999979
krum,alie,0,8,2,3,0.2,1.0,1,0.09130984,1.0
krum,alie,1,8,2,3,0.2,1.0,1,0.16155167,1.0
krum,alie,2,8,2,3,0.2,1.0,1,0.16640949,1.0
krum,alie,3,8,2,3,0.2,1.0,1,0.23850659,1.0
krum,alie,4,8,2,3,0.2,1.0,1,0.41408008,4.7972546
krum,alie,5,8,2,3,0.2,1.0,1,0.20534198,1.0
krum,alie,6,8,2,3,0.2,1.0,1,0.091160536,1.0
krum,alie,7,8,2,3,0.2,1.0,1,0.12923342,1.0
krum,alie,8,8,2,3,0.2,1.0,1,0.2603167,1.5173948
krum,alie,9,8,2,3,0.2,1.0,1,0.19107847,1.0
krum,alie,10,8,2,3,0.2,1.0,1,0.30065653,1.0
krum,alie,11,8,2,3,0.2,1.0,1,0.014737415,1.0
krum,alie,12,8,2,3,0.2,1.0,1,0.105662316,1.0
krum,alie,13,8,2,3,0.2,1.0,1,0.33904147,2.1091444
krum,alie,14,8,2,3,0.2,1.0,1,0.28514582,1.0
krum,alie,15,8,2,3,0.2,1.0,1,0.13542593,1.0
krum,alie,16,8,2,3,0.2,1.0,1,0.19463722,1.0
krum,alie,17,8,2,3,0.2,1.0,1,0.18625809,1.5448883
krum,alie,18,8,2,3,0.2,1.0,1,0.31885374,3.0897987
krum,alie,19,8,2,3,0.2,1.0,1,0.21981928,1.0446814
krum,alie,0,8,2,3,0.2,1.0,1001,0.16645326,1.2486135
krum,alie,1,8,2,3,0.2,1.0,1001,0.11451197,1.0
krum,alie,2,8,2,3,0.2,1.0,1001,0.22888859,4.535731
krum,alie,3,8,2,3,0.2,1.0,1001,0.34378058,1.0
krum,alie,4,8,2,3,0.2,1.0,1001,0.15308267,1.0
krum,alie,5,8,2,3,0.2,1.0,1001,0.37664187,1.0
krum,alie,6,8,2,3,0.2,1.0,1001,0.19811253,1.0
krum,alie,7,8,2,3,0.2,1.0,1001,0.19864288,1.0547262
krum,alie,8,8,2,3,0.2,1.0,1001,0.25478095,1.0
krum,alie,9,8,2,3,0.2,1.0,1001,0.20227963,1.0
krum,alie,10,8,2,3,0.2,1.0,1001,0.16930111,1.0
krum,alie,11,8,2,3,0.2,1.0,1001,0.1666822,1.0
krum,alie,12,8,2,3,0.2,1.0,1001,0.27972367,1.2318977
krum,alie,13,8,2,3,0.2,1.0,1001,0.23869063,1.0
krum,alie,14,8,2,3,0.2,1.0,1001,0.18068449,1.5139906
krum,alie,15,8,2,3,0.2,1.0,1001,0.13368867,1.0
krum,alie,16,8,2,3,0.2,1.0,1001,0.40057808,1.7642787
krum,alie,17,8,2,3,0.2,1.0,1001,0.099514395,1.0
krum,alie,18,8,2,3,0.2,1.0,1001,0.28859493,1.680471
krum,alie,19,8,2,3,0.2,1.0,1001,0.14199027,1.0
krum,alie,0,8,2,3,0.2,1.0,2001,0.29097116,1.0
krum,alie,1,8,2,3,0.2,1.0,2001,0.3292758,0.96434337
krum,alie,2,8,2,3,0.2,1.0,2001,0.21334082,1.0
krum,alie,3,8,2,3,0.2,1.0,2001,0.16976169,0.97603905
krum,alie,4,8,2,3,0.2,1.0,2001,0.18159948,1.0
krum,alie,5,8,2,3,0.2,1.0,2001,0.3990603,1.8673975
krum,alie,6,8,2,3,0.2,1.0,2001,0.09514481,1.0
krum,alie,7,8,2,3,0.2,1.0,2001,0.03486664,1.0
krum,alie,8,8,2,3,0.2,1.0,2001,0.19313756,1.0
krum,alie,9,8,2,3,0.2,1.0,2001,0.14237557,1.0
krum,alie,10,8,2,3,0.2,1.0,2001,0.17137504,1.0
krum,alie,11,8,2,3,0.2,1.0,2001,0.17588313,1.0
krum,alie,12,8,2,3,0.2,1.0,2001,0.23511872,1.0
krum,alie,13,8,2,3,0.2,1.0,2001,0.27402654,1.0
krum,alie,14,8,2,3,0.2,1.0,2001,0.34389913,1.3495003
krum,alie,15,8,2,3,0.2,1.0,2001,0.21052183,1.5005155
krum,alie,16,8,2,3,0.2,1.0,2001,0.266199,2.0280752
krum,alie,17,8,2,3,0.2,1.0,2001,0.153924,1.0
krum,alie,18,8,2,3,0.2,1.0,2001,0.17029822,1.2585086
krum,alie,19,8,2,3,0.2,1.0,2001,0.24131583,1.0
krum,alie,0,8,2,3,0.2,1.0,3001,0.13815947,1.0
krum,alie,1,8,2,3,0.2,1.0,3001,0.22956407,1.0
krum,alie,2,8,2,3,0.2,1.0,3001,0.28589442,0.94459546
krum,alie,3,8,2,3,0.2,1.0,3001,0.16175407,1.0
krum,alie,4,8,2,3,0.2,1.0,3001,0.1783196,1.2997094
krum,alie,5,8,2,3,0.2,1.0,3001,0.08722355,1.0
krum,alie,6,8,2,3,0.2,1.0,3001,0.26395652,1.1273285
krum,alie,7,8,2,3,0.2,1.0,3001,0.28944552,1.7885464
krum,alie,8,8,2,3,0.2,1.0,3001,0.098083295,1.0
krum,alie,9,8,2,3,0.2,1.0,3001,0.17345354,1.0
krum,alie,10,8,2,3,0.2,1.0,3001,0.13487487,1.0
krum,alie,11,8,2,3,0.2,1.0,3001,0.43272933,1.0
krum,alie,12,8,2,3,0.2,1.0,3001,0.22118776,1.0
krum,alie,13,8,2,3,0.2,1.0,3001,0.10767205,1.0
krum,alie,14,8,2,3,0.2,1.0,3001,0.13815124,1.0
krum,alie,15,8,2,3,0.2,1.0,3001,0.06708015,1.0
krum,alie,16,8,2,3,0.2,1.0,3001,0.3194902,2.0492084
krum,alie,17,8,2,3,0.2,1.0,3001,0.24400753,1.0
krum,alie,18,8,2,3,0.2,1.0,3001,0.10876588,1.0
krum,alie,19,8,2,3,0.2,1.0,3001,0.21983077,1.0
krum,alie,0,8,2,3,0.2,1.0,4001,0.20224643,1.0
krum,alie,1,8,2,3,0.2,1.0,4001,0.0701128,0.43594056
krum,alie,2,8,2,3,0.2,1.0,4001,0.24072921,4.8747735
krum,alie,3,8,2,3,0.2,1.0,4001,0.2100872,1.0
krum,alie,4,8,2,3,0.2,1.0,4001,0.1805922,1.0
krum,alie,5,8,2,3,0.2,1.0,4001,0.2590583,1.0
krum,alie,6,8,2,3,0.2,1.0,4001,0.052704,1.0
krum,alie,7,8,2,3,0.2,1.0,4001,0.09778985,1.0
krum,alie,8,8,2,3,0.2,1.0,4001,0.31222102,1.0
krum,alie,9,8,2,3,0.2,1.0,4001,0.082312964,1.0
krum,alie,10,8,2,3,0.2,1.0,4001,0.067562744,0.36537
krum,alie,11,8,2,3,0.2,1.0,4001,0.15050846,1.0
krum,alie,12,8,2,3,0.2,1.0,4001,0.28902102,1.0385693
krum,alie,13,8,2,3,0.2,1.0,4001,0.21608566,1.2719663
krum,alie,14,8,2,3,0.2,1.0,4001,0.07504213,1.0
krum,alie,15,8,2,3,0.2,1.0,4001,0.124666005,1.0
krum,alie,16,8,2,3,0.2,1.0,4001,0.09679694,1.0
krum,alie,17,8,2,3,0.2,1.0,4001,0.1423877,1.0
krum,alie,18,8,2,3,0.2,1.0,4001,0.20953552,1.0
krum,alie,19,8,2,3,0.2,1.0,4001,0.03174618,1.0
dss_fedavg,alie,0,8,2,3,0.2,1.0,1,0.091309845,1.0000001
dss_fedavg,alie,1,8,2,3,0.2,1.0,1,0.16155167,1.0
dss_fedavg,alie,2,8,2,3,0.2,1.0,1,0.1664095,1.0000001
dss_fedavg,alie,3,8,2,3,0.2,1.0,1,0.23850667,1.0000004
dss_fedavg,alie,4,8,2,3,0.2,1.0,1,0.08631599,0.9999992
dss_fedavg,alie,5,8,2,3,0.2,1.0,1,0.20534192,0.9999997
dss_fedavg,alie,6,8,2,3,0.2,1.0,1,0.09116043,0.99999887
dss_fedavg,alie,7,8,2,3,0.2,1.0,1,0.12923336,0.9999995
dss_fedavg,alie,8,8,2,3,0.2,1.0,1,0.17155512,1.0000005
dss_fedavg,alie,9,8,2,3,0.2,1.0,1,0.1910784,0.9999996
dss_fedavg,alie,10,8,2,3,0.2,1.0,1,0.30065647,0.9999998
dss_fedavg,alie,11,8,2,3,0.2,1.0,1,0.014737338,0.99999475
dss_fedavg,alie,12,8,2,3,0.2,1.0,1,0.10566231,0.99999994
dss_fedavg,alie,13,8,2,3,0.2,1.0,1,0.16074833,1.0
dss_fedavg,alie,14,8,2,3,0.2,1.0,1,0.28514573,0.9999997
dss_fedavg,alie,15,8,2,3,0.2,1.0,1,0.13542578,0.9999989
dss_fedavg,alie,16,8,2,3,0.2,1.0,1,0.19463712,0.99999946
dss_fedavg,alie,17,8,2,3,0.2,1.0,1,0.12056408,0.9999997
dss_fedavg,alie,18,8,2,3,0.2,1.0,1,0.10319579,1.0000014
dss_fedavg,alie,19,8,2,3,0.2,1.0,1,0.21041752,1.0
dss_fedavg,alie,0,8,2,3,0.2,1.0,1001,0.13331042,0.9999995
dss_fedavg,alie,1,8,2,3,0.2,1.0,1001,0.11451211,1.0000012
dss_fedavg,alie,2,8,2,3,0.2,1.0,1001,0.050463337,0.9999979
dss_fedavg,alie,3,8,2,3,0.2,1.0,1001,0.34378058,1.0
dss_fedavg,alie,4,8,2,3,0.2,1.0,1001,0.15308264,0.9999998
dss_fedavg,alie,5,8,2,3,0.2,1.0,1001,0.37664184,0.99999994
dss_fedavg,alie,6,8,2,3,0.2,1.0,1001,0.19811253,1.0
dss_fedavg,alie,7,8,2,3,0.2,1.0,1001,0.18833603,1.0000004
dss_fedavg,alie,8,8,2,3,0.2,1.0,1001,0.25478095,1.0
dss_fedavg,alie,9,8,2,3,0.2,1.0,1001,0.20227978,1.0000007
dss_fedavg,alie,10,8,2,3,0.2,1.0,1001,0.1693012,1.0000005
dss_fedavg,alie,11,8,2,3,0.2,1.0,1001,0.16668226,1.0000004
dss_fedavg,alie,12,8,2,3,0.2,1.0,1001,0.22706732,1.0000001
dss_fedavg,alie,13,8,2,3,0.2,1.0,1001,0.23869078,1.0000006
dss_fedavg,alie,14,8,2,3,0.2,1.0,1001,0.11934311,0.99999917
dss_fedavg,alie,15,8,2,3,0.2,1.0,1001,0.13368866,0.9999999
dss_fedavg,alie,16,8,2,3,0.2,1.0,1001,0.22704917,0.9999998
dss_fedavg,alie,17,8,2,3,0.2,1.0,1001,0.09951453,1.0000013
dss_fedavg,alie,18,8,2,3,0.2,1.0,1001,0.17173465,1.0000005
dss_fedavg,alie,19,8,2,3,0.2,1.0,1001,0.1419904,1.0000008
dss_fedavg,alie,0,8,2,3,0.2,1.0,2001,0.29097104,0.9999996
dss_fedavg,alie,1,8,2,3,0.2,1.0,2001,0.34145072,0.9999998
dss_fedavg,alie,2,8,2,3,0.2,1.0,2001,0.21334082,1.0
dss_fedavg,alie,3,8,2,3,0.2,1.0,2001,0.17392917,0.9999998
dss_fedavg,alie,4,8,2,3,0.2,1.0,2001,0.18159948,1.0
dss_fedavg,alie,5,8,2,3,0.2,1.0,2001,0.21369869,1.0000002
dss_fedavg,alie,6,8,2,3,0.2,1.0,2001,0.0951447,0.9999988
dss_fedavg,alie,7,8,2,3,0.2,1.0,2001,0.034866605,0.99999905
dss_fedavg,alie,8,8,2,3,0.2,1.0,2001,0.19313742,0.9999993
dss_fedavg,alie,9,8,2,3,0.2,1.0,2001,0.14237572,1.0000011
dss_fedavg,alie,10,8,2,3,0.2,1.0,2001,0.17137504,1.0
dss_fedavg,alie,11,8,2,3,0.2,1.0,2001,0.17588326,1.0000007
dss_fedavg,alie,12,8,2,3,0.2,1.0,2001,0.2351188,1.0000004
dss_fedavg,alie,13,8,2,3,0.2,1.0,2001,0.2740265,0.9999999
dss_fedavg,alie,14,8,2,3,0.2,1.0,2001,0.2548345,1.0000004
dss_fedavg,alie,15,8,2,3,0.2,1.0,2001,0.14029968,1.0
dss_fedavg,alie,16,8,2,3,0.2,1.0,2001,0.13125694,0.99999976
dss_fedavg,alie,17,8,2,3,0.2,1.0,2001,0.15392406,1.0000004
dss_fedavg,alie,18,8,2,3,0.2,1.0,2001,0.13531756,1.0000006
dss_fedavg,alie,19,8,2,3,0.2,1.0,2001,0.24131586,1.0000001
dss_fedavg,alie,0,8,2,3,0.2,1.0,3001,0.13815951,1.0000004
dss_fedavg,alie,1,8,2,3,0.2,1.0,3001,0.22956412,1.0000002
dss_fedavg,alie,2,8,2,3,0.2,1.0,3001,0.30266348,1.0000004
dss_fedavg,alie,3,8,2,3,0.2,1.0,3001,0.1617541,1.0000002
dss_fedavg,alie,4,8,2,3,0.2,1.0,3001,0.13719966,1.0000005
dss_fedavg,alie,5,8,2,3,0.2,1.0,3001,0.08722355,1.0
dss_fedavg,alie,6,8,2,3,0.2,1.0,3001,0.23414323,0.9999993
dss_fedavg,alie,7,8,2,3,0.2,1.0,3001,0.16183282,1.0
dss_fedavg,alie,8,8,2,3,0.2,1.0,3001,0.09808333,1.0000004
dss_fedavg,alie,9,8,2,3,0.2,1.0,3001,0.17345342,0.9999993
dss_fedavg,alie,10,8,2,3,0.2,1.0,3001,0.13487478,0.99999934
dss_fedavg,alie,11,8,2,3,0.2,1.0,3001,0.4327293,0.99999994
dss_fedavg,alie,12,8,2,3,0.2,1.0,3001,0.22118783,1.0000004
dss_fedavg,alie,13,8,2,3,0.2,1.0,3001,0.10767205,1.0
dss_fedavg,alie,14,8,2,3,0.2,1.0,3001,0.13815123,0.9999999
dss_fedavg,alie,15,8,2,3,0.2,1.0,3001,0.06708016,1.0000002
dss_fedavg,alie,16,8,2,3,0.2,1.0,3001,0.15590908,1.0
dss_fedavg,alie,17,8,2,3,0.2,1.0,3001,0.24400765,1.0000005
dss_fedavg,alie,18,8,2,3,0.2,1.0,3001,0.10876588,1.0
dss_fedavg,alie,19,8,2,3,0.2,1.0,3001,0.21983075,0.99999994
dss_fedavg,alie,0,8,2,3,0.2,1.0,4001,0.20224643,1.0
dss_fedavg,alie,1,8,2,3,0.2,1.0,4001,0.160831,0.99999934
dss_fedavg,alie,2,8,2,3,0.2,1.0,4001,0.049382623,0.9999995
dss_fedavg,alie,3,8,2,3,0.2,1.0,4001,0.21008733,1.0000006
dss_fedavg,alie,4,8,2,3,0.2,1.0,4001,0.18059213,0.99999964
dss_fedavg,alie,5,8,2,3,0.2,1.0,4001,0.25905842,1.0000005
dss_fedavg,alie,6,8,2,3,0.2,1.0,4001,0.052703954,0.99999917
dss_fedavg,alie,7,8,2,3,0.2,1.0,4001,0.0977899,1.0000005
dss_fedavg,alie,8,8,2,3,0.2,1.0,4001,0.31222102,1.0
dss_fedavg,alie,9,8,2,3,0.2,1.0,4001,0.082313046,1.000001
dss_fedavg,alie,10,8,2,3,0.2,1.0,4001,0.18491602,1.0000004
dss_fedavg,alie,11,8,2,3,0.2,1.0,4001,0.15050854,1.0000005
dss_fedavg,alie,12,8,2,3,0.2,1.0,4001,0.27828768,1.0000001
dss_fedavg,alie,13,8,2,3,0.2,1.0,4001,0.16988316,1.0
dss_fedavg,alie,14,8,2,3,0.2,1.0,4001,0.07504217,1.0000006
dss_fedavg,alie,15,8,2,3,0.2,1.0,4001,0.124666005,1.0
dss_fedavg,alie,16,8,2,3,0.2,1.0,4001,0.09679701,1.0000007
dss_fedavg,alie,17,8,2,3,0.2,1.0,4001,0.1423877,1.0
dss_fedavg,alie,18,8,2,3,0.2,1.0,4001,0.20953552,1.0
dss_fedavg,alie,19,8,2,3,0.2,1.0,4001,0.03174611,0.9999979
flanders_fedavg,alie,0,8,2,3,0.2,1.0,1,0.091309845,1.0000001
flanders_fedavg,alie,1,8,2,3,0.2,1.0,1,0.16520053,1.0225863
flanders_fedavg,alie,2,8,2,3,0.2,1.0,1,0.06003162,0.36074635
flanders_fedavg,alie,3,8,2,3,0.2,1.0,1,0.25989532,1.0896778
flanders_fedavg,alie,4,8,2,3,0.2,1.0,1,0.17219031,1.9948815
flanders_fedavg,alie,5,8,2,3,0.2,1.0,1,0.26455426,1.2883594
flanders_fedavg,alie,6,8,2,3,0.2,1.0,1,0.12191185,1.3373314
flanders_fedavg,alie,7,8,2,3,0.2,1.0,1,0.18284962,1.4148787
flanders_fedavg,alie,8,8,2,3,0.2,1.0,1,0.1744378,1.0168039
flanders_fedavg,alie,9,8,2,3,0.2,1.0,1,0.17862025,0.9348005
flanders_fedavg,alie,10,8,2,3,0.2,1.0,1,0.20839623,0.6931372
flanders_fedavg,alie,11,8,2,3,0.2,1.0,1,0.08491752,5.7620363
flanders_fedavg,alie,12,8,2,3,0.2,1.0,1,0.17865974,1.6908557
flanders_fedavg,alie,13,8,2,3,0.2,1.0,1,0.21763586,1.3538918
flanders_fedavg,alie,14,8,2,3,0.2,1.0,1,0.18923257,0.6636344
flanders_fedavg,alie,15,8,2,3,0.2,1.0,1,0.16684476,1.2320001
flanders_fedavg,alie,16,8,2,3,0.2,1.0,1,0.2056708,1.056688
flanders_fedavg,alie,17,8,2,3,0.2,1.0,1,0.08691555,0.7209073
flanders_fedavg,alie,18,8,2,3,0.2,1.0,1,0.08686072,0.8417092
flanders_fedavg,alie,19,8,2,3,0.2,1.0,1,0.14594643,0.69360393
flanders_fedavg,alie,0,8,2,3,0.2,1.0,1001,0.13331042,0.9999995
flanders_fedavg,alie,1,8,2,3,0.2,1.0,1001,0.15892887,1.38788
flanders_fedavg,alie,2,8,2,3,0.2,1.0,1001,0.052293926,1.0362735
flanders_fedavg,alie,3,8,2,3,0.2,1.0,1001,0.42925775,1.2486387
flanders_fedavg,alie,4,8,2,3,0.2,1.0,1001,0.15217477,0.9940692
flanders_fedavg,alie,5,8,2,3,0.2,1.0,1001,0.2785038,0.7394393
flanders_fedavg,alie,6,8,2,3,0.2,1.0,1001,0.20858267,1.0528494
flanders_fedavg,alie,7,8,2,3,0.2,1.0,1001,0.2547351,1.3525568
flanders_fedavg,alie,8,8,2,3,0.2,1.0,1001,0.32884005,1.2906775
flanders_fedavg,alie,9,8,2,3,0.2,1.0,1001,0.16494533,0.81543225
flanders_fedavg,alie,10,8,2,3,0.2,1.0,1001,0.21806093,1.2880065
flanders_fedavg,alie,11,8,2,3,0.2,1.0,1001,0.30330905,1.8196847
flanders_fedavg,alie,12,8,2,3,0.2,1.0,1001,0.2865793,1.2620898
flanders_fedavg,alie,13,8,2,3,0.2,1.0,1001,0.20874605,0.87454647
flanders_fedavg,alie,14,8,2,3,0.2,1.0,1001,0.09951538,0.8338588
flanders_fedavg,alie,15,8,2,3,0.2,1.0,1001,0.0968068,0.7241212
flanders_fedavg,alie,16,8,2,3,0.2,1.0,1001,0.18551813,0.81708336
flanders_fedavg,alie,17,8,2,3,0.2,1.0,1001,0.18154615,1.8243206
flanders_fedavg,alie,18,8,2,3,0.2,1.0,1001,0.18259647,1.0632483
flanders_fedavg,alie,19,8,2,3,0.2,1.0,1001,0.13603878,0.9580852
flanders_fedavg,alie,0,8,2,3,0.2,1.0,2001,0.29097104,0.9999996
flanders_fedavg,alie,1,8,2,3,0.2,1.0,2001,0.31329703,0.9175467
flanders_fedavg,alie,2,8,2,3,0.2,1.0,2001,0.259675,1.2171838
flanders_fedavg,alie,3,8,2,3,0.2,1.0,2001,0.33757177,1.9408574
flanders_fedavg,alie,4,8,2,3,0.2,1.0,2001,0.28414616,1.564686
flanders_fedavg,alie,5,8,2,3,0.2,1.0,2001,0.07240702,0.33882773
flanders_fedavg,alie,6,8,2,3,0.2,1.0,2001,0.12603141,1.3246273
flanders_fedavg,alie,7,8,2,3,0.2,1.0,2001,0.14483285,4.153909
flanders_fedavg,alie,8,8,2,3,0.2,1.0,2001,0.22232519,1.1511235
flanders_fedavg,alie,9,8,2,3,0.2,1.0,2001,0.19005169,1.3348616
flanders_fedavg,alie,10,8,2,3,0.2,1.0,2001,0.13317731,0.77711034
flanders_fedavg,alie,11,8,2,3,0.2,1.0,2001,0.18911283,1.0752187
flanders_fedavg,alie,12,8,2,3,0.2,1.0,2001,0.21205452,0.90190405
flanders_fedavg,alie,13,8,2,3,0.2,1.0,2001,0.32271725,1.1776861
flanders_fedavg,alie,14,8,2,3,0.2,1.0,2001,0.21144252,0.82972515
flanders_fedavg,alie,15,8,2,3,0.2,1.0,2001,0.24496059,1.7459811
flanders_fedavg,alie,16,8,2,3,0.2,1.0,2001,0.1443121,1.0994624
flanders_fedavg,alie,17,8,2,3,0.2,1.0,2001,0.16209522,1.053086
flanders_fedavg,alie,18,8,2,3,0.2,1.0,2001,0.17545313,1.2966034
flanders_fedavg,alie,19,8,2,3,0.2,1.0,2001,0.2663564,1.1037668
flanders_fedavg,alie,0,8,2,3,0.2,1.0,3001,0.13815951,1.0000004
flanders_fedavg,alie,1,8,2,3,0.2,1.0,3001,0.25078425,1.0924368
flanders_fedavg,alie,2,8,2,3,0.2,1.0,3001,0.28383335,0.9377857
flanders_fedavg,alie,3,8,2,3,0.2,1.0,3001,0.14944527,0.9239042
flanders_fedavg,alie,4,8,2,3,0.2,1.0,3001,0.17923829,1.3064054
flanders_fedavg,alie,5,8,2,3,0.2,1.0,3001,0.1408296,1.6145822
flanders_fedavg,alie,6,8,2,3,0.2,1.0,3001,0.29882365,1.2762421
flanders_fedavg,alie,7,8,2,3,0.2,1.0,3001,0.22647434,1.399434
flanders_fedavg,alie,8,8,2,3,0.2,1.0,3001,0.14961842,1.525422
flanders_fedavg,alie,9,8,2,3,0.2,1.0,3001,0.28701156,1.6546885
flanders_fedavg,alie,10,8,2,3,0.2,1.0,3001,0.21588536,1.6006345
flanders_fedavg,alie,11,8,2,3,0.2,1.0,3001,0.36447766,0.84227633
flanders_fedavg,alie,12,8,2,3,0.2,1.0,3001,0.25128013,1.136049
flanders_fedavg,alie,13,8,2,3,0.2,1.0,3001,0.11314808,1.0508584
flanders_fedavg,alie,14,8,2,3,0.2,1.0,3001,0.11610082,0.84038925
flanders_fedavg,alie,15,8,2,3,0.2,1.0,3001,0.045034688,0.67135644
flanders_fedavg,alie,16,8,2,3,0.2,1.0,3001,0.29566622,1.8964015
flanders_fedavg,alie,17,8,2,3,0.2,1.0,3001,0.146187,0.5991086
flanders_fedavg,alie,18,8,2,3,0.2,1.0,3001,0.13441691,1.2358371
flanders_fedavg,alie,19,8,2,3,0.2,1.0,3001,0.26658154,1.2126671
flanders_fedavg,alie,0,8,2,3,0.2,1.0,4001,0.20224643,1.0
flanders_fedavg,alie,1,8,2,3,0.2,1.0,4001,0.12309833,0.7653888
flanders_fedavg,alie,2,8,2,3,0.2,1.0,4001,0.13215944,2.6762326
flanders_fedavg,alie,3,8,2,3,0.2,1.0,4001,0.21615699,1.0288918
flanders_fedavg,alie,4,8,2,3,0.2,1.0,4001,0.18109398,1.0027785
flanders_fedavg,alie,5,8,2,3,0.2,1.0,4001,0.18543458,0.7158025
flanders_fedavg,alie,6,8,2,3,0.2,1.0,4001,0.0357832,0.6789466
flanders_fedavg,alie,7,8,2,3,0.2,1.0,4001,0.07374362,0.754103
flanders_fedavg,alie,8,8,2,3,0.2,1.0,4001,0.29955682,0.9594383
flanders_fedavg,alie,9,8,2,3,0.2,1.0,4001,0.17450956,2.1200738
flanders_fedavg,alie,10,8,2,3,0.2,1.0,4001,0.26982656,1.4591848
flanders_fedavg,alie,11,8,2,3,0.2,1.0,4001,0.17895868,1.1890274
flanders_fedavg,alie,12,8,2,3,0.2,1.0,4001,0.28374875,1.0196239
flanders_fedavg,alie,13,8,2,3,0.2,1.0,4001,0.16560341,0.9748077
flanders_fedavg,alie,14,8,2,3,0.2,1.0,4001,0.11951425,1.5926287
flanders_fedavg,alie,15,8,2,3,0.2,1.0,4001,0.10956394,0.8788598
flanders_fedavg,alie,16,8,2,3,0.2,1.0,4001,0.07561393,0.78116035
flanders_fedavg,alie,17,8,2,3,0.2,1.0,4001,0.15423083,1.0831752
flanders_fedavg,alie,18,8,2,3,0.2,1.0,4001,0.25627926,1.2230827
flanders_fedavg,alie,19,8,2,3,0.2,1.0,4001,0.118916504,3.7458525
dss_krum,alie,0,8,2,3,0.2,1.0,1,0.09130984,1.0
dss_krum,alie,1,8,2,3,0.2,1.0,1,0.16155167,1.0
dss_krum,alie,2,8,2,3,0.2,1.0,1,0.16640949,1.0
dss_krum,alie,3,8,2,3,0.2,1.0,1,0.23850659,1.0
dss_krum,alie,4,8,2,3,0.2,1.0,1,0.41408008,4.7972546
dss_krum,alie,5,8,2,3,0.2,1.0,1,0.20534198,1.0
dss_krum,alie,6,8,2,3,0.2,1.0,1,0.091160536,1.0
dss_krum,alie,7,8,2,3,0.2,1.0,1,0.12923342,1.0
dss_krum,alie,8,8,2,3,0.2,1.0,1,0.2603167,1.5173948
dss_krum,alie,9,8,2,3,0.2,1.0,1,0.19107847,1.0
dss_krum,alie,10,8,2,3,0.2,1.0,1,0.30065653,1.0
dss_krum,alie,11,8,2,3,0.2,1.0,1,0.014737415,1.0
dss_krum,alie,12,8,2,3,0.2,1.0,1,0.105662316,1.0
dss_krum,alie,13,8,2,3,0.2,1.0,1,0.33904147,2.1091444
dss_krum,alie,14,8,2,3,0.2,1.0,1,0.28514582,1.0
dss_krum,alie,15,8,2,3,0.2,1.0,1,0.13542593,1.0
dss_krum,alie,16,8,2,3,0.2,1.0,1,0.19463722,1.0
dss_krum,alie,17,8,2,3,0.2,1.0,1,0.18625809,1.5448883
dss_krum,alie,18,8,2,3,0.2,1.0,1,0.31885374,3.0897987
dss_krum,alie,19,8,2,3,0.2,1.0,1,0.21981928,1.0446814
dss_krum,alie,0,8,2,3,0.2,1.0,1001,0.16645326,1.2486135
dss_krum,alie,1,8,2,3,0.2,1.0,1001,0.11451197,1.0
dss_krum,alie,2,8,2,3,0.2,1.0,1001,0.22888859,4.535731
dss_krum,alie,3,8,2,3,0.2,1.0,1001,0.34378058,1.0
dss_krum,alie,4,8,2,3,0.2,1.0,1001,0.15308267,1.0
dss_krum,alie,5,8,2,3,0.2,1.0,1001,0.37664187,1.0
dss_krum,alie,6,8,2,3,0.2,1.0,1001,0.19811253,1.0
dss_krum,alie,7,8,2,3,0.2,1.0,1001,0.19864288,1.0547262
dss_krum,alie,8,8,2,3,0.2,1.0,1001,0.25478095,1.0
dss_krum,alie,9,8,2,3,0.2,1.0,1001,0.20227963,1.0
dss_krum,alie,10,8,2,3,0.2,1.0,1001,0.16930111,1.0
dss_krum,alie,11,8,2,3,0.2,1.0,1001,0.1666822,1.0
dss_krum,alie,12,8,2,3,0.2,1.0,1001,0.27972367,1.2318977
dss_krum,alie,13,8,2,3,0.2,1.0,1001,0.23869063,1.0
dss_krum,alie,14,8,2,3,0.2,1.0,1001,0.18068449,1.5139906
dss_krum,alie,15,8,2,3,0.2,1.0,1001,0.13368867,1.0
dss_krum,alie,16,8,2,3,0.2,1.0,1001,0.40057808,1.7642787
dss_krum,alie,17,8,2,3,0.2,1.0,1001,0.099514395,1.0
dss_krum,alie,18,8,2,3,0.2,1.0,1001,0.28859493,1.680471
dss_krum,alie,19,8,2,3,0.2,1.0,1001,0.14199027,1.0
dss_krum,alie,0,8,2,3,0.2,1.0,2001,0.29097116,1.0
dss_krum,alie,1,8,2,3,0.2,1.0,2001,0.3292758,0.96434337
dss_krum,alie,2,8,2,3,0.2,1.0,2001,0.21334082,1.0
dss_krum,alie,3,8,2,3,0.2,1.0,2001,0.16976169,0.97603905
dss_krum,alie,4,8,2,3,0.2,1.0,2001,0.18159948,1.0
dss_krum,alie,5,8,2,3,0.2,1.0,2001,0.3990603,1.8673975
dss_krum,alie,6,8,2,3,0.2,1.0,2001,0.09514481,1.0
dss_krum,alie,7,8,2,3,0.2,1.0,2001,0.03486664,1.0
dss_krum,alie,8,8,2,3,0.2,1.0,2001,0.19313756,1.0
dss_krum,alie,9,8,2,3,0.2,1.0,2001,0.14237557,1.0
dss_krum,alie,10,8,2,3,0.2,1.0,2001,0.17137504,1.0
dss_krum,alie,11,8,2,3,0.2,1.0,2001,0.17588313,1.0
dss_krum,alie,12,8,2,3,0.2,1.0,2001,0.23511872,1.0
dss_krum,alie,13,8,2,3,0.2,1.0,2001,0.27402654,1.0
dss_krum,alie,14,8,2,3,0.2,1.0,2001,0.34389913,1.3495003
dss_krum,alie,15,8,2,3,0.2,1.0,2001,0.21052183,1.5005155
dss_krum,alie,16,8,2,3,0.2,1.0,2001,0.266199,2.0280752
dss_krum,alie,17,8,2,3,0.2,1.0,2001,0.153924,1.0
dss_krum,alie,18,8,2,3,0.2,1.0,2001,0.17029822,1.2585086
dss_krum,alie,19,8,2,3,0.2,1.0,2001,0.24131583,1.0
dss_krum,alie,0,8,2,3,0.2,1.0,3001,0.13815947,1.0
dss_krum,alie,1,8,2,3,0.2,1.0,3001,0.22956407,1.0
dss_krum,alie,2,8,2,3,0.2,1.0,3001,0.28589442,0.94459546
dss_krum,alie,3,8,2,3,0.2,1.0,3001,0.16175407,1.0
dss_krum,alie,4,8,2,3,0.2,1.0,3001,0.1783196,1.2997094
dss_krum,alie,5,8,2,3,0.2,1.0,3001,0.08722355,1.0
dss_krum,alie,6,8,2,3,0.2,1.0,3001,0.26395652,1.1273285
dss_krum,alie,7,8,2,3,0.2,1.0,3001,0.28944552,1.7885464
dss_krum,alie,8,8,2,3,0.2,1.0,3001,0.098083295,1.0
dss_krum,alie,9,8,2,3,0.2,1.0,3001,0.17345354,1.0
dss_krum,alie,10,8,2,3,0.2,1.0,3001,0.13487487,1.0
dss_krum,alie,11,8,2,3,0.2,1.0,3001,0.43272933,1.0
dss_krum,alie,12,8,2,3,0.2,1.0,3001,0.22118776,1.0
dss_krum,alie,13,8,2,3,0.2,1.0,3001,0.10767205,1.0
dss_krum,alie,14,8,2,3,0.2,1.0,3001,0.13815124,1.0
dss_krum,alie,15,8,2,3,0.2,1.0,3001,0.06708015,1.0
dss_krum,alie,16,8,2,3,0.2,1.0,3001,0.3194902,2.0492084
dss_krum,alie,17,8,2,3,0.2,1.0,3001,0.24400753,1.0
dss_krum,alie,18,8,2,3,0.2,1.0,3001,0.10876588,1.0
dss_krum,alie,19,8,2,3,0.2,1.0,3001,0.21983077,1.0
dss_krum,alie,0,8,2,3,0.2,1.0,4001,0.20224643,1.0
dss_krum,alie,1,8,2,3,0.2,1.0,4001,0.0701128,0.43594056
dss_krum,alie,2,8,2,3,0.2,1.0,4001,0.24072921,4.8747735
dss_krum,alie,3,8,2,3,0.2,1.0,4001,0.2100872,1.0
dss_krum,alie,4,8,2,3,0.2,1.0,4001,0.1805922,1.0
dss_krum,alie,5,8,2,3,0.2,1.0,4001,0.2590583,1.0
dss_krum,alie,6,8,2,3,0.2,1.0,4001,0.052704,1.0
dss_krum,alie,7,8,2,3,0.2,1.0,4001,0.09778985,1.0
dss_krum,alie,8,8,2,3,0.2,1.0,4001,0.31222102,1.0
dss_krum,alie,9,8,2,3,0.2,1.0,4001,0.082312964,1.0
dss_krum,alie,10,8,2,3,0.2,1.0,4001,0.067562744,0.36537
dss_krum,alie,11,8,2,3,0.2,1.0,4001,0.15050846,1.0
dss_krum,alie,12,8,2,3,0.2,1.0,4001,0.28902102,1.0385693
dss_krum,alie,13,8,2,3,0.2,1.0,4001,0.21608566,1.2719663
dss_krum,alie,14,8,2,3,0.2,1.0,4001,0.07504213,1.0
dss_krum,alie,15,8,2,3,0.2,1.0,4001,0.124666005,1.0
dss_krum,alie,16,8,2,3,0.2,1.0,4001,0.09679694,1.0
dss_krum,alie,17,8,2,3,0.2,1.0,4001,0.1423877,1.0
dss_krum,alie,18,8,2,3,0.2,1.0,4001,0.20953552,1.0
dss_krum,alie,19,8,2,3,0.2,1.0,4001,0.03174618,1.0
flanders_krum,alie,0,8,2,3,0.2,1.0,1,0.09130984,1.0
flanders_krum,alie,1,8,2,3,0.2,1.0,1,0.16155167,1.0
flanders_krum,alie,2,8,2,3,0.2,1.0,1,0.16640949,1.0
flanders_krum,alie,3,8,2,3,0.2,1.0,1,0.23850659,1.0
flanders_krum,alie,4,8,2,3,0.2,1.0,1,0.08631606,1.0
flanders_krum,alie,5,8,2,3,0.2,1.0,1,0.42885965,2.0885143
flanders_krum,alie,6,8,2,3,0.2,1.0,1,0.091160536,1.0
flanders_krum,alie,7,8,2,3,0.2,1.0,1,0.31431276,2.4321322
flanders_krum,alie,8,8,2,3,0.2,1.0,1,0.17155503,1.0
flanders_krum,alie,9,8,2,3,0.2,1.0,1,0.19107847,1.0
flanders_krum,alie,10,8,2,3,0.2,1.0,1,0.30065653,1.0
flanders_krum,alie,11,8,2,3,0.2,1.0,1,0.014737415,1.0
flanders_krum,alie,12,8,2,3,0.2,1.0,1,0.105662316,1.0
flanders_krum,alie,13,8,2,3,0.2,1.0,1,0.33904147,2.1091444
flanders_krum,alie,14,8,2,3,0.2,1.0,1,0.28514582,1.0
flanders_krum,alie,15,8,2,3,0.2,1.0,1,0.13542593,1.0
flanders_krum,alie,16,8,2,3,0.2,1.0,1,0.19463722,1.0
flanders_krum,alie,17,8,2,3,0.2,1.0,1,0.12056412,1.0
flanders_krum,alie,18,8,2,3,0.2,1.0,1,0.25847915,2.5047488
flanders_krum,alie,19,8,2,3,0.2,1.0,1,0.21041752,1.0
flanders_krum,alie,0,8,2,3,0.2,1.0,1001,0.16645326,1.2486135
flanders_krum,alie,1,8,2,3,0.2,1.0,1001,0.24568477,2.1454942
flanders_krum,alie,2,8,2,3,0.2,1.0,1001,0.22888859,4.535731
flanders_krum,alie,3,8,2,3,0.2,1.0,1001,0.34378058,1.0
flanders_krum,alie,4,8,2,3,0.2,1.0,1001,0.15308267,1.0
flanders_krum,alie,5,8,2,3,0.2,1.0,1001,0.37664187,1.0
flanders_krum,alie,6,8,2,3,0.2,1.0,1001,0.19811253,1.0
flanders_krum,alie,7,8,2,3,0.2,1.0,1001,0.19864288,1.0547262
flanders_krum,alie,8,8,2,3,0.2,1.0,1001,0.25478095,1.0
flanders_krum,alie,9,8,2,3,0.2,1.0,1001,0.20227963,1.0
flanders_krum,alie,10,8,2,3,0.2,1.0,1001,0.16930111,1.0
flanders_krum,alie,11,8,2,3,0.2,1.0,1001,0.1666822,1.0
flanders_krum,alie,12,8,2,3,0.2,1.0,1001,0.1999441,0.88054997
flanders_krum,alie,13,8,2,3,0.2,1.0,1001,0.37002152,1.5502138
flanders_krum,alie,14,8,2,3,0.2,1.0,1001,0.11934321,1.0
flanders_krum,alie,15,8,2,3,0.2,1.0,1001,0.13368867,1.0
flanders_krum,alie,16,8,2,3,0.2,1.0,1001,0.2818254,1.2412524
flanders_krum,alie,17,8,2,3,0.2,1.0,1001,0.099514395,1.0
flanders_krum,alie,18,8,2,3,0.2,1.0,1001,0.17173456,1.0
flanders_krum,alie,19,8,2,3,0.2,1.0,1001,0.14199027,1.0
flanders_krum,alie,0,8,2,3,0.2,1.0,2001,0.29097116,1.0
flanders_krum,alie,1,8,2,3,0.2,1.0,2001,0.34145078,1.0
flanders_krum,alie,2,8,2,3,0.2,1.0,2001,0.21334082,1.0
flanders_krum,alie,3,8,2,3,0.2,1.0,2001,0.16976169,0.97603905
flanders_krum,alie,4,8,2,3,0.2,1.0,2001,0.38036036,2.0945013
flanders_krum,alie,5,8,2,3,0.2,1.0,2001,0.21369864,1.0
flanders_krum,alie,6,8,2,3,0.2,1.0,2001,0.2913096,3.0617497
flanders_krum,alie,7,8,2,3,0.2,1.0,2001,0.03486664,1.0
flanders_krum,alie,8,8,2,3,0.2,1.0,2001,0.19313756,1.0
flanders_krum,alie,9,8,2,3,0.2,1.0,2001,0.14237557,1.0
flanders_krum,alie,10,8,2,3,0.2,1.0,2001,0.17137504,1.0
flanders_krum,alie,11,8,2,3,0.2,1.0,2001,0.17588313,1.0
flanders_krum,alie,12,8,2,3,0.2,1.0,2001,0.23511872,1.0
flanders_krum,alie,13,8,2,3,0.2,1.0,2001,0.27402654,1.0
flanders_krum,alie,14,8,2,3,0.2,1.0,2001,0.2548344,1.0
flanders_krum,alie,15,8,2,3,0.2,1.0,2001,0.14029968,1.0
flanders_krum,alie,16,8,2,3,0.2,1.0,2001,0.13125697,1.0
flanders_krum,alie,17,8,2,3,0.2,1.0,2001,0.153924,1.0
flanders_krum,alie,18,8,2,3,0.2,1.0,2001,0.13531749,1.0
flanders_krum,alie,19,8,2,3,0.2,1.0,2001,0.46341237,1.9203563
flanders_krum,alie,0,8,2,3,0.2,1.0,3001,0.13815947,1.0
flanders_krum,alie,1,8,2,3,0.2,1.0,3001,0.22956407,1.0
flanders_krum,alie,2,8,2,3,0.2,1.0,3001,0.30266336,1.0
flanders_krum,alie,3,8,2,3,0.2,1.0,3001,0.16175407,1.0
flanders_krum,alie,4,8,2,3,0.2,1.0,3001,0.1371996,1.0
flanders_krum,alie,5,8,2,3,0.2,1.0,3001,0.08722355,1.0
flanders_krum,alie,6,8,2,3,0.2,1.0,3001,0.26395652,1.1273285
flanders_krum,alie,7,8,2,3,0.2,1.0,3001,0.32204407,1.98998
flanders_krum,alie,8,8,2,3,0.2,1.0,3001,0.098083295,1.0
flanders_krum,alie,9,8,2,3,0.2,1.0,3001,0.17345354,1.0
flanders_krum,alie,10,8,2,3,0.2,1.0,3001,0.13487487,1.0
flanders_krum,alie,11,8,2,3,0.2,1.0,3001,0.43272933,1.0
flanders_krum,alie,12,8,2,3,0.2,1.0,3001,0.1466147,0.6628518
flanders_krum,alie,13,8,2,3,0.2,1.0,3001,0.10767205,1.0
flanders_krum,alie,14,8,2,3,0.2,1.0,3001,0.13815124,1.0
flanders_krum,alie,15,8,2,3,0.2,1.0,3001,0.06708015,1.0
flanders_krum,alie,16,8,2,3,0.2,1.0,3001,0.15590908,1.0
flanders_krum,alie,17,8,2,3,0.2,1.0,3001,0.24400753,1.0
flanders_krum,alie,18,8,2,3,0.2,1.0,3001,0.10876588,1.0
flanders_krum,alie,19,8,2,3,0.2,1.0,3001,0.21983077,1.0
flanders_krum,alie,0,8,2,3,0.2,1.0,4001,0.20224643,1.0
flanders_krum,alie,1,8,2,3,0.2,1.0,4001,0.16083111,1.0
flanders_krum,alie,2,8,2,3,0.2,1.0,4001,0.24072921,4.8747735
flanders_krum,alie,3,8,2,3,0.2,1.0,4001,0.2100872,1.0
flanders_krum,alie,4,8,2,3,0.2,1.0,4001,0.1805922,1.0
flanders_krum,alie,5,8,2,3,0.2,1.0,4001,0.2590583,1.0
flanders_krum,alie,6,8,2,3,0.2,1.0,4001,0.052704,1.0
flanders_krum,alie,7,8,2,3,0.2,1.0,4001,0.09778985,1.0
flanders_krum,alie,8,8,2,3,0.2,1.0,4001,0.31222102,1.0
flanders_krum,alie,9,8,2,3,0.2,1.0,4001,0.082312964,1.0
flanders_krum,alie,10,8,2,3,0.2,1.0,4001,0.18491596,1.0
flanders_krum,alie,11,8,2,3,0.2,1.0,4001,0.20453368,1.3589513
flanders_krum,alie,12,8,2,3,0.2,1.0,4001,0.27828765,1.0
flanders_krum,alie,13,8,2,3,0.2,1.0,4001,0.21608566,1.2719663
flanders_krum,alie,14,8,2,3,0.2,1.0,4001,0.07504213,1.0
flanders_krum,alie,15,8,2,3,0.2,1.0,4001,0.34230888,2.7458076
flanders_krum,alie,16,8,2,3,0.2,1.0,4001,0.09679694,1.0
flanders_krum,alie,17,8,2,3,0.2,1.0,4001,0.1423877,1.0
flanders_krum,alie,18,8,2,3,0.2,1.0,4001,0.20953552,1.0
flanders_krum,alie,19,8,2,3,0.2,1.0,4001,0.03174618,1.0
dsscoll_fedavg,alie,0,8,2,3,0.2,1.0,1,0.091309845,1.0000001
dsscoll_fedavg,alie,1,8,2,3,0.2,1.0,1,0.5068704,3.1375124
dsscoll_fedavg,alie,2,8,2,3,0.2,1.0,1,0.1115594,0.67039084
dsscoll_fedavg,alie,3,8,2,3,0.2,1.0,1,0.18857878,0.7906649
dsscoll_fedavg,alie,4,8,2,3,0.2,1.0,1,0.22533076,2.610531
dsscoll_fedavg,alie,5,8,2,3,0.2,1.0,1,0.23718283,1.1550626
dsscoll_fedavg,alie,6,8,2,3,0.2,1.0,1,0.05873895,0.64434624
dsscoll_fedavg,alie,7,8,2,3,0.2,1.0,1,0.19153164,1.4820597
dsscoll_fedavg,alie,8,8,2,3,0.2,1.0,1,0.21890908,1.2760284
dsscoll_fedavg,alie,9,8,2,3,0.2,1.0,1,0.25626335,1.3411419
dsscoll_fedavg,alie,10,8,2,3,0.2,1.0,1,0.2269504,0.75484943
dsscoll_fedavg,alie,11,8,2,3,0.2,1.0,1,0.08155669,5.533989
dsscoll_fedavg,alie,12,8,2,3,0.2,1.0,1,0.121566035,1.1505146
dsscoll_fedavg,alie,13,8,2,3,0.2,1.0,1,0.26583743,1.6537492
dsscoll_fedavg,alie,14,8,2,3,0.2,1.0,1,0.28898793,1.0134742
dsscoll_fedavg,alie,15,8,2,3,0.2,1.0,1,0.064135425,0.47358307
dsscoll_fedavg,alie,16,8,2,3,0.2,1.0,1,0.14619178,0.75109875
dsscoll_fedavg,alie,17,8,2,3,0.2,1.0,1,0.11393492,0.94501513
dsscoll_fedavg,alie,18,8,2,3,0.2,1.0,1,0.11459611,1.1104743
dsscoll_fedavg,alie,19,8,2,3,0.2,1.0,1,0.1829215,0.86932635
dsscoll_fedavg,alie,0,8,2,3,0.2,1.0,1001,0.13331042,0.9999995
dsscoll_fedavg,alie,1,8,2,3,0.2,1.0,1001,0.22211272,1.9396464
dsscoll_fedavg,alie,2,8,2,3,0.2,1.0,1001,0.25840127,5.120564
dsscoll_fedavg,alie,3,8,2,3,0.2,1.0,1001,0.37088344,1.0788376
dsscoll_fedavg,alie,4,8,2,3,0.2,1.0,1001,0.22323772,1.4582821
dsscoll_fedavg,alie,5,8,2,3,0.2,1.0,1001,0.3459324,0.9184651
dsscoll_fedavg,alie,6,8,2,3,0.2,1.0,1001,0.20107731,1.0149652
dsscoll_fedavg,alie,7,8,2,3,0.2,1.0,1001,0.2620156,1.3912139
dsscoll_fedavg,alie,8,8,2,3,0.2,1.0,1001,0.19051906,0.747776
dsscoll_fedavg,alie,9,8,2,3,0.2,1.0,1001,0.3153941,1.5591986
dsscoll_fedavg,alie,10,8,2,3,0.2,1.0,1001,0.14658137,0.86580276
dsscoll_fedavg,alie,11,8,2,3,0.2,1.0,1001,0.21808125,1.3083656
dsscoll_fedavg,alie,12,8,2,3,0.2,1.0,1001,0.29950964,1.3190347
dsscoll_fedavg,alie,13,8,2,3,0.2,1.0,1001,0.2887241,1.2096164
dsscoll_fedavg,alie,14,8,2,3,0.2,1.0,1001,0.14277968,1.1963788
dsscoll_fedavg,alie,15,8,2,3,0.2,1.0,1001,0.13815503,1.0334086
dsscoll_fedavg,alie,16,8,2,3,0.2,1.0,1001,0.23143485,1.0193158
dsscoll_fedavg,alie,17,8,2,3,0.2,1.0,1001,0.1704767,1.7130859
dsscoll_fedavg,alie,18,8,2,3,0.2,1.0,1001,0.24488617,1.4259574
dsscoll_fedavg,alie,19,8,2,3,0.2,1.0,1001,0.13831209,0.9740955
dsscoll_fedavg,alie,0,8,2,3,0.2,1.0,2001,0.29097104,0.9999996
dsscoll_fedavg,alie,1,8,2,3,0.2,1.0,2001,0.61816496,1.8104072
dsscoll_fedavg,alie,2,8,2,3,0.2,1.0,2001,0.34910297,1.6363628
dsscoll_fedavg,alie,3,8,2,3,0.2,1.0,2001,0.29491708,1.6956156
dsscoll_fedavg,alie,4,8,2,3,0.2,1.0,2001,0.1866853,1.0280056
dsscoll_fedavg,alie,5,8,2,3,0.2,1.0,2001,0.16449767,0.7697647
dsscoll_fedavg,alie,6,8,2,3,0.2,1.0,2001,0.26922193,2.829602
dsscoll_fedavg,alie,7,8,2,3,0.2,1.0,2001,0.1803492,5.1725435
dsscoll_fedavg,alie,8,8,2,3,0.2,1.0,2001,0.17003499,0.88038284
dsscoll_fedavg,alie,9,8,2,3,0.2,1.0,2001,0.124598965,0.8751429
dsscoll_fedavg,alie,10,8,2,3,0.2,1.0,2001,0.18581259,1.0842454
dsscoll_fedavg,alie,11,8,2,3,0.2,1.0,2001,0.21578957,1.2268918
dsscoll_fedavg,alie,12,8,2,3,0.2,1.0,2001,0.18580516,0.79026103
dsscoll_fedavg,alie,13,8,2,3,0.2,1.0,2001,0.29743323,1.0854176
dsscoll_fedavg,alie,14,8,2,3,0.2,1.0,2001,0.330862,1.298341
dsscoll_fedavg,alie,15,8,2,3,0.2,1.0,2001,0.16330113,1.1639451
dsscoll_fedavg,alie,16,8,2,3,0.2,1.0,2001,0.13421822,1.0225607
dsscoll_fedavg,alie,17,8,2,3,0.2,1.0,2001,0.18944015,1.2307382
dsscoll_fedavg,alie,18,8,2,3,0.2,1.0,2001,0.12566923,0.9286991
dsscoll_fedavg,alie,19,8,2,3,0.2,1.0,2001,0.20926802,0.8671956
dsscoll_fedavg,alie,0,8,2,3,0.2,1.0,3001,0.13815951,1.0000004
dsscoll_fedavg,alie,1,8,2,3,0.2,1.0,3001,0.24995154,1.0888095
dsscoll_fedavg,alie,2,8,2,3,0.2,1.0,3001,0.32901222,1.0870566
dsscoll_fedavg,alie,3,8,2,3,0.2,1.0,3001,0.17804685,1.1007257
dsscoll_fedavg,alie,4,8,2,3,0.2,1.0,3001,0.16075546,1.1716905
dsscoll_fedavg,alie,5,8,2,3,0.2,1.0,3001,0.07645674,0.87656075
dsscoll_fedavg,alie,6,8,2,3,0.2,1.0,3001,0.18973498,0.8103367
dsscoll_fedavg,alie,7,8,2,3,0.2,1.0,3001,0.165468,1.0224626
dsscoll_fedavg,alie,8,8,2,3,0.2,1.0,3001,0.08479383,0.86450833
dsscoll_fedavg,alie,9,8,2,3,0.2,1.0,3001,0.22364752,1.28938
dsscoll_fedavg,alie,10,8,2,3,0.2,1.0,3001,0.16894974,1.2526406
dsscoll_fedavg,alie,11,8,2,3,0.2,1.0,3001,0.41903937,0.9683637
dsscoll_fedavg,alie,12,8,2,3,0.2,1.0,3001,0.25523597,1.1539335
dsscoll_fedavg,alie,13,8,2,3,0.2,1.0,3001,0.13985218,1.2988718
dsscoll_fedavg,alie,14,8,2,3,0.2,1.0,3001,0.1495247,1.0823262
dsscoll_fedavg,alie,15,8,2,3,0.2,1.0,3001,0.121909864,1.8173763
dsscoll_fedavg,alie,16,8,2,3,0.2,1.0,3001,0.09693149,0.62171805
dsscoll_fedavg,alie,17,8,2,3,0.2,1.0,3001,0.30539864,1.2515951
dsscoll_fedavg,alie,18,8,2,3,0.2,1.0,3001,0.17464846,1.6057284
dsscoll_fedavg,alie,19,8,2,3,0.2,1.0,3001,0.2539636,1.1552687
dsscoll_fedavg,alie,0,8,2,3,0.2,1.0,4001,0.20224643,1.0
dsscoll_fedavg,alie,1,8,2,3,0.2,1.0,4001,0.19902849,1.2375
dsscoll_fedavg,alie,2,8,2,3,0.2,1.0,4001,0.35331967,7.1547337
dsscoll_fedavg,alie,3,8,2,3,0.2,1.0,4001,0.3509209,1.6703583
dsscoll_fedavg,alie,4,8,2,3,0.2,1.0,4001,0.118262745,0.6548608
dsscoll_fedavg,alie,5,8,2,3,0.2,1.0,4001,0.26615626,1.0273991
dsscoll_fedavg,alie,6,8,2,3,0.2,1.0,4001,0.10504421,1.9930975
dsscoll_fedavg,alie,7,8,2,3,0.2,1.0,4001,0.11059224,1.1309174
dsscoll_fedavg,alie,8,8,2,3,0.2,1.0,4001,0.31332806,1.0035456
dsscoll_fedavg,alie,9,8,2,3,0.2,1.0,4001,0.10366021,1.2593424
dsscoll_fedavg,alie,10,8,2,3,0.2,1.0,4001,0.21709962,1.1740448
dsscoll_fedavg,alie,11,8,2,3,0.2,1.0,4001,0.102650866,0.6820272
dsscoll_fedavg,alie,12,8,2,3,0.2,1.0,4001,0.28815055,1.0354414
dsscoll_fedavg,alie,13,8,2,3,0.2,1.0,4001,0.24626812,1.4496323
dsscoll_fedavg,alie,14,8,2,3,0.2,1.0,4001,0.14726609,1.9624455
dsscoll_fedavg,alie,15,8,2,3,0.2,1.0,4001,0.1538422,1.2340349
dsscoll_fedavg,alie,16,8,2,3,0.2,1.0,4001,0.12944402,1.337274
dsscoll_fedavg,alie,17,8,2,3,0.2,1.0,4001,0.20959109,1.4719746
dsscoll_fedavg,alie,18,8,2,3,0.2,1.0,4001,0.2875109,1.3721344
dsscoll_fedavg,alie,19,8,2,3,0.2,1.0,4001,0.01383902,0.43592712
dssstab_fedavg,alie,0,8,2,3,0.2,1.0,1,0.091309845,1.0000001
dssstab_fedavg,alie,1,8,2,3,0.2,1.0,1,0.16155167,1.0
dssstab_fedavg,alie,2,8,2,3,0.2,1.0,1,0.1664095,1.0000001
dssstab_fedavg,alie,3,8,2,3,0.2,1.0,1,0.23850667,1.0000004
dssstab_fedavg,alie,4,8,2,3,0.2,1.0,1,0.08631599,0.9999992
dssstab_fedavg,alie,5,8,2,3,0.2,1.0,1,0.20534192,0.9999997
dssstab_fedavg,alie,6,8,2,3,0.2,1.0,1,0.09116043,0.99999887
dssstab_fedavg,alie,7,8,2,3,0.2,1.0,1,0.12923336,0.9999995
dssstab_fedavg,alie,8,8,2,3,0.2,1.0,1,0.17155512,1.0000005
dssstab_fedavg,alie,9,8,2,3,0.2,1.0,1,0.1910784,0.9999996
dssstab_fedavg,alie,10,8,2,3,0.2,1.0,1,0.30065647,0.9999998
dssstab_fedavg,alie,11,8,2,3,0.2,1.0,1,0.014737338,0.99999475
dssstab_fedavg,alie,12,8,2,3,0.2,1.0,1,0.10566231,0.99999994
dssstab_fedavg,alie,13,8,2,3,0.2,1.0,1,0.16074833,1.0
dssstab_fedavg,alie,14,8,2,3,0.2,1.0,1,0.28514573,0.9999997
dssstab_fedavg,alie,15,8,2,3,0.2,1.0,1,0.13542578,0.9999989
dssstab_fedavg,alie,16,8,2,3,0.2,1.0,1,0.19463712,0.99999946
dssstab_fedavg,alie,17,8,2,3,0.2,1.0,1,0.12056408,0.9999997
dssstab_fedavg,alie,18,8,2,3,0.2,1.0,1,0.10319579,1.0000014
dssstab_fedavg,alie,19,8,2,3,0.2,1.0,1,0.21041752,1.0
dssstab_fedavg,alie,0,8,2,3,0.2,1.0,1001,0.13331042,0.9999995
dssstab_fedavg,alie,1,8,2,3,0.2,1.0,1001,0.11451211,1.0000012
dssstab_fedavg,alie,2,8,2,3,0.2,1.0,1001,0.050463337,0.9999979
dssstab_fedavg,alie,3,8,2,3,0.2,1.0,1001,0.34378058,1.0
dssstab_fedavg,alie,4,8,2,3,0.2,1.0,1001,0.15308264,0.9999998
dssstab_fedavg,alie,5,8,2,3,0.2,1.0,1001,0.37664184,0.99999994
dssstab_fedavg,alie,6,8,2,3,0.2,1.0,1001,0.19811253,1.0
dssstab_fedavg,alie,7,8,2,3,0.2,1.0,1001,0.18833603,1.0000004
dssstab_fedavg,alie,8,8,2,3,0.2,1.0,1001,0.25478095,1.0
dssstab_fedavg,alie,9,8,2,3,0.2,1.0,1001,0.20227978,1.0000007
dssstab_fedavg,alie,10,8,2,3,0.2,1.0,1001,0.1693012,1.0000005
dssstab_fedavg,alie,11,8,2,3,0.2,1.0,1001,0.16668226,1.0000004
dssstab_fedavg,alie,12,8,2,3,0.2,1.0,1001,0.22706732,1.0000001
dssstab_fedavg,alie,13,8,2,3,0.2,1.0,1001,0.23869078,1.0000006
dssstab_fedavg,alie,14,8,2,3,0.2,1.0,1001,0.11934311,0.99999917
dssstab_fedavg,alie,15,8,2,3,0.2,1.0,1001,0.13368866,0.9999999
dssstab_fedavg,alie,16,8,2,3,0.2,1.0,1001,0.22704917,0.9999998
dssstab_fedavg,alie,17,8,2,3,0.2,1.0,1001,0.09951453,1.0000013
dssstab_fedavg,alie,18,8,2,3,0.2,1.0,1001,0.17173465,1.0000005
dssstab_fedavg,alie,19,8,2,3,0.2,1.0,1001,0.1419904,1.0000008
dssstab_fedavg,alie,0,8,2,3,0.2,1.0,2001,0.29097104,0.9999996
dssstab_fedavg,alie,1,8,2,3,0.2,1.0,2001,0.34145072,0.9999998
dssstab_fedavg,alie,2,8,2,3,0.2,1.0,2001,0.21334082,1.0
dssstab_fedavg,alie,3,8,2,3,0.2,1.0,2001,0.17392917,0.9999998
dssstab_fedavg,alie,4,8,2,3,0.2,1.0,2001,0.18159948,1.0
dssstab_fedavg,alie,5,8,2,3,0.2,1.0,2001,0.21369869,1.0000002
dssstab_fedavg,alie,6,8,2,3,0.2,1.0,2001,0.0951447,0.9999988
dssstab_fedavg,alie,7,8,2,3,0.2,1.0,2001,0.034866605,0.99999905
dssstab_fedavg,alie,8,8,2,3,0.2,1.0,2001,0.19313742,0.9999993
dssstab_fedavg,alie,9,8,2,3,0.2,1.0,2001,0.14237572,1.0000011
dssstab_fedavg,alie,10,8,2,3,0.2,1.0,2001,0.17137504,1.0
dssstab_fedavg,alie,11,8,2,3,0.2,1.0,2001,0.17588326,1.0000007
dssstab_fedavg,alie,12,8,2,3,0.2,1.0,2001,0.2351188,1.0000004
dssstab_fedavg,alie,13,8,2,3,0.2,1.0,2001,0.2740265,0.9999999
dssstab_fedavg,alie,14,8,2,3,0.2,1.0,2001,0.2548345,1.0000004
dssstab_fedavg,alie,15,8,2,3,0.2,1.0,2001,0.14029968,1.0
dssstab_fedavg,alie,16,8,2,3,0.2,1.0,2001,0.13125694,0.99999976
dssstab_fedavg,alie,17,8,2,3,0.2,1.0,2001,0.15392406,1.0000004
dssstab_fedavg,alie,18,8,2,3,0.2,1.0,2001,0.13531756,1.0000006
dssstab_fedavg,alie,19,8,2,3,0.2,1.0,2001,0.24131586,1.0000001
dssstab_fedavg,alie,0,8,2,3,0.2,1.0,3001,0.13815951,1.0000004
dssstab_fedavg,alie,1,8,2,3,0.2,1.0,3001,0.22956412,1.0000002
dssstab_fedavg,alie,2,8,2,3,0.2,1.0,3001,0.30266348,1.0000004
dssstab_fedavg,alie,3,8,2,3,0.2,1.0,3001,0.1617541,1.0000002
dssstab_fedavg,alie,4,8,2,3,0.2,1.0,3001,0.13719966,1.0000005
dssstab_fedavg,alie,5,8,2,3,0.2,1.0,3001,0.08722355,1.0
dssstab_fedavg,alie,6,8,2,3,0.2,1.0,3001,0.23414323,0.9999993
dssstab_fedavg,alie,7,8,2,3,0.2,1.0,3001,0.16183282,1.0
dssstab_fedavg,alie,8,8,2,3,0.2,1.0,3001,0.09808333,1.0000004
dssstab_fedavg,alie,9,8,2,3,0.2,1.0,3001,0.17345342,0.9999993
dssstab_fedavg,alie,10,8,2,3,0.2,1.0,3001,0.13487478,0.99999934
dssstab_fedavg,alie,11,8,2,3,0.2,1.0,3001,0.4327293,0.99999994
dssstab_fedavg,alie,12,8,2,3,0.2,1.0,3001,0.22118783,1.0000004
dssstab_fedavg,alie,13,8,2,3,0.2,1.0,3001,0.10767205,1.0
dssstab_fedavg,alie,14,8,2,3,0.2,1.0,3001,0.13815123,0.9999999
dssstab_fedavg,alie,15,8,2,3,0.2,1.0,3001,0.06708016,1.0000002
dssstab_fedavg,alie,16,8,2,3,0.2,1.0,3001,0.15590908,1.0
dssstab_fedavg,alie,17,8,2,3,0.2,1.0,3001,0.24400765,1.0000005
dssstab_fedavg,alie,18,8,2,3,0.2,1.0,3001,0.10876588,1.0
dssstab_fedavg,alie,19,8,2,3,0.2,1.0,3001,0.21983075,0.99999994
dssstab_fedavg,alie,0,8,2,3,0.2,1.0,4001,0.20224643,1.0
dssstab_fedavg,alie,1,8,2,3,0.2,1.0,4001,0.160831,0.99999934
dssstab_fedavg,alie,2,8,2,3,0.2,1.0,4001,0.049382623,0.9999995
dssstab_fedavg,alie,3,8,2,3,0.2,1.0,4001,0.21008733,1.0000006
dssstab_fedavg,alie,4,8,2,3,0.2,1.0,4001,0.18059213,0.99999964
dssstab_fedavg,alie,5,8,2,3,0.2,1.0,4001,0.25905842,1.0000005
dssstab_fedavg,alie,6,8,2,3,0.2,1.0,4001,0.052703954,0.99999917
dssstab_fedavg,alie,7,8,2,3,0.2,1.0,4001,0.0977899,1.0000005
dssstab_fedavg,alie,8,8,2,3,0.2,1.0,4001,0.31222102,1.0
dssstab_fedavg,alie,9,8,2,3,0.2,1.0,4001,0.082313046,1.000001
dssstab_fedavg,alie,10,8,2,3,0.2,1.0,4001,0.18491602,1.0000004
dssstab_fedavg,alie,11,8,2,3,0.2,1.0,4001,0.15050854,1.0000005
dssstab_fedavg,alie,12,8,2,3,0.2,1.0,4001,0.27828768,1.0000001
dssstab_fedavg,alie,13,8,2,3,0.2,1.0,4001,0.16988316,1.0
dssstab_fedavg,alie,14,8,2,3,0.2,1.0,4001,0.07504217,1.0000006
dssstab_fedavg,alie,15,8,2,3,0.2,1.0,4001,0.124666005,1.0
dssstab_fedavg,alie,16,8,2,3,0.2,1.0,4001,0.09679701,1.0000007
dssstab_fedavg,alie,17,8,2,3,0.2,1.0,4001,0.1423877,1.0
dssstab_fedavg,alie,18,8,2,3,0.2,1.0,4001,0.20953552,1.0
dssstab_fedavg,alie,19,8,2,3,0.2,1.0,4001,0.03174611,0.9999979
foolsgold,alie,0,8,2,3,0.2,1.0,1,1.5534024,17.012432
foolsgold,alie,1,8,2,3,0.2,1.0,1,1.5178956,9.395728
foolsgold,alie,2,8,2,3,0.2,1.0,1,0.8072081,4.8507338
foolsgold,alie,3,8,2,3,0.2,1.0,1,0.67308366,2.8220758
foolsgold,alie,4,8,2,3,0.2,1.0,1,1.39431,16.153542
foolsgold,alie,5,8,2,3,0.2,1.0,1,1.3487223,6.5681763
foolsgold,alie,6,8,2,3,0.2,1.0,1,1.5576423,17.086805
foolsgold,alie,7,8,2,3,0.2,1.0,1,1.1683781,9.040835
foolsgold,alie,8,8,2,3,0.2,1.0,1,1.5959134,9.302632
foolsgold,alie,9,8,2,3,0.2,1.0,1,0.69215584,3.6223643
foolsgold,alie,10,8,2,3,0.2,1.0,1,1.4812311,4.9266553
foolsgold,alie,11,8,2,3,0.2,1.0,1,1.3333961,90.47693
foolsgold,alie,12,8,2,3,0.2,1.0,1,1.3770434,13.032493
foolsgold,alie,13,8,2,3,0.2,1.0,1,0.87619305,5.450713
foolsgold,alie,14,8,2,3,0.2,1.0,1,0.85946494,3.0141244
foolsgold,alie,15,8,2,3,0.2,1.0,1,1.0746075,7.9350204
foolsgold,alie,16,8,2,3,0.2,1.0,1,1.0598538,5.445278
foolsgold,alie,17,8,2,3,0.2,1.0,1,1.261132,10.460259
foolsgold,alie,18,8,2,3,0.2,1.0,1,1.283565,12.438171
foolsgold,alie,19,8,2,3,0.2,1.0,1,1.5529135,7.380153
foolsgold,alie,0,8,2,3,0.2,1.0,1001,1.5780144,11.837136
foolsgold,alie,1,8,2,3,0.2,1.0,1001,1.5690718,13.702251
foolsgold,alie,2,8,2,3,0.2,1.0,1001,1.4021978,27.78641
foolsgold,alie,3,8,2,3,0.2,1.0,1001,1.3515666,3.9314802
foolsgold,alie,4,8,2,3,0.2,1.0,1001,1.499413,9.794793
foolsgold,alie,5,8,2,3,0.2,1.0,1001,1.5089021,4.0061984
foolsgold,alie,6,8,2,3,0.2,1.0,1001,0.8230781,4.1545987
foolsgold,alie,7,8,2,3,0.2,1.0,1001,1.3920515,7.39132
foolsgold,alie,8,8,2,3,0.2,1.0,1001,1.165717,4.57537
foolsgold,alie,9,8,2,3,0.2,1.0,1001,1.2792008,6.323923
foolsgold,alie,10,8,2,3,0.2,1.0,1001,1.4774992,8.72705
foolsgold,alie,11,8,2,3,0.2,1.0,1001,1.5328261,9.196099
foolsgold,alie,12,8,2,3,0.2,1.0,1001,1.260614,5.55172
foolsgold,alie,13,8,2,3,0.2,1.0,1001,1.4373459,6.0217943
foolsgold,alie,14,8,2,3,0.2,1.0,1001,1.3314346,11.15635
foolsgold,alie,15,8,2,3,0.2,1.0,1001,1.424391,10.654538
foolsgold,alie,16,8,2,3,0.2,1.0,1001,1.4211382,6.2591634
foolsgold,alie,17,8,2,3,0.2,1.0,1001,1.3096052,13.159958
foolsgold,alie,18,8,2,3,0.2,1.0,1001,1.6194062,9.429705
foolsgold,alie,19,8,2,3,0.2,1.0,1001,1.3102963,9.228071
foolsgold,alie,0,8,2,3,0.2,1.0,2001,1.3495185,4.6379805
foolsgold,alie,1,8,2,3,0.2,1.0,2001,1.4065822,4.119429
foolsgold,alie,2,8,2,3,0.2,1.0,2001,1.5617044,7.3202324
foolsgold,alie,3,8,2,3,0.2,1.0,2001,1.5237736,8.760884
foolsgold,alie,4,8,2,3,0.2,1.0,2001,1.546558,8.516313
foolsgold,alie,5,8,2,3,0.2,1.0,2001,1.286157,6.018555
foolsgold,alie,6,8,2,3,0.2,1.0,2001,1.2183708,12.805436
foolsgold,alie,7,8,2,3,0.2,1.0,2001,1.4722686,42.22571
foolsgold,alie,8,8,2,3,0.2,1.0,2001,1.5711182,8.134711
foolsgold,alie,9,8,2,3,0.2,1.0,2001,1.5099425,10.605349
foolsgold,alie,10,8,2,3,0.2,1.0,2001,1.5493838,9.040895
foolsgold,alie,11,8,2,3,0.2,1.0,2001,1.2550925,7.135946
foolsgold,alie,12,8,2,3,0.2,1.0,2001,1.4099587,5.9967947
foolsgold,alie,13,8,2,3,0.2,1.0,2001,1.0055318,3.6694686
foolsgold,alie,14,8,2,3,0.2,1.0,2001,1.2381505,4.858647
foolsgold,alie,15,8,2,3,0.2,1.0,2001,1.368527,9.754313
foolsgold,alie,16,8,2,3,0.2,1.0,2001,1.3346437,10.168174
foolsgold,alie,17,8,2,3,0.2,1.0,2001,1.1663812,7.5776434
foolsgold,alie,18,8,2,3,0.2,1.0,2001,1.4072552,10.399654
foolsgold,alie,19,8,2,3,0.2,1.0,2001,1.5150535,6.2783012
foolsgold,alie,0,8,2,3,0.2,1.0,3001,1.4522634,10.5115
foolsgold,alie,1,8,2,3,0.2,1.0,3001,1.1741881,5.11486
foolsgold,alie,2,8,2,3,0.2,1.0,3001,1.4701931,4.8575196
foolsgold,alie,3,8,2,3,0.2,1.0,3001,1.5780519,9.755872
foolsgold,alie,4,8,2,3,0.2,1.0,3001,0.9158195,6.675089
foolsgold,alie,5,8,2,3,0.2,1.0,3001,1.4632164,16.775475
foolsgold,alie,6,8,2,3,0.2,1.0,3001,0.80421287,3.4347024
foolsgold,alie,7,8,2,3,0.2,1.0,3001,1.5596337,9.637314
foolsgold,alie,8,8,2,3,0.2,1.0,3001,1.565269,15.958569
foolsgold,alie,9,8,2,3,0.2,1.0,3001,1.5795205,9.106303
foolsgold,alie,10,8,2,3,0.2,1.0,3001,1.5722096,11.656802
foolsgold,alie,11,8,2,3,0.2,1.0,3001,1.3473654,3.1136446
foolsgold,alie,12,8,2,3,0.2,1.0,3001,1.1499677,5.1990566
foolsgold,alie,13,8,2,3,0.2,1.0,3001,1.2137275,11.272447
foolsgold,alie,14,8,2,3,0.2,1.0,3001,1.5150267,10.966435
foolsgold,alie,15,8,2,3,0.2,1.0,3001,1.3133917,19.57944
foolsgold,alie,16,8,2,3,0.2,1.0,3001,0.7826297,5.019783
foolsgold,alie,17,8,2,3,0.2,1.0,3001,1.3222668,5.418959
foolsgold,alie,18,8,2,3,0.2,1.0,3001,1.4559835,13.3864
foolsgold,alie,19,8,2,3,0.2,1.0,3001,1.209065,5.4999804
foolsgold,alie,0,8,2,3,0.2,1.0,4001,1.5474708,7.6514125
foolsgold,alie,1,8,2,3,0.2,1.0,4001,1.508766,9.381059
foolsgold,alie,2,8,2,3,0.2,1.0,4001,1.5726107,31.845413
foolsgold,alie,3,8,2,3,0.2,1.0,4001,1.1943448,5.6849957
foolsgold,alie,4,8,2,3,0.2,1.0,4001,1.2085872,6.6923556
foolsgold,alie,5,8,2,3,0.2,1.0,4001,1.4078754,5.4345894
foolsgold,alie,6,8,2,3,0.2,1.0,4001,1.407745,26.710402
foolsgold,alie,7,8,2,3,0.2,1.0,4001,1.3309773,13.610588
foolsgold,alie,8,8,2,3,0.2,1.0,4001,1.5752745,5.0453825
foolsgold,alie,9,8,2,3,0.2,1.0,4001,1.3980887,16.985037
foolsgold,alie,10,8,2,3,0.2,1.0,4001,1.1716423,6.33608
foolsgold,alie,11,8,2,3,0.2,1.0,4001,1.3745346,9.1326065
foolsgold,alie,12,8,2,3,0.2,1.0,4001,1.4215442,5.108183
foolsgold,alie,13,8,2,3,0.2,1.0,4001,1.0858042,6.3914766
foolsgold,alie,14,8,2,3,0.2,1.0,4001,1.3920945,18.55084
foolsgold,alie,15,8,2,3,0.2,1.0,4001,1.258601,10.095783
foolsgold,alie,16,8,2,3,0.2,1.0,4001,1.421052,14.680754
foolsgold,alie,17,8,2,3,0.2,1.0,4001,1.1973252,8.408909
foolsgold,alie,18,8,2,3,0.2,1.0,4001,1.5885684,7.58138
foolsgold,alie,19,8,2,3,0.2,1.0,4001,1.3800117,43.470165
fedavg,adaptive_evasion,0,6,4,3,0.4,1.0,1,33.93718,0.3998702
fedavg,adaptive_evasion,1,6,4,3,0.4,1.0,1,40.81955,0.39944366
fedavg,adaptive_evasion,2,6,4,3,0.4,1.0,1,49.22635,0.40029356
fedavg,adaptive_evasion,3,6,4,3,0.4,1.0,1,59.20504,0.4002581
fedavg,adaptive_evasion,4,6,4,3,0.4,1.0,1,71.2531,0.40064266
fedavg,adaptive_evasion,5,6,4,3,0.4,1.0,1,85.57661,0.4003344
fedavg,adaptive_evasion,6,6,4,3,0.4,1.0,1,102.656944,0.39965826
fedavg,adaptive_evasion,7,6,4,3,0.4,1.0,1,123.27751,0.39949858
fedavg,adaptive_evasion,8,6,4,3,0.4,1.0,1,148.36552,0.4002921
fedavg,adaptive_evasion,9,6,4,3,0.4,1.0,1,177.99513,0.39988288
fedavg,adaptive_evasion,10,6,4,3,0.4,1.0,1,213.99667,0.40037674
fedavg,adaptive_evasion,11,6,4,3,0.4,1.0,1,256.73196,0.4000608
fedavg,adaptive_evasion,12,6,4,3,0.4,1.0,1,308.10712,0.39991826
fedavg,adaptive_evasion,13,6,4,3,0.4,1.0,1,369.9822,0.40004274
fedavg,adaptive_evasion,14,6,4,3,0.4,1.0,1,444.1428,0.40006578
fedavg,adaptive_evasion,15,6,4,3,0.4,1.0,1,532.9262,0.39992785
fedavg,adaptive_evasion,16,6,4,3,0.4,1.0,1,639.7464,0.39998814
fedavg,adaptive_evasion,17,6,4,3,0.4,1.0,1,767.8568,0.39999986
fedavg,adaptive_evasion,18,6,4,3,0.4,1.0,1,921.5697,0.40000108
fedavg,adaptive_evasion,19,6,4,3,0.4,1.0,1,1105.9601,0.3999786
fedavg,adaptive_evasion,0,6,4,3,0.4,1.0,1001,33.918365,0.39964852
fedavg,adaptive_evasion,1,6,4,3,0.4,1.0,1001,40.954723,0.4007664
fedavg,adaptive_evasion,2,6,4,3,0.4,1.0,1001,49.144497,0.39962798
fedavg,adaptive_evasion,3,6,4,3,0.4,1.0,1001,59.199978,0.40022388
fedavg,adaptive_evasion,4,6,4,3,0.4,1.0,1001,71.073784,0.39963442
fedavg,adaptive_evasion,5,6,4,3,0.4,1.0,1001,85.5503,0.40021133
fedavg,adaptive_evasion,6,6,4,3,0.4,1.0,1001,102.736694,0.39996874
fedavg,adaptive_evasion,7,6,4,3,0.4,1.0,1001,123.34619,0.39972115
fedavg,adaptive_evasion,8,6,4,3,0.4,1.0,1001,148.33116,0.40019938
fedavg,adaptive_evasion,9,6,4,3,0.4,1.0,1001,178.17444,0.4002857
fedavg,adaptive_evasion,10,6,4,3,0.4,1.0,1001,213.76372,0.39994088
fedavg,adaptive_evasion,11,6,4,3,0.4,1.0,1001,256.75064,0.40008992
fedavg,adaptive_evasion,12,6,4,3,0.4,1.0,1001,308.20563,0.4000461
fedavg,adaptive_evasion,13,6,4,3,0.4,1.0,1001,370.05313,0.40011942
fedavg,adaptive_evasion,14,6,4,3,0.4,1.0,1001,444.13358,0.40005746
fedavg,adaptive_evasion,15,6,4,3,0.4,1.0,1001,532.9558,0.39995006
fedavg,adaptive_evasion,16,6,4,3,0.4,1.0,1001,639.6772,0.39994487
fedavg,adaptive_evasion,17,6,4,3,0.4,1.0,1001,767.9275,0.4000367
fedavg,adaptive_evasion,18,6,4,3,0.4,1.0,1001,921.653,0.40003726
fedavg,adaptive_evasion,19,6,4,3,0.4,1.0,1001,1106.0525,0.40001202
fedavg,adaptive_evasion,0,6,4,3,0.4,1.0,2001,33.970284,0.40026024
fedavg,adaptive_evasion,1,6,4,3,0.4,1.0,2001,40.674244,0.39802176
fedavg,adaptive_evasion,2,6,4,3,0.4,1.0,2001,49.095795,0.39923194
fedavg,adaptive_evasion,3,6,4,3,0.4,1.0,2001,59.036896,0.39912134
fedavg,adaptive_evasion,4,6,4,3,0.4,1.0,2001,71.20452,0.40036952
fedavg,adaptive_evasion,5,6,4,3,0.4,1.0,2001,85.47467,0.39985752
fedavg,adaptive_evasion,6,6,4,3,0.4,1.0,2001,102.78337,0.40015045
fedavg,adaptive_evasion,7,6,4,3,0.4,1.0,2001,123.415344,0.39994526
fedavg,adaptive_evasion,8,6,4,3,0.4,1.0,2001,148.32677,0.40018752
fedavg,adaptive_evasion,9,6,4,3,0.4,1.0,2001,178.1331,0.40019283
fedavg,adaptive_evasion,10,6,4,3,0.4,1.0,2001,213.81932,0.40004492
fedavg,adaptive_evasion,11,6,4,3,0.4,1.0,2001,256.71066,0.4000276
fedavg,adaptive_evasion,12,6,4,3,0.4,1.0,2001,308.26453,0.40012258
fedavg,adaptive_evasion,13,6,4,3,0.4,1.0,2001,370.06094,0.4001279
fedavg,adaptive_evasion,14,6,4,3,0.4,1.0,2001,443.97363,0.3999134
fedavg,adaptive_evasion,15,6,4,3,0.4,1.0,2001,533.03503,0.4000095
fedavg,adaptive_evasion,16,6,4,3,0.4,1.0,2001,639.6864,0.39995062
fedavg,adaptive_evasion,17,6,4,3,0.4,1.0,2001,767.93085,0.40003842
fedavg,adaptive_evasion,18,6,4,3,0.4,1.0,2001,921.58246,0.40000662
fedavg,adaptive_evasion,19,6,4,3,0.4,1.0,2001,1106.1301,0.4000401
fedavg,adaptive_evasion,0,6,4,3,0.4,1.0,3001,34.004845,0.40066746
fedavg,adaptive_evasion,1,6,4,3,0.4,1.0,3001,40.857437,0.3998144
fedavg,adaptive_evasion,2,6,4,3,0.4,1.0,3001,49.30953,0.40096995
fedavg,adaptive_evasion,3,6,4,3,0.4,1.0,3001,59.03486,0.39910758
fedavg,adaptive_evasion,4,6,4,3,0.4,1.0,3001,71.10315,0.39979956
fedavg,adaptive_evasion,5,6,4,3,0.4,1.0,3001,85.42576,0.3996287
fedavg,adaptive_evasion,6,6,4,3,0.4,1.0,3001,102.748116,0.4000132
fedavg,adaptive_evasion,7,6,4,3,0.4,1.0,3001,123.38279,0.39983976
fedavg,adaptive_evasion,8,6,4,3,0.4,1.0,3001,148.25916,0.4000051
fedavg,adaptive_evasion,9,6,4,3,0.4,1.0,3001,178.13055,0.4001871
fedavg,adaptive_evasion,10,6,4,3,0.4,1.0,3001,213.88106,0.40016043
fedavg,adaptive_evasion,11,6,4,3,0.4,1.0,3001,256.48276,0.39967248
fedavg,adaptive_evasion,12,6,4,3,0.4,1.0,3001,308.31787,0.4001918
fedavg,adaptive_evasion,13,6,4,3,0.4,1.0,3001,369.8708,0.39992228
fedavg,adaptive_evasion,14,6,4,3,0.4,1.0,3001,444.04468,0.3999774
fedavg,adaptive_evasion,15,6,4,3,0.4,1.0,3001,533.00867,0.39998972
fedavg,adaptive_evasion,16,6,4,3,0.4,1.0,3001,639.8172,0.4000324
fedavg,adaptive_evasion,17,6,4,3,0.4,1.0,3001,767.96515,0.4000563
fedavg,adaptive_evasion,18,6,4,3,0.4,1.0,3001,921.63,0.40002728
fedavg,adaptive_evasion,19,6,4,3,0.4,1.0,3001,1106.047,0.40001005
fedavg,adaptive_evasion,0,6,4,3,0.4,1.0,4001,33.933872,0.39983124
fedavg,adaptive_evasion,1,6,4,3,0.4,1.0,4001,40.83724,0.39961675
fedavg,adaptive_evasion,2,6,4,3,0.4,1.0,4001,49.20617,0.40012947
fedavg,adaptive_evasion,3,6,4,3,0.4,1.0,4001,59.163067,0.39997432
fedavg,adaptive_evasion,4,6,4,3,0.4,1.0,4001,71.140594,0.40001008
fedavg,adaptive_evasion,5,6,4,3,0.4,1.0,4001,85.55542,0.40023527
fedavg,adaptive_evasion,6,6,4,3,0.4,1.0,4001,102.73145,0.39994833
fedavg,adaptive_evasion,7,6,4,3,0.4,1.0,4001,123.458916,0.40008646
fedavg,adaptive_evasion,8,6,4,3,0.4,1.0,4001,148.37799,0.40032572
fedavg,adaptive_evasion,9,6,4,3,0.4,1.0,4001,178.13898,0.40020603
fedavg,adaptive_evasion,10,6,4,3,0.4,1.0,4001,213.75395,0.3999226
fedavg,adaptive_evasion,11,6,4,3,0.4,1.0,4001,256.71167,0.40002918
fedavg,adaptive_evasion,12,6,4,3,0.4,1.0,4001,308.1928,0.40002948
fedavg,adaptive_evasion,13,6,4,3,0.4,1.0,4001,369.9611,0.4000199
fedavg,adaptive_evasion,14,6,4,3,0.4,1.0,4001,444.0582,0.39998958
fedavg,adaptive_evasion,15,6,4,3,0.4,1.0,4001,532.9795,0.39996782
fedavg,adaptive_evasion,16,6,4,3,0.4,1.0,4001,639.7567,0.39999458
fedavg,adaptive_evasion,17,6,4,3,0.4,1.0,4001,767.812,0.39997652
fedavg,adaptive_evasion,18,6,4,3,0.4,1.0,4001,921.6254,0.40002528
fedavg,adaptive_evasion,19,6,4,3,0.4,1.0,4001,1106.0524,0.400012
krum,adaptive_evasion,0,6,4,3,0.4,1.0,1,0.13920565,0.0016402126
krum,adaptive_evasion,1,6,4,3,0.4,1.0,1,0.111764275,0.0026886307
krum,adaptive_evasion,2,6,4,3,0.4,1.0,1,0.20969842,0.0105277775
krum,adaptive_evasion,3,6,4,3,0.4,1.0,1,0.4022157,0.044232257
krum,adaptive_evasion,4,6,4,3,0.4,1.0,1,0.41408008,0.11250317
krum,adaptive_evasion,5,6,4,3,0.4,1.0,1,0.97427857,1.0
krum,adaptive_evasion,6,6,4,3,0.4,1.0,1,0.29438955,0.1942467
krum,adaptive_evasion,7,6,4,3,0.4,1.0,1,0.10825307,1.0
krum,adaptive_evasion,8,6,4,3,0.4,1.0,1,0.21650656,1.0
krum,adaptive_evasion,9,6,4,3,0.4,1.0,1,0.60621804,1.0
krum,adaptive_evasion,10,6,4,3,0.4,1.0,1,1.0738719,1.0
krum,adaptive_evasion,11,6,4,3,0.4,1.0,1,1.6350566,1.0
krum,adaptive_evasion,12,6,4,3,0.4,1.0,1,0.19943902,0.086394146
krum,adaptive_evasion,13,6,4,3,0.4,1.0,1,0.2882138,1.0
krum,adaptive_evasion,14,6,4,3,0.4,1.0,1,0.6922667,1.0
krum,adaptive_evasion,15,6,4,3,0.4,1.0,1,0.27181306,0.23091158
krum,adaptive_evasion,16,6,4,3,0.4,1.0,1,0.2774602,1.0
krum,adaptive_evasion,17,6,4,3,0.4,1.0,1,0.013457935,1.0
krum,adaptive_evasion,18,6,4,3,0.4,1.0,1,0.3625598,1.0
krum,adaptive_evasion,19,6,4,3,0.4,1.0,1,0.7814819,1.0
krum,adaptive_evasion,0,6,4,3,0.4,1.0,1001,0.16645326,0.001961262
krum,adaptive_evasion,1,6,4,3,0.4,1.0,1001,0.27051345,0.0065075424
krum,adaptive_evasion,2,6,4,3,0.4,1.0,1001,0.46389186,0.0232894
krum,adaptive_evasion,3,6,4,3,0.4,1.0,1001,0.6076259,0.06682152
krum,adaptive_evasion,4,6,4,3,0.4,1.0,1001,0.19221711,0.052224282
krum,adaptive_evasion,5,6,4,3,0.4,1.0,1001,0.97427857,1.0
krum,adaptive_evasion,6,6,4,3,0.4,1.0,1001,1.5155447,1.0
krum,adaptive_evasion,7,6,4,3,0.4,1.0,1001,0.19864288,0.0917492
krum,adaptive_evasion,8,6,4,3,0.4,1.0,1001,0.21650656,1.0
krum,adaptive_evasion,9,6,4,3,0.4,1.0,1001,0.60621804,1.0
krum,adaptive_evasion,10,6,4,3,0.4,1.0,1001,0.2804325,0.26114148
krum,adaptive_evasion,11,6,4,3,0.4,1.0,1001,0.42490202,0.2598699
krum,adaptive_evasion,12,6,4,3,0.4,1.0,1001,0.1999441,0.08661294
krum,adaptive_evasion,13,6,4,3,0.4,1.0,1001,0.2882138,1.0
krum,adaptive_evasion,14,6,4,3,0.4,1.0,1001,0.6922667,1.0
krum,adaptive_evasion,15,6,4,3,0.4,1.0,1001,0.27451104,0.23320358
krum,adaptive_evasion,16,6,4,3,0.4,1.0,1001,0.2774602,1.0
krum,adaptive_evasion,17,6,4,3,0.4,1.0,1001,0.013457935,1.0
krum,adaptive_evasion,18,6,4,3,0.4,1.0,1001,0.3625598,1.0
krum,adaptive_evasion,19,6,4,3,0.4,1.0,1001,0.7814819,1.0
krum,adaptive_evasion,0,6,4,3,0.4,1.0,2001,0.29126975,0.0034319318
krum,adaptive_evasion,1,6,4,3,0.4,1.0,2001,0.3292758,0.007921144
krum,adaptive_evasion,2,6,4,3,0.4,1.0,2001,0.092240445,0.0046308734
krum,adaptive_evasion,3,6,4,3,0.4,1.0,2001,0.53714913,0.059071086
krum,adaptive_evasion,4,6,4,3,0.4,1.0,2001,0.38036036,0.10334172
krum,adaptive_evasion,5,6,4,3,0.4,1.0,2001,0.97427857,1.0
krum,adaptive_evasion,6,6,4,3,0.4,1.0,2001,1.5155447,1.0
krum,adaptive_evasion,7,6,4,3,0.4,1.0,2001,0.2423743,0.11194788
krum,adaptive_evasion,8,6,4,3,0.4,1.0,2001,0.21650656,1.0
krum,adaptive_evasion,9,6,4,3,0.4,1.0,2001,0.60621804,1.0
krum,adaptive_evasion,10,6,4,3,0.4,1.0,2001,0.3077677,0.2865963
krum,adaptive_evasion,11,6,4,3,0.4,1.0,2001,0.47246543,0.28895968
krum,adaptive_evasion,12,6,4,3,0.4,1.0,2001,0.048497107,1.0
krum,adaptive_evasion,13,6,4,3,0.4,1.0,2001,0.2882138,1.0
krum,adaptive_evasion,14,6,4,3,0.4,1.0,2001,0.6922667,1.0
krum,adaptive_evasion,15,6,4,3,0.4,1.0,2001,0.21052183,0.17884324
krum,adaptive_evasion,16,6,4,3,0.4,1.0,2001,0.2774602,1.0
krum,adaptive_evasion,17,6,4,3,0.4,1.0,2001,0.013457935,1.0
krum,adaptive_evasion,18,6,4,3,0.4,1.0,2001,0.3625598,1.0
krum,adaptive_evasion,19,6,4,3,0.4,1.0,2001,0.7814819,1.0
krum,adaptive_evasion,0,6,4,3,0.4,1.0,3001,0.25635785,0.003020577
krum,adaptive_evasion,1,6,4,3,0.4,1.0,3001,0.39238477,0.009439311
krum,adaptive_evasion,2,6,4,3,0.4,1.0,3001,0.4058187,0.020373872
krum,adaptive_evasion,3,6,4,3,0.4,1.0,3001,0.37681052,0.041438412
krum,adaptive_evasion,4,6,4,3,0.4,1.0,3001,0.39285412,0.106736206
krum,adaptive_evasion,5,6,4,3,0.4,1.0,3001,0.97427857,1.0
krum,adaptive_evasion,6,6,4,3,0.4,1.0,3001,1.5155447,1.0
krum,adaptive_evasion,7,6,4,3,0.4,1.0,3001,0.28944552,0.13368914
krum,adaptive_evasion,8,6,4,3,0.4,1.0,3001,0.21650656,1.0
krum,adaptive_evasion,9,6,4,3,0.4,1.0,3001,0.60621804,1.0
krum,adaptive_evasion,10,6,4,3,0.4,1.0,3001,1.0738719,1.0
krum,adaptive_evasion,11,6,4,3,0.4,1.0,3001,0.7795542,0.47677505
krum,adaptive_evasion,12,6,4,3,0.4,1.0,3001,0.048497107,1.0
krum,adaptive_evasion,13,6,4,3,0.4,1.0,3001,0.2882138,1.0
krum,adaptive_evasion,14,6,4,3,0.4,1.0,3001,0.6922667,1.0
krum,adaptive_evasion,15,6,4,3,0.4,1.0,3001,1.1771305,1.0
krum,adaptive_evasion,16,6,4,3,0.4,1.0,3001,1.7589667,1.0
krum,adaptive_evasion,17,6,4,3,0.4,1.0,3001,0.3189299,0.1297956
krum,adaptive_evasion,18,6,4,3,0.4,1.0,3001,0.3625598,1.0
krum,adaptive_evasion,19,6,4,3,0.4,1.0,3001,0.7814819,1.0
krum,adaptive_evasion,0,6,4,3,0.4,1.0,4001,0.44883117,0.0052884244
krum,adaptive_evasion,1,6,4,3,0.4,1.0,4001,0.0701128,0.001686652
krum,adaptive_evasion,2,6,4,3,0.4,1.0,4001,0.24072921,0.0120856585
krum,adaptive_evasion,3,6,4,3,0.4,1.0,4001,0.30310154,0.033332527
krum,adaptive_evasion,4,6,4,3,0.4,1.0,4001,0.22755487,0.061825346
krum,adaptive_evasion,5,6,4,3,0.4,1.0,4001,0.97427857,1.0
krum,adaptive_evasion,6,6,4,3,0.4,1.0,4001,0.2685083,0.1771695
krum,adaptive_evasion,7,6,4,3,0.4,1.0,4001,0.10825307,1.0
krum,adaptive_evasion,8,6,4,3,0.4,1.0,4001,0.21650656,1.0
krum,adaptive_evasion,9,6,4,3,0.4,1.0,4001,0.60621804,1.0
krum,adaptive_evasion,10,6,4,3,0.4,1.0,4001,0.067562744,0.06291509
krum,adaptive_evasion,11,6,4,3,0.4,1.0,4001,0.20453368,0.12509272
krum,adaptive_evasion,12,6,4,3,0.4,1.0,4001,0.048497107,1.0
krum,adaptive_evasion,13,6,4,3,0.4,1.0,4001,0.2882138,1.0
krum,adaptive_evasion,14,6,4,3,0.4,1.0,4001,0.6922667,1.0
krum,adaptive_evasion,15,6,4,3,0.4,1.0,4001,1.1771305,1.0
krum,adaptive_evasion,16,6,4,3,0.4,1.0,4001,0.14624308,0.083141476
krum,adaptive_evasion,17,6,4,3,0.4,1.0,4001,0.013457935,1.0
krum,adaptive_evasion,18,6,4,3,0.4,1.0,4001,0.3625598,1.0
krum,adaptive_evasion,19,6,4,3,0.4,1.0,4001,0.7814819,1.0
dss_fedavg,adaptive_evasion,0,6,4,3,0.4,1.0,1,33.93718,0.3998702
dss_fedavg,adaptive_evasion,1,6,4,3,0.4,1.0,1,0.555483,0.005435732
dss_fedavg,adaptive_evasion,2,6,4,3,0.4,1.0,1,0.24151275,0.0048081875
dss_fedavg,adaptive_evasion,3,6,4,3,0.4,1.0,1,0.26636568,0.010984734
dss_fedavg,adaptive_evasion,4,6,4,3,0.4,1.0,1,0.15278532,0.013570867
dss_fedavg,adaptive_evasion,5,6,4,3,0.4,1.0,1,0.24649909,0.051751383
dss_fedavg,adaptive_evasion,6,6,4,3,0.4,1.0,1,0.32696384,0.21574016
dss_fedavg,adaptive_evasion,7,6,4,3,0.4,1.0,1,0.28058377,2.5919244
dss_fedavg,adaptive_evasion,8,6,4,3,0.4,1.0,1,0.15740575,0.72702533
dss_fedavg,adaptive_evasion,9,6,4,3,0.4,1.0,1,0.24605131,0.40587923
dss_fedavg,adaptive_evasion,10,6,4,3,0.4,1.0,1,0.6360376,0.59228444
dss_fedavg,adaptive_evasion,11,6,4,3,0.4,1.0,1,0.6953557,0.4252793
dss_fedavg,adaptive_evasion,12,6,4,3,0.4,1.0,1,0.86867887,0.37629932
dss_fedavg,adaptive_evasion,13,6,4,3,0.4,1.0,1,1.2987602,0.41672555
dss_fedavg,adaptive_evasion,14,6,4,3,0.4,1.0,1,1.7121437,0.41899487
dss_fedavg,adaptive_evasion,15,6,4,3,0.4,1.0,1,2.0041735,0.38174847
dss_fedavg,adaptive_evasion,16,6,4,3,0.4,1.0,1,2.6415849,0.39744645
dss_fedavg,adaptive_evasion,17,6,4,3,0.4,1.0,1,0.1894643,0.022766458
dss_fedavg,adaptive_evasion,18,6,4,3,0.4,1.0,1,0.10386741,0.031522594
dss_fedavg,adaptive_evasion,19,6,4,3,0.4,1.0,1,0.15896223,0.20341128
dss_fedavg,adaptive_evasion,0,6,4,3,0.4,1.0,1001,33.918365,0.39964852
dss_fedavg,adaptive_evasion,1,6,4,3,0.4,1.0,1001,0.47575337,0.0046555307
dss_fedavg,adaptive_evasion,2,6,4,3,0.4,1.0,1001,0.25920528,0.0051604216
dss_fedavg,adaptive_evasion,3,6,4,3,0.4,1.0,1001,0.38143212,0.015729994
dss_fedavg,adaptive_evasion,4,6,4,3,0.4,1.0,1001,0.19982596,0.017749162
dss_fedavg,adaptive_evasion,5,6,4,3,0.4,1.0,1001,0.4228198,0.08876912
dss_fedavg,adaptive_evasion,6,6,4,3,0.4,1.0,1001,0.23805644,0.1570765
dss_fedavg,adaptive_evasion,7,6,4,3,0.4,1.0,1001,0.2453092,2.2660716
dss_fedavg,adaptive_evasion,8,6,4,3,0.4,1.0,1001,0.28735062,1.3272145
dss_fedavg,adaptive_evasion,9,6,4,3,0.4,1.0,1001,0.30744272,0.50714874
dss_fedavg,adaptive_evasion,10,6,4,3,0.4,1.0,1001,0.40668848,0.3787123
dss_fedavg,adaptive_evasion,11,6,4,3,0.4,1.0,1001,0.73043644,0.44673464
dss_fedavg,adaptive_evasion,12,6,4,3,0.4,1.0,1001,0.96971405,0.42006633
dss_fedavg,adaptive_evasion,13,6,4,3,0.4,1.0,1001,1.3597679,0.43630072
dss_fedavg,adaptive_evasion,14,6,4,3,0.4,1.0,1001,1.6992648,0.41584316
dss_fedavg,adaptive_evasion,15,6,4,3,0.4,1.0,1001,2.0357275,0.3877588
dss_fedavg,adaptive_evasion,16,6,4,3,0.4,1.0,1001,2.5718024,0.38694715
dss_fedavg,adaptive_evasion,17,6,4,3,0.4,1.0,1001,0.16587093,0.019931426
dss_fedavg,adaptive_evasion,18,6,4,3,0.4,1.0,1001,0.17852652,0.054180797
dss_fedavg,adaptive_evasion,19,6,4,3,0.4,1.0,1001,0.28833285,0.3689565
dss_fedavg,adaptive_evasion,0,6,4,3,0.4,1.0,2001,33.970284,0.40026024
dss_fedavg,adaptive_evasion,1,6,4,3,0.4,1.0,2001,8.56209,0.08378516
dss_fedavg,adaptive_evasion,2,6,4,3,0.4,1.0,2001,0.14288649,0.002844674
dss_fedavg,adaptive_evasion,3,6,4,3,0.4,1.0,2001,0.32281634,0.01331272
dss_fedavg,adaptive_evasion,4,6,4,3,0.4,1.0,2001,0.32357338,0.028740793
dss_fedavg,adaptive_evasion,5,6,4,3,0.4,1.0,2001,0.22605108,0.047458414
dss_fedavg,adaptive_evasion,6,6,4,3,0.4,1.0,2001,0.253025,0.16695318
dss_fedavg,adaptive_evasion,7,6,4,3,0.4,1.0,2001,0.06013267,0.5554824
dss_fedavg,adaptive_evasion,8,6,4,3,0.4,1.0,2001,0.2924844,1.3509263
dss_fedavg,adaptive_evasion,9,6,4,3,0.4,1.0,2001,0.20694141,0.34136465
dss_fedavg,adaptive_evasion,10,6,4,3,0.4,1.0,2001,0.46697727,0.43485382
dss_fedavg,adaptive_evasion,11,6,4,3,0.4,1.0,2001,0.68175846,0.41696322
dss_fedavg,adaptive_evasion,12,6,4,3,0.4,1.0,2001,1.0184077,0.44115973
dss_fedavg,adaptive_evasion,13,6,4,3,0.4,1.0,2001,1.3672649,0.43870625
dss_fedavg,adaptive_evasion,14,6,4,3,0.4,1.0,2001,1.5451598,0.37813067
dss_fedavg,adaptive_evasion,15,6,4,3,0.4,1.0,2001,2.1155531,0.4029637
dss_fedavg,adaptive_evasion,16,6,4,3,0.4,1.0,2001,2.579505,0.38810605
dss_fedavg,adaptive_evasion,17,6,4,3,0.4,1.0,2001,0.1298338,0.015601123
dss_fedavg,adaptive_evasion,18,6,4,3,0.4,1.0,2001,0.09933292,0.030146427
dss_fedavg,adaptive_evasion,19,6,4,3,0.4,1.0,2001,0.23257488,0.2976075
dss_fedavg,adaptive_evasion,0,6,4,3,0.4,1.0,3001,34.004845,0.40066746
dss_fedavg,adaptive_evasion,1,6,4,3,0.4,1.0,3001,0.61558473,0.006023864
dss_fedavg,adaptive_evasion,2,6,4,3,0.4,1.0,3001,0.45564634,0.009071293
dss_fedavg,adaptive_evasion,3,6,4,3,0.4,1.0,3001,0.09287734,0.0038301966
dss_fedavg,adaptive_evasion,4,6,4,3,0.4,1.0,3001,0.13267645,0.011784735
dss_fedavg,adaptive_evasion,5,6,4,3,0.4,1.0,3001,0.19358748,0.040642828
dss_fedavg,adaptive_evasion,6,6,4,3,0.4,1.0,3001,0.34822536,0.22976911
dss_fedavg,adaptive_evasion,7,6,4,3,0.4,1.0,3001,0.28046212,2.5908005
dss_fedavg,adaptive_evasion,8,6,4,3,0.4,1.0,3001,0.15933068,0.7359162
dss_fedavg,adaptive_evasion,9,6,4,3,0.4,1.0,3001,0.19389002,0.31983545
dss_fedavg,adaptive_evasion,10,6,4,3,0.4,1.0,3001,0.51821405,0.482566
dss_fedavg,adaptive_evasion,11,6,4,3,0.4,1.0,3001,0.51374644,0.31420714
dss_fedavg,adaptive_evasion,12,6,4,3,0.4,1.0,3001,1.0756752,0.46596724
dss_fedavg,adaptive_evasion,13,6,4,3,0.4,1.0,3001,1.1757246,0.37724784
dss_fedavg,adaptive_evasion,14,6,4,3,0.4,1.0,3001,1.6134864,0.3948515
dss_fedavg,adaptive_evasion,15,6,4,3,0.4,1.0,3001,2.0868738,0.39750096
dss_fedavg,adaptive_evasion,16,6,4,3,0.4,1.0,3001,2.7106266,0.4078343
dss_fedavg,adaptive_evasion,17,6,4,3,0.4,1.0,3001,0.21146186,0.025409734
dss_fedavg,adaptive_evasion,18,6,4,3,0.4,1.0,3001,0.109638356,0.033274014
dss_fedavg,adaptive_evasion,19,6,4,3,0.4,1.0,3001,0.15415229,0.19725637
dss_fedavg,adaptive_evasion,0,6,4,3,0.4,1.0,4001,33.933872,0.39983124
dss_fedavg,adaptive_evasion,1,6,4,3,0.4,1.0,4001,0.46082345,0.0045094322
dss_fedavg,adaptive_evasion,2,6,4,3,0.4,1.0,4001,0.47020817,0.0093612
dss_fedavg,adaptive_evasion,3,6,4,3,0.4,1.0,4001,0.33863404,0.013965031
dss_fedavg,adaptive_evasion,4,6,4,3,0.4,1.0,4001,0.2453902,0.021796321
dss_fedavg,adaptive_evasion,5,6,4,3,0.4,1.0,4001,0.29011956,0.060909305
dss_fedavg,adaptive_evasion,6,6,4,3,0.4,1.0,4001,0.17114703,0.11292774
dss_fedavg,adaptive_evasion,7,6,4,3,0.4,1.0,4001,0.2015046,1.8614216
dss_fedavg,adaptive_evasion,8,6,4,3,0.4,1.0,4001,0.3265395,1.5082198
dss_fedavg,adaptive_evasion,9,6,4,3,0.4,1.0,4001,0.16487914,0.27197993
dss_fedavg,adaptive_evasion,10,6,4,3,0.4,1.0,4001,0.3925152,0.365514
dss_fedavg,adaptive_evasion,11,6,4,3,0.4,1.0,4001,0.6836743,0.41813493
dss_fedavg,adaptive_evasion,12,6,4,3,0.4,1.0,4001,0.95121634,0.4120534
dss_fedavg,adaptive_evasion,13,6,4,3,0.4,1.0,4001,1.2705032,0.40765887
dss_fedavg,adaptive_evasion,14,6,4,3,0.4,1.0,4001,1.624026,0.39743075
dss_fedavg,adaptive_evasion,15,6,4,3,0.4,1.0,4001,2.0578864,0.39197952
dss_fedavg,adaptive_evasion,16,6,4,3,0.4,1.0,4001,2.6508548,0.3988412
dss_fedavg,adaptive_evasion,17,6,4,3,0.4,1.0,4001,0.1504577,0.018079337
dss_fedavg,adaptive_evasion,18,6,4,3,0.4,1.0,4001,0.26328832,0.079905055
dss_fedavg,adaptive_evasion,19,6,4,3,0.4,1.0,4001,0.6060034,0.77545416
dsscoll_fedavg,adaptive_evasion,0,6,4,3,0.4,1.0,1,33.93718,0.3998702
dsscoll_fedavg,adaptive_evasion,1,6,4,3,0.4,1.0,1,0.555483,0.005435732
dsscoll_fedavg,adaptive_evasion,2,6,4,3,0.4,1.0,1,0.24151275,0.0048081875
dsscoll_fedavg,adaptive_evasion,3,6,4,3,0.4,1.0,1,0.26636568,0.010984734
dsscoll_fedavg,adaptive_evasion,4,6,4,3,0.4,1.0,1,0.15278532,0.013570867
dsscoll_fedavg,adaptive_evasion,5,6,4,3,0.4,1.0,1,0.24649909,0.051751383
dsscoll_fedavg,adaptive_evasion,6,6,4,3,0.4,1.0,1,0.32696384,0.21574016
dsscoll_fedavg,adaptive_evasion,7,6,4,3,0.4,1.0,1,0.28058377,2.5919244
dsscoll_fedavg,adaptive_evasion,8,6,4,3,0.4,1.0,1,0.15740575,0.72702533
dsscoll_fedavg,adaptive_evasion,9,6,4,3,0.4,1.0,1,0.19277383,0.3179942
dsscoll_fedavg,adaptive_evasion,10,6,4,3,0.4,1.0,1,0.45070526,0.41970116
dsscoll_fedavg,adaptive_evasion,11,6,4,3,0.4,1.0,1,0.18485154,0.11305513
dsscoll_fedavg,adaptive_evasion,12,6,4,3,0.4,1.0,1,0.42284688,8.719012
dsscoll_fedavg,adaptive_evasion,13,6,4,3,0.4,1.0,1,0.2508998,0.2818231
dsscoll_fedavg,adaptive_evasion,14,6,4,3,0.4,1.0,1,0.44884908,0.34232914
dsscoll_fedavg,adaptive_evasion,15,6,4,3,0.4,1.0,1,0.28308192,0.18604147
dsscoll_fedavg,adaptive_evasion,16,6,4,3,0.4,1.0,1,0.2826307,0.17373109
dsscoll_fedavg,adaptive_evasion,17,6,4,3,0.4,1.0,1,0.16802001,0.10004528
dsscoll_fedavg,adaptive_evasion,18,6,4,3,0.4,1.0,1,0.078140095,0.045809943
dsscoll_fedavg,adaptive_evasion,19,6,4,3,0.4,1.0,1,0.370007,0.21525826
dsscoll_fedavg,adaptive_evasion,0,6,4,3,0.4,1.0,1001,33.918365,0.39964852
dsscoll_fedavg,adaptive_evasion,1,6,4,3,0.4,1.0,1001,0.47575337,0.0046555307
dsscoll_fedavg,adaptive_evasion,2,6,4,3,0.4,1.0,1001,0.25920528,0.0051604216
dsscoll_fedavg,adaptive_evasion,3,6,4,3,0.4,1.0,1001,0.38143212,0.015729994
dsscoll_fedavg,adaptive_evasion,4,6,4,3,0.4,1.0,1001,0.19982596,0.017749162
dsscoll_fedavg,adaptive_evasion,5,6,4,3,0.4,1.0,1001,0.4228198,0.08876912
dsscoll_fedavg,adaptive_evasion,6,6,4,3,0.4,1.0,1001,0.23805644,0.1570765
dsscoll_fedavg,adaptive_evasion,7,6,4,3,0.4,1.0,1001,0.2453092,2.2660716
dsscoll_fedavg,adaptive_evasion,8,6,4,3,0.4,1.0,1001,0.28735062,1.3272145
dsscoll_fedavg,adaptive_evasion,9,6,4,3,0.4,1.0,1001,0.42379817,0.6990854
dsscoll_fedavg,adaptive_evasion,10,6,4,3,0.4,1.0,1001,0.15759274,0.14675191
dsscoll_fedavg,adaptive_evasion,11,6,4,3,0.4,1.0,1001,0.23082876,0.14117478
dsscoll_fedavg,adaptive_evasion,12,6,4,3,0.4,1.0,1001,0.3942732,8.129829
dsscoll_fedavg,adaptive_evasion,13,6,4,3,0.4,1.0,1001,0.27451286,0.9524626
dsscoll_fedavg,adaptive_evasion,14,6,4,3,0.4,1.0,1001,0.13024989,0.18814987
dsscoll_fedavg,adaptive_evasion,15,6,4,3,0.4,1.0,1001,0.28477553,0.24192351
dsscoll_fedavg,adaptive_evasion,16,6,4,3,0.4,1.0,1001,0.21251673,0.7659359
dsscoll_fedavg,adaptive_evasion,17,6,4,3,0.4,1.0,1001,0.17794205,13.222092
dsscoll_fedavg,adaptive_evasion,18,6,4,3,0.4,1.0,1001,0.18426254,0.50822663
dsscoll_fedavg,adaptive_evasion,19,6,4,3,0.4,1.0,1001,0.21320757,0.2728247
dsscoll_fedavg,adaptive_evasion,0,6,4,3,0.4,1.0,2001,33.970284,0.40026024
dsscoll_fedavg,adaptive_evasion,1,6,4,3,0.4,1.0,2001,8.56209,0.08378516
dsscoll_fedavg,adaptive_evasion,2,6,4,3,0.4,1.0,2001,0.14288649,0.002844674
dsscoll_fedavg,adaptive_evasion,3,6,4,3,0.4,1.0,2001,0.32281634,0.01331272
dsscoll_fedavg,adaptive_evasion,4,6,4,3,0.4,1.0,2001,0.32357338,0.028740793
dsscoll_fedavg,adaptive_evasion,5,6,4,3,0.4,1.0,2001,0.22605108,0.047458414
dsscoll_fedavg,adaptive_evasion,6,6,4,3,0.4,1.0,2001,0.253025,0.16695318
dsscoll_fedavg,adaptive_evasion,7,6,4,3,0.4,1.0,2001,0.06013267,0.5554824
dsscoll_fedavg,adaptive_evasion,8,6,4,3,0.4,1.0,2001,0.2924844,1.3509263
dsscoll_fedavg,adaptive_evasion,9,6,4,3,0.4,1.0,2001,0.2470956,0.40760186
dsscoll_fedavg,adaptive_evasion,10,6,4,3,0.4,1.0,2001,0.2224571,0.20715423
dsscoll_fedavg,adaptive_evasion,11,6,4,3,0.4,1.0,2001,0.1818511,0.11122007
dsscoll_fedavg,adaptive_evasion,12,6,4,3,0.4,1.0,2001,0.1276183,2.631462
dsscoll_fedavg,adaptive_evasion,13,6,4,3,0.4,1.0,2001,0.2093318,0.72630733
dsscoll_fedavg,adaptive_evasion,14,6,4,3,0.4,1.0,2001,0.26252845,0.3792302
dsscoll_fedavg,adaptive_evasion,15,6,4,3,0.4,1.0,2001,0.17157082,0.14575344
dsscoll_fedavg,adaptive_evasion,16,6,4,3,0.4,1.0,2001,0.16193564,0.58363557
dsscoll_fedavg,adaptive_evasion,17,6,4,3,0.4,1.0,2001,0.37313226,27.725817
dsscoll_fedavg,adaptive_evasion,18,6,4,3,0.4,1.0,2001,0.14967903,0.17418788
dsscoll_fedavg,adaptive_evasion,19,6,4,3,0.4,1.0,2001,0.3243204,0.25031027
dsscoll_fedavg,adaptive_evasion,0,6,4,3,0.4,1.0,3001,34.004845,0.40066746
dsscoll_fedavg,adaptive_evasion,1,6,4,3,0.4,1.0,3001,0.61558473,0.006023864
dsscoll_fedavg,adaptive_evasion,2,6,4,3,0.4,1.0,3001,0.45564634,0.009071293
dsscoll_fedavg,adaptive_evasion,3,6,4,3,0.4,1.0,3001,0.09287734,0.0038301966
dsscoll_fedavg,adaptive_evasion,4,6,4,3,0.4,1.0,3001,0.13267645,0.011784735
dsscoll_fedavg,adaptive_evasion,5,6,4,3,0.4,1.0,3001,0.19358748,0.040642828
dsscoll_fedavg,adaptive_evasion,6,6,4,3,0.4,1.0,3001,0.34822536,0.22976911
dsscoll_fedavg,adaptive_evasion,7,6,4,3,0.4,1.0,3001,0.28046212,2.5908005
dsscoll_fedavg,adaptive_evasion,8,6,4,3,0.4,1.0,3001,0.15933068,0.7359162
dsscoll_fedavg,adaptive_evasion,9,6,4,3,0.4,1.0,3001,0.19284695,0.31811485
dsscoll_fedavg,adaptive_evasion,10,6,4,3,0.4,1.0,3001,0.18908353,0.17607644
dsscoll_fedavg,adaptive_evasion,11,6,4,3,0.4,1.0,3001,0.5659067,0.34610832
dsscoll_fedavg,adaptive_evasion,12,6,4,3,0.4,1.0,3001,0.34554502,7.125065
dsscoll_fedavg,adaptive_evasion,13,6,4,3,0.4,1.0,3001,0.1275395,0.44251698
dsscoll_fedavg,adaptive_evasion,14,6,4,3,0.4,1.0,3001,0.20356381,0.29405403
dsscoll_fedavg,adaptive_evasion,15,6,4,3,0.4,1.0,3001,0.14623815,0.12423275
dsscoll_fedavg,adaptive_evasion,16,6,4,3,0.4,1.0,3001,0.1474522,0.53143555
dsscoll_fedavg,adaptive_evasion,17,6,4,3,0.4,1.0,3001,0.29712623,22.078144
dsscoll_fedavg,adaptive_evasion,18,6,4,3,0.4,1.0,3001,0.08154316,0.22490956
dsscoll_fedavg,adaptive_evasion,19,6,4,3,0.4,1.0,3001,0.32094854,0.41069221
dsscoll_fedavg,adaptive_evasion,0,6,4,3,0.4,1.0,4001,33.933872,0.39983124
dsscoll_fedavg,adaptive_evasion,1,6,4,3,0.4,1.0,4001,0.46082345,0.0045094322
dsscoll_fedavg,adaptive_evasion,2,6,4,3,0.4,1.0,4001,0.47020817,0.0093612
dsscoll_fedavg,adaptive_evasion,3,6,4,3,0.4,1.0,4001,0.33863404,0.013965031
dsscoll_fedavg,adaptive_evasion,4,6,4,3,0.4,1.0,4001,0.2453902,0.021796321
dsscoll_fedavg,adaptive_evasion,5,6,4,3,0.4,1.0,4001,0.29011956,0.060909305
dsscoll_fedavg,adaptive_evasion,6,6,4,3,0.4,1.0,4001,0.17114703,0.11292774
dsscoll_fedavg,adaptive_evasion,7,6,4,3,0.4,1.0,4001,0.2015046,1.8614216
dsscoll_fedavg,adaptive_evasion,8,6,4,3,0.4,1.0,4001,0.3265395,1.5082198
dsscoll_fedavg,adaptive_evasion,9,6,4,3,0.4,1.0,4001,0.23070592,0.3805659
dsscoll_fedavg,adaptive_evasion,10,6,4,3,0.4,1.0,4001,0.13709718,0.12766623
dsscoll_fedavg,adaptive_evasion,11,6,4,3,0.4,1.0,4001,0.20932867,0.12802534
dsscoll_fedavg,adaptive_evasion,12,6,4,3,0.4,1.0,4001,0.16660745,3.4354103
dsscoll_fedavg,adaptive_evasion,13,6,4,3,0.4,1.0,4001,0.28352845,0.9837435
dsscoll_fedavg,adaptive_evasion,14,6,4,3,0.4,1.0,4001,0.15005797,0.21676324
dsscoll_fedavg,adaptive_evasion,15,6,4,3,0.4,1.0,4001,0.10516646,0.08934138
dsscoll_fedavg,adaptive_evasion,16,6,4,3,0.4,1.0,4001,0.23114654,0.83308005
dsscoll_fedavg,adaptive_evasion,17,6,4,3,0.4,1.0,4001,0.16582198,12.321503
dsscoll_fedavg,adaptive_evasion,18,6,4,3,0.4,1.0,4001,0.3354921,0.9253428
dsscoll_fedavg,adaptive_evasion,19,6,4,3,0.4,1.0,4001,0.19031234,0.2435275
flanders_fedavg,adaptive_evasion,0,6,4,3,0.4,1.0,1,33.93718,0.3998702
flanders_fedavg,adaptive_evasion,1,6,4,3,0.4,1.0,1,14.517792,0.14206526
flanders_fedavg,adaptive_evasion,2,6,4,3,0.4,1.0,1,7.227566,0.14389092
flanders_fedavg,adaptive_evasion,3,6,4,3,0.4,1.0,1,10.452529,0.43105498
flanders_fedavg,adaptive_evasion,4,6,4,3,0.4,1.0,1,16.905315,0.5741346
flanders_fedavg,adaptive_evasion,5,6,4,3,0.4,1.0,1,10.300038,0.28867617
flanders_fedavg,adaptive_evasion,6,6,4,3,0.4,1.0,1,18.382137,0.42588004
flanders_fedavg,adaptive_evasion,7,6,4,3,0.4,1.0,1,7.2278585,0.13861963
flanders_fedavg,adaptive_evasion,8,6,4,3,0.4,1.0,1,3.757283,0.1490701
flanders_fedavg,adaptive_evasion,9,6,4,3,0.4,1.0,1,1.614148,0.13753374
flanders_fedavg,adaptive_evasion,10,6,4,3,0.4,1.0,1,2.944183,0.5885819
flanders_fedavg,adaptive_evasion,11,6,4,3,0.4,1.0,1,0.96614176,0.15217209
flanders_fedavg,adaptive_evasion,12,6,4,3,0.4,1.0,1,0.29451764,0.12758085
flanders_fedavg,adaptive_evasion,13,6,4,3,0.4,1.0,1,0.27594814,0.9574425
flanders_fedavg,adaptive_evasion,14,6,4,3,0.4,1.0,1,0.345859,0.4996037
flanders_fedavg,adaptive_evasion,15,6,4,3,0.4,1.0,1,0.26835024,0.22796984
flanders_fedavg,adaptive_evasion,16,6,4,3,0.4,1.0,1,0.7162625,0.40720642
flanders_fedavg,adaptive_evasion,17,6,4,3,0.4,1.0,1,1.4391097,0.58567756
flanders_fedavg,adaptive_evasion,18,6,4,3,0.4,1.0,1,1.9057771,0.57838196
flanders_fedavg,adaptive_evasion,19,6,4,3,0.4,1.0,1,2.3800538,0.5534458
flanders_fedavg,adaptive_evasion,0,6,4,3,0.4,1.0,1001,33.918365,0.39964852
flanders_fedavg,adaptive_evasion,1,6,4,3,0.4,1.0,1001,14.7107525,0.14395349
flanders_fedavg,adaptive_evasion,2,6,4,3,0.4,1.0,1001,7.112163,0.14159341
flanders_fedavg,adaptive_evasion,3,6,4,3,0.4,1.0,1001,10.460506,0.43138397
flanders_fedavg,adaptive_evasion,4,6,4,3,0.4,1.0,1001,4.114593,0.13973889
flanders_fedavg,adaptive_evasion,5,6,4,3,0.4,1.0,1001,8.030161,0.5795269
flanders_fedavg,adaptive_evasion,6,6,4,3,0.4,1.0,1001,2.4173064,0.14241146
flanders_fedavg,adaptive_evasion,7,6,4,3,0.4,1.0,1001,0.98520863,0.12927508
flanders_fedavg,adaptive_evasion,8,6,4,3,0.4,1.0,1001,1.3368702,0.45402485
flanders_fedavg,adaptive_evasion,9,6,4,3,0.4,1.0,1001,1.7152798,0.44210583
flanders_fedavg,adaptive_evasion,10,6,4,3,0.4,1.0,1001,2.805308,0.5608189
flanders_fedavg,adaptive_evasion,11,6,4,3,0.4,1.0,1001,1.9178909,0.30207726
flanders_fedavg,adaptive_evasion,12,6,4,3,0.4,1.0,1001,4.5445495,0.5705492
flanders_fedavg,adaptive_evasion,13,6,4,3,0.4,1.0,1001,5.651758,0.57061523
flanders_fedavg,adaptive_evasion,14,6,4,3,0.4,1.0,1001,7.06966,0.5779635
flanders_fedavg,adaptive_evasion,15,6,4,3,0.4,1.0,1001,8.557356,0.5695474
flanders_fedavg,adaptive_evasion,16,6,4,3,0.4,1.0,1001,10.5161915,0.572272
flanders_fedavg,adaptive_evasion,17,6,4,3,0.4,1.0,1001,12.83713,0.5731408
flanders_fedavg,adaptive_evasion,18,6,4,3,0.4,1.0,1001,15.54606,0.5710457
flanders_fedavg,adaptive_evasion,19,6,4,3,0.4,1.0,1001,18.81073,0.5697627
flanders_fedavg,adaptive_evasion,0,6,4,3,0.4,1.0,2001,33.970284,0.40026024
flanders_fedavg,adaptive_evasion,1,6,4,3,0.4,1.0,2001,14.310293,0.14003475
flanders_fedavg,adaptive_evasion,2,6,4,3,0.4,1.0,2001,7.041771,0.140192
flanders_fedavg,adaptive_evasion,3,6,4,3,0.4,1.0,2001,3.2792482,0.1352339
flanders_fedavg,adaptive_evasion,4,6,4,3,0.4,1.0,2001,4.944296,0.43916774
flanders_fedavg,adaptive_evasion,5,6,4,3,0.4,1.0,2001,7.968966,0.5751105
flanders_fedavg,adaptive_evasion,6,6,4,3,0.4,1.0,2001,2.4824839,0.14625128
flanders_fedavg,adaptive_evasion,7,6,4,3,0.4,1.0,2001,1.06527,0.13978042
flanders_fedavg,adaptive_evasion,8,6,4,3,0.4,1.0,2001,0.5276493,0.17919905
flanders_fedavg,adaptive_evasion,9,6,4,3,0.4,1.0,2001,0.24534403,0.40471253
flanders_fedavg,adaptive_evasion,10,6,4,3,0.4,1.0,2001,0.64560866,0.6011971
flanders_fedavg,adaptive_evasion,11,6,4,3,0.4,1.0,2001,0.3077737,0.18823428
flanders_fedavg,adaptive_evasion,12,6,4,3,0.4,1.0,2001,1.3503423,0.5849491
flanders_fedavg,adaptive_evasion,13,6,4,3,0.4,1.0,2001,0.6248777,0.20050083
flanders_fedavg,adaptive_evasion,14,6,4,3,0.4,1.0,2001,0.2109026,0.30465513
flanders_fedavg,adaptive_evasion,15,6,4,3,0.4,1.0,2001,0.35261622,0.29955578
flanders_fedavg,adaptive_evasion,16,6,4,3,0.4,1.0,2001,0.9932761,0.564693
flanders_fedavg,adaptive_evasion,17,6,4,3,0.4,1.0,2001,1.4506136,0.5903594
flanders_fedavg,adaptive_evasion,18,6,4,3,0.4,1.0,2001,0.49940303,0.15156323
flanders_fedavg,adaptive_evasion,19,6,4,3,0.4,1.0,2001,0.30658284,0.39230958
flanders_fedavg,adaptive_evasion,0,6,4,3,0.4,1.0,3001,34.004845,0.40066746
flanders_fedavg,adaptive_evasion,1,6,4,3,0.4,1.0,3001,14.572391,0.14259954
flanders_fedavg,adaptive_evasion,2,6,4,3,0.4,1.0,3001,7.3481436,0.14629146
flanders_fedavg,adaptive_evasion,3,6,4,3,0.4,1.0,3001,3.276629,0.13512589
flanders_fedavg,adaptive_evasion,4,6,4,3,0.4,1.0,3001,6.4132447,0.56964433
flanders_fedavg,adaptive_evasion,5,6,4,3,0.4,1.0,3001,7.8405895,0.5658457
flanders_fedavg,adaptive_evasion,6,6,4,3,0.4,1.0,3001,2.4378,0.1436188
flanders_fedavg,adaptive_evasion,7,6,4,3,0.4,1.0,3001,2.1507676,0.282215
flanders_fedavg,adaptive_evasion,8,6,4,3,0.4,1.0,3001,1.3635762,0.14366075
flanders_fedavg,adaptive_evasion,9,6,4,3,0.4,1.0,3001,0.6831231,0.17607197
flanders_fedavg,adaptive_evasion,10,6,4,3,0.4,1.0,3001,0.6773924,0.63079447
flanders_fedavg,adaptive_evasion,11,6,4,3,0.4,1.0,3001,0.47563723,0.29089954
flanders_fedavg,adaptive_evasion,12,6,4,3,0.4,1.0,3001,1.5242527,0.6602846
flanders_fedavg,adaptive_evasion,13,6,4,3,0.4,1.0,3001,1.3046484,0.41861486
flanders_fedavg,adaptive_evasion,14,6,4,3,0.4,1.0,3001,0.57180345,0.13993143
flanders_fedavg,adaptive_evasion,15,6,4,3,0.4,1.0,3001,0.691218,0.58720595
flanders_fedavg,adaptive_evasion,16,6,4,3,0.4,1.0,3001,0.33047462,0.18787998
flanders_fedavg,adaptive_evasion,17,6,4,3,0.4,1.0,3001,1.3274041,0.54021657
flanders_fedavg,adaptive_evasion,18,6,4,3,0.4,1.0,3001,1.0375426,0.31488255
flanders_fedavg,adaptive_evasion,19,6,4,3,0.4,1.0,3001,1.1638844,0.27064386
flanders_fedavg,adaptive_evasion,0,6,4,3,0.4,1.0,4001,33.933872,0.39983124
flanders_fedavg,adaptive_evasion,1,6,4,3,0.4,1.0,4001,14.54345,0.14231634
flanders_fedavg,adaptive_evasion,2,6,4,3,0.4,1.0,4001,7.1989136,0.1433205
flanders_fedavg,adaptive_evasion,3,6,4,3,0.4,1.0,4001,3.4611137,0.1427339
flanders_fedavg,adaptive_evasion,4,6,4,3,0.4,1.0,4001,6.445122,0.57247573
flanders_fedavg,adaptive_evasion,5,6,4,3,0.4,1.0,4001,6.0027776,0.4332131
flanders_fedavg,adaptive_evasion,6,6,4,3,0.4,1.0,4001,2.4090276,0.14192373
flanders_fedavg,adaptive_evasion,7,6,4,3,0.4,1.0,4001,4.39738,0.5770064
flanders_fedavg,adaptive_evasion,8,6,4,3,0.4,1.0,4001,4.193836,0.44184527
flanders_fedavg,adaptive_evasion,9,6,4,3,0.4,1.0,4001,5.130666,0.43715918
flanders_fedavg,adaptive_evasion,10,6,4,3,0.4,1.0,4001,6.1959004,0.42937437
flanders_fedavg,adaptive_evasion,11,6,4,3,0.4,1.0,4001,2.5558617,0.14470564
flanders_fedavg,adaptive_evasion,12,6,4,3,0.4,1.0,4001,1.1787664,0.1479892
flanders_fedavg,adaptive_evasion,13,6,4,3,0.4,1.0,4001,1.3231674,0.42455697
flanders_fedavg,adaptive_evasion,14,6,4,3,0.4,1.0,4001,2.2404993,0.54829377
flanders_fedavg,adaptive_evasion,15,6,4,3,0.4,1.0,4001,0.6933808,0.13207293
flanders_fedavg,adaptive_evasion,16,6,4,3,0.4,1.0,4001,0.2611311,0.14845711
flanders_fedavg,adaptive_evasion,17,6,4,3,0.4,1.0,4001,0.7018023,0.285614
flanders_fedavg,adaptive_evasion,18,6,4,3,0.4,1.0,4001,1.0853795,0.3294005
flanders_fedavg,adaptive_evasion,19,6,4,3,0.4,1.0,4001,1.2634374,0.2937934
foolsgold,adaptive_evasion,0,6,4,3,0.4,1.0,1,1.5534024,0.01830321
foolsgold,adaptive_evasion,1,6,4,3,0.4,1.0,1,1.4701844,0.035367142
foolsgold,adaptive_evasion,2,6,4,3,0.4,1.0,1,1.3701718,0.06878861
foolsgold,adaptive_evasion,3,6,4,3,0.4,1.0,1,1.1067023,0.121705696
foolsgold,adaptive_evasion,4,6,4,3,0.4,1.0,1,1.3365054,0.36312082
foolsgold,adaptive_evasion,5,6,4,3,0.4,1.0,1,0.69986653,0.7183434
foolsgold,adaptive_evasion,6,6,4,3,0.4,1.0,1,1.2167635,3.211423
foolsgold,adaptive_evasion,7,6,4,3,0.4,1.0,1,1.562512,1.4803967
foolsgold,adaptive_evasion,8,6,4,3,0.4,1.0,1,0.59072423,0.6419855
foolsgold,adaptive_evasion,9,6,4,3,0.4,1.0,1,1.5408124,2.0333452
foolsgold,adaptive_evasion,10,6,4,3,0.4,1.0,1,1.2447846,0.999898
foolsgold,adaptive_evasion,11,6,4,3,0.4,1.0,1,1.3333961,1.1620176
foolsgold,adaptive_evasion,12,6,4,3,0.4,1.0,1,1.3895012,1.3482841
foolsgold,adaptive_evasion,13,6,4,3,0.4,1.0,1,1.0435798,1.1722007
foolsgold,adaptive_evasion,14,6,4,3,0.4,1.0,1,1.0842202,1.5018594
foolsgold,adaptive_evasion,15,6,4,3,0.4,1.0,1,1.455376,2.7993813
foolsgold,adaptive_evasion,16,6,4,3,0.4,1.0,1,1.4014558,1.2446637
foolsgold,adaptive_evasion,17,6,4,3,0.4,1.0,1,1.3159058,1.3096776
foolsgold,adaptive_evasion,18,6,4,3,0.4,1.0,1,1.2260306,1.4267842
foolsgold,adaptive_evasion,19,6,4,3,0.4,1.0,1,1.551905,2.2663968
foolsgold,adaptive_evasion,0,6,4,3,0.4,1.0,1001,1.5780144,0.018593205
foolsgold,adaptive_evasion,1,6,4,3,0.4,1.0,1001,1.6131285,0.038805842
foolsgold,adaptive_evasion,2,6,4,3,0.4,1.0,1001,1.3366946,0.06710791
foolsgold,adaptive_evasion,3,6,4,3,0.4,1.0,1001,1.3183249,0.14497815
foolsgold,adaptive_evasion,4,6,4,3,0.4,1.0,1001,1.6000903,0.4347353
foolsgold,adaptive_evasion,5,6,4,3,0.4,1.0,1001,1.5089021,1.5487379
foolsgold,adaptive_evasion,6,6,4,3,0.4,1.0,1001,1.2169102,3.21181
foolsgold,adaptive_evasion,7,6,4,3,0.4,1.0,1001,1.1566826,1.095895
foolsgold,adaptive_evasion,8,6,4,3,0.4,1.0,1001,1.5765656,1.7133752
foolsgold,adaptive_evasion,9,6,4,3,0.4,1.0,1001,1.4976662,1.976407
foolsgold,adaptive_evasion,10,6,4,3,0.4,1.0,1001,1.4013041,2.4893646
foolsgold,adaptive_evasion,11,6,4,3,0.4,1.0,1001,1.553556,1.3538808
foolsgold,adaptive_evasion,12,6,4,3,0.4,1.0,1001,1.5462552,1.5003883
foolsgold,adaptive_evasion,13,6,4,3,0.4,1.0,1001,1.5323918,1.7212585
foolsgold,adaptive_evasion,14,6,4,3,0.4,1.0,1001,1.3797092,1.9111704
foolsgold,adaptive_evasion,15,6,4,3,0.4,1.0,1001,1.5844878,1.2913673
foolsgold,adaptive_evasion,16,6,4,3,0.4,1.0,1001,1.5820172,1.4050243
foolsgold,adaptive_evasion,17,6,4,3,0.4,1.0,1001,1.5437497,1.5364431
foolsgold,adaptive_evasion,18,6,4,3,0.4,1.0,1001,1.317229,1.5329157
foolsgold,adaptive_evasion,19,6,4,3,0.4,1.0,1001,1.4721022,2.149853
foolsgold,adaptive_evasion,0,6,4,3,0.4,1.0,2001,1.4955839,0.017621955
foolsgold,adaptive_evasion,1,6,4,3,0.4,1.0,2001,1.4653608,0.035251103
foolsgold,adaptive_evasion,2,6,4,3,0.4,1.0,2001,1.5617044,0.07840438
foolsgold,adaptive_evasion,3,6,4,3,0.4,1.0,2001,1.3748106,0.15118995
foolsgold,adaptive_evasion,4,6,4,3,0.4,1.0,2001,1.3838834,0.37599313
foolsgold,adaptive_evasion,5,6,4,3,0.4,1.0,2001,1.3540806,1.3898289
foolsgold,adaptive_evasion,6,6,4,3,0.4,1.0,2001,1.352097,3.5686107
foolsgold,adaptive_evasion,7,6,4,3,0.4,1.0,2001,1.4444321,1.3685223
foolsgold,adaptive_evasion,8,6,4,3,0.4,1.0,2001,1.5352902,1.6685181
foolsgold,adaptive_evasion,9,6,4,3,0.4,1.0,2001,1.5568602,2.0545228
foolsgold,adaptive_evasion,10,6,4,3,0.4,1.0,2001,1.5306225,1.229503
foolsgold,adaptive_evasion,11,6,4,3,0.4,1.0,2001,1.5608737,1.360258
foolsgold,adaptive_evasion,12,6,4,3,0.4,1.0,2001,1.3679545,1.3273766
foolsgold,adaptive_evasion,13,6,4,3,0.4,1.0,2001,1.1168604,1.254513
foolsgold,adaptive_evasion,14,6,4,3,0.4,1.0,2001,1.3655868,1.8916079
foolsgold,adaptive_evasion,15,6,4,3,0.4,1.0,2001,1.5699241,1.2794977
foolsgold,adaptive_evasion,16,6,4,3,0.4,1.0,2001,1.5770552,1.4006175
foolsgold,adaptive_evasion,17,6,4,3,0.4,1.0,2001,1.4220957,1.4153649
foolsgold,adaptive_evasion,18,6,4,3,0.4,1.0,2001,1.5226192,1.7719371
foolsgold,adaptive_evasion,19,6,4,3,0.4,1.0,2001,1.2848777,1.876431
foolsgold,adaptive_evasion,0,6,4,3,0.4,1.0,3001,1.3276227,0.015642924
foolsgold,adaptive_evasion,1,6,4,3,0.4,1.0,3001,1.5051966,0.036209404
foolsgold,adaptive_evasion,2,6,4,3,0.4,1.0,3001,1.4570054,0.073148035
foolsgold,adaptive_evasion,3,6,4,3,0.4,1.0,3001,1.5780519,0.17354071
foolsgold,adaptive_evasion,4,6,4,3,0.4,1.0,3001,1.0738274,0.29175273
foolsgold,adaptive_evasion,5,6,4,3,0.4,1.0,3001,1.6281883,1.6711732
foolsgold,adaptive_evasion,6,6,4,3,0.4,1.0,3001,1.2784684,3.3742814
foolsgold,adaptive_evasion,7,6,4,3,0.4,1.0,3001,1.5596337,1.4776697
foolsgold,adaptive_evasion,8,6,4,3,0.4,1.0,3001,1.547081,1.681332
foolsgold,adaptive_evasion,9,6,4,3,0.4,1.0,3001,1.5795205,2.0844266
foolsgold,adaptive_evasion,10,6,4,3,0.4,1.0,3001,1.5722096,1.2629087
foolsgold,adaptive_evasion,11,6,4,3,0.4,1.0,3001,1.3805113,1.2030772
foolsgold,adaptive_evasion,12,6,4,3,0.4,1.0,3001,1.3613733,1.3209906
foolsgold,adaptive_evasion,13,6,4,3,0.4,1.0,3001,1.5109456,1.6971691
foolsgold,adaptive_evasion,14,6,4,3,0.4,1.0,3001,1.5676914,1.1956501
foolsgold,adaptive_evasion,15,6,4,3,0.4,1.0,3001,1.4142829,1.1526493
foolsgold,adaptive_evasion,16,6,4,3,0.4,1.0,3001,0.94924736,0.84304744
foolsgold,adaptive_evasion,17,6,4,3,0.4,1.0,3001,1.3297714,1.3234776
foolsgold,adaptive_evasion,18,6,4,3,0.4,1.0,3001,1.2931529,1.5048974
foolsgold,adaptive_evasion,19,6,4,3,0.4,1.0,3001,1.219857,1.781475
foolsgold,adaptive_evasion,0,6,4,3,0.4,1.0,4001,1.5474708,0.01823332
foolsgold,adaptive_evasion,1,6,4,3,0.4,1.0,4001,1.3001982,0.03127791
foolsgold,adaptive_evasion,2,6,4,3,0.4,1.0,4001,1.4754171,0.07407239
foolsgold,adaptive_evasion,3,6,4,3,0.4,1.0,4001,1.3497556,0.14843462
foolsgold,adaptive_evasion,4,6,4,3,0.4,1.0,4001,1.3712628,0.3725642
foolsgold,adaptive_evasion,5,6,4,3,0.4,1.0,4001,0.8893182,0.9127967
foolsgold,adaptive_evasion,6,6,4,3,0.4,1.0,4001,1.2465886,3.2901406
foolsgold,adaptive_evasion,7,6,4,3,0.4,1.0,4001,1.2842255,1.2167351
foolsgold,adaptive_evasion,8,6,4,3,0.4,1.0,4001,0.9556777,1.0386084
foolsgold,adaptive_evasion,9,6,4,3,0.4,1.0,4001,1.3433552,1.7727693
foolsgold,adaptive_evasion,10,6,4,3,0.4,1.0,4001,1.5580722,2.7678573
foolsgold,adaptive_evasion,11,6,4,3,0.4,1.0,4001,1.3270478,1.1564852
foolsgold,adaptive_evasion,12,6,4,3,0.4,1.0,4001,1.4079454,1.3661811
foolsgold,adaptive_evasion,13,6,4,3,0.4,1.0,4001,1.1770717,1.3221453
foolsgold,adaptive_evasion,14,6,4,3,0.4,1.0,4001,1.1962785,1.6570823
foolsgold,adaptive_evasion,15,6,4,3,0.4,1.0,4001,1.3869766,2.6678166
foolsgold,adaptive_evasion,16,6,4,3,0.4,1.0,4001,1.4818133,1.316031
foolsgold,adaptive_evasion,17,6,4,3,0.4,1.0,4001,1.2496244,1.2437099
foolsgold,adaptive_evasion,18,6,4,3,0.4,1.0,4001,1.3669919,1.5908269
foolsgold,adaptive_evasion,19,6,4,3,0.4,1.0,4001,1.5118078,2.207839
fedavg,adaptive_evasion,0,4,6,3,0.6,1.0,1,50.947594,0.6002981
fedavg,adaptive_evasion,1,4,6,3,0.6,1.0,1,61.224106,0.5991144
fedavg,adaptive_evasion,2,4,6,3,0.6,1.0,1,73.757484,0.5997732
fedavg,adaptive_evasion,3,4,6,3,0.6,1.0,1,88.77629,0.60017574
fedavg,adaptive_evasion,4,4,6,3,0.6,1.0,1,106.77165,0.60035676
fedavg,adaptive_evasion,5,4,6,3,0.6,1.0,1,128.31094,0.6002491
fedavg,adaptive_evasion,6,4,6,3,0.6,1.0,1,154.00812,0.59957576
fedavg,adaptive_evasion,7,4,6,3,0.6,1.0,1,185.09732,0.5998347
fedavg,adaptive_evasion,8,4,6,3,0.6,1.0,1,222.44695,0.6001647
fedavg,adaptive_evasion,9,4,6,3,0.6,1.0,1,266.9747,0.5997839
fedavg,adaptive_evasion,10,4,6,3,0.6,1.0,1,320.7952,0.60019124
fedavg,adaptive_evasion,11,4,6,3,0.6,1.0,1,385.10135,0.6000965
fedavg,adaptive_evasion,12,4,6,3,0.6,1.0,1,462.2813,0.600034
fedavg,adaptive_evasion,13,4,6,3,0.6,1.0,1,554.94293,0.60003126
fedavg,adaptive_evasion,14,4,6,3,0.6,1.0,1,666.10583,0.60000104
fedavg,adaptive_evasion,15,4,6,3,0.6,1.0,1,799.5051,0.5999787
fedavg,adaptive_evasion,16,4,6,3,0.6,1.0,1,959.63934,0.59999454
fedavg,adaptive_evasion,17,4,6,3,0.6,1.0,1,1151.7717,0.59999275
fedavg,adaptive_evasion,18,4,6,3,0.6,1.0,1,1382.37,0.60000837
fedavg,adaptive_evasion,19,4,6,3,0.6,1.0,1,1658.995,0.59998775
fedavg,adaptive_evasion,0,4,6,3,0.6,1.0,1001,50.94878,0.60031205
fedavg,adaptive_evasion,1,4,6,3,0.6,1.0,1001,61.29785,0.59983605
fedavg,adaptive_evasion,2,4,6,3,0.6,1.0,1001,73.74843,0.5996996
fedavg,adaptive_evasion,3,4,6,3,0.6,1.0,1001,88.75647,0.60004175
fedavg,adaptive_evasion,4,4,6,3,0.6,1.0,1001,106.60246,0.59940547
fedavg,adaptive_evasion,5,4,6,3,0.6,1.0,1001,128.3646,0.6005001
fedavg,adaptive_evasion,6,4,6,3,0.6,1.0,1001,154.14749,0.60011834
fedavg,adaptive_evasion,7,4,6,3,0.6,1.0,1001,185.03328,0.59962714
fedavg,adaptive_evasion,8,4,6,3,0.6,1.0,1001,222.43149,0.600123
fedavg,adaptive_evasion,9,4,6,3,0.6,1.0,1001,267.14395,0.6001641
fedavg,adaptive_evasion,10,4,6,3,0.6,1.0,1001,320.7124,0.6000364
fedavg,adaptive_evasion,11,4,6,3,0.6,1.0,1001,385.07196,0.6000507
fedavg,adaptive_evasion,12,4,6,3,0.6,1.0,1001,462.2539,0.5999984
fedavg,adaptive_evasion,13,4,6,3,0.6,1.0,1001,554.9282,0.60001534
fedavg,adaptive_evasion,14,4,6,3,0.6,1.0,1001,666.1319,0.6000245
fedavg,adaptive_evasion,15,4,6,3,0.6,1.0,1001,799.4672,0.59995025
fedavg,adaptive_evasion,16,4,6,3,0.6,1.0,1001,959.6075,0.59997463
fedavg,adaptive_evasion,17,4,6,3,0.6,1.0,1001,1151.8702,0.6000441
fedavg,adaptive_evasion,18,4,6,3,0.6,1.0,1001,1382.452,0.60004395
fedavg,adaptive_evasion,19,4,6,3,0.6,1.0,1001,1659.1041,0.6000272
fedavg,adaptive_evasion,0,4,6,3,0.6,1.0,2001,50.877895,0.5994769
fedavg,adaptive_evasion,1,4,6,3,0.6,1.0,2001,61.177513,0.59865844
fedavg,adaptive_evasion,2,4,6,3,0.6,1.0,2001,73.68794,0.59920776
fedavg,adaptive_evasion,3,4,6,3,0.6,1.0,2001,88.699356,0.5996556
fedavg,adaptive_evasion,4,4,6,3,0.6,1.0,2001,106.72709,0.6001062
fedavg,adaptive_evasion,5,4,6,3,0.6,1.0,2001,128.31474,0.6002669
fedavg,adaptive_evasion,6,4,6,3,0.6,1.0,2001,154.19305,0.6002957
fedavg,adaptive_evasion,7,4,6,3,0.6,1.0,2001,185.14543,0.59999055
fedavg,adaptive_evasion,8,4,6,3,0.6,1.0,2001,222.45442,0.60018486
fedavg,adaptive_evasion,9,4,6,3,0.6,1.0,2001,267.13702,0.60014856
fedavg,adaptive_evasion,10,4,6,3,0.6,1.0,2001,320.7088,0.60002965
fedavg,adaptive_evasion,11,4,6,3,0.6,1.0,2001,385.0366,0.5999956
fedavg,adaptive_evasion,12,4,6,3,0.6,1.0,2001,462.3578,0.60013324
fedavg,adaptive_evasion,13,4,6,3,0.6,1.0,2001,555.00055,0.60009354
fedavg,adaptive_evasion,14,4,6,3,0.6,1.0,2001,666.0269,0.59993
fedavg,adaptive_evasion,15,4,6,3,0.6,1.0,2001,799.57935,0.60003436
fedavg,adaptive_evasion,16,4,6,3,0.6,1.0,2001,959.59735,0.5999683
fedavg,adaptive_evasion,17,4,6,3,0.6,1.0,2001,1151.9102,0.6000649
fedavg,adaptive_evasion,18,4,6,3,0.6,1.0,2001,1382.3134,0.59998375
fedavg,adaptive_evasion,19,4,6,3,0.6,1.0,2001,1659.0974,0.6000248
fedavg,adaptive_evasion,0,4,6,3,0.6,1.0,3001,50.924587,0.600027
fedavg,adaptive_evasion,1,4,6,3,0.6,1.0,3001,61.32187,0.6000711
fedavg,adaptive_evasion,2,4,6,3,0.6,1.0,3001,73.872345,0.60070723
fedavg,adaptive_evasion,3,4,6,3,0.6,1.0,3001,88.67853,0.5995148
fedavg,adaptive_evasion,4,4,6,3,0.6,1.0,3001,106.71002,0.6000102
fedavg,adaptive_evasion,5,4,6,3,0.6,1.0,3001,128.2135,0.59979326
fedavg,adaptive_evasion,6,4,6,3,0.6,1.0,3001,154.0393,0.5996972
fedavg,adaptive_evasion,7,4,6,3,0.6,1.0,3001,185.10765,0.5998681
fedavg,adaptive_evasion,8,4,6,3,0.6,1.0,3001,222.41348,0.6000744
fedavg,adaptive_evasion,9,4,6,3,0.6,1.0,3001,267.11743,0.6001046
fedavg,adaptive_evasion,10,4,6,3,0.6,1.0,3001,320.7206,0.6000517
fedavg,adaptive_evasion,11,4,6,3,0.6,1.0,3001,384.92712,0.599825
fedavg,adaptive_evasion,12,4,6,3,0.6,1.0,3001,462.28812,0.6000428
fedavg,adaptive_evasion,13,4,6,3,0.6,1.0,3001,554.8543,0.5999355
fedavg,adaptive_evasion,14,4,6,3,0.6,1.0,3001,666.0861,0.5999833
fedavg,adaptive_evasion,15,4,6,3,0.6,1.0,3001,799.4869,0.599965
fedavg,adaptive_evasion,16,4,6,3,0.6,1.0,3001,959.74005,0.6000575
fedavg,adaptive_evasion,17,4,6,3,0.6,1.0,3001,1151.8558,0.60003656
fedavg,adaptive_evasion,18,4,6,3,0.6,1.0,3001,1382.4014,0.60002196
fedavg,adaptive_evasion,19,4,6,3,0.6,1.0,3001,1659.1025,0.60002667
fedavg,adaptive_evasion,0,4,6,3,0.6,1.0,4001,50.91087,0.5998654
fedavg,adaptive_evasion,1,4,6,3,0.6,1.0,4001,61.37405,0.6005817
fedavg,adaptive_evasion,2,4,6,3,0.6,1.0,4001,73.76402,0.5998264
fedavg,adaptive_evasion,3,4,6,3,0.6,1.0,4001,88.7838,0.6002265
fedavg,adaptive_evasion,4,4,6,3,0.6,1.0,4001,106.698654,0.5999463
fedavg,adaptive_evasion,5,4,6,3,0.6,1.0,4001,128.32062,0.60029435
fedavg,adaptive_evasion,6,4,6,3,0.6,1.0,4001,154.08952,0.5998927
fedavg,adaptive_evasion,7,4,6,3,0.6,1.0,4001,185.19795,0.6001608
fedavg,adaptive_evasion,8,4,6,3,0.6,1.0,4001,222.49048,0.6002822
fedavg,adaptive_evasion,9,4,6,3,0.6,1.0,4001,267.12674,0.60012543
fedavg,adaptive_evasion,10,4,6,3,0.6,1.0,4001,320.73828,0.6000848
fedavg,adaptive_evasion,11,4,6,3,0.6,1.0,4001,385.11887,0.6001238
fedavg,adaptive_evasion,12,4,6,3,0.6,1.0,4001,462.2468,0.5999892
fedavg,adaptive_evasion,13,4,6,3,0.6,1.0,4001,554.94037,0.6000285
fedavg,adaptive_evasion,14,4,6,3,0.6,1.0,4001,666.1434,0.6000349
fedavg,adaptive_evasion,15,4,6,3,0.6,1.0,4001,799.55115,0.6000132
fedavg,adaptive_evasion,16,4,6,3,0.6,1.0,4001,959.5908,0.5999642
fedavg,adaptive_evasion,17,4,6,3,0.6,1.0,4001,1151.7549,0.599984
fedavg,adaptive_evasion,18,4,6,3,0.6,1.0,4001,1382.3315,0.5999917
fedavg,adaptive_evasion,19,4,6,3,0.6,1.0,4001,1659.066,0.60001343
krum,adaptive_evasion,0,4,6,3,0.6,1.0,1,84.87049,1.0
krum,adaptive_evasion,1,4,6,3,0.6,1.0,1,102.19101,1.0
krum,adaptive_evasion,2,4,6,3,0.6,1.0,1,122.97562,1.0
krum,adaptive_evasion,3,4,6,3,0.6,1.0,1,147.91716,1.0
krum,adaptive_evasion,4,4,6,3,0.6,1.0,1,177.847,1.0
krum,adaptive_evasion,5,4,6,3,0.6,1.0,1,213.76282,1.0
krum,adaptive_evasion,6,4,6,3,0.6,1.0,1,256.86182,1.0
krum,adaptive_evasion,7,4,6,3,0.6,1.0,1,308.5806,1.0000001
krum,adaptive_evasion,8,4,6,3,0.6,1.0,1,370.64316,1.0
krum,adaptive_evasion,9,4,6,3,0.6,1.0,1,445.11816,1.0
krum,adaptive_evasion,10,4,6,3,0.6,1.0,1,534.4883,1.0
krum,adaptive_evasion,11,4,6,3,0.6,1.0,1,641.73236,1.0
krum,adaptive_evasion,12,4,6,3,0.6,1.0,1,770.42523,1.0
krum,adaptive_evasion,13,4,6,3,0.6,1.0,1,924.8567,1.0
krum,adaptive_evasion,14,4,6,3,0.6,1.0,1,1110.1744,1.0
krum,adaptive_evasion,15,4,6,3,0.6,1.0,1,1332.5559,1.0
krum,adaptive_evasion,16,4,6,3,0.6,1.0,1,1599.4135,1.0
krum,adaptive_evasion,17,4,6,3,0.6,1.0,1,1919.6427,1.0
krum,adaptive_evasion,18,4,6,3,0.6,1.0,1,2303.918,1.0
krum,adaptive_evasion,19,4,6,3,0.6,1.0,1,2765.048,1.0
krum,adaptive_evasion,0,4,6,3,0.6,1.0,1001,84.87049,1.0
krum,adaptive_evasion,1,4,6,3,0.6,1.0,1001,102.19101,1.0
krum,adaptive_evasion,2,4,6,3,0.6,1.0,1001,122.97562,1.0
krum,adaptive_evasion,3,4,6,3,0.6,1.0,1001,147.91716,1.0
krum,adaptive_evasion,4,4,6,3,0.6,1.0,1001,177.847,1.0
krum,adaptive_evasion,5,4,6,3,0.6,1.0,1001,213.76282,1.0
krum,adaptive_evasion,6,4,6,3,0.6,1.0,1001,256.86182,1.0
krum,adaptive_evasion,7,4,6,3,0.6,1.0,1001,308.5806,1.0000001
krum,adaptive_evasion,8,4,6,3,0.6,1.0,1001,370.64316,1.0
krum,adaptive_evasion,9,4,6,3,0.6,1.0,1001,445.11816,1.0
krum,adaptive_evasion,10,4,6,3,0.6,1.0,1001,534.4883,1.0
krum,adaptive_evasion,11,4,6,3,0.6,1.0,1001,641.73236,1.0
krum,adaptive_evasion,12,4,6,3,0.6,1.0,1001,770.42523,1.0
krum,adaptive_evasion,13,4,6,3,0.6,1.0,1001,924.8567,1.0
krum,adaptive_evasion,14,4,6,3,0.6,1.0,1001,1110.1744,1.0
krum,adaptive_evasion,15,4,6,3,0.6,1.0,1001,1332.5559,1.0
krum,adaptive_evasion,16,4,6,3,0.6,1.0,1001,1599.4135,1.0
krum,adaptive_evasion,17,4,6,3,0.6,1.0,1001,1919.6427,1.0
krum,adaptive_evasion,18,4,6,3,0.6,1.0,1001,2303.918,1.0
krum,adaptive_evasion,19,4,6,3,0.6,1.0,1001,2765.048,1.0
krum,adaptive_evasion,0,4,6,3,0.6,1.0,2001,84.87049,1.0
krum,adaptive_evasion,1,4,6,3,0.6,1.0,2001,102.19101,1.0
krum,adaptive_evasion,2,4,6,3,0.6,1.0,2001,122.97562,1.0
krum,adaptive_evasion,3,4,6,3,0.6,1.0,2001,147.91716,1.0
krum,adaptive_evasion,4,4,6,3,0.6,1.0,2001,177.847,1.0
krum,adaptive_evasion,5,4,6,3,0.6,1.0,2001,213.76282,1.0
krum,adaptive_evasion,6,4,6,3,0.6,1.0,2001,256.86182,1.0
krum,adaptive_evasion,7,4,6,3,0.6,1.0,2001,308.5806,1.0000001
krum,adaptive_evasion,8,4,6,3,0.6,1.0,2001,370.64316,1.0
krum,adaptive_evasion,9,4,6,3,0.6,1.0,2001,445.11816,1.0
krum,adaptive_evasion,10,4,6,3,0.6,1.0,2001,534.4883,1.0
krum,adaptive_evasion,11,4,6,3,0.6,1.0,2001,641.73236,1.0
krum,adaptive_evasion,12,4,6,3,0.6,1.0,2001,770.42523,1.0
krum,adaptive_evasion,13,4,6,3,0.6,1.0,2001,924.8567,1.0
krum,adaptive_evasion,14,4,6,3,0.6,1.0,2001,1110.1744,1.0
krum,adaptive_evasion,15,4,6,3,0.6,1.0,2001,1332.5559,1.0
krum,adaptive_evasion,16,4,6,3,0.6,1.0,2001,1599.4135,1.0
krum,adaptive_evasion,17,4,6,3,0.6,1.0,2001,1919.6427,1.0
krum,adaptive_evasion,18,4,6,3,0.6,1.0,2001,2303.918,1.0
krum,adaptive_evasion,19,4,6,3,0.6,1.0,2001,2765.048,1.0
krum,adaptive_evasion,0,4,6,3,0.6,1.0,3001,84.87049,1.0
krum,adaptive_evasion,1,4,6,3,0.6,1.0,3001,102.19101,1.0
krum,adaptive_evasion,2,4,6,3,0.6,1.0,3001,122.97562,1.0
krum,adaptive_evasion,3,4,6,3,0.6,1.0,3001,147.91716,1.0
krum,adaptive_evasion,4,4,6,3,0.6,1.0,3001,177.847,1.0
krum,adaptive_evasion,5,4,6,3,0.6,1.0,3001,213.76282,1.0
krum,adaptive_evasion,6,4,6,3,0.6,1.0,3001,256.86182,1.0
krum,adaptive_evasion,7,4,6,3,0.6,1.0,3001,308.5806,1.0000001
krum,adaptive_evasion,8,4,6,3,0.6,1.0,3001,370.64316,1.0
krum,adaptive_evasion,9,4,6,3,0.6,1.0,3001,445.11816,1.0
krum,adaptive_evasion,10,4,6,3,0.6,1.0,3001,534.4883,1.0
krum,adaptive_evasion,11,4,6,3,0.6,1.0,3001,641.73236,1.0
krum,adaptive_evasion,12,4,6,3,0.6,1.0,3001,770.42523,1.0
krum,adaptive_evasion,13,4,6,3,0.6,1.0,3001,924.8567,1.0
krum,adaptive_evasion,14,4,6,3,0.6,1.0,3001,1110.1744,1.0
krum,adaptive_evasion,15,4,6,3,0.6,1.0,3001,1332.5559,1.0
krum,adaptive_evasion,16,4,6,3,0.6,1.0,3001,1599.4135,1.0
krum,adaptive_evasion,17,4,6,3,0.6,1.0,3001,1919.6427,1.0
krum,adaptive_evasion,18,4,6,3,0.6,1.0,3001,2303.918,1.0
krum,adaptive_evasion,19,4,6,3,0.6,1.0,3001,2765.048,1.0
krum,adaptive_evasion,0,4,6,3,0.6,1.0,4001,84.87049,1.0
krum,adaptive_evasion,1,4,6,3,0.6,1.0,4001,102.19101,1.0
krum,adaptive_evasion,2,4,6,3,0.6,1.0,4001,122.97562,1.0
krum,adaptive_evasion,3,4,6,3,0.6,1.0,4001,147.91716,1.0
krum,adaptive_evasion,4,4,6,3,0.6,1.0,4001,177.847,1.0
krum,adaptive_evasion,5,4,6,3,0.6,1.0,4001,213.76282,1.0
krum,adaptive_evasion,6,4,6,3,0.6,1.0,4001,256.86182,1.0
krum,adaptive_evasion,7,4,6,3,0.6,1.0,4001,308.5806,1.0000001
krum,adaptive_evasion,8,4,6,3,0.6,1.0,4001,370.64316,1.0
krum,adaptive_evasion,9,4,6,3,0.6,1.0,4001,445.11816,1.0
krum,adaptive_evasion,10,4,6,3,0.6,1.0,4001,534.4883,1.0
krum,adaptive_evasion,11,4,6,3,0.6,1.0,4001,641.73236,1.0
krum,adaptive_evasion,12,4,6,3,0.6,1.0,4001,770.42523,1.0
krum,adaptive_evasion,13,4,6,3,0.6,1.0,4001,924.8567,1.0
krum,adaptive_evasion,14,4,6,3,0.6,1.0,4001,1110.1744,1.0
krum,adaptive_evasion,15,4,6,3,0.6,1.0,4001,1332.5559,1.0
krum,adaptive_evasion,16,4,6,3,0.6,1.0,4001,1599.4135,1.0
krum,adaptive_evasion,17,4,6,3,0.6,1.0,4001,1919.6427,1.0
krum,adaptive_evasion,18,4,6,3,0.6,1.0,4001,2303.918,1.0
krum,adaptive_evasion,19,4,6,3,0.6,1.0,4001,2765.048,1.0
dss_fedavg,adaptive_evasion,0,4,6,3,0.6,1.0,1,50.947594,0.6002981
dss_fedavg,adaptive_evasion,1,4,6,3,0.6,1.0,1,0.6397512,0.006260347
dss_fedavg,adaptive_evasion,2,4,6,3,0.6,1.0,1,0.1038483,0.0020674772
dss_fedavg,adaptive_evasion,3,4,6,3,0.6,1.0,1,0.24693729,0.010183521
dss_fedavg,adaptive_evasion,4,4,6,3,0.6,1.0,1,0.17786978,0.015798947
dss_fedavg,adaptive_evasion,5,4,6,3,0.6,1.0,1,0.30269045,0.063548505
dss_fedavg,adaptive_evasion,6,4,6,3,0.6,1.0,1,0.38362983,0.25313002
dss_fedavg,adaptive_evasion,7,4,6,3,0.6,1.0,1,0.29353264,2.711541
dss_fedavg,adaptive_evasion,8,4,6,3,0.6,1.0,1,0.32815114,1.5156637
dss_fedavg,adaptive_evasion,9,4,6,3,0.6,1.0,1,0.3853928,0.6357328
dss_fedavg,adaptive_evasion,10,4,6,3,0.6,1.0,1,0.74900174,0.69747776
dss_fedavg,adaptive_evasion,11,4,6,3,0.6,1.0,1,1.0508933,0.64272594
dss_fedavg,adaptive_evasion,12,4,6,3,0.6,1.0,1,1.4115956,0.61148316
dss_fedavg,adaptive_evasion,13,4,6,3,0.6,1.0,1,1.9063319,0.61167353
dss_fedavg,adaptive_evasion,14,4,6,3,0.6,1.0,1,2.4549797,0.60078126
dss_fedavg,adaptive_evasion,15,4,6,3,0.6,1.0,1,3.121828,0.5946357
dss_fedavg,adaptive_evasion,16,4,6,3,0.6,1.0,1,5.0238185,0.75587153
dss_fedavg,adaptive_evasion,17,4,6,3,0.6,1.0,1,8.313479,0.99896634
dss_fedavg,adaptive_evasion,18,4,6,3,0.6,1.0,1,10.3249445,0.99922943
dss_fedavg,adaptive_evasion,19,4,6,3,0.6,1.0,1,0.39085975,0.030665532
dss_fedavg,adaptive_evasion,0,4,6,3,0.6,1.0,1001,50.94878,0.60031205
dss_fedavg,adaptive_evasion,1,4,6,3,0.6,1.0,1001,0.26612675,0.0026042091
dss_fedavg,adaptive_evasion,2,4,6,3,0.6,1.0,1001,0.28671843,0.0057081706
dss_fedavg,adaptive_evasion,3,4,6,3,0.6,1.0,1001,0.45333272,0.018695123
dss_fedavg,adaptive_evasion,4,4,6,3,0.6,1.0,1001,0.2968757,0.02636942
dss_fedavg,adaptive_evasion,5,4,6,3,0.6,1.0,1001,0.53810096,0.112971894
dss_fedavg,adaptive_evasion,6,4,6,3,0.6,1.0,1001,0.33963656,0.22410199
dss_fedavg,adaptive_evasion,7,4,6,3,0.6,1.0,1001,0.33773413,3.1198573
dss_fedavg,adaptive_evasion,8,4,6,3,0.6,1.0,1001,0.28053957,1.2957555
dss_fedavg,adaptive_evasion,9,4,6,3,0.6,1.0,1001,0.4577993,0.75517243
dss_fedavg,adaptive_evasion,10,4,6,3,0.6,1.0,1001,0.6662995,0.6204646
dss_fedavg,adaptive_evasion,11,4,6,3,0.6,1.0,1001,1.0145139,0.6204763
dss_fedavg,adaptive_evasion,12,4,6,3,0.6,1.0,1001,1.3920271,0.60300636
dss_fedavg,adaptive_evasion,13,4,6,3,0.6,1.0,1001,1.884873,0.6047882
dss_fedavg,adaptive_evasion,14,4,6,3,0.6,1.0,1001,2.479734,0.6068391
dss_fedavg,adaptive_evasion,15,4,6,3,0.6,1.0,1001,3.084177,0.58746403
dss_fedavg,adaptive_evasion,16,4,6,3,0.6,1.0,1001,4.420523,0.6651012
dss_fedavg,adaptive_evasion,17,4,6,3,0.6,1.0,1001,8.315416,0.9991991
dss_fedavg,adaptive_evasion,18,4,6,3,0.6,1.0,1001,10.3279505,0.99952036
dss_fedavg,adaptive_evasion,19,4,6,3,0.6,1.0,1001,0.40946442,0.03212519
dss_fedavg,adaptive_evasion,0,4,6,3,0.6,1.0,2001,50.877895,0.5994769
dss_fedavg,adaptive_evasion,1,4,6,3,0.6,1.0,2001,25.280832,0.24738804
dss_fedavg,adaptive_evasion,2,4,6,3,0.6,1.0,2001,0.86024934,0.017126385
dss_fedavg,adaptive_evasion,3,4,6,3,0.6,1.0,2001,0.35956758,0.014828315
dss_fedavg,adaptive_evasion,4,4,6,3,0.6,1.0,2001,0.14606324,0.012973791
dss_fedavg,adaptive_evasion,5,4,6,3,0.6,1.0,2001,0.17040317,0.035775382
dss_fedavg,adaptive_evasion,6,4,6,3,0.6,1.0,2001,0.26550353,0.17518687
dss_fedavg,adaptive_evasion,7,4,6,3,0.6,1.0,2001,0.25203693,2.3282197
dss_fedavg,adaptive_evasion,8,4,6,3,0.6,1.0,2001,0.3022028,0.32842702
dss_fedavg,adaptive_evasion,9,4,6,3,0.6,1.0,2001,0.73605525,0.555052
dss_fedavg,adaptive_evasion,10,4,6,3,0.6,1.0,2001,0.7357095,0.5909733
dss_fedavg,adaptive_evasion,11,4,6,3,0.6,1.0,2001,0.6966639,0.60712326
dss_fedavg,adaptive_evasion,12,4,6,3,0.6,1.0,2001,0.51580185,0.5005015
dss_fedavg,adaptive_evasion,13,4,6,3,0.6,1.0,2001,0.45904863,0.5156262
dss_fedavg,adaptive_evasion,14,4,6,3,0.6,1.0,2001,0.51950574,0.71961826
dss_fedavg,adaptive_evasion,15,4,6,3,0.6,1.0,2001,0.28044266,0.53942466
dss_fedavg,adaptive_evasion,16,4,6,3,0.6,1.0,2001,0.23513593,0.84745824
dss_fedavg,adaptive_evasion,17,4,6,3,0.6,1.0,2001,0.13527419,10.05163
dss_fedavg,adaptive_evasion,18,4,6,3,0.6,1.0,2001,0.18602541,0.51308894
dss_fedavg,adaptive_evasion,19,4,6,3,0.6,1.0,2001,0.5448269,0.69717133
dss_fedavg,adaptive_evasion,0,4,6,3,0.6,1.0,3001,50.924587,0.600027
dss_fedavg,adaptive_evasion,1,4,6,3,0.6,1.0,3001,0.37610623,0.0036804238
dss_fedavg,adaptive_evasion,2,4,6,3,0.6,1.0,3001,0.5281443,0.010514629
dss_fedavg,adaptive_evasion,3,4,6,3,0.6,1.0,3001,0.23478596,0.0096824085
dss_fedavg,adaptive_evasion,4,4,6,3,0.6,1.0,3001,0.17997368,0.015985822
dss_fedavg,adaptive_evasion,5,4,6,3,0.6,1.0,3001,0.30962008,0.06500335
dss_fedavg,adaptive_evasion,6,4,6,3,0.6,1.0,3001,0.4067302,0.2683723
dss_fedavg,adaptive_evasion,7,4,6,3,0.6,1.0,3001,0.34994635,3.232669
dss_fedavg,adaptive_evasion,8,4,6,3,0.6,1.0,3001,0.20199594,0.9329784
dss_fedavg,adaptive_evasion,9,4,6,3,0.6,1.0,3001,0.3960649,0.6533372
dss_fedavg,adaptive_evasion,10,4,6,3,0.6,1.0,3001,0.68309885,0.63610834
dss_fedavg,adaptive_evasion,11,4,6,3,0.6,1.0,3001,0.8940955,0.54682845
dss_fedavg,adaptive_evasion,12,4,6,3,0.6,1.0,3001,1.4197466,0.6150141
dss_fedavg,adaptive_evasion,13,4,6,3,0.6,1.0,3001,1.8103819,0.58088666
dss_fedavg,adaptive_evasion,14,4,6,3,0.6,1.0,3001,2.434768,0.5958351
dss_fedavg,adaptive_evasion,15,4,6,3,0.6,1.0,3001,3.1040566,0.59125066
dss_fedavg,adaptive_evasion,16,4,6,3,0.6,1.0,3001,4.5730643,0.6880522
dss_fedavg,adaptive_evasion,17,4,6,3,0.6,1.0,3001,8.297407,0.9970351
dss_fedavg,adaptive_evasion,18,4,6,3,0.6,1.0,3001,10.315014,0.99826837
dss_fedavg,adaptive_evasion,19,4,6,3,0.6,1.0,3001,0.44629538,0.035014823
dss_fedavg,adaptive_evasion,0,4,6,3,0.6,1.0,4001,50.91087,0.5998654
dss_fedavg,adaptive_evasion,1,4,6,3,0.6,1.0,4001,14.184448,0.13880329
dss_fedavg,adaptive_evasion,2,4,6,3,0.6,1.0,4001,0.25040936,0.004985307
dss_fedavg,adaptive_evasion,3,4,6,3,0.6,1.0,4001,0.22329475,0.009208519
dss_fedavg,adaptive_evasion,4,4,6,3,0.6,1.0,4001,0.048812322,0.0043356624
dss_fedavg,adaptive_evasion,5,4,6,3,0.6,1.0,4001,0.38526362,0.080884375
dss_fedavg,adaptive_evasion,6,4,6,3,0.6,1.0,4001,0.17416029,0.114915974
dss_fedavg,adaptive_evasion,7,4,6,3,0.6,1.0,4001,0.17363816,1.6040022
dss_fedavg,adaptive_evasion,8,4,6,3,0.6,1.0,4001,0.3148516,1.4542359
dss_fedavg,adaptive_evasion,9,4,6,3,0.6,1.0,4001,0.51913,0.8563418
dss_fedavg,adaptive_evasion,10,4,6,3,0.6,1.0,4001,0.69038975,0.6428977
dss_fedavg,adaptive_evasion,11,4,6,3,0.6,1.0,4001,1.0629293,0.6500871
dss_fedavg,adaptive_evasion,12,4,6,3,0.6,1.0,4001,1.378617,0.5971973
dss_fedavg,adaptive_evasion,13,4,6,3,0.6,1.0,4001,1.896955,0.6086649
dss_fedavg,adaptive_evasion,14,4,6,3,0.6,1.0,4001,2.4911838,0.60964113
dss_fedavg,adaptive_evasion,15,4,6,3,0.6,1.0,4001,3.1685233,0.60353005
dss_fedavg,adaptive_evasion,16,4,6,3,0.6,1.0,4001,4.38103,0.6591592
dss_fedavg,adaptive_evasion,17,4,6,3,0.6,1.0,4001,8.313423,0.9989596
dss_fedavg,adaptive_evasion,18,4,6,3,0.6,1.0,4001,10.327609,0.9994873
dss_fedavg,adaptive_evasion,19,4,6,3,0.6,1.0,4001,0.38806975,0.030446637
dsscoll_fedavg,adaptive_evasion,0,4,6,3,0.6,1.0,1,50.947594,0.6002981
dsscoll_fedavg,adaptive_evasion,1,4,6,3,0.6,1.0,1,0.6397512,0.006260347
dsscoll_fedavg,adaptive_evasion,2,4,6,3,0.6,1.0,1,0.1038483,0.0020674772
dsscoll_fedavg,adaptive_evasion,3,4,6,3,0.6,1.0,1,0.24693729,0.010183521
dsscoll_fedavg,adaptive_evasion,4,4,6,3,0.6,1.0,1,0.17786978,0.015798947
dsscoll_fedavg,adaptive_evasion,5,4,6,3,0.6,1.0,1,0.30269045,0.063548505
dsscoll_fedavg,adaptive_evasion,6,4,6,3,0.6,1.0,1,0.38362983,0.25313002
dsscoll_fedavg,adaptive_evasion,7,4,6,3,0.6,1.0,1,0.29353264,2.711541
dsscoll_fedavg,adaptive_evasion,8,4,6,3,0.6,1.0,1,0.32815114,1.5156637
dsscoll_fedavg,adaptive_evasion,9,4,6,3,0.6,1.0,1,0.5651897,0.9323206
dsscoll_fedavg,adaptive_evasion,10,4,6,3,0.6,1.0,1,0.29623833,0.52625644
dsscoll_fedavg,adaptive_evasion,11,4,6,3,0.6,1.0,1,0.36622408,0.3191541
dsscoll_fedavg,adaptive_evasion,12,4,6,3,0.6,1.0,1,0.14856581,0.10318739
dsscoll_fedavg,adaptive_evasion,13,4,6,3,0.6,1.0,1,0.43850344,0.27649978
dsscoll_fedavg,adaptive_evasion,14,4,6,3,0.6,1.0,1,0.24180396,0.1457546
dsscoll_fedavg,adaptive_evasion,15,4,6,3,0.6,1.0,1,0.29505968,0.1740236
dsscoll_fedavg,adaptive_evasion,16,4,6,3,0.6,1.0,1,0.28326765,0.16528791
dsscoll_fedavg,adaptive_evasion,17,4,6,3,0.6,1.0,1,0.29083738,0.16880523
dsscoll_fedavg,adaptive_evasion,18,4,6,3,0.6,1.0,1,0.09784885,0.05664241
dsscoll_fedavg,adaptive_evasion,19,4,6,3,0.6,1.0,1,0.43148777,0.24944843
dsscoll_fedavg,adaptive_evasion,0,4,6,3,0.6,1.0,1001,50.94878,0.60031205
dsscoll_fedavg,adaptive_evasion,1,4,6,3,0.6,1.0,1001,0.26612675,0.0026042091
dsscoll_fedavg,adaptive_evasion,2,4,6,3,0.6,1.0,1001,0.28671843,0.0057081706
dsscoll_fedavg,adaptive_evasion,3,4,6,3,0.6,1.0,1001,0.45333272,0.018695123
dsscoll_fedavg,adaptive_evasion,4,4,6,3,0.6,1.0,1001,0.2968757,0.02636942
dsscoll_fedavg,adaptive_evasion,5,4,6,3,0.6,1.0,1001,0.53810096,0.112971894
dsscoll_fedavg,adaptive_evasion,6,4,6,3,0.6,1.0,1001,0.33963656,0.22410199
dsscoll_fedavg,adaptive_evasion,7,4,6,3,0.6,1.0,1001,0.33773413,3.1198573
dsscoll_fedavg,adaptive_evasion,8,4,6,3,0.6,1.0,1001,0.28053957,1.2957555
dsscoll_fedavg,adaptive_evasion,9,4,6,3,0.6,1.0,1001,0.5074497,0.8370743
dsscoll_fedavg,adaptive_evasion,10,4,6,3,0.6,1.0,1001,0.15931047,0.28300917
dsscoll_fedavg,adaptive_evasion,11,4,6,3,0.6,1.0,1001,0.054759603,0.047721475
dsscoll_fedavg,adaptive_evasion,12,4,6,3,0.6,1.0,1001,0.59342957,0.41217053
dsscoll_fedavg,adaptive_evasion,13,4,6,3,0.6,1.0,1001,0.17010073,0.10725757
dsscoll_fedavg,adaptive_evasion,14,4,6,3,0.6,1.0,1001,0.27548197,0.16605504
dsscoll_fedavg,adaptive_evasion,15,4,6,3,0.6,1.0,1001,0.17265542,0.10183064
dsscoll_fedavg,adaptive_evasion,16,4,6,3,0.6,1.0,1001,0.260179,0.1518156
dsscoll_fedavg,adaptive_evasion,17,4,6,3,0.6,1.0,1001,0.24353725,0.1413517
dsscoll_fedavg,adaptive_evasion,18,4,6,3,0.6,1.0,1001,0.44472805,0.25744265
dsscoll_fedavg,adaptive_evasion,19,4,6,3,0.6,1.0,1001,0.35399118,0.20464669
dsscoll_fedavg,adaptive_evasion,0,4,6,3,0.6,1.0,2001,50.877895,0.5994769
dsscoll_fedavg,adaptive_evasion,1,4,6,3,0.6,1.0,2001,25.280832,0.24738804
dsscoll_fedavg,adaptive_evasion,2,4,6,3,0.6,1.0,2001,0.86024934,0.017126385
dsscoll_fedavg,adaptive_evasion,3,4,6,3,0.6,1.0,2001,0.35956758,0.014828315
dsscoll_fedavg,adaptive_evasion,4,4,6,3,0.6,1.0,2001,0.14606324,0.012973791
dsscoll_fedavg,adaptive_evasion,5,4,6,3,0.6,1.0,2001,0.17040317,0.035775382
dsscoll_fedavg,adaptive_evasion,6,4,6,3,0.6,1.0,2001,0.26550353,0.17518687
dsscoll_fedavg,adaptive_evasion,7,4,6,3,0.6,1.0,2001,0.25203693,2.3282197
dsscoll_fedavg,adaptive_evasion,8,4,6,3,0.6,1.0,2001,0.3022028,0.32842702
dsscoll_fedavg,adaptive_evasion,9,4,6,3,0.6,1.0,2001,0.2891288,0.21802919
dsscoll_fedavg,adaptive_evasion,10,4,6,3,0.6,1.0,2001,0.2605526,0.1703987
dsscoll_fedavg,adaptive_evasion,11,4,6,3,0.6,1.0,2001,0.18662184,0.11445236
dsscoll_fedavg,adaptive_evasion,12,4,6,3,0.6,1.0,2001,0.22694804,0.13498309
dsscoll_fedavg,adaptive_evasion,13,4,6,3,0.6,1.0,2001,0.5209455,0.3052393
dsscoll_fedavg,adaptive_evasion,14,4,6,3,0.6,1.0,2001,0.45547733,0.26491022
dsscoll_fedavg,adaptive_evasion,15,4,6,3,0.6,1.0,2001,0.23255713,0.13476042
dsscoll_fedavg,adaptive_evasion,16,4,6,3,0.6,1.0,2001,0.21577269,0.124804944
dsscoll_fedavg,adaptive_evasion,17,4,6,3,0.6,1.0,2001,0.31514913,0.18211816
dsscoll_fedavg,adaptive_evasion,18,4,6,3,0.6,1.0,2001,0.15466227,0.089335196
dsscoll_fedavg,adaptive_evasion,19,4,6,3,0.6,1.0,2001,0.33810276,0.19524841
dsscoll_fedavg,adaptive_evasion,0,4,6,3,0.6,1.0,3001,50.924587,0.600027
dsscoll_fedavg,adaptive_evasion,1,4,6,3,0.6,1.0,3001,0.37610623,0.0036804238
dsscoll_fedavg,adaptive_evasion,2,4,6,3,0.6,1.0,3001,0.5281443,0.010514629
dsscoll_fedavg,adaptive_evasion,3,4,6,3,0.6,1.0,3001,0.23478596,0.0096824085
dsscoll_fedavg,adaptive_evasion,4,4,6,3,0.6,1.0,3001,0.17997368,0.015985822
dsscoll_fedavg,adaptive_evasion,5,4,6,3,0.6,1.0,3001,0.30962008,0.06500335
dsscoll_fedavg,adaptive_evasion,6,4,6,3,0.6,1.0,3001,0.4067302,0.2683723
dsscoll_fedavg,adaptive_evasion,7,4,6,3,0.6,1.0,3001,0.34994635,3.232669
dsscoll_fedavg,adaptive_evasion,8,4,6,3,0.6,1.0,3001,0.20199594,0.9329784
dsscoll_fedavg,adaptive_evasion,9,4,6,3,0.6,1.0,3001,0.25273865,0.41691035
dsscoll_fedavg,adaptive_evasion,10,4,6,3,0.6,1.0,3001,0.30568755,0.54304266
dsscoll_fedavg,adaptive_evasion,11,4,6,3,0.6,1.0,3001,0.59878904,0.52182806
dsscoll_fedavg,adaptive_evasion,12,4,6,3,0.6,1.0,3001,0.2483836,0.17251651
dsscoll_fedavg,adaptive_evasion,13,4,6,3,0.6,1.0,3001,0.210911,0.13299061
dsscoll_fedavg,adaptive_evasion,14,4,6,3,0.6,1.0,3001,0.35345185,0.21305373
dsscoll_fedavg,adaptive_evasion,15,4,6,3,0.6,1.0,3001,0.19372487,0.11425722
dsscoll_fedavg,adaptive_evasion,16,4,6,3,0.6,1.0,3001,0.23482902,0.13702376
dsscoll_fedavg,adaptive_evasion,17,4,6,3,0.6,1.0,3001,0.23197843,0.13464284
dsscoll_fedavg,adaptive_evasion,18,4,6,3,0.6,1.0,3001,0.26938224,0.15593907
dsscoll_fedavg,adaptive_evasion,19,4,6,3,0.6,1.0,3001,0.4427947,0.2559851
dsscoll_fedavg,adaptive_evasion,0,4,6,3,0.6,1.0,4001,50.91087,0.5998654
dsscoll_fedavg,adaptive_evasion,1,4,6,3,0.6,1.0,4001,14.184448,0.13880329
dsscoll_fedavg,adaptive_evasion,2,4,6,3,0.6,1.0,4001,0.25040936,0.004985307
dsscoll_fedavg,adaptive_evasion,3,4,6,3,0.6,1.0,4001,0.22329475,0.009208519
dsscoll_fedavg,adaptive_evasion,4,4,6,3,0.6,1.0,4001,0.048812322,0.0043356624
dsscoll_fedavg,adaptive_evasion,5,4,6,3,0.6,1.0,4001,0.38526362,0.080884375
dsscoll_fedavg,adaptive_evasion,6,4,6,3,0.6,1.0,4001,0.17416029,0.114915974
dsscoll_fedavg,adaptive_evasion,7,4,6,3,0.6,1.0,4001,0.17363816,1.6040022
dsscoll_fedavg,adaptive_evasion,8,4,6,3,0.6,1.0,4001,0.3148516,1.4542359
dsscoll_fedavg,adaptive_evasion,9,4,6,3,0.6,1.0,4001,0.15443917,0.25475836
dsscoll_fedavg,adaptive_evasion,10,4,6,3,0.6,1.0,4001,0.17559378,0.16351464
dsscoll_fedavg,adaptive_evasion,11,4,6,3,0.6,1.0,4001,0.20878245,0.63442457
dsscoll_fedavg,adaptive_evasion,12,4,6,3,0.6,1.0,4001,0.17810373,0.1728206
dsscoll_fedavg,adaptive_evasion,13,4,6,3,0.6,1.0,4001,0.16292004,0.117946
dsscoll_fedavg,adaptive_evasion,14,4,6,3,0.6,1.0,4001,0.260017,0.16703297
dsscoll_fedavg,adaptive_evasion,15,4,6,3,0.6,1.0,4001,0.35189396,0.21399982
dsscoll_fedavg,adaptive_evasion,16,4,6,3,0.6,1.0,4001,0.3444556,0.20403619
dsscoll_fedavg,adaptive_evasion,17,4,6,3,0.6,1.0,4001,0.30283907,0.17708546
dsscoll_fedavg,adaptive_evasion,18,4,6,3,0.6,1.0,4001,0.6146073,0.35710347
dsscoll_fedavg,adaptive_evasion,19,4,6,3,0.6,1.0,4001,0.4182765,0.24225856
flanders_fedavg,adaptive_evasion,0,4,6,3,0.6,1.0,1,50.947594,0.6002981
flanders_fedavg,adaptive_evasion,1,4,6,3,0.6,1.0,1,72.98433,0.7141952
flanders_fedavg,adaptive_evasion,2,4,6,3,0.6,1.0,1,105.4087,0.8571512
flanders_fedavg,adaptive_evasion,3,4,6,3,0.6,1.0,1,126.796455,0.8572126
flanders_fedavg,adaptive_evasion,4,4,6,3,0.6,1.0,1,152.46317,0.8572715
flanders_fedavg,adaptive_evasion,5,4,6,3,0.6,1.0,1,183.23546,0.8571905
flanders_fedavg,adaptive_evasion,6,4,6,3,0.6,1.0,1,220.10957,0.8569182
flanders_fedavg,adaptive_evasion,7,4,6,3,0.6,1.0,1,264.51938,0.8572133
flanders_fedavg,adaptive_evasion,8,4,6,3,0.6,1.0,1,317.69754,0.85715204
flanders_fedavg,adaptive_evasion,9,4,6,3,0.6,1.0,1,381.48987,0.85705304
flanders_fedavg,adaptive_evasion,10,4,6,3,0.6,1.0,1,458.13425,0.85714555
flanders_fedavg,adaptive_evasion,11,4,6,3,0.6,1.0,1,550.1108,0.85722774
flanders_fedavg,adaptive_evasion,12,4,6,3,0.6,1.0,1,660.35565,0.8571314
flanders_fedavg,adaptive_evasion,13,4,6,3,0.6,1.0,1,792.77185,0.85718346
flanders_fedavg,adaptive_evasion,14,4,6,3,0.6,1.0,1,951.54553,0.85711354
flanders_fedavg,adaptive_evasion,15,4,6,3,0.6,1.0,1,1142.1588,0.85711884
flanders_fedavg,adaptive_evasion,16,4,6,3,0.6,1.0,1,1370.8903,0.85712063
flanders_fedavg,adaptive_evasion,17,4,6,3,0.6,1.0,1,1645.3341,0.85710436
flanders_fedavg,adaptive_evasion,18,4,6,3,0.6,1.0,1,1974.8376,0.8571649
flanders_fedavg,adaptive_evasion,19,4,6,3,0.6,1.0,1,2370.0522,0.85714686
flanders_fedavg,adaptive_evasion,0,4,6,3,0.6,1.0,1001,50.94878,0.60031205
flanders_fedavg,adaptive_evasion,1,4,6,3,0.6,1.0,1001,58.468006,0.5721443
flanders_fedavg,adaptive_evasion,2,4,6,3,0.6,1.0,1001,105.404015,0.8571131
flanders_fedavg,adaptive_evasion,3,4,6,3,0.6,1.0,1001,126.75697,0.8569457
flanders_fedavg,adaptive_evasion,4,4,6,3,0.6,1.0,1001,152.44298,0.857158
flanders_fedavg,adaptive_evasion,5,4,6,3,0.6,1.0,1001,183.29846,0.85748523
flanders_fedavg,adaptive_evasion,6,4,6,3,0.6,1.0,1001,220.17377,0.85716814
flanders_fedavg,adaptive_evasion,7,4,6,3,0.6,1.0,1001,264.4087,0.8568546
flanders_fedavg,adaptive_evasion,8,4,6,3,0.6,1.0,1001,317.7071,0.8571778
flanders_fedavg,adaptive_evasion,9,4,6,3,0.6,1.0,1001,381.53708,0.8571591
flanders_fedavg,adaptive_evasion,10,4,6,3,0.6,1.0,1001,458.15244,0.8571796
flanders_fedavg,adaptive_evasion,11,4,6,3,0.6,1.0,1001,550.1018,0.85721374
flanders_fedavg,adaptive_evasion,12,4,6,3,0.6,1.0,1001,660.35394,0.85712916
flanders_fedavg,adaptive_evasion,13,4,6,3,0.6,1.0,1001,792.7427,0.8571519
flanders_fedavg,adaptive_evasion,14,4,6,3,0.6,1.0,1001,951.5781,0.85714287
flanders_fedavg,adaptive_evasion,15,4,6,3,0.6,1.0,1001,1142.1993,0.8571493
flanders_fedavg,adaptive_evasion,16,4,6,3,0.6,1.0,1001,1370.9062,0.85713065
flanders_fedavg,adaptive_evasion,17,4,6,3,0.6,1.0,1001,1645.4333,0.85715604
flanders_fedavg,adaptive_evasion,18,4,6,3,0.6,1.0,1001,1974.8286,0.857161
flanders_fedavg,adaptive_evasion,19,4,6,3,0.6,1.0,1001,2369.9966,0.8571267
flanders_fedavg,adaptive_evasion,0,4,6,3,0.6,1.0,2001,50.877895,0.5994769
flanders_fedavg,adaptive_evasion,1,4,6,3,0.6,1.0,2001,58.273792,0.57024384
flanders_fedavg,adaptive_evasion,2,4,6,3,0.6,1.0,2001,105.411674,0.8571754
flanders_fedavg,adaptive_evasion,3,4,6,3,0.6,1.0,2001,126.854965,0.8576082
flanders_fedavg,adaptive_evasion,4,4,6,3,0.6,1.0,2001,152.4715,0.85731834
flanders_fedavg,adaptive_evasion,5,4,6,3,0.6,1.0,2001,183.24077,0.85721534
flanders_fedavg,adaptive_evasion,6,4,6,3,0.6,1.0,2001,220.11275,0.8569306
flanders_fedavg,adaptive_evasion,7,4,6,3,0.6,1.0,2001,264.50626,0.8571708
flanders_fedavg,adaptive_evasion,8,4,6,3,0.6,1.0,2001,317.74472,0.85727936
flanders_fedavg,adaptive_evasion,9,4,6,3,0.6,1.0,2001,381.60022,0.85730094
flanders_fedavg,adaptive_evasion,10,4,6,3,0.6,1.0,2001,458.14774,0.85717076
flanders_fedavg,adaptive_evasion,11,4,6,3,0.6,1.0,2001,550.0207,0.8570874
flanders_fedavg,adaptive_evasion,12,4,6,3,0.6,1.0,2001,660.3807,0.85716385
flanders_fedavg,adaptive_evasion,13,4,6,3,0.6,1.0,2001,792.8165,0.85723174
flanders_fedavg,adaptive_evasion,14,4,6,3,0.6,1.0,2001,951.5387,0.8571074
flanders_fedavg,adaptive_evasion,15,4,6,3,0.6,1.0,2001,1142.1877,0.8571406
flanders_fedavg,adaptive_evasion,16,4,6,3,0.6,1.0,2001,1370.9407,0.85715216
flanders_fedavg,adaptive_evasion,17,4,6,3,0.6,1.0,2001,1645.402,0.8571397
flanders_fedavg,adaptive_evasion,18,4,6,3,0.6,1.0,2001,1974.7424,0.8571236
flanders_fedavg,adaptive_evasion,19,4,6,3,0.6,1.0,2001,2370.0554,0.857148
flanders_fedavg,adaptive_evasion,0,4,6,3,0.6,1.0,3001,50.924587,0.600027
flanders_fedavg,adaptive_evasion,1,4,6,3,0.6,1.0,3001,58.4747,0.57220984
flanders_fedavg,adaptive_evasion,2,4,6,3,0.6,1.0,3001,105.51572,0.85802144
flanders_fedavg,adaptive_evasion,3,4,6,3,0.6,1.0,3001,126.69463,0.8565242
flanders_fedavg,adaptive_evasion,4,4,6,3,0.6,1.0,3001,152.46143,0.8572617
flanders_fedavg,adaptive_evasion,5,4,6,3,0.6,1.0,3001,183.2162,0.8571004
flanders_fedavg,adaptive_evasion,6,4,6,3,0.6,1.0,3001,220.15683,0.8571022
flanders_fedavg,adaptive_evasion,7,4,6,3,0.6,1.0,3001,264.49176,0.85712385
flanders_fedavg,adaptive_evasion,8,4,6,3,0.6,1.0,3001,317.71234,0.857192
flanders_fedavg,adaptive_evasion,9,4,6,3,0.6,1.0,3001,381.52188,0.8571249
flanders_fedavg,adaptive_evasion,10,4,6,3,0.6,1.0,3001,458.16113,0.85719585
flanders_fedavg,adaptive_evasion,11,4,6,3,0.6,1.0,3001,550.0046,0.8570622
flanders_fedavg,adaptive_evasion,12,4,6,3,0.6,1.0,3001,660.36755,0.85714686
flanders_fedavg,adaptive_evasion,13,4,6,3,0.6,1.0,3001,792.7244,0.8571322
flanders_fedavg,adaptive_evasion,14,4,6,3,0.6,1.0,3001,951.6255,0.85718554
flanders_fedavg,adaptive_evasion,15,4,6,3,0.6,1.0,3001,1142.1067,0.85707974
flanders_fedavg,adaptive_evasion,16,4,6,3,0.6,1.0,3001,1371.0239,0.8572042
flanders_fedavg,adaptive_evasion,17,4,6,3,0.6,1.0,3001,1645.5222,0.85720235
flanders_fedavg,adaptive_evasion,18,4,6,3,0.6,1.0,3001,1974.8081,0.8571521
flanders_fedavg,adaptive_evasion,19,4,6,3,0.6,1.0,3001,2370.0476,0.8571452
flanders_fedavg,adaptive_evasion,0,4,6,3,0.6,1.0,4001,50.91087,0.5998654
flanders_fedavg,adaptive_evasion,1,4,6,3,0.6,1.0,4001,43.88112,0.42940292
flanders_fedavg,adaptive_evasion,2,4,6,3,0.6,1.0,4001,21.496555,0.42796692
flanders_fedavg,adaptive_evasion,3,4,6,3,0.6,1.0,4001,10.440258,0.43054894
flanders_fedavg,adaptive_evasion,4,4,6,3,0.6,1.0,4001,8.003547,0.7108999
flanders_fedavg,adaptive_evasion,5,4,6,3,0.6,1.0,4001,11.966782,0.863628
flanders_fedavg,adaptive_evasion,6,4,6,3,0.6,1.0,4001,7.2357154,0.42627972
flanders_fedavg,adaptive_evasion,7,4,6,3,0.6,1.0,4001,3.3379397,0.43799087
flanders_fedavg,adaptive_evasion,8,4,6,3,0.6,1.0,4001,6.8542027,0.7221305
flanders_fedavg,adaptive_evasion,9,4,6,3,0.6,1.0,4001,10.085284,0.85931826
flanders_fedavg,adaptive_evasion,10,4,6,3,0.6,1.0,4001,6.2492366,0.43307054
flanders_fedavg,adaptive_evasion,11,4,6,3,0.6,1.0,4001,2.8363714,0.44674248
flanders_fedavg,adaptive_evasion,12,4,6,3,0.6,1.0,4001,6.8010874,0.85384816
flanders_fedavg,adaptive_evasion,13,4,6,3,0.6,1.0,4001,7.067475,0.71354944
flanders_fedavg,adaptive_evasion,14,4,6,3,0.6,1.0,4001,10.460335,0.8551602
flanders_fedavg,adaptive_evasion,15,4,6,3,0.6,1.0,4001,12.872629,0.8567568
flanders_fedavg,adaptive_evasion,16,4,6,3,0.6,1.0,4001,15.714726,0.85516673
flanders_fedavg,adaptive_evasion,17,4,6,3,0.6,1.0,4001,19.215233,0.85790473
flanders_fedavg,adaptive_evasion,18,4,6,3,0.6,1.0,4001,23.403805,0.8596803
flanders_fedavg,adaptive_evasion,19,4,6,3,0.6,1.0,4001,28.314571,0.8576268
foolsgold,adaptive_evasion,0,4,6,3,0.6,1.0,1,1.5534024,0.01830321
foolsgold,adaptive_evasion,1,4,6,3,0.6,1.0,1,1.4701844,0.035367142
foolsgold,adaptive_evasion,2,4,6,3,0.6,1.0,1,1.4119965,0.07088839
foolsgold,adaptive_evasion,3,4,6,3,0.6,1.0,1,1.2906497,0.14193466
foolsgold,adaptive_evasion,4,4,6,3,0.6,1.0,1,0.9769863,0.26544154
foolsgold,adaptive_evasion,5,4,6,3,0.6,1.0,1,0.9889256,1.0150337
foolsgold,adaptive_evasion,6,4,6,3,0.6,1.0,1,1.453445,3.8360999
foolsgold,adaptive_evasion,7,4,6,3,0.6,1.0,1,1.2337062,1.1688708
foolsgold,adaptive_evasion,8,4,6,3,0.6,1.0,1,0.98469394,1.0701427
foolsgold,adaptive_evasion,9,4,6,3,0.6,1.0,1,1.4184911,1.871923
foolsgold,adaptive_evasion,10,4,6,3,0.6,1.0,1,1.3041478,1.0475827
foolsgold,adaptive_evasion,11,4,6,3,0.6,1.0,1,0.9857641,0.85906607
foolsgold,adaptive_evasion,12,4,6,3,0.6,1.0,1,1.0923401,1.0599378
foolsgold,adaptive_evasion,13,4,6,3,0.6,1.0,1,1.101006,1.2367046
foolsgold,adaptive_evasion,14,4,6,3,0.6,1.0,1,1.0842202,1.5018594
foolsgold,adaptive_evasion,15,4,6,3,0.6,1.0,1,1.1000787,2.115975
foolsgold,adaptive_evasion,16,4,6,3,0.6,1.0,1,1.3034794,1.1576487
foolsgold,adaptive_evasion,17,4,6,3,0.6,1.0,1,1.0562098,1.0512108
foolsgold,adaptive_evasion,18,4,6,3,0.6,1.0,1,1.4001986,1.629471
foolsgold,adaptive_evasion,19,4,6,3,0.6,1.0,1,1.5529135,1.1985376
foolsgold,adaptive_evasion,0,4,6,3,0.6,1.0,1001,1.3839848,0.01630702
foolsgold,adaptive_evasion,1,4,6,3,0.6,1.0,1001,1.6269209,0.039137635
foolsgold,adaptive_evasion,2,4,6,3,0.6,1.0,1001,1.0775725,0.05409885
foolsgold,adaptive_evasion,3,4,6,3,0.6,1.0,1001,1.3405794,0.1474255
foolsgold,adaptive_evasion,4,4,6,3,0.6,1.0,1001,1.6000903,0.4347353
foolsgold,adaptive_evasion,5,4,6,3,0.6,1.0,1001,1.3090036,1.3435619
foolsgold,adaptive_evasion,6,4,6,3,0.6,1.0,1001,1.4006556,3.6967723
foolsgold,adaptive_evasion,7,4,6,3,0.6,1.0,1001,1.161961,1.100896
foolsgold,adaptive_evasion,8,4,6,3,0.6,1.0,1001,1.4115043,1.5339903
foolsgold,adaptive_evasion,9,4,6,3,0.6,1.0,1001,1.5202798,2.0062492
foolsgold,adaptive_evasion,10,4,6,3,0.6,1.0,1001,1.5522193,1.2468511
foolsgold,adaptive_evasion,11,4,6,3,0.6,1.0,1001,1.4179553,1.2357087
foolsgold,adaptive_evasion,12,4,6,3,0.6,1.0,1001,1.5462552,1.5003883
foolsgold,adaptive_evasion,13,4,6,3,0.6,1.0,1001,1.341662,1.5070214
foolsgold,adaptive_evasion,14,4,6,3,0.6,1.0,1001,1.1344343,1.571416
foolsgold,adaptive_evasion,15,4,6,3,0.6,1.0,1001,1.1070241,2.129334
foolsgold,adaptive_evasion,16,4,6,3,0.6,1.0,1001,1.5351834,1.36343
foolsgold,adaptive_evasion,17,4,6,3,0.6,1.0,1001,1.5437497,1.5364431
foolsgold,adaptive_evasion,18,4,6,3,0.6,1.0,1001,1.4123449,1.6436062
foolsgold,adaptive_evasion,19,4,6,3,0.6,1.0,1001,1.4244839,2.0803115
foolsgold,adaptive_evasion,0,4,6,3,0.6,1.0,2001,1.6048558,0.018909467
foolsgold,adaptive_evasion,1,4,6,3,0.6,1.0,2001,1.595114,0.03837248
foolsgold,adaptive_evasion,2,4,6,3,0.6,1.0,2001,1.5617044,0.07840438
foolsgold,adaptive_evasion,3,4,6,3,0.6,1.0,2001,1.1540316,0.12691057
foolsgold,adaptive_evasion,4,4,6,3,0.6,1.0,2001,1.3838834,0.37599313
foolsgold,adaptive_evasion,5,4,6,3,0.6,1.0,2001,1.3540806,1.3898289
foolsgold,adaptive_evasion,6,4,6,3,0.6,1.0,2001,1.4630845,3.8615415
foolsgold,adaptive_evasion,7,4,6,3,0.6,1.0,2001,1.4444321,1.3685223
foolsgold,adaptive_evasion,8,4,6,3,0.6,1.0,2001,1.39389,1.5148475
foolsgold,adaptive_evasion,9,4,6,3,0.6,1.0,2001,1.4772177,1.949422
foolsgold,adaptive_evasion,10,4,6,3,0.6,1.0,2001,1.4980744,1.203358
foolsgold,adaptive_evasion,11,4,6,3,0.6,1.0,2001,1.4180228,1.2357675
foolsgold,adaptive_evasion,12,4,6,3,0.6,1.0,2001,1.3679545,1.3273766
foolsgold,adaptive_evasion,13,4,6,3,0.6,1.0,2001,1.1168604,1.254513
foolsgold,adaptive_evasion,14,4,6,3,0.6,1.0,2001,1.3655868,1.8916079
foolsgold,adaptive_evasion,15,4,6,3,0.6,1.0,2001,1.5699241,1.2794977
foolsgold,adaptive_evasion,16,4,6,3,0.6,1.0,2001,1.445585,1.2838557
foolsgold,adaptive_evasion,17,4,6,3,0.6,1.0,2001,1.3029897,1.2968227
foolsgold,adaptive_evasion,18,4,6,3,0.6,1.0,2001,1.5377138,1.7895032
foolsgold,adaptive_evasion,19,4,6,3,0.6,1.0,2001,1.4709531,1.1352806
foolsgold,adaptive_evasion,0,4,6,3,0.6,1.0,3001,1.5533072,0.018302089
foolsgold,adaptive_evasion,1,4,6,3,0.6,1.0,3001,1.3018382,0.03131736
foolsgold,adaptive_evasion,2,4,6,3,0.6,1.0,3001,1.5684149,0.07874128
foolsgold,adaptive_evasion,3,4,6,3,0.6,1.0,3001,1.5265534,0.16787735
foolsgold,adaptive_evasion,4,4,6,3,0.6,1.0,3001,1.3830595,0.3757693
foolsgold,adaptive_evasion,5,4,6,3,0.6,1.0,3001,1.6281883,1.6711732
foolsgold,adaptive_evasion,6,4,6,3,0.6,1.0,3001,1.5670284,4.1358824
foolsgold,adaptive_evasion,7,4,6,3,0.6,1.0,3001,1.4958235,1.417213
foolsgold,adaptive_evasion,8,4,6,3,0.6,1.0,3001,1.547081,1.681332
foolsgold,adaptive_evasion,9,4,6,3,0.6,1.0,3001,1.5795205,1.1911008
foolsgold,adaptive_evasion,10,4,6,3,0.6,1.0,3001,1.5722096,1.2629087
foolsgold,adaptive_evasion,11,4,6,3,0.6,1.0,3001,1.5956599,1.3905733
foolsgold,adaptive_evasion,12,4,6,3,0.6,1.0,3001,1.5222361,1.4770817
foolsgold,adaptive_evasion,13,4,6,3,0.6,1.0,3001,1.6014432,1.7988205
foolsgold,adaptive_evasion,14,4,6,3,0.6,1.0,3001,1.5676914,1.1956501
foolsgold,adaptive_evasion,15,4,6,3,0.6,1.0,3001,1.4142829,1.1526493
foolsgold,adaptive_evasion,16,4,6,3,0.6,1.0,3001,1.3089842,1.1625375
foolsgold,adaptive_evasion,17,4,6,3,0.6,1.0,3001,1.3597531,1.3533174
foolsgold,adaptive_evasion,18,4,6,3,0.6,1.0,3001,1.0199841,1.1869991
foolsgold,adaptive_evasion,19,4,6,3,0.6,1.0,3001,1.0126151,1.4788196
foolsgold,adaptive_evasion,0,4,6,3,0.6,1.0,4001,1.5474708,0.01823332
foolsgold,adaptive_evasion,1,4,6,3,0.6,1.0,4001,1.3666142,0.03287563
foolsgold,adaptive_evasion,2,4,6,3,0.6,1.0,4001,1.5726107,0.07895193
foolsgold,adaptive_evasion,3,4,6,3,0.6,1.0,4001,1.5298167,0.16823621
foolsgold,adaptive_evasion,4,4,6,3,0.6,1.0,4001,1.4224011,0.3864582
foolsgold,adaptive_evasion,5,4,6,3,0.6,1.0,4001,1.5769902,1.6186236
foolsgold,adaptive_evasion,6,4,6,3,0.6,1.0,4001,1.3478222,3.5573282
foolsgold,adaptive_evasion,7,4,6,3,0.6,1.0,4001,1.5228165,1.4427874
foolsgold,adaptive_evasion,8,4,6,3,0.6,1.0,4001,1.3211364,1.4357805
foolsgold,adaptive_evasion,9,4,6,3,0.6,1.0,4001,1.3803991,1.8216546
foolsgold,adaptive_evasion,10,4,6,3,0.6,1.0,4001,1.3927157,1.1187266
foolsgold,adaptive_evasion,11,4,6,3,0.6,1.0,4001,1.3716961,1.1953951
foolsgold,adaptive_evasion,12,4,6,3,0.6,1.0,4001,1.2951869,1.2567675
foolsgold,adaptive_evasion,13,4,6,3,0.6,1.0,4001,1.5012552,1.6862843
foolsgold,adaptive_evasion,14,4,6,3,0.6,1.0,4001,1.2860475,0.98084533
foolsgold,adaptive_evasion,15,4,6,3,0.6,1.0,4001,1.1769974,0.9592601
foolsgold,adaptive_evasion,16,4,6,3,0.6,1.0,4001,1.5389106,1.3667402
foolsgold,adaptive_evasion,17,4,6,3,0.6,1.0,4001,1.2489712,1.2430599
foolsgold,adaptive_evasion,18,4,6,3,0.6,1.0,4001,1.3063666,1.5202746
foolsgold,adaptive_evasion,19,4,6,3,0.6,1.0,4001,1.3035321,1.9036739
fedavg,adaptive_evasion,0,2,8,3,0.8,1.0,1,67.94269,0.80054545
fedavg,adaptive_evasion,1,2,8,3,0.8,1.0,1,81.66882,0.7991782
fedavg,adaptive_evasion,2,2,8,3,0.8,1.0,1,98.3305,0.79959345
fedavg,adaptive_evasion,3,2,8,3,0.8,1.0,1,118.39172,0.8003921
fedavg,adaptive_evasion,4,2,8,3,0.8,1.0,1,142.26826,0.79994756
fedavg,adaptive_evasion,5,2,8,3,0.8,1.0,1,171.04552,0.80016494
fedavg,adaptive_evasion,6,2,8,3,0.8,1.0,1,205.45476,0.79986495
fedavg,adaptive_evasion,7,2,8,3,0.8,1.0,1,246.8601,0.79998595
fedavg,adaptive_evasion,8,2,8,3,0.8,1.0,1,296.54184,0.8000737
fedavg,adaptive_evasion,9,2,8,3,0.8,1.0,1,356.02817,0.7998509
fedavg,adaptive_evasion,10,2,8,3,0.8,1.0,1,427.6101,0.80003643
fedavg,adaptive_evasion,11,2,8,3,0.8,1.0,1,513.4411,0.800086
fedavg,adaptive_evasion,12,2,8,3,0.8,1.0,1,616.3364,0.7999951
fedavg,adaptive_evasion,13,2,8,3,0.8,1.0,1,739.8784,0.7999925
fedavg,adaptive_evasion,14,2,8,3,0.8,1.0,1,888.1738,0.8000309
fedavg,adaptive_evasion,15,2,8,3,0.8,1.0,1,1066.0319,0.79999036
fedavg,adaptive_evasion,16,2,8,3,0.8,1.0,1,1279.563,0.80002016
fedavg,adaptive_evasion,17,2,8,3,0.8,1.0,1,1535.7355,0.8000111
fedavg,adaptive_evasion,18,2,8,3,0.8,1.0,1,1843.094,0.7999825
fedavg,adaptive_evasion,19,2,8,3,0.8,1.0,1,2212.0562,0.8000064
fedavg,adaptive_evasion,0,2,8,3,0.8,1.0,1001,67.920166,0.8002801
fedavg,adaptive_evasion,1,2,8,3,0.8,1.0,1001,81.79007,0.8003646
fedavg,adaptive_evasion,2,2,8,3,0.8,1.0,1001,98.36863,0.7999035
fedavg,adaptive_evasion,3,2,8,3,0.8,1.0,1001,118.371124,0.8002528
fedavg,adaptive_evasion,4,2,8,3,0.8,1.0,1001,142.18427,0.79947525
fedavg,adaptive_evasion,5,2,8,3,0.8,1.0,1001,171.07497,0.80030274
fedavg,adaptive_evasion,6,2,8,3,0.8,1.0,1001,205.52846,0.8001518
fedavg,adaptive_evasion,7,2,8,3,0.8,1.0,1001,246.74399,0.7996096
fedavg,adaptive_evasion,8,2,8,3,0.8,1.0,1001,296.4992,0.79995865
fedavg,adaptive_evasion,9,2,8,3,0.8,1.0,1001,356.13873,0.8000993
fedavg,adaptive_evasion,10,2,8,3,0.8,1.0,1001,427.57574,0.7999722
fedavg,adaptive_evasion,11,2,8,3,0.8,1.0,1001,513.39343,0.80001175
fedavg,adaptive_evasion,12,2,8,3,0.8,1.0,1001,616.34735,0.8000093
fedavg,adaptive_evasion,13,2,8,3,0.8,1.0,1001,739.8734,0.7999871
fedavg,adaptive_evasion,14,2,8,3,0.8,1.0,1001,888.16846,0.80002606
fedavg,adaptive_evasion,15,2,8,3,0.8,1.0,1001,1066.0255,0.7999856
fedavg,adaptive_evasion,16,2,8,3,0.8,1.0,1001,1279.5353,0.8000028
fedavg,adaptive_evasion,17,2,8,3,0.8,1.0,1001,1535.7661,0.8000271
fedavg,adaptive_evasion,18,2,8,3,0.8,1.0,1001,1843.2042,0.8000303
fedavg,adaptive_evasion,19,2,8,3,0.8,1.0,1001,2212.1348,0.8000348
fedavg,adaptive_evasion,0,2,8,3,0.8,1.0,2001,67.87845,0.7997886
fedavg,adaptive_evasion,1,2,8,3,0.8,1.0,2001,81.69811,0.79946476
fedavg,adaptive_evasion,2,2,8,3,0.8,1.0,2001,98.31829,0.7994942
fedavg,adaptive_evasion,3,2,8,3,0.8,1.0,2001,118.29359,0.79972863
fedavg,adaptive_evasion,4,2,8,3,0.8,1.0,2001,142.30699,0.80016536
fedavg,adaptive_evasion,5,2,8,3,0.8,1.0,2001,171.00064,0.799955
fedavg,adaptive_evasion,6,2,8,3,0.8,1.0,2001,205.5237,0.8001333
fedavg,adaptive_evasion,7,2,8,3,0.8,1.0,2001,246.89046,0.8000843
fedavg,adaptive_evasion,8,2,8,3,0.8,1.0,2001,296.5588,0.80011946
fedavg,adaptive_evasion,9,2,8,3,0.8,1.0,2001,356.0916,0.79999346
fedavg,adaptive_evasion,10,2,8,3,0.8,1.0,2001,427.58484,0.79998916
fedavg,adaptive_evasion,11,2,8,3,0.8,1.0,2001,513.3546,0.79995126
fedavg,adaptive_evasion,12,2,8,3,0.8,1.0,2001,616.35785,0.8000229
fedavg,adaptive_evasion,13,2,8,3,0.8,1.0,2001,739.9294,0.80004764
fedavg,adaptive_evasion,14,2,8,3,0.8,1.0,2001,888.09375,0.79995877
fedavg,adaptive_evasion,15,2,8,3,0.8,1.0,2001,1066.085,0.8000302
fedavg,adaptive_evasion,16,2,8,3,0.8,1.0,2001,1279.5107,0.7999875
fedavg,adaptive_evasion,17,2,8,3,0.8,1.0,2001,1535.8533,0.8000725
fedavg,adaptive_evasion,18,2,8,3,0.8,1.0,2001,1843.1243,0.7999956
fedavg,adaptive_evasion,19,2,8,3,0.8,1.0,2001,2212.0686,0.8000109
fedavg,adaptive_evasion,0,2,8,3,0.8,1.0,3001,67.90409,0.80009073
fedavg,adaptive_evasion,1,2,8,3,0.8,1.0,3001,81.754196,0.8000136
fedavg,adaptive_evasion,2,2,8,3,0.8,1.0,3001,98.40017,0.80016
fedavg,adaptive_evasion,3,2,8,3,0.8,1.0,3001,118.30026,0.79977375
fedavg,adaptive_evasion,4,2,8,3,0.8,1.0,3001,142.27592,0.79999065
fedavg,adaptive_evasion,5,2,8,3,0.8,1.0,3001,171.00189,0.7999609
fedavg,adaptive_evasion,6,2,8,3,0.8,1.0,3001,205.45695,0.7998735
fedavg,adaptive_evasion,7,2,8,3,0.8,1.0,3001,246.87933,0.80004823
fedavg,adaptive_evasion,8,2,8,3,0.8,1.0,3001,296.50977,0.79998714
fedavg,adaptive_evasion,9,2,8,3,0.8,1.0,3001,356.0692,0.79994315
fedavg,adaptive_evasion,10,2,8,3,0.8,1.0,3001,427.61246,0.80004084
fedavg,adaptive_evasion,11,2,8,3,0.8,1.0,3001,513.2958,0.7998596
fedavg,adaptive_evasion,12,2,8,3,0.8,1.0,3001,616.3335,0.7999913
fedavg,adaptive_evasion,13,2,8,3,0.8,1.0,3001,739.87683,0.7999908
fedavg,adaptive_evasion,14,2,8,3,0.8,1.0,3001,888.1073,0.7999709
fedavg,adaptive_evasion,15,2,8,3,0.8,1.0,3001,1065.9648,0.79994005
fedavg,adaptive_evasion,16,2,8,3,0.8,1.0,3001,1279.5615,0.8000192
fedavg,adaptive_evasion,17,2,8,3,0.8,1.0,3001,1535.7771,0.8000328
fedavg,adaptive_evasion,18,2,8,3,0.8,1.0,3001,1843.1567,0.8000097
fedavg,adaptive_evasion,19,2,8,3,0.8,1.0,3001,2212.035,0.7999987
fedavg,adaptive_evasion,0,2,8,3,0.8,1.0,4001,67.9232,0.8003159
fedavg,adaptive_evasion,1,2,8,3,0.8,1.0,4001,81.76031,0.8000734
fedavg,adaptive_evasion,2,2,8,3,0.8,1.0,4001,98.39695,0.8001338
fedavg,adaptive_evasion,3,2,8,3,0.8,1.0,4001,118.37032,0.80024743
fedavg,adaptive_evasion,4,2,8,3,0.8,1.0,4001,142.2925,0.8000838
fedavg,adaptive_evasion,5,2,8,3,0.8,1.0,4001,171.03122,0.80009806
fedavg,adaptive_evasion,6,2,8,3,0.8,1.0,4001,205.48218,0.7999717
fedavg,adaptive_evasion,7,2,8,3,0.8,1.0,4001,246.88297,0.80006
fedavg,adaptive_evasion,8,2,8,3,0.8,1.0,4001,296.57925,0.80017465
fedavg,adaptive_evasion,9,2,8,3,0.8,1.0,4001,356.09985,0.80001193
fedavg,adaptive_evasion,10,2,8,3,0.8,1.0,4001,427.58386,0.7999874
fedavg,adaptive_evasion,11,2,8,3,0.8,1.0,4001,513.4003,0.8000225
fedavg,adaptive_evasion,12,2,8,3,0.8,1.0,4001,616.34436,0.80000544
fedavg,adaptive_evasion,13,2,8,3,0.8,1.0,4001,739.88007,0.7999943
fedavg,adaptive_evasion,14,2,8,3,0.8,1.0,4001,888.16907,0.8000266
fedavg,adaptive_evasion,15,2,8,3,0.8,1.0,4001,1066.0072,0.7999718
fedavg,adaptive_evasion,16,2,8,3,0.8,1.0,4001,1279.4929,0.79997635
fedavg,adaptive_evasion,17,2,8,3,0.8,1.0,4001,1535.7083,0.7999969
fedavg,adaptive_evasion,18,2,8,3,0.8,1.0,4001,1843.1049,0.7999872
fedavg,adaptive_evasion,19,2,8,3,0.8,1.0,4001,2212.0017,0.7999867
krum,adaptive_evasion,0,2,8,3,0.8,1.0,1,84.87049,1.0
krum,adaptive_evasion,1,2,8,3,0.8,1.0,1,102.19101,1.0
krum,adaptive_evasion,2,2,8,3,0.8,1.0,1,122.97562,1.0
krum,adaptive_evasion,3,2,8,3,0.8,1.0,1,147.91716,1.0
krum,adaptive_evasion,4,2,8,3,0.8,1.0,1,177.847,1.0000001
krum,adaptive_evasion,5,2,8,3,0.8,1.0,1,213.76282,1.0
krum,adaptive_evasion,6,2,8,3,0.8,1.0,1,256.86182,1.0
krum,adaptive_evasion,7,2,8,3,0.8,1.0,1,308.5806,1.0000001
krum,adaptive_evasion,8,2,8,3,0.8,1.0,1,370.64316,1.0
krum,adaptive_evasion,9,2,8,3,0.8,1.0,1,445.11816,1.0
krum,adaptive_evasion,10,2,8,3,0.8,1.0,1,534.4883,1.0
krum,adaptive_evasion,11,2,8,3,0.8,1.0,1,641.73236,1.0
krum,adaptive_evasion,12,2,8,3,0.8,1.0,1,770.42523,1.0
krum,adaptive_evasion,13,2,8,3,0.8,1.0,1,924.8567,1.0
krum,adaptive_evasion,14,2,8,3,0.8,1.0,1,1110.1744,1.0
krum,adaptive_evasion,15,2,8,3,0.8,1.0,1,1332.5559,1.0
krum,adaptive_evasion,16,2,8,3,0.8,1.0,1,1599.4135,1.0
krum,adaptive_evasion,17,2,8,3,0.8,1.0,1,1919.6427,1.0
krum,adaptive_evasion,18,2,8,3,0.8,1.0,1,2303.918,1.0
krum,adaptive_evasion,19,2,8,3,0.8,1.0,1,2765.048,1.0
krum,adaptive_evasion,0,2,8,3,0.8,1.0,1001,84.87049,1.0
krum,adaptive_evasion,1,2,8,3,0.8,1.0,1001,102.19101,1.0
krum,adaptive_evasion,2,2,8,3,0.8,1.0,1001,122.97562,1.0
krum,adaptive_evasion,3,2,8,3,0.8,1.0,1001,147.91716,1.0
krum,adaptive_evasion,4,2,8,3,0.8,1.0,1001,177.847,1.0000001
krum,adaptive_evasion,5,2,8,3,0.8,1.0,1001,213.76282,1.0
krum,adaptive_evasion,6,2,8,3,0.8,1.0,1001,256.86182,1.0
krum,adaptive_evasion,7,2,8,3,0.8,1.0,1001,308.5806,1.0000001
krum,adaptive_evasion,8,2,8,3,0.8,1.0,1001,370.64316,1.0
krum,adaptive_evasion,9,2,8,3,0.8,1.0,1001,445.11816,1.0
krum,adaptive_evasion,10,2,8,3,0.8,1.0,1001,534.4883,1.0
krum,adaptive_evasion,11,2,8,3,0.8,1.0,1001,641.73236,1.0
krum,adaptive_evasion,12,2,8,3,0.8,1.0,1001,770.42523,1.0
krum,adaptive_evasion,13,2,8,3,0.8,1.0,1001,924.8567,1.0
krum,adaptive_evasion,14,2,8,3,0.8,1.0,1001,1110.1744,1.0
krum,adaptive_evasion,15,2,8,3,0.8,1.0,1001,1332.5559,1.0
krum,adaptive_evasion,16,2,8,3,0.8,1.0,1001,1599.4135,1.0
krum,adaptive_evasion,17,2,8,3,0.8,1.0,1001,1919.6427,1.0
krum,adaptive_evasion,18,2,8,3,0.8,1.0,1001,2303.918,1.0
krum,adaptive_evasion,19,2,8,3,0.8,1.0,1001,2765.048,1.0
krum,adaptive_evasion,0,2,8,3,0.8,1.0,2001,84.87049,1.0
krum,adaptive_evasion,1,2,8,3,0.8,1.0,2001,102.19101,1.0
krum,adaptive_evasion,2,2,8,3,0.8,1.0,2001,122.97562,1.0
krum,adaptive_evasion,3,2,8,3,0.8,1.0,2001,147.91716,1.0
krum,adaptive_evasion,4,2,8,3,0.8,1.0,2001,177.847,1.0000001
krum,adaptive_evasion,5,2,8,3,0.8,1.0,2001,213.76282,1.0
krum,adaptive_evasion,6,2,8,3,0.8,1.0,2001,256.86182,1.0
krum,adaptive_evasion,7,2,8,3,0.8,1.0,2001,308.5806,1.0000001
krum,adaptive_evasion,8,2,8,3,0.8,1.0,2001,370.64316,1.0
krum,adaptive_evasion,9,2,8,3,0.8,1.0,2001,445.11816,1.0
krum,adaptive_evasion,10,2,8,3,0.8,1.0,2001,534.4883,1.0
krum,adaptive_evasion,11,2,8,3,0.8,1.0,2001,641.73236,1.0
krum,adaptive_evasion,12,2,8,3,0.8,1.0,2001,770.42523,1.0
krum,adaptive_evasion,13,2,8,3,0.8,1.0,2001,924.8567,1.0
krum,adaptive_evasion,14,2,8,3,0.8,1.0,2001,1110.1744,1.0
krum,adaptive_evasion,15,2,8,3,0.8,1.0,2001,1332.5559,1.0
krum,adaptive_evasion,16,2,8,3,0.8,1.0,2001,1599.4135,1.0
krum,adaptive_evasion,17,2,8,3,0.8,1.0,2001,1919.6427,1.0
krum,adaptive_evasion,18,2,8,3,0.8,1.0,2001,2303.918,1.0
krum,adaptive_evasion,19,2,8,3,0.8,1.0,2001,2765.048,1.0
krum,adaptive_evasion,0,2,8,3,0.8,1.0,3001,84.87049,1.0
krum,adaptive_evasion,1,2,8,3,0.8,1.0,3001,102.19101,1.0
krum,adaptive_evasion,2,2,8,3,0.8,1.0,3001,122.97562,1.0
krum,adaptive_evasion,3,2,8,3,0.8,1.0,3001,147.91716,1.0
krum,adaptive_evasion,4,2,8,3,0.8,1.0,3001,177.847,1.0000001
krum,adaptive_evasion,5,2,8,3,0.8,1.0,3001,213.76282,1.0
krum,adaptive_evasion,6,2,8,3,0.8,1.0,3001,256.86182,1.0
krum,adaptive_evasion,7,2,8,3,0.8,1.0,3001,308.5806,1.0000001
krum,adaptive_evasion,8,2,8,3,0.8,1.0,3001,370.64316,1.0
krum,adaptive_evasion,9,2,8,3,0.8,1.0,3001,445.11816,1.0
krum,adaptive_evasion,10,2,8,3,0.8,1.0,3001,534.4883,1.0
krum,adaptive_evasion,11,2,8,3,0.8,1.0,3001,641.73236,1.0
krum,adaptive_evasion,12,2,8,3,0.8,1.0,3001,770.42523,1.0
krum,adaptive_evasion,13,2,8,3,0.8,1.0,3001,924.8567,1.0
krum,adaptive_evasion,14,2,8,3,0.8,1.0,3001,1110.1744,1.0
krum,adaptive_evasion,15,2,8,3,0.8,1.0,3001,1332.5559,1.0
krum,adaptive_evasion,16,2,8,3,0.8,1.0,3001,1599.4135,1.0
krum,adaptive_evasion,17,2,8,3,0.8,1.0,3001,1919.6427,1.0
krum,adaptive_evasion,18,2,8,3,0.8,1.0,3001,2303.918,1.0
krum,adaptive_evasion,19,2,8,3,0.8,1.0,3001,2765.048,1.0
krum,adaptive_evasion,0,2,8,3,0.8,1.0,4001,84.87049,1.0
krum,adaptive_evasion,1,2,8,3,0.8,1.0,4001,102.19101,1.0
krum,adaptive_evasion,2,2,8,3,0.8,1.0,4001,122.97562,1.0
krum,adaptive_evasion,3,2,8,3,0.8,1.0,4001,147.91716,1.0
krum,adaptive_evasion,4,2,8,3,0.8,1.0,4001,177.847,1.0000001
krum,adaptive_evasion,5,2,8,3,0.8,1.0,4001,213.76282,1.0
krum,adaptive_evasion,6,2,8,3,0.8,1.0,4001,256.86182,1.0
krum,adaptive_evasion,7,2,8,3,0.8,1.0,4001,308.5806,1.0000001
krum,adaptive_evasion,8,2,8,3,0.8,1.0,4001,370.64316,1.0
krum,adaptive_evasion,9,2,8,3,0.8,1.0,4001,445.11816,1.0
krum,adaptive_evasion,10,2,8,3,0.8,1.0,4001,534.4883,1.0
krum,adaptive_evasion,11,2,8,3,0.8,1.0,4001,641.73236,1.0
krum,adaptive_evasion,12,2,8,3,0.8,1.0,4001,770.42523,1.0
krum,adaptive_evasion,13,2,8,3,0.8,1.0,4001,924.8567,1.0
krum,adaptive_evasion,14,2,8,3,0.8,1.0,4001,1110.1744,1.0
krum,adaptive_evasion,15,2,8,3,0.8,1.0,4001,1332.5559,1.0
krum,adaptive_evasion,16,2,8,3,0.8,1.0,4001,1599.4135,1.0
krum,adaptive_evasion,17,2,8,3,0.8,1.0,4001,1919.6427,1.0
krum,adaptive_evasion,18,2,8,3,0.8,1.0,4001,2303.918,1.0
krum,adaptive_evasion,19,2,8,3,0.8,1.0,4001,2765.048,1.0
dss_fedavg,adaptive_evasion,0,2,8,3,0.8,1.0,1,67.94269,0.80054545
dss_fedavg,adaptive_evasion,1,2,8,3,0.8,1.0,1,0.46582747,0.0045584
dss_fedavg,adaptive_evasion,2,2,8,3,0.8,1.0,1,0.2544142,0.005065038
dss_fedavg,adaptive_evasion,3,2,8,3,0.8,1.0,1,0.32950407,0.013588517
dss_fedavg,adaptive_evasion,4,2,8,3,0.8,1.0,1,0.27633068,0.02454455
dss_fedavg,adaptive_evasion,5,2,8,3,0.8,1.0,1,0.27445665,0.057620946
dss_fedavg,adaptive_evasion,6,2,8,3,0.8,1.0,1,0.21553351,0.14221522
dss_fedavg,adaptive_evasion,7,2,8,3,0.8,1.0,1,0.27053526,2.4991002
dss_fedavg,adaptive_evasion,8,2,8,3,0.8,1.0,1,0.21649383,0.99994123
dss_fedavg,adaptive_evasion,9,2,8,3,0.8,1.0,1,0.60548383,0.9987886
dss_fedavg,adaptive_evasion,10,2,8,3,0.8,1.0,1,0.8811269,0.8205141
dss_fedavg,adaptive_evasion,11,2,8,3,0.8,1.0,1,1.3661748,0.835552
dss_fedavg,adaptive_evasion,12,2,8,3,0.8,1.0,1,1.8430755,0.7983941
dss_fedavg,adaptive_evasion,13,2,8,3,0.8,1.0,1,2.4876797,0.7982072
dss_fedavg,adaptive_evasion,14,2,8,3,0.8,1.0,1,3.3038902,0.8085261
dss_fedavg,adaptive_evasion,15,2,8,3,0.8,1.0,1,4.676281,0.8907229
dss_fedavg,adaptive_evasion,16,2,8,3,0.8,1.0,1,6.6440387,0.99964595
dss_fedavg,adaptive_evasion,17,2,8,3,0.8,1.0,1,8.320192,0.99977297
dss_fedavg,adaptive_evasion,18,2,8,3,0.8,1.0,1,10.332307,0.99994195
dss_fedavg,adaptive_evasion,19,2,8,3,0.8,1.0,1,12.745727,0.9999865
dss_fedavg,adaptive_evasion,0,2,8,3,0.8,1.0,1001,67.920166,0.8002801
dss_fedavg,adaptive_evasion,1,2,8,3,0.8,1.0,1001,0.25904298,0.00253489
dss_fedavg,adaptive_evasion,2,2,8,3,0.8,1.0,1001,0.21599293,0.004300123
dss_fedavg,adaptive_evasion,3,2,8,3,0.8,1.0,1001,0.5184254,0.0213795
dss_fedavg,adaptive_evasion,4,2,8,3,0.8,1.0,1001,0.5201746,0.046203528
dss_fedavg,adaptive_evasion,5,2,8,3,0.8,1.0,1001,0.3980546,0.08356979
dss_fedavg,adaptive_evasion,6,2,8,3,0.8,1.0,1001,0.40934724,0.2700991
dss_fedavg,adaptive_evasion,7,2,8,3,0.8,1.0,1001,0.84502316,7.8059974
dss_fedavg,adaptive_evasion,8,2,8,3,0.8,1.0,1001,0.9200871,0.9999294
dss_fedavg,adaptive_evasion,9,2,8,3,0.8,1.0,1001,0.75719243,0.999235
dss_fedavg,adaptive_evasion,10,2,8,3,0.8,1.0,1001,0.46602654,0.82787895
dss_fedavg,adaptive_evasion,11,2,8,3,0.8,1.0,1001,0.2561892,0.7784787
dss_fedavg,adaptive_evasion,12,2,8,3,0.8,1.0,1001,0.13965766,2.8797112
dss_fedavg,adaptive_evasion,13,2,8,3,0.8,1.0,1001,0.22576852,0.783337
dss_fedavg,adaptive_evasion,14,2,8,3,0.8,1.0,1001,0.58492535,0.84494245
dss_fedavg,adaptive_evasion,15,2,8,3,0.8,1.0,1001,0.9239185,0.7848903
dss_fedavg,adaptive_evasion,16,2,8,3,0.8,1.0,1001,1.4123752,0.80295736
dss_fedavg,adaptive_evasion,17,2,8,3,0.8,1.0,1001,2.0180302,0.8212821
dss_fedavg,adaptive_evasion,18,2,8,3,0.8,1.0,1001,2.70682,0.8214894
dss_fedavg,adaptive_evasion,19,2,8,3,0.8,1.0,1001,3.5370884,0.82249683
dss_fedavg,adaptive_evasion,0,2,8,3,0.8,1.0,2001,67.87845,0.7997886
dss_fedavg,adaptive_evasion,1,2,8,3,0.8,1.0,2001,0.4932529,0.004826774
dss_fedavg,adaptive_evasion,2,2,8,3,0.8,1.0,2001,0.6189209,0.012321867
dss_fedavg,adaptive_evasion,3,2,8,3,0.8,1.0,2001,0.3458092,0.014260929
dss_fedavg,adaptive_evasion,4,2,8,3,0.8,1.0,2001,0.18810138,0.01670775
dss_fedavg,adaptive_evasion,5,2,8,3,0.8,1.0,2001,0.20347238,0.042718116
dss_fedavg,adaptive_evasion,6,2,8,3,0.8,1.0,2001,0.19701028,0.12999305
dss_fedavg,adaptive_evasion,7,2,8,3,0.8,1.0,2001,0.26303485,2.4298143
dss_fedavg,adaptive_evasion,8,2,8,3,0.8,1.0,2001,0.9195355,0.99933
dss_fedavg,adaptive_evasion,9,2,8,3,0.8,1.0,2001,0.7559036,0.99753416
dss_fedavg,adaptive_evasion,10,2,8,3,0.8,1.0,2001,0.45824474,0.81405485
dss_fedavg,adaptive_evasion,11,2,8,3,0.8,1.0,2001,0.29999697,0.9115968
dss_fedavg,adaptive_evasion,12,2,8,3,0.8,1.0,2001,0.023009209,0.474445
dss_fedavg,adaptive_evasion,13,2,8,3,0.8,1.0,2001,0.27484766,0.95362425
dss_fedavg,adaptive_evasion,14,2,8,3,0.8,1.0,2001,0.51125616,0.73852503
dss_fedavg,adaptive_evasion,15,2,8,3,0.8,1.0,2001,0.98343295,0.8354492
dss_fedavg,adaptive_evasion,16,2,8,3,0.8,1.0,2001,1.387131,0.7886056
dss_fedavg,adaptive_evasion,17,2,8,3,0.8,1.0,2001,2.105383,0.85683227
dss_fedavg,adaptive_evasion,18,2,8,3,0.8,1.0,2001,2.6264892,0.7971099
dss_fedavg,adaptive_evasion,19,2,8,3,0.8,1.0,2001,3.4705062,0.80701417
dss_fedavg,adaptive_evasion,0,2,8,3,0.8,1.0,3001,67.90409,0.80009073
dss_fedavg,adaptive_evasion,1,2,8,3,0.8,1.0,3001,22.110586,0.21636528
dss_fedavg,adaptive_evasion,2,2,8,3,0.8,1.0,3001,0.16469657,0.003278883
dss_fedavg,adaptive_evasion,3,2,8,3,0.8,1.0,3001,0.24824455,0.010237431
dss_fedavg,adaptive_evasion,4,2,8,3,0.8,1.0,3001,0.3491401,0.03101171
dss_fedavg,adaptive_evasion,5,2,8,3,0.8,1.0,3001,0.24522336,0.05148355
dss_fedavg,adaptive_evasion,6,2,8,3,0.8,1.0,3001,0.28019503,0.18488075
dss_fedavg,adaptive_evasion,7,2,8,3,0.8,1.0,3001,0.50819594,4.6945176
dss_fedavg,adaptive_evasion,8,2,8,3,0.8,1.0,3001,0.92006624,0.9999068
dss_fedavg,adaptive_evasion,9,2,8,3,0.8,1.0,3001,0.7569284,0.9988865
dss_fedavg,adaptive_evasion,10,2,8,3,0.8,1.0,3001,0.433444,0.76999724
dss_fedavg,adaptive_evasion,11,2,8,3,0.8,1.0,3001,0.36564633,1.1110846
dss_fedavg,adaptive_evasion,12,2,8,3,0.8,1.0,3001,0.059342902,1.2236379
dss_fedavg,adaptive_evasion,13,2,8,3,0.8,1.0,3001,0.22246715,0.7718824
dss_fedavg,adaptive_evasion,14,2,8,3,0.8,1.0,3001,0.525634,0.7592943
dss_fedavg,adaptive_evasion,15,2,8,3,0.8,1.0,3001,0.8639853,0.73397565
dss_fedavg,adaptive_evasion,16,2,8,3,0.8,1.0,3001,1.4382076,0.81764346
dss_fedavg,adaptive_evasion,17,2,8,3,0.8,1.0,3001,2.0293825,0.82590216
dss_fedavg,adaptive_evasion,18,2,8,3,0.8,1.0,3001,2.6588504,0.8069312
dss_fedavg,adaptive_evasion,19,2,8,3,0.8,1.0,3001,3.437758,0.799399
dss_fedavg,adaptive_evasion,0,2,8,3,0.8,1.0,4001,67.9232,0.8003159
dss_fedavg,adaptive_evasion,1,2,8,3,0.8,1.0,4001,0.1658476,0.0016229177
dss_fedavg,adaptive_evasion,2,2,8,3,0.8,1.0,4001,0.5220162,0.010392627
dss_fedavg,adaptive_evasion,3,2,8,3,0.8,1.0,4001,4.11328,0.16962878
dss_fedavg,adaptive_evasion,4,2,8,3,0.8,1.0,4001,0.19762218,0.017553417
dss_fedavg,adaptive_evasion,5,2,8,3,0.8,1.0,4001,0.49413595,0.10374163
dss_fedavg,adaptive_evasion,6,2,8,3,0.8,1.0,4001,0.14023937,0.092533976
dss_fedavg,adaptive_evasion,7,2,8,3,0.8,1.0,4001,0.18810451,1.7376367
dss_fedavg,adaptive_evasion,8,2,8,3,0.8,1.0,4001,0.21654758,1.0001894
dss_fedavg,adaptive_evasion,9,2,8,3,0.8,1.0,4001,0.60530907,0.9985003
dss_fedavg,adaptive_evasion,10,2,8,3,0.8,1.0,4001,0.8528683,0.7941994
dss_fedavg,adaptive_evasion,11,2,8,3,0.8,1.0,4001,1.3229864,0.80913794
dss_fedavg,adaptive_evasion,12,2,8,3,0.8,1.0,4001,1.851218,0.8019213
dss_fedavg,adaptive_evasion,13,2,8,3,0.8,1.0,4001,2.488259,0.79839313
dss_fedavg,adaptive_evasion,14,2,8,3,0.8,1.0,4001,3.29866,0.8072462
dss_fedavg,adaptive_evasion,15,2,8,3,0.8,1.0,4001,5.246739,0.99938184
dss_fedavg,adaptive_evasion,16,2,8,3,0.8,1.0,4001,6.6437683,0.99960524
dss_fedavg,adaptive_evasion,17,2,8,3,0.8,1.0,4001,8.320129,0.9997654
dss_fedavg,adaptive_evasion,18,2,8,3,0.8,1.0,4001,10.331784,0.99989134
dss_fedavg,adaptive_evasion,19,2,8,3,0.8,1.0,4001,12.745505,0.9999692
dsscoll_fedavg,adaptive_evasion,0,2,8,3,0.8,1.0,1,67.94269,0.80054545
dsscoll_fedavg,adaptive_evasion,1,2,8,3,0.8,1.0,1,0.46582747,0.0045584
dsscoll_fedavg,adaptive_evasion,2,2,8,3,0.8,1.0,1,0.2544142,0.005065038
dsscoll_fedavg,adaptive_evasion,3,2,8,3,0.8,1.0,1,0.32950407,0.013588517
dsscoll_fedavg,adaptive_evasion,4,2,8,3,0.8,1.0,1,0.27633068,0.02454455
dsscoll_fedavg,adaptive_evasion,5,2,8,3,0.8,1.0,1,0.27445665,0.057620946
dsscoll_fedavg,adaptive_evasion,6,2,8,3,0.8,1.0,1,0.21553351,0.14221522
dsscoll_fedavg,adaptive_evasion,7,2,8,3,0.8,1.0,1,0.27053526,2.4991002
dsscoll_fedavg,adaptive_evasion,8,2,8,3,0.8,1.0,1,0.24451704,1.1293747
dsscoll_fedavg,adaptive_evasion,9,2,8,3,0.8,1.0,1,0.44462126,0.7334344
dsscoll_fedavg,adaptive_evasion,10,2,8,3,0.8,1.0,1,0.33972195,0.6035035
dsscoll_fedavg,adaptive_evasion,11,2,8,3,0.8,1.0,1,0.4743381,0.41337252
dsscoll_fedavg,adaptive_evasion,12,2,8,3,0.8,1.0,1,0.0853427,0.059275348
dsscoll_fedavg,adaptive_evasion,13,2,8,3,0.8,1.0,1,0.49070343,0.30941465
dsscoll_fedavg,adaptive_evasion,14,2,8,3,0.8,1.0,1,0.33452663,0.20164599
dsscoll_fedavg,adaptive_evasion,15,2,8,3,0.8,1.0,1,0.46442083,0.2739113
dsscoll_fedavg,adaptive_evasion,16,2,8,3,0.8,1.0,1,0.35679308,0.20819032
dsscoll_fedavg,adaptive_evasion,17,2,8,3,0.8,1.0,1,0.30127966,0.17486604
dsscoll_fedavg,adaptive_evasion,18,2,8,3,0.8,1.0,1,0.4142276,0.23978667
dsscoll_fedavg,adaptive_evasion,19,2,8,3,0.8,1.0,1,0.1390617,0.08039329
dsscoll_fedavg,adaptive_evasion,0,2,8,3,0.8,1.0,1001,67.920166,0.8002801
dsscoll_fedavg,adaptive_evasion,1,2,8,3,0.8,1.0,1001,0.25904298,0.00253489
dsscoll_fedavg,adaptive_evasion,2,2,8,3,0.8,1.0,1001,0.21599293,0.004300123
dsscoll_fedavg,adaptive_evasion,3,2,8,3,0.8,1.0,1001,0.5184254,0.0213795
dsscoll_fedavg,adaptive_evasion,4,2,8,3,0.8,1.0,1001,0.5201746,0.046203528
dsscoll_fedavg,adaptive_evasion,5,2,8,3,0.8,1.0,1001,0.3980546,0.08356979
dsscoll_fedavg,adaptive_evasion,6,2,8,3,0.8,1.0,1001,0.40934724,0.2700991
dsscoll_fedavg,adaptive_evasion,7,2,8,3,0.8,1.0,1001,0.84502316,7.8059974
dsscoll_fedavg,adaptive_evasion,8,2,8,3,0.8,1.0,1001,0.3836635,0.41695666
dsscoll_fedavg,adaptive_evasion,9,2,8,3,0.8,1.0,1001,0.23853354,0.17987579
dsscoll_fedavg,adaptive_evasion,10,2,8,3,0.8,1.0,1001,0.16296844,0.10657968
dsscoll_fedavg,adaptive_evasion,11,2,8,3,0.8,1.0,1001,0.08728949,0.053533327
dsscoll_fedavg,adaptive_evasion,12,2,8,3,0.8,1.0,1001,0.67061394,0.39886463
dsscoll_fedavg,adaptive_evasion,13,2,8,3,0.8,1.0,1001,0.33226222,0.19468349
dsscoll_fedavg,adaptive_evasion,14,2,8,3,0.8,1.0,1001,0.2994921,0.17418763
dsscoll_fedavg,adaptive_evasion,15,2,8,3,0.8,1.0,1001,0.27311185,0.15826076
dsscoll_fedavg,adaptive_evasion,16,2,8,3,0.8,1.0,1001,0.24952218,0.14432597
dsscoll_fedavg,adaptive_evasion,17,2,8,3,0.8,1.0,1001,0.31121013,0.1798419
dsscoll_fedavg,adaptive_evasion,18,2,8,3,0.8,1.0,1001,0.48134175,0.27803007
dsscoll_fedavg,adaptive_evasion,19,2,8,3,0.8,1.0,1001,0.54252315,0.3132976
dsscoll_fedavg,adaptive_evasion,0,2,8,3,0.8,1.0,2001,67.87845,0.7997886
dsscoll_fedavg,adaptive_evasion,1,2,8,3,0.8,1.0,2001,0.4932529,0.004826774
dsscoll_fedavg,adaptive_evasion,2,2,8,3,0.8,1.0,2001,0.6189209,0.012321867
dsscoll_fedavg,adaptive_evasion,3,2,8,3,0.8,1.0,2001,0.3458092,0.014260929
dsscoll_fedavg,adaptive_evasion,4,2,8,3,0.8,1.0,2001,0.18810138,0.01670775
dsscoll_fedavg,adaptive_evasion,5,2,8,3,0.8,1.0,2001,0.20347238,0.042718116
dsscoll_fedavg,adaptive_evasion,6,2,8,3,0.8,1.0,2001,0.19701028,0.12999305
dsscoll_fedavg,adaptive_evasion,7,2,8,3,0.8,1.0,2001,0.26303485,2.4298143
dsscoll_fedavg,adaptive_evasion,8,2,8,3,0.8,1.0,2001,0.21138665,0.22973014
dsscoll_fedavg,adaptive_evasion,9,2,8,3,0.8,1.0,2001,0.2046814,0.15434822
dsscoll_fedavg,adaptive_evasion,10,2,8,3,0.8,1.0,2001,0.22397433,0.14647691
dsscoll_fedavg,adaptive_evasion,11,2,8,3,0.8,1.0,2001,0.39587754,0.24278572
dsscoll_fedavg,adaptive_evasion,12,2,8,3,0.8,1.0,2001,0.0862531,0.05130122
dsscoll_fedavg,adaptive_evasion,13,2,8,3,0.8,1.0,2001,0.18297602,0.10721174
dsscoll_fedavg,adaptive_evasion,14,2,8,3,0.8,1.0,2001,0.37465802,0.2179049
dsscoll_fedavg,adaptive_evasion,15,2,8,3,0.8,1.0,2001,0.32144237,0.18626696
dsscoll_fedavg,adaptive_evasion,16,2,8,3,0.8,1.0,2001,0.15464965,0.08945081
dsscoll_fedavg,adaptive_evasion,17,2,8,3,0.8,1.0,2001,0.6932077,0.4005904
dsscoll_fedavg,adaptive_evasion,18,2,8,3,0.8,1.0,2001,0.27315885,0.15778056
dsscoll_fedavg,adaptive_evasion,19,2,8,3,0.8,1.0,2001,0.22570205,0.13033897
dsscoll_fedavg,adaptive_evasion,0,2,8,3,0.8,1.0,3001,67.90409,0.80009073
dsscoll_fedavg,adaptive_evasion,1,2,8,3,0.8,1.0,3001,22.110586,0.21636528
dsscoll_fedavg,adaptive_evasion,2,2,8,3,0.8,1.0,3001,0.16469657,0.003278883
dsscoll_fedavg,adaptive_evasion,3,2,8,3,0.8,1.0,3001,0.24824455,0.010237431
dsscoll_fedavg,adaptive_evasion,4,2,8,3,0.8,1.0,3001,0.3491401,0.03101171
dsscoll_fedavg,adaptive_evasion,5,2,8,3,0.8,1.0,3001,0.24522336,0.05148355
dsscoll_fedavg,adaptive_evasion,6,2,8,3,0.8,1.0,3001,0.28019503,0.18488075
dsscoll_fedavg,adaptive_evasion,7,2,8,3,0.8,1.0,3001,0.50819594,4.6945176
dsscoll_fedavg,adaptive_evasion,8,2,8,3,0.8,1.0,3001,0.18780957,0.20410712
dsscoll_fedavg,adaptive_evasion,9,2,8,3,0.8,1.0,3001,0.35145196,0.26502645
dsscoll_fedavg,adaptive_evasion,10,2,8,3,0.8,1.0,3001,0.40508622,0.2649222
dsscoll_fedavg,adaptive_evasion,11,2,8,3,0.8,1.0,3001,0.61612964,0.37786302
dsscoll_fedavg,adaptive_evasion,12,2,8,3,0.8,1.0,3001,0.38384187,0.22829968
dsscoll_fedavg,adaptive_evasion,13,2,8,3,0.8,1.0,3001,0.12224647,0.07162827
dsscoll_fedavg,adaptive_evasion,14,2,8,3,0.8,1.0,3001,0.22782494,0.13250528
dsscoll_fedavg,adaptive_evasion,15,2,8,3,0.8,1.0,3001,0.5582786,0.323507
dsscoll_fedavg,adaptive_evasion,16,2,8,3,0.8,1.0,3001,0.242644,0.14034756
dsscoll_fedavg,adaptive_evasion,17,2,8,3,0.8,1.0,3001,0.3192511,0.18448861
dsscoll_fedavg,adaptive_evasion,18,2,8,3,0.8,1.0,3001,0.27269185,0.15751082
dsscoll_fedavg,adaptive_evasion,19,2,8,3,0.8,1.0,3001,0.4031195,0.23279443
dsscoll_fedavg,adaptive_evasion,0,2,8,3,0.8,1.0,4001,67.9232,0.8003159
dsscoll_fedavg,adaptive_evasion,1,2,8,3,0.8,1.0,4001,0.1658476,0.0016229177
dsscoll_fedavg,adaptive_evasion,2,2,8,3,0.8,1.0,4001,0.5220162,0.010392627
dsscoll_fedavg,adaptive_evasion,3,2,8,3,0.8,1.0,4001,4.11328,0.16962878
dsscoll_fedavg,adaptive_evasion,4,2,8,3,0.8,1.0,4001,0.19762218,0.017553417
dsscoll_fedavg,adaptive_evasion,5,2,8,3,0.8,1.0,4001,0.49413595,0.10374163
dsscoll_fedavg,adaptive_evasion,6,2,8,3,0.8,1.0,4001,0.14023937,0.092533976
dsscoll_fedavg,adaptive_evasion,7,2,8,3,0.8,1.0,4001,0.18810451,1.7376367
dsscoll_fedavg,adaptive_evasion,8,2,8,3,0.8,1.0,4001,0.36241072,1.6739018
dsscoll_fedavg,adaptive_evasion,9,2,8,3,0.8,1.0,4001,0.13770778,0.22715877
dsscoll_fedavg,adaptive_evasion,10,2,8,3,0.8,1.0,4001,0.18401653,0.32689857
dsscoll_fedavg,adaptive_evasion,11,2,8,3,0.8,1.0,4001,0.19014294,0.1657043
dsscoll_fedavg,adaptive_evasion,12,2,8,3,0.8,1.0,4001,0.14180113,0.098488934
dsscoll_fedavg,adaptive_evasion,13,2,8,3,0.8,1.0,4001,0.17224397,0.10860899
dsscoll_fedavg,adaptive_evasion,14,2,8,3,0.8,1.0,4001,0.20040195,0.1207983
dsscoll_fedavg,adaptive_evasion,15,2,8,3,0.8,1.0,4001,0.51253074,0.30228612
dsscoll_fedavg,adaptive_evasion,16,2,8,3,0.8,1.0,4001,0.27890688,0.16274339
dsscoll_fedavg,adaptive_evasion,17,2,8,3,0.8,1.0,4001,0.048807155,0.028328212
dsscoll_fedavg,adaptive_evasion,18,2,8,3,0.8,1.0,4001,0.5751632,0.3329485
dsscoll_fedavg,adaptive_evasion,19,2,8,3,0.8,1.0,4001,0.29816452,0.17237261
flanders_fedavg,adaptive_evasion,0,2,8,3,0.8,1.0,1,67.94269,0.80054545
flanders_fedavg,adaptive_evasion,1,2,8,3,0.8,1.0,1,102.19101,1.0
flanders_fedavg,adaptive_evasion,2,2,8,3,0.8,1.0,1,122.97563,1.0000001
flanders_fedavg,adaptive_evasion,3,2,8,3,0.8,1.0,1,147.91716,1.0
flanders_fedavg,adaptive_evasion,4,2,8,3,0.8,1.0,1,177.84702,1.0000001
flanders_fedavg,adaptive_evasion,5,2,8,3,0.8,1.0,1,213.76283,1.0000001
flanders_fedavg,adaptive_evasion,6,2,8,3,0.8,1.0,1,256.86182,1.0
flanders_fedavg,adaptive_evasion,7,2,8,3,0.8,1.0,1,308.58063,1.0000002
flanders_fedavg,adaptive_evasion,8,2,8,3,0.8,1.0,1,370.64313,0.99999994
flanders_fedavg,adaptive_evasion,9,2,8,3,0.8,1.0,1,445.11816,1.0
flanders_fedavg,adaptive_evasion,10,2,8,3,0.8,1.0,1,534.4883,1.0
flanders_fedavg,adaptive_evasion,11,2,8,3,0.8,1.0,1,641.73236,1.0
flanders_fedavg,adaptive_evasion,12,2,8,3,0.8,1.0,1,770.4253,1.0000001
flanders_fedavg,adaptive_evasion,13,2,8,3,0.8,1.0,1,924.8568,1.0000001
flanders_fedavg,adaptive_evasion,14,2,8,3,0.8,1.0,1,1110.1744,1.0
flanders_fedavg,adaptive_evasion,15,2,8,3,0.8,1.0,1,1332.556,1.0000001
flanders_fedavg,adaptive_evasion,16,2,8,3,0.8,1.0,1,1599.4138,1.0000002
flanders_fedavg,adaptive_evasion,17,2,8,3,0.8,1.0,1,1919.6431,1.0000002
flanders_fedavg,adaptive_evasion,18,2,8,3,0.8,1.0,1,2303.918,1.0
flanders_fedavg,adaptive_evasion,19,2,8,3,0.8,1.0,1,2765.0483,1.0000001
flanders_fedavg,adaptive_evasion,0,2,8,3,0.8,1.0,1001,67.920166,0.8002801
flanders_fedavg,adaptive_evasion,1,2,8,3,0.8,1.0,1001,102.19101,1.0
flanders_fedavg,adaptive_evasion,2,2,8,3,0.8,1.0,1001,122.97563,1.0000001
flanders_fedavg,adaptive_evasion,3,2,8,3,0.8,1.0,1001,147.91716,1.0
flanders_fedavg,adaptive_evasion,4,2,8,3,0.8,1.0,1001,177.84702,1.0000001
flanders_fedavg,adaptive_evasion,5,2,8,3,0.8,1.0,1001,213.76283,1.0000001
flanders_fedavg,adaptive_evasion,6,2,8,3,0.8,1.0,1001,256.86182,1.0
flanders_fedavg,adaptive_evasion,7,2,8,3,0.8,1.0,1001,308.58063,1.0000002
flanders_fedavg,adaptive_evasion,8,2,8,3,0.8,1.0,1001,370.64313,0.99999994
flanders_fedavg,adaptive_evasion,9,2,8,3,0.8,1.0,1001,445.11816,1.0
flanders_fedavg,adaptive_evasion,10,2,8,3,0.8,1.0,1001,534.4883,1.0
flanders_fedavg,adaptive_evasion,11,2,8,3,0.8,1.0,1001,641.73236,1.0
flanders_fedavg,adaptive_evasion,12,2,8,3,0.8,1.0,1001,770.4253,1.0000001
flanders_fedavg,adaptive_evasion,13,2,8,3,0.8,1.0,1001,924.8568,1.0000001
flanders_fedavg,adaptive_evasion,14,2,8,3,0.8,1.0,1001,1110.1744,1.0
flanders_fedavg,adaptive_evasion,15,2,8,3,0.8,1.0,1001,1332.556,1.0000001
flanders_fedavg,adaptive_evasion,16,2,8,3,0.8,1.0,1001,1599.4138,1.0000002
flanders_fedavg,adaptive_evasion,17,2,8,3,0.8,1.0,1001,1919.6431,1.0000002
flanders_fedavg,adaptive_evasion,18,2,8,3,0.8,1.0,1001,2303.918,1.0
flanders_fedavg,adaptive_evasion,19,2,8,3,0.8,1.0,1001,2765.0483,1.0000001
flanders_fedavg,adaptive_evasion,0,2,8,3,0.8,1.0,2001,67.87845,0.7997886
flanders_fedavg,adaptive_evasion,1,2,8,3,0.8,1.0,2001,102.19101,1.0
flanders_fedavg,adaptive_evasion,2,2,8,3,0.8,1.0,2001,122.97563,1.0000001
flanders_fedavg,adaptive_evasion,3,2,8,3,0.8,1.0,2001,147.91716,1.0
flanders_fedavg,adaptive_evasion,4,2,8,3,0.8,1.0,2001,177.84702,1.0000001
flanders_fedavg,adaptive_evasion,5,2,8,3,0.8,1.0,2001,213.76283,1.0000001
flanders_fedavg,adaptive_evasion,6,2,8,3,0.8,1.0,2001,256.86182,1.0
flanders_fedavg,adaptive_evasion,7,2,8,3,0.8,1.0,2001,308.58063,1.0000002
flanders_fedavg,adaptive_evasion,8,2,8,3,0.8,1.0,2001,370.64313,0.99999994
flanders_fedavg,adaptive_evasion,9,2,8,3,0.8,1.0,2001,445.11816,1.0
flanders_fedavg,adaptive_evasion,10,2,8,3,0.8,1.0,2001,534.4883,1.0
flanders_fedavg,adaptive_evasion,11,2,8,3,0.8,1.0,2001,641.73236,1.0
flanders_fedavg,adaptive_evasion,12,2,8,3,0.8,1.0,2001,770.4253,1.0000001
flanders_fedavg,adaptive_evasion,13,2,8,3,0.8,1.0,2001,924.8568,1.0000001
flanders_fedavg,adaptive_evasion,14,2,8,3,0.8,1.0,2001,1110.1744,1.0
flanders_fedavg,adaptive_evasion,15,2,8,3,0.8,1.0,2001,1332.556,1.0000001
flanders_fedavg,adaptive_evasion,16,2,8,3,0.8,1.0,2001,1599.4138,1.0000002
flanders_fedavg,adaptive_evasion,17,2,8,3,0.8,1.0,2001,1919.6431,1.0000002
flanders_fedavg,adaptive_evasion,18,2,8,3,0.8,1.0,2001,2303.918,1.0
flanders_fedavg,adaptive_evasion,19,2,8,3,0.8,1.0,2001,2765.0483,1.0000001
flanders_fedavg,adaptive_evasion,0,2,8,3,0.8,1.0,3001,67.90409,0.80009073
flanders_fedavg,adaptive_evasion,1,2,8,3,0.8,1.0,3001,102.19101,1.0
flanders_fedavg,adaptive_evasion,2,2,8,3,0.8,1.0,3001,122.97563,1.0000001
flanders_fedavg,adaptive_evasion,3,2,8,3,0.8,1.0,3001,147.91716,1.0
flanders_fedavg,adaptive_evasion,4,2,8,3,0.8,1.0,3001,177.84702,1.0000001
flanders_fedavg,adaptive_evasion,5,2,8,3,0.8,1.0,3001,213.76283,1.0000001
flanders_fedavg,adaptive_evasion,6,2,8,3,0.8,1.0,3001,256.86182,1.0
flanders_fedavg,adaptive_evasion,7,2,8,3,0.8,1.0,3001,308.58063,1.0000002
flanders_fedavg,adaptive_evasion,8,2,8,3,0.8,1.0,3001,370.64313,0.99999994
flanders_fedavg,adaptive_evasion,9,2,8,3,0.8,1.0,3001,445.11816,1.0
flanders_fedavg,adaptive_evasion,10,2,8,3,0.8,1.0,3001,534.4883,1.0
flanders_fedavg,adaptive_evasion,11,2,8,3,0.8,1.0,3001,641.73236,1.0
flanders_fedavg,adaptive_evasion,12,2,8,3,0.8,1.0,3001,770.4253,1.0000001
flanders_fedavg,adaptive_evasion,13,2,8,3,0.8,1.0,3001,924.8568,1.0000001
flanders_fedavg,adaptive_evasion,14,2,8,3,0.8,1.0,3001,1110.1744,1.0
flanders_fedavg,adaptive_evasion,15,2,8,3,0.8,1.0,3001,1332.556,1.0000001
flanders_fedavg,adaptive_evasion,16,2,8,3,0.8,1.0,3001,1599.4138,1.0000002
flanders_fedavg,adaptive_evasion,17,2,8,3,0.8,1.0,3001,1919.6431,1.0000002
flanders_fedavg,adaptive_evasion,18,2,8,3,0.8,1.0,3001,2303.918,1.0
flanders_fedavg,adaptive_evasion,19,2,8,3,0.8,1.0,3001,2765.0483,1.0000001
flanders_fedavg,adaptive_evasion,0,2,8,3,0.8,1.0,4001,67.9232,0.8003159
flanders_fedavg,adaptive_evasion,1,2,8,3,0.8,1.0,4001,102.19101,1.0
flanders_fedavg,adaptive_evasion,2,2,8,3,0.8,1.0,4001,122.97563,1.0000001
flanders_fedavg,adaptive_evasion,3,2,8,3,0.8,1.0,4001,147.91716,1.0
flanders_fedavg,adaptive_evasion,4,2,8,3,0.8,1.0,4001,177.84702,1.0000001
flanders_fedavg,adaptive_evasion,5,2,8,3,0.8,1.0,4001,213.76283,1.0000001
flanders_fedavg,adaptive_evasion,6,2,8,3,0.8,1.0,4001,256.86182,1.0
flanders_fedavg,adaptive_evasion,7,2,8,3,0.8,1.0,4001,308.58063,1.0000002
flanders_fedavg,adaptive_evasion,8,2,8,3,0.8,1.0,4001,370.64313,0.99999994
flanders_fedavg,adaptive_evasion,9,2,8,3,0.8,1.0,4001,445.11816,1.0
flanders_fedavg,adaptive_evasion,10,2,8,3,0.8,1.0,4001,534.4883,1.0
flanders_fedavg,adaptive_evasion,11,2,8,3,0.8,1.0,4001,641.73236,1.0
flanders_fedavg,adaptive_evasion,12,2,8,3,0.8,1.0,4001,770.4253,1.0000001
flanders_fedavg,adaptive_evasion,13,2,8,3,0.8,1.0,4001,924.8568,1.0000001
flanders_fedavg,adaptive_evasion,14,2,8,3,0.8,1.0,4001,1110.1744,1.0
flanders_fedavg,adaptive_evasion,15,2,8,3,0.8,1.0,4001,1332.556,1.0000001
flanders_fedavg,adaptive_evasion,16,2,8,3,0.8,1.0,4001,1599.4138,1.0000002
flanders_fedavg,adaptive_evasion,17,2,8,3,0.8,1.0,4001,1919.6431,1.0000002
flanders_fedavg,adaptive_evasion,18,2,8,3,0.8,1.0,4001,2303.918,1.0
flanders_fedavg,adaptive_evasion,19,2,8,3,0.8,1.0,4001,2765.0483,1.0000001
foolsgold,adaptive_evasion,0,2,8,3,0.8,1.0,1,1.5534024,0.01830321
foolsgold,adaptive_evasion,1,2,8,3,0.8,1.0,1,1.4701844,0.035367142
foolsgold,adaptive_evasion,2,2,8,3,0.8,1.0,1,1.4356817,0.0720775
foolsgold,adaptive_evasion,3,2,8,3,0.8,1.0,1,1.3280077,0.14604297
foolsgold,adaptive_evasion,4,2,8,3,0.8,1.0,1,1.3960662,0.37930313
foolsgold,adaptive_evasion,5,2,8,3,0.8,1.0,1,1.351143,1.3868139
foolsgold,adaptive_evasion,6,2,8,3,0.8,1.0,1,1.4205754,3.7493467
foolsgold,adaptive_evasion,7,2,8,3,0.8,1.0,1,1.3910549,1.3179502
foolsgold,adaptive_evasion,8,2,8,3,0.8,1.0,1,1.3588289,0.9749378
foolsgold,adaptive_evasion,9,2,8,3,0.8,1.0,1,1.453366,1.095969
foolsgold,adaptive_evasion,10,2,8,3,0.8,1.0,1,1.3677713,1.0986896
foolsgold,adaptive_evasion,11,2,8,3,0.8,1.0,1,1.3333961,1.1620177
foolsgold,adaptive_evasion,12,2,8,3,0.8,1.0,1,1.3895012,1.348284
foolsgold,adaptive_evasion,13,2,8,3,0.8,1.0,1,1.3947785,1.0097501
foolsgold,adaptive_evasion,14,2,8,3,0.8,1.0,1,1.3528094,1.0317634
foolsgold,adaptive_evasion,15,2,8,3,0.8,1.0,1,1.4012138,1.1419978
foolsgold,adaptive_evasion,16,2,8,3,0.8,1.0,1,1.3551893,1.2035733
foolsgold,adaptive_evasion,17,2,8,3,0.8,1.0,1,1.3654222,1.3589597
foolsgold,adaptive_evasion,18,2,8,3,0.8,1.0,1,1.5851852,1.1584197
foolsgold,adaptive_evasion,19,2,8,3,0.8,1.0,1,1.5529135,1.1985376
foolsgold,adaptive_evasion,0,2,8,3,0.8,1.0,1001,1.4877307,0.017529422
foolsgold,adaptive_evasion,1,2,8,3,0.8,1.0,1001,1.3488644,0.03244864
foolsgold,adaptive_evasion,2,2,8,3,0.8,1.0,1001,1.3979774,0.07018457
foolsgold,adaptive_evasion,3,2,8,3,0.8,1.0,1001,1.4999464,0.16495132
foolsgold,adaptive_evasion,4,2,8,3,0.8,1.0,1001,1.6000903,0.4347353
foolsgold,adaptive_evasion,5,2,8,3,0.8,1.0,1001,1.5089021,1.5487379
foolsgold,adaptive_evasion,6,2,8,3,0.8,1.0,1001,1.5255334,4.0263643
foolsgold,adaptive_evasion,7,2,8,3,0.8,1.0,1001,1.6182522,1.5332075
foolsgold,adaptive_evasion,8,2,8,3,0.8,1.0,1001,1.4107444,1.0121863
foolsgold,adaptive_evasion,9,2,8,3,0.8,1.0,1001,1.4487584,1.0924944
foolsgold,adaptive_evasion,10,2,8,3,0.8,1.0,1001,1.5522193,1.2468511
foolsgold,adaptive_evasion,11,2,8,3,0.8,1.0,1001,1.5832438,1.3797531
foolsgold,adaptive_evasion,12,2,8,3,0.8,1.0,1001,1.5462552,1.0739621
foolsgold,adaptive_evasion,13,2,8,3,0.8,1.0,1001,1.3986853,1.0125785
foolsgold,adaptive_evasion,14,2,8,3,0.8,1.0,1001,1.4547143,1.1094844
foolsgold,adaptive_evasion,15,2,8,3,0.8,1.0,1001,1.5529803,1.2656885
foolsgold,adaptive_evasion,16,2,8,3,0.8,1.0,1001,1.5820172,1.069279
foolsgold,adaptive_evasion,17,2,8,3,0.8,1.0,1001,1.5437497,1.0802923
foolsgold,adaptive_evasion,18,2,8,3,0.8,1.0,1001,1.5302598,1.1182815
foolsgold,adaptive_evasion,19,2,8,3,0.8,1.0,1001,1.4721022,1.1361674
foolsgold,adaptive_evasion,0,2,8,3,0.8,1.0,2001,1.4099432,0.01661288
foolsgold,adaptive_evasion,1,2,8,3,0.8,1.0,2001,1.4427047,0.034706082
foolsgold,adaptive_evasion,2,2,8,3,0.8,1.0,2001,1.45189,0.07289122
foolsgold,adaptive_evasion,3,2,8,3,0.8,1.0,2001,1.5631309,0.17189983
foolsgold,adaptive_evasion,4,2,8,3,0.8,1.0,2001,1.3564563,0.36854136
foolsgold,adaptive_evasion,5,2,8,3,0.8,1.0,2001,1.3952944,1.4321309
foolsgold,adaptive_evasion,6,2,8,3,0.8,1.0,2001,1.3515168,3.5670795
foolsgold,adaptive_evasion,7,2,8,3,0.8,1.0,2001,1.4656831,1.3886565
foolsgold,adaptive_evasion,8,2,8,3,0.8,1.0,2001,1.4596925,1.0473058
foolsgold,adaptive_evasion,9,2,8,3,0.8,1.0,2001,1.5612973,1.1773589
foolsgold,adaptive_evasion,10,2,8,3,0.8,1.0,2001,1.5487032,1.2440267
foolsgold,adaptive_evasion,11,2,8,3,0.8,1.0,2001,1.5839567,1.3803743
foolsgold,adaptive_evasion,12,2,8,3,0.8,1.0,2001,1.5476171,1.0749079
foolsgold,adaptive_evasion,13,2,8,3,0.8,1.0,2001,1.5017693,1.0872061
foolsgold,adaptive_evasion,14,2,8,3,0.8,1.0,2001,1.4327165,1.0927072
foolsgold,adaptive_evasion,15,2,8,3,0.8,1.0,2001,1.4978542,1.2207603
foolsgold,adaptive_evasion,16,2,8,3,0.8,1.0,2001,1.5899473,1.412067
foolsgold,adaptive_evasion,17,2,8,3,0.8,1.0,2001,1.2471799,0.8727573
foolsgold,adaptive_evasion,18,2,8,3,0.8,1.0,2001,1.4327065,1.0469916
foolsgold,adaptive_evasion,19,2,8,3,0.8,1.0,2001,1.3600489,1.0496848
foolsgold,adaptive_evasion,0,2,8,3,0.8,1.0,3001,1.3780671,0.016237294
foolsgold,adaptive_evasion,1,2,8,3,0.8,1.0,3001,1.3856556,0.033333696
foolsgold,adaptive_evasion,2,2,8,3,0.8,1.0,3001,1.5372466,0.0771765
foolsgold,adaptive_evasion,3,2,8,3,0.8,1.0,3001,1.4195809,0.15611342
foolsgold,adaptive_evasion,4,2,8,3,0.8,1.0,3001,1.3891124,0.3774138
foolsgold,adaptive_evasion,5,2,8,3,0.8,1.0,3001,1.3947383,1.43156
foolsgold,adaptive_evasion,6,2,8,3,0.8,1.0,3001,1.4189252,3.7449913
foolsgold,adaptive_evasion,7,2,8,3,0.8,1.0,3001,1.3715286,1.2994502
foolsgold,adaptive_evasion,8,2,8,3,0.8,1.0,3001,1.3905216,1.5111868
foolsgold,adaptive_evasion,9,2,8,3,0.8,1.0,3001,1.4119469,1.0647352
foolsgold,adaptive_evasion,10,2,8,3,0.8,1.0,3001,1.3653667,1.096758
foolsgold,adaptive_evasion,11,2,8,3,0.8,1.0,3001,1.4786984,1.2886446
foolsgold,adaptive_evasion,12,2,8,3,0.8,1.0,3001,1.3927814,0.96736574
foolsgold,adaptive_evasion,13,2,8,3,0.8,1.0,3001,1.3941253,1.0092772
foolsgold,adaptive_evasion,14,2,8,3,0.8,1.0,3001,1.5676914,1.1956501
foolsgold,adaptive_evasion,15,2,8,3,0.8,1.0,3001,1.6179928,1.3186741
foolsgold,adaptive_evasion,16,2,8,3,0.8,1.0,3001,1.4909298,1.0077134
foolsgold,adaptive_evasion,17,2,8,3,0.8,1.0,3001,1.5601702,1.091783
foolsgold,adaptive_evasion,18,2,8,3,0.8,1.0,3001,1.5329186,1.1202245
foolsgold,adaptive_evasion,19,2,8,3,0.8,1.0,3001,1.5552824,1.2003659
foolsgold,adaptive_evasion,0,2,8,3,0.8,1.0,4001,1.4268442,0.016812019
foolsgold,adaptive_evasion,1,2,8,3,0.8,1.0,4001,1.3785232,0.033162117
foolsgold,adaptive_evasion,2,2,8,3,0.8,1.0,4001,1.5235513,0.076488934
foolsgold,adaptive_evasion,3,2,8,3,0.8,1.0,4001,1.3497556,0.14843462
foolsgold,adaptive_evasion,4,2,8,3,0.8,1.0,4001,1.3902352,0.3777189
foolsgold,adaptive_evasion,5,2,8,3,0.8,1.0,4001,1.5769902,1.6186236
foolsgold,adaptive_evasion,6,2,8,3,0.8,1.0,4001,1.3929783,3.6765094
foolsgold,adaptive_evasion,7,2,8,3,0.8,1.0,4001,1.4798158,1.4020466
foolsgold,adaptive_evasion,8,2,8,3,0.8,1.0,4001,1.3211364,0.947894
foolsgold,adaptive_evasion,9,2,8,3,0.8,1.0,4001,1.3803991,1.0409453
foolsgold,adaptive_evasion,10,2,8,3,0.8,1.0,4001,1.3927157,1.1187266
foolsgold,adaptive_evasion,11,2,8,3,0.8,1.0,4001,1.3716961,1.1953951
foolsgold,adaptive_evasion,12,2,8,3,0.8,1.0,4001,1.3816161,1.3406328
foolsgold,adaptive_evasion,13,2,8,3,0.8,1.0,4001,1.4545509,1.0530223
foolsgold,adaptive_evasion,14,2,8,3,0.8,1.0,4001,1.3564107,1.0345101
foolsgold,adaptive_evasion,15,2,8,3,0.8,1.0,4001,1.5625966,1.2735258
foolsgold,adaptive_evasion,16,2,8,3,0.8,1.0,4001,1.4606754,0.9872645
foolsgold,adaptive_evasion,17,2,8,3,0.8,1.0,4001,1.5574574,1.0898848
foolsgold,adaptive_evasion,18,2,8,3,0.8,1.0,4001,1.5885684,1.1608922
foolsgold,adaptive_evasion,19,2,8,3,0.8,1.0,4001,1.5948066,1.2308706
fedavg,persistent_sybil,0,6,4,3,0.4,1.0,1,33.93718,0.3998702
fedavg,persistent_sybil,1,6,4,3,0.4,1.0,1,33.89136,0.39933032
fedavg,persistent_sybil,2,6,4,3,0.4,1.0,1,33.98431,0.40042552
fedavg,persistent_sybil,3,6,4,3,0.4,1.0,1,33.986523,0.40045157
fedavg,persistent_sybil,4,6,4,3,0.4,1.0,1,34.062523,0.40134707
fedavg,persistent_sybil,5,6,4,3,0.4,1.0,1,34.019753,0.4008431
fedavg,persistent_sybil,6,6,4,3,0.4,1.0,1,33.860443,0.39896604
fedavg,persistent_sybil,7,6,4,3,0.4,1.0,1,33.793476,0.398177
fedavg,persistent_sybil,8,6,4,3,0.4,1.0,1,34.056545,0.40127665
fedavg,persistent_sybil,9,6,4,3,0.4,1.0,1,33.89627,0.39938816
fedavg,persistent_sybil,10,6,4,3,0.4,1.0,1,34.14964,0.40237352
fedavg,persistent_sybil,11,6,4,3,0.4,1.0,1,33.98725,0.40046018
fedavg,persistent_sybil,12,6,4,3,0.4,1.0,1,33.885406,0.39926016
fedavg,persistent_sybil,13,6,4,3,0.4,1.0,1,33.988174,0.40047106
fedavg,persistent_sybil,14,6,4,3,0.4,1.0,1,34.021427,0.40086284
fedavg,persistent_sybil,15,6,4,3,0.4,1.0,1,33.85205,0.39886716
fedavg,persistent_sybil,16,6,4,3,0.4,1.0,1,33.92931,0.39977747
fedavg,persistent_sybil,17,6,4,3,0.4,1.0,1,33.948074,0.39999858
fedavg,persistent_sybil,18,6,4,3,0.4,1.0,1,33.95079,0.40003055
fedavg,persistent_sybil,19,6,4,3,0.4,1.0,1,33.88943,0.39930758
fedavg,persistent_sybil,0,6,4,3,0.4,1.0,1001,33.918365,0.39964852
fedavg,persistent_sybil,1,6,4,3,0.4,1.0,1001,34.026524,0.4009229
fedavg,persistent_sybil,2,6,4,3,0.4,1.0,1001,33.90251,0.39946172
fedavg,persistent_sybil,3,6,4,3,0.4,1.0,1001,33.98158,0.40039334
fedavg,persistent_sybil,4,6,4,3,0.4,1.0,1001,33.88321,0.39923427
fedavg,persistent_sybil,5,6,4,3,0.4,1.0,1001,33.99375,0.40053675
fedavg,persistent_sybil,6,6,4,3,0.4,1.0,1001,33.940254,0.39990643
fedavg,persistent_sybil,7,6,4,3,0.4,1.0,1001,33.862354,0.39898854
fedavg,persistent_sybil,8,6,4,3,0.4,1.0,1001,34.02216,0.4008715
fedavg,persistent_sybil,9,6,4,3,0.4,1.0,1001,34.07558,0.4015009
fedavg,persistent_sybil,10,6,4,3,0.4,1.0,1001,33.916706,0.39962897
fedavg,persistent_sybil,11,6,4,3,0.4,1.0,1001,34.00625,0.400684
fedavg,persistent_sybil,12,6,4,3,0.4,1.0,1001,33.98399,0.40042174
fedavg,persistent_sybil,13,6,4,3,0.4,1.0,1001,34.058723,0.4013023
fedavg,persistent_sybil,14,6,4,3,0.4,1.0,1001,34.01202,0.400752
fedavg,persistent_sybil,15,6,4,3,0.4,1.0,1001,33.88175,0.39921707
fedavg,persistent_sybil,16,6,4,3,0.4,1.0,1001,33.86008,0.39896175
fedavg,persistent_sybil,17,6,4,3,0.4,1.0,1001,34.018665,0.4008303
fedavg,persistent_sybil,18,6,4,3,0.4,1.0,1001,34.034084,0.40101197
fedavg,persistent_sybil,19,6,4,3,0.4,1.0,1001,33.98163,0.4003939
fedavg,persistent_sybil,0,6,4,3,0.4,1.0,2001,33.970284,0.40026024
fedavg,persistent_sybil,1,6,4,3,0.4,1.0,2001,33.746056,0.39761823
fedavg,persistent_sybil,2,6,4,3,0.4,1.0,2001,33.85378,0.39888752
fedavg,persistent_sybil,3,6,4,3,0.4,1.0,2001,33.818245,0.39846882
fedavg,persistent_sybil,4,6,4,3,0.4,1.0,2001,34.013927,0.40077448
fedavg,persistent_sybil,5,6,4,3,0.4,1.0,2001,33.91775,0.39964128
fedavg,persistent_sybil,6,6,4,3,0.4,1.0,2001,33.9869,0.40045604
fedavg,persistent_sybil,7,6,4,3,0.4,1.0,2001,33.931313,0.39980108
fedavg,persistent_sybil,8,6,4,3,0.4,1.0,2001,34.017746,0.40081948
fedavg,persistent_sybil,9,6,4,3,0.4,1.0,2001,34.034115,0.40101236
fedavg,persistent_sybil,10,6,4,3,0.4,1.0,2001,33.972366,0.4002848
fedavg,persistent_sybil,11,6,4,3,0.4,1.0,2001,33.9661,0.40021095
fedavg,persistent_sybil,12,6,4,3,0.4,1.0,2001,34.042645,0.40111285
fedavg,persistent_sybil,13,6,4,3,0.4,1.0,2001,34.06654,0.4013944
fedavg,persistent_sybil,14,6,4,3,0.4,1.0,2001,33.85231,0.3988702
fedavg,persistent_sybil,15,6,4,3,0.4,1.0,2001,33.961018,0.40015107
fedavg,persistent_sybil,16,6,4,3,0.4,1.0,2001,33.86912,0.3990683
fedavg,persistent_sybil,17,6,4,3,0.4,1.0,2001,34.021946,0.40086895
fedavg,persistent_sybil,18,6,4,3,0.4,1.0,2001,33.963547,0.40018088
fedavg,persistent_sybil,19,6,4,3,0.4,1.0,2001,34.0592,0.4013079
fedavg,persistent_sybil,0,6,4,3,0.4,1.0,3001,34.004845,0.40066746
fedavg,persistent_sybil,1,6,4,3,0.4,1.0,3001,33.929268,0.39977697
fedavg,persistent_sybil,2,6,4,3,0.4,1.0,3001,34.067554,0.40140635
fedavg,persistent_sybil,3,6,4,3,0.4,1.0,3001,33.816216,0.39844492
fedavg,persistent_sybil,4,6,4,3,0.4,1.0,3001,33.912582,0.39958036
fedavg,persistent_sybil,5,6,4,3,0.4,1.0,3001,33.86884,0.39906496
fedavg,persistent_sybil,6,6,4,3,0.4,1.0,3001,33.951775,0.40004215
fedavg,persistent_sybil,7,6,4,3,0.4,1.0,3001,33.89883,0.39941832
fedavg,persistent_sybil,8,6,4,3,0.4,1.0,3001,33.95017,0.40002325
fedavg,persistent_sybil,9,6,4,3,0.4,1.0,3001,34.031544,0.40098205
fedavg,persistent_sybil,10,6,4,3,0.4,1.0,3001,34.03399,0.40101087
fedavg,persistent_sybil,11,6,4,3,0.4,1.0,3001,33.738873,0.3975336
fedavg,persistent_sybil,12,6,4,3,0.4,1.0,3001,34.096123,0.40174296
fedavg,persistent_sybil,13,6,4,3,0.4,1.0,3001,33.876335,0.3991533
fedavg,persistent_sybil,14,6,4,3,0.4,1.0,3001,33.92328,0.3997064
fedavg,persistent_sybil,15,6,4,3,0.4,1.0,3001,33.934517,0.3998388
fedavg,persistent_sybil,16,6,4,3,0.4,1.0,3001,33.999977,0.40061012
fedavg,persistent_sybil,17,6,4,3,0.4,1.0,3001,34.056324,0.40127403
fedavg,persistent_sybil,18,6,4,3,0.4,1.0,3001,34.011032,0.40074039
fedavg,persistent_sybil,19,6,4,3,0.4,1.0,3001,33.976414,0.40033248
fedavg,persistent_sybil,0,6,4,3,0.4,1.0,4001,33.933872,0.39983124
fedavg,persistent_sybil,1,6,4,3,0.4,1.0,4001,33.909065,0.39953893
fedavg,persistent_sybil,2,6,4,3,0.4,1.0,4001,33.964134,0.4001878
fedavg,persistent_sybil,3,6,4,3,0.4,1.0,4001,33.94445,0.39995587
fedavg,persistent_sybil,4,6,4,3,0.4,1.0,4001,33.950005,0.4000213
fedavg,persistent_sybil,5,6,4,3,0.4,1.0,4001,33.998615,0.40059406
fedavg,persistent_sybil,6,6,4,3,0.4,1.0,4001,33.93499,0.39984438
fedavg,persistent_sybil,7,6,4,3,0.4,1.0,4001,33.974964,0.4003154
fedavg,persistent_sybil,8,6,4,3,0.4,1.0,4001,34.069157,0.40142524
fedavg,persistent_sybil,9,6,4,3,0.4,1.0,4001,34.039913,0.40108067
fedavg,persistent_sybil,10,6,4,3,0.4,1.0,4001,33.906876,0.39951313
fedavg,persistent_sybil,11,6,4,3,0.4,1.0,4001,33.96711,0.40022284
fedavg,persistent_sybil,12,6,4,3,0.4,1.0,4001,33.97103,0.40026906
fedavg,persistent_sybil,13,6,4,3,0.4,1.0,4001,33.966785,0.40021902
fedavg,persistent_sybil,14,6,4,3,0.4,1.0,4001,33.936646,0.3998639
fedavg,persistent_sybil,15,6,4,3,0.4,1.0,4001,33.905373,0.39949542
fedavg,persistent_sybil,16,6,4,3,0.4,1.0,4001,33.939545,0.39989805
fedavg,persistent_sybil,17,6,4,3,0.4,1.0,4001,33.903145,0.39946917
fedavg,persistent_sybil,18,6,4,3,0.4,1.0,4001,34.00675,0.4006899
fedavg,persistent_sybil,19,6,4,3,0.4,1.0,4001,33.981293,0.40038997
krum,persistent_sybil,0,6,4,3,0.4,1.0,1,0.13920565,0.0016402126
krum,persistent_sybil,1,6,4,3,0.4,1.0,1,0.111764275,0.0013168802
krum,persistent_sybil,2,6,4,3,0.4,1.0,1,0.20969842,0.0024708048
krum,persistent_sybil,3,6,4,3,0.4,1.0,1,0.4022157,0.00473917
krum,persistent_sybil,4,6,4,3,0.4,1.0,1,0.41408008,0.0048789643
krum,persistent_sybil,5,6,4,3,0.4,1.0,1,0.22188966,0.00261445
krum,persistent_sybil,6,6,4,3,0.4,1.0,1,0.29438955,0.0034686914
krum,persistent_sybil,7,6,4,3,0.4,1.0,1,0.4082587,0.004810373
krum,persistent_sybil,8,6,4,3,0.4,1.0,1,0.2603167,0.0030672227
krum,persistent_sybil,9,6,4,3,0.4,1.0,1,0.29907483,0.0035238964
krum,persistent_sybil,10,6,4,3,0.4,1.0,1,0.51315945,0.0060463827
krum,persistent_sybil,11,6,4,3,0.4,1.0,1,0.36414477,0.0042905933
krum,persistent_sybil,12,6,4,3,0.4,1.0,1,0.19943902,0.0023499217
krum,persistent_sybil,13,6,4,3,0.4,1.0,1,0.33904147,0.00399481
krum,persistent_sybil,14,6,4,3,0.4,1.0,1,0.2785409,0.0032819523
krum,persistent_sybil,15,6,4,3,0.4,1.0,1,0.27181306,0.0032026805
krum,persistent_sybil,16,6,4,3,0.4,1.0,1,0.5443065,0.006413378
krum,persistent_sybil,17,6,4,3,0.4,1.0,1,0.2331378,0.002746983
krum,persistent_sybil,18,6,4,3,0.4,1.0,1,0.25847915,0.0030455715
krum,persistent_sybil,19,6,4,3,0.4,1.0,1,0.34505308,0.0040656426
krum,persistent_sybil,0,6,4,3,0.4,1.0,1001,0.16645326,0.001961262
krum,persistent_sybil,1,6,4,3,0.4,1.0,1001,0.27051345,0.0031873675
krum,persistent_sybil,2,6,4,3,0.4,1.0,1001,0.46389186,0.0054658796
krum,persistent_sybil,3,6,4,3,0.4,1.0,1001,0.6076259,0.007159448
krum,persistent_sybil,4,6,4,3,0.4,1.0,1001,0.19221711,0.0022648287
krum,persistent_sybil,5,6,4,3,0.4,1.0,1001,0.54728705,0.006448496
krum,persistent_sybil,6,6,4,3,0.4,1.0,1001,0.4003571,0.004717271
krum,persistent_sybil,7,6,4,3,0.4,1.0,1001,0.19864288,0.0023405412
krum,persistent_sybil,8,6,4,3,0.4,1.0,1001,0.34625244,0.004079774
krum,persistent_sybil,9,6,4,3,0.4,1.0,1001,0.37820598,0.004456272
krum,persistent_sybil,10,6,4,3,0.4,1.0,1001,0.2804325,0.0033042403
krum,persistent_sybil,11,6,4,3,0.4,1.0,1001,0.42490202,0.0050064754
krum,persistent_sybil,12,6,4,3,0.4,1.0,1001,0.1999441,0.002355873
krum,persistent_sybil,13,6,4,3,0.4,1.0,1001,0.37002152,0.004359837
krum,persistent_sybil,14,6,4,3,0.4,1.0,1001,0.18068449,0.0021289436
krum,persistent_sybil,15,6,4,3,0.4,1.0,1001,0.27451104,0.0032344698
krum,persistent_sybil,16,6,4,3,0.4,1.0,1001,0.40057808,0.004719875
krum,persistent_sybil,17,6,4,3,0.4,1.0,1001,0.1582512,0.0018646198
krum,persistent_sybil,18,6,4,3,0.4,1.0,1001,0.28859493,0.0034004154
krum,persistent_sybil,19,6,4,3,0.4,1.0,1001,0.5305629,0.0062514413
krum,persistent_sybil,0,6,4,3,0.4,1.0,2001,0.29126975,0.0034319318
krum,persistent_sybil,1,6,4,3,0.4,1.0,2001,0.3292758,0.003879744
krum,persistent_sybil,2,6,4,3,0.4,1.0,2001,0.092240445,0.0010868376
krum,persistent_sybil,3,6,4,3,0.4,1.0,2001,0.53714913,0.0063290447
krum,persistent_sybil,4,6,4,3,0.4,1.0,2001,0.38036036,0.004481656
krum,persistent_sybil,5,6,4,3,0.4,1.0,2001,0.296922,0.0034985305
krum,persistent_sybil,6,6,4,3,0.4,1.0,2001,0.2913096,0.0034324015
krum,persistent_sybil,7,6,4,3,0.4,1.0,2001,0.2423743,0.0028558136
krum,persistent_sybil,8,6,4,3,0.4,1.0,2001,0.06556032,0.00077247486
krum,persistent_sybil,9,6,4,3,0.4,1.0,2001,0.33082277,0.0038979717
krum,persistent_sybil,10,6,4,3,0.4,1.0,2001,0.3077677,0.0036263214
krum,persistent_sybil,11,6,4,3,0.4,1.0,2001,0.47246543,0.0055668987
krum,persistent_sybil,12,6,4,3,0.4,1.0,2001,0.10289896,0.0012124233
krum,persistent_sybil,13,6,4,3,0.4,1.0,2001,0.27210334,0.0032061008
krum,persistent_sybil,14,6,4,3,0.4,1.0,2001,0.34389913,0.0040520458
krum,persistent_sybil,15,6,4,3,0.4,1.0,2001,0.21052183,0.002480507
krum,persistent_sybil,16,6,4,3,0.4,1.0,2001,0.27789527,0.003274345
krum,persistent_sybil,17,6,4,3,0.4,1.0,2001,0.21084906,0.0024843626
krum,persistent_sybil,18,6,4,3,0.4,1.0,2001,0.17029822,0.0020065657
krum,persistent_sybil,19,6,4,3,0.4,1.0,2001,0.46310046,0.0054565547
krum,persistent_sybil,0,6,4,3,0.4,1.0,3001,0.25635785,0.003020577
krum,persistent_sybil,1,6,4,3,0.4,1.0,3001,0.39238477,0.004623336
krum,persistent_sybil,2,6,4,3,0.4,1.0,3001,0.4058187,0.004781623
krum,persistent_sybil,3,6,4,3,0.4,1.0,3001,0.37681052,0.00443983
krum,persistent_sybil,4,6,4,3,0.4,1.0,3001,0.39285412,0.004628866
krum,persistent_sybil,5,6,4,3,0.4,1.0,3001,0.20347826,0.0023975149
krum,persistent_sybil,6,6,4,3,0.4,1.0,3001,0.26794896,0.003157151
krum,persistent_sybil,7,6,4,3,0.4,1.0,3001,0.28944552,0.0034104376
krum,persistent_sybil,8,6,4,3,0.4,1.0,3001,0.41345084,0.00487155
krum,persistent_sybil,9,6,4,3,0.4,1.0,3001,0.19625004,0.002312347
krum,persistent_sybil,10,6,4,3,0.4,1.0,3001,0.24041775,0.00283276
krum,persistent_sybil,11,6,4,3,0.4,1.0,3001,0.7795542,0.009185221
krum,persistent_sybil,12,6,4,3,0.4,1.0,3001,0.1466147,0.001727511
krum,persistent_sybil,13,6,4,3,0.4,1.0,3001,0.31495556,0.0037110138
krum,persistent_sybil,14,6,4,3,0.4,1.0,3001,0.40613136,0.004785307
krum,persistent_sybil,15,6,4,3,0.4,1.0,3001,0.355309,0.0041864845
krum,persistent_sybil,16,6,4,3,0.4,1.0,3001,0.56596184,0.006668535
krum,persistent_sybil,17,6,4,3,0.4,1.0,3001,0.3189299,0.0037578421
krum,persistent_sybil,18,6,4,3,0.4,1.0,3001,0.08774578,0.0010338785
krum,persistent_sybil,19,6,4,3,0.4,1.0,3001,0.48985687,0.0057718162
krum,persistent_sybil,0,6,4,3,0.4,1.0,4001,0.44883117,0.0052884244
krum,persistent_sybil,1,6,4,3,0.4,1.0,4001,0.0701128,0.0008261152
krum,persistent_sybil,2,6,4,3,0.4,1.0,4001,0.24072921,0.00283643
krum,persistent_sybil,3,6,4,3,0.4,1.0,4001,0.30310154,0.003571342
krum,persistent_sybil,4,6,4,3,0.4,1.0,4001,0.22755487,0.0026812013
krum,persistent_sybil,5,6,4,3,0.4,1.0,4001,0.41667515,0.004909541
krum,persistent_sybil,6,6,4,3,0.4,1.0,4001,0.2685083,0.0031637414
krum,persistent_sybil,7,6,4,3,0.4,1.0,4001,0.2746162,0.003235709
krum,persistent_sybil,8,6,4,3,0.4,1.0,4001,0.43672892,0.005145828
krum,persistent_sybil,9,6,4,3,0.4,1.0,4001,0.20409724,0.002404808
krum,persistent_sybil,10,6,4,3,0.4,1.0,4001,0.067562744,0.00079606875
krum,persistent_sybil,11,6,4,3,0.4,1.0,4001,0.20453368,0.0024099506
krum,persistent_sybil,12,6,4,3,0.4,1.0,4001,0.28902102,0.003405436
krum,persistent_sybil,13,6,4,3,0.4,1.0,4001,0.21608566,0.0025460634
krum,persistent_sybil,14,6,4,3,0.4,1.0,4001,0.31876493,0.0037558982
krum,persistent_sybil,15,6,4,3,0.4,1.0,4001,0.29377067,0.0034613993
krum,persistent_sybil,16,6,4,3,0.4,1.0,4001,0.14624308,0.0017231322
krum,persistent_sybil,17,6,4,3,0.4,1.0,4001,0.35645863,0.00420003
krum,persistent_sybil,18,6,4,3,0.4,1.0,4001,0.48746258,0.005743605
krum,persistent_sybil,19,6,4,3,0.4,1.0,4001,0.11688235,0.0013771848
dss_fedavg,persistent_sybil,0,6,4,3,0.4,1.0,1,33.93718,0.3998702
dss_fedavg,persistent_sybil,1,6,4,3,0.4,1.0,1,33.89136,0.39933032
dss_fedavg,persistent_sybil,2,6,4,3,0.4,1.0,1,33.98431,0.40042552
dss_fedavg,persistent_sybil,3,6,4,3,0.4,1.0,1,33.986523,0.40045157
dss_fedavg,persistent_sybil,4,6,4,3,0.4,1.0,1,34.062523,0.40134707
dss_fedavg,persistent_sybil,5,6,4,3,0.4,1.0,1,34.019753,0.4008431
dss_fedavg,persistent_sybil,6,6,4,3,0.4,1.0,1,33.860443,0.39896604
dss_fedavg,persistent_sybil,7,6,4,3,0.4,1.0,1,33.793476,0.398177
dss_fedavg,persistent_sybil,8,6,4,3,0.4,1.0,1,34.056545,0.40127665
dss_fedavg,persistent_sybil,9,6,4,3,0.4,1.0,1,33.89627,0.39938816
dss_fedavg,persistent_sybil,10,6,4,3,0.4,1.0,1,34.14964,0.40237352
dss_fedavg,persistent_sybil,11,6,4,3,0.4,1.0,1,33.98725,0.40046018
dss_fedavg,persistent_sybil,12,6,4,3,0.4,1.0,1,33.885406,0.39926016
dss_fedavg,persistent_sybil,13,6,4,3,0.4,1.0,1,33.988174,0.40047106
dss_fedavg,persistent_sybil,14,6,4,3,0.4,1.0,1,34.021427,0.40086284
dss_fedavg,persistent_sybil,15,6,4,3,0.4,1.0,1,33.85205,0.39886716
dss_fedavg,persistent_sybil,16,6,4,3,0.4,1.0,1,33.92931,0.39977747
dss_fedavg,persistent_sybil,17,6,4,3,0.4,1.0,1,33.948074,0.39999858
dss_fedavg,persistent_sybil,18,6,4,3,0.4,1.0,1,33.95079,0.40003055
dss_fedavg,persistent_sybil,19,6,4,3,0.4,1.0,1,33.88943,0.39930758
dss_fedavg,persistent_sybil,0,6,4,3,0.4,1.0,1001,33.918365,0.39964852
dss_fedavg,persistent_sybil,1,6,4,3,0.4,1.0,1001,34.026524,0.4009229
dss_fedavg,persistent_sybil,2,6,4,3,0.4,1.0,1001,33.90251,0.39946172
dss_fedavg,persistent_sybil,3,6,4,3,0.4,1.0,1001,33.98158,0.40039334
dss_fedavg,persistent_sybil,4,6,4,3,0.4,1.0,1001,33.88321,0.39923427
dss_fedavg,persistent_sybil,5,6,4,3,0.4,1.0,1001,33.99375,0.40053675
dss_fedavg,persistent_sybil,6,6,4,3,0.4,1.0,1001,33.940254,0.39990643
dss_fedavg,persistent_sybil,7,6,4,3,0.4,1.0,1001,33.862354,0.39898854
dss_fedavg,persistent_sybil,8,6,4,3,0.4,1.0,1001,34.02216,0.4008715
dss_fedavg,persistent_sybil,9,6,4,3,0.4,1.0,1001,34.07558,0.4015009
dss_fedavg,persistent_sybil,10,6,4,3,0.4,1.0,1001,33.916706,0.39962897
dss_fedavg,persistent_sybil,11,6,4,3,0.4,1.0,1001,34.00625,0.400684
dss_fedavg,persistent_sybil,12,6,4,3,0.4,1.0,1001,33.98399,0.40042174
dss_fedavg,persistent_sybil,13,6,4,3,0.4,1.0,1001,34.058723,0.4013023
dss_fedavg,persistent_sybil,14,6,4,3,0.4,1.0,1001,34.01202,0.400752
dss_fedavg,persistent_sybil,15,6,4,3,0.4,1.0,1001,33.88175,0.39921707
dss_fedavg,persistent_sybil,16,6,4,3,0.4,1.0,1001,33.86008,0.39896175
dss_fedavg,persistent_sybil,17,6,4,3,0.4,1.0,1001,34.018665,0.4008303
dss_fedavg,persistent_sybil,18,6,4,3,0.4,1.0,1001,34.034084,0.40101197
dss_fedavg,persistent_sybil,19,6,4,3,0.4,1.0,1001,33.98163,0.4003939
dss_fedavg,persistent_sybil,0,6,4,3,0.4,1.0,2001,33.970284,0.40026024
dss_fedavg,persistent_sybil,1,6,4,3,0.4,1.0,2001,33.746056,0.39761823
dss_fedavg,persistent_sybil,2,6,4,3,0.4,1.0,2001,33.85378,0.39888752
dss_fedavg,persistent_sybil,3,6,4,3,0.4,1.0,2001,33.818245,0.39846882
dss_fedavg,persistent_sybil,4,6,4,3,0.4,1.0,2001,34.013927,0.40077448
dss_fedavg,persistent_sybil,5,6,4,3,0.4,1.0,2001,33.91775,0.39964128
dss_fedavg,persistent_sybil,6,6,4,3,0.4,1.0,2001,33.9869,0.40045604
dss_fedavg,persistent_sybil,7,6,4,3,0.4,1.0,2001,33.931313,0.39980108
dss_fedavg,persistent_sybil,8,6,4,3,0.4,1.0,2001,34.017746,0.40081948
dss_fedavg,persistent_sybil,9,6,4,3,0.4,1.0,2001,34.034115,0.40101236
dss_fedavg,persistent_sybil,10,6,4,3,0.4,1.0,2001,33.972366,0.4002848
dss_fedavg,persistent_sybil,11,6,4,3,0.4,1.0,2001,33.9661,0.40021095
dss_fedavg,persistent_sybil,12,6,4,3,0.4,1.0,2001,34.042645,0.40111285
dss_fedavg,persistent_sybil,13,6,4,3,0.4,1.0,2001,34.06654,0.4013944
dss_fedavg,persistent_sybil,14,6,4,3,0.4,1.0,2001,33.85231,0.3988702
dss_fedavg,persistent_sybil,15,6,4,3,0.4,1.0,2001,33.961018,0.40015107
dss_fedavg,persistent_sybil,16,6,4,3,0.4,1.0,2001,33.86912,0.3990683
dss_fedavg,persistent_sybil,17,6,4,3,0.4,1.0,2001,34.021946,0.40086895
dss_fedavg,persistent_sybil,18,6,4,3,0.4,1.0,2001,33.963547,0.40018088
dss_fedavg,persistent_sybil,19,6,4,3,0.4,1.0,2001,34.0592,0.4013079
dss_fedavg,persistent_sybil,0,6,4,3,0.4,1.0,3001,34.004845,0.40066746
dss_fedavg,persistent_sybil,1,6,4,3,0.4,1.0,3001,33.929268,0.39977697
dss_fedavg,persistent_sybil,2,6,4,3,0.4,1.0,3001,34.067554,0.40140635
dss_fedavg,persistent_sybil,3,6,4,3,0.4,1.0,3001,33.816216,0.39844492
dss_fedavg,persistent_sybil,4,6,4,3,0.4,1.0,3001,33.912582,0.39958036
dss_fedavg,persistent_sybil,5,6,4,3,0.4,1.0,3001,33.86884,0.39906496
dss_fedavg,persistent_sybil,6,6,4,3,0.4,1.0,3001,33.951775,0.40004215
dss_fedavg,persistent_sybil,7,6,4,3,0.4,1.0,3001,33.89883,0.39941832
dss_fedavg,persistent_sybil,8,6,4,3,0.4,1.0,3001,33.95017,0.40002325
dss_fedavg,persistent_sybil,9,6,4,3,0.4,1.0,3001,34.031544,0.40098205
dss_fedavg,persistent_sybil,10,6,4,3,0.4,1.0,3001,34.03399,0.40101087
dss_fedavg,persistent_sybil,11,6,4,3,0.4,1.0,3001,33.738873,0.3975336
dss_fedavg,persistent_sybil,12,6,4,3,0.4,1.0,3001,34.096123,0.40174296
dss_fedavg,persistent_sybil,13,6,4,3,0.4,1.0,3001,33.876335,0.3991533
dss_fedavg,persistent_sybil,14,6,4,3,0.4,1.0,3001,33.92328,0.3997064
dss_fedavg,persistent_sybil,15,6,4,3,0.4,1.0,3001,33.934517,0.3998388
dss_fedavg,persistent_sybil,16,6,4,3,0.4,1.0,3001,33.999977,0.40061012
dss_fedavg,persistent_sybil,17,6,4,3,0.4,1.0,3001,34.056324,0.40127403
dss_fedavg,persistent_sybil,18,6,4,3,0.4,1.0,3001,34.011032,0.40074039
dss_fedavg,persistent_sybil,19,6,4,3,0.4,1.0,3001,33.976414,0.40033248
dss_fedavg,persistent_sybil,0,6,4,3,0.4,1.0,4001,33.933872,0.39983124
dss_fedavg,persistent_sybil,1,6,4,3,0.4,1.0,4001,33.909065,0.39953893
dss_fedavg,persistent_sybil,2,6,4,3,0.4,1.0,4001,33.964134,0.4001878
dss_fedavg,persistent_sybil,3,6,4,3,0.4,1.0,4001,33.94445,0.39995587
dss_fedavg,persistent_sybil,4,6,4,3,0.4,1.0,4001,33.950005,0.4000213
dss_fedavg,persistent_sybil,5,6,4,3,0.4,1.0,4001,33.998615,0.40059406
dss_fedavg,persistent_sybil,6,6,4,3,0.4,1.0,4001,33.93499,0.39984438
dss_fedavg,persistent_sybil,7,6,4,3,0.4,1.0,4001,33.974964,0.4003154
dss_fedavg,persistent_sybil,8,6,4,3,0.4,1.0,4001,34.069157,0.40142524
dss_fedavg,persistent_sybil,9,6,4,3,0.4,1.0,4001,34.039913,0.40108067
dss_fedavg,persistent_sybil,10,6,4,3,0.4,1.0,4001,33.906876,0.39951313
dss_fedavg,persistent_sybil,11,6,4,3,0.4,1.0,4001,33.96711,0.40022284
dss_fedavg,persistent_sybil,12,6,4,3,0.4,1.0,4001,33.97103,0.40026906
dss_fedavg,persistent_sybil,13,6,4,3,0.4,1.0,4001,33.966785,0.40021902
dss_fedavg,persistent_sybil,14,6,4,3,0.4,1.0,4001,33.936646,0.3998639
dss_fedavg,persistent_sybil,15,6,4,3,0.4,1.0,4001,33.905373,0.39949542
dss_fedavg,persistent_sybil,16,6,4,3,0.4,1.0,4001,33.939545,0.39989805
dss_fedavg,persistent_sybil,17,6,4,3,0.4,1.0,4001,33.903145,0.39946917
dss_fedavg,persistent_sybil,18,6,4,3,0.4,1.0,4001,34.00675,0.4006899
dss_fedavg,persistent_sybil,19,6,4,3,0.4,1.0,4001,33.981293,0.40038997
dsscoll_fedavg,persistent_sybil,0,6,4,3,0.4,1.0,1,33.93718,0.3998702
dsscoll_fedavg,persistent_sybil,1,6,4,3,0.4,1.0,1,0.40356788,0.0047551026
dsscoll_fedavg,persistent_sybil,2,6,4,3,0.4,1.0,1,0.07612759,0.00089698535
dsscoll_fedavg,persistent_sybil,3,6,4,3,0.4,1.0,1,0.5445054,0.0064157215
dsscoll_fedavg,persistent_sybil,4,6,4,3,0.4,1.0,1,0.15343206,0.0018078375
dsscoll_fedavg,persistent_sybil,5,6,4,3,0.4,1.0,1,0.17360137,0.0020454857
dsscoll_fedavg,persistent_sybil,6,6,4,3,0.4,1.0,1,0.13004151,0.0015322347
dsscoll_fedavg,persistent_sybil,7,6,4,3,0.4,1.0,1,0.14083175,0.0016593725
dsscoll_fedavg,persistent_sybil,8,6,4,3,0.4,1.0,1,0.22640058,0.0026676008
dsscoll_fedavg,persistent_sybil,9,6,4,3,0.4,1.0,1,0.44643557,0.005260198
dsscoll_fedavg,persistent_sybil,10,6,4,3,0.4,1.0,1,0.4497442,0.005299182
dsscoll_fedavg,persistent_sybil,11,6,4,3,0.4,1.0,1,0.27596492,0.0032516003
dsscoll_fedavg,persistent_sybil,12,6,4,3,0.4,1.0,1,0.41954842,0.0049433955
dsscoll_fedavg,persistent_sybil,13,6,4,3,0.4,1.0,1,0.27626413,0.0032551258
dsscoll_fedavg,persistent_sybil,14,6,4,3,0.4,1.0,1,0.58754563,0.0069228495
dsscoll_fedavg,persistent_sybil,15,6,4,3,0.4,1.0,1,0.3606911,0.0042499
dsscoll_fedavg,persistent_sybil,16,6,4,3,0.4,1.0,1,0.13937269,0.0016421808
dsscoll_fedavg,persistent_sybil,17,6,4,3,0.4,1.0,1,0.23245984,0.002738995
dsscoll_fedavg,persistent_sybil,18,6,4,3,0.4,1.0,1,0.1602452,0.0018881144
dsscoll_fedavg,persistent_sybil,19,6,4,3,0.4,1.0,1,0.3699996,0.0043595787
dsscoll_fedavg,persistent_sybil,0,6,4,3,0.4,1.0,1001,33.918365,0.39964852
dsscoll_fedavg,persistent_sybil,1,6,4,3,0.4,1.0,1001,0.34365273,0.004049143
dsscoll_fedavg,persistent_sybil,2,6,4,3,0.4,1.0,1001,0.30233255,0.0035622811
dsscoll_fedavg,persistent_sybil,3,6,4,3,0.4,1.0,1001,0.4645218,0.0054733017
dsscoll_fedavg,persistent_sybil,4,6,4,3,0.4,1.0,1001,0.22768305,0.0026827117
dsscoll_fedavg,persistent_sybil,5,6,4,3,0.4,1.0,1001,0.42953026,0.0050610085
dsscoll_fedavg,persistent_sybil,6,6,4,3,0.4,1.0,1001,0.17829718,0.0021008148
dsscoll_fedavg,persistent_sybil,7,6,4,3,0.4,1.0,1001,0.34842706,0.004105397
dsscoll_fedavg,persistent_sybil,8,6,4,3,0.4,1.0,1001,0.35705397,0.004207045
dsscoll_fedavg,persistent_sybil,9,6,4,3,0.4,1.0,1001,0.34658766,0.0040837238
dsscoll_fedavg,persistent_sybil,10,6,4,3,0.4,1.0,1001,0.1302966,0.0015352403
dsscoll_fedavg,persistent_sybil,11,6,4,3,0.4,1.0,1001,0.24834077,0.0029261145
dsscoll_fedavg,persistent_sybil,12,6,4,3,0.4,1.0,1001,0.1802512,0.0021238383
dsscoll_fedavg,persistent_sybil,13,6,4,3,0.4,1.0,1001,0.83825594,0.009876884
dsscoll_fedavg,persistent_sybil,14,6,4,3,0.4,1.0,1001,0.2322618,0.0027366616
dsscoll_fedavg,persistent_sybil,15,6,4,3,0.4,1.0,1001,0.14770527,0.0017403607
dsscoll_fedavg,persistent_sybil,16,6,4,3,0.4,1.0,1001,0.24309891,0.0028643515
dsscoll_fedavg,persistent_sybil,17,6,4,3,0.4,1.0,1001,0.13080737,0.0015412585
dsscoll_fedavg,persistent_sybil,18,6,4,3,0.4,1.0,1001,0.22123997,0.002606795
dsscoll_fedavg,persistent_sybil,19,6,4,3,0.4,1.0,1001,0.28868657,0.0034014953
dsscoll_fedavg,persistent_sybil,0,6,4,3,0.4,1.0,2001,33.970284,0.40026024
dsscoll_fedavg,persistent_sybil,1,6,4,3,0.4,1.0,2001,3.1997406,0.03770145
dsscoll_fedavg,persistent_sybil,2,6,4,3,0.4,1.0,2001,0.41935343,0.004941098
dsscoll_fedavg,persistent_sybil,3,6,4,3,0.4,1.0,2001,0.46935794,0.0055302843
dsscoll_fedavg,persistent_sybil,4,6,4,3,0.4,1.0,2001,0.7057287,0.00831536
dsscoll_fedavg,persistent_sybil,5,6,4,3,0.4,1.0,2001,0.20543914,0.0024206191
dsscoll_fedavg,persistent_sybil,6,6,4,3,0.4,1.0,2001,0.21637745,0.0025495016
dsscoll_fedavg,persistent_sybil,7,6,4,3,0.4,1.0,2001,0.03519849,0.0004147318
dsscoll_fedavg,persistent_sybil,8,6,4,3,0.4,1.0,2001,0.24386042,0.002873324
dsscoll_fedavg,persistent_sybil,9,6,4,3,0.4,1.0,2001,0.2502612,0.0029487421
dsscoll_fedavg,persistent_sybil,10,6,4,3,0.4,1.0,2001,0.364248,0.0042918096
dsscoll_fedavg,persistent_sybil,11,6,4,3,0.4,1.0,2001,0.08594868,0.001012704
dsscoll_fedavg,persistent_sybil,12,6,4,3,0.4,1.0,2001,0.19681334,0.0023189844
dsscoll_fedavg,persistent_sybil,13,6,4,3,0.4,1.0,2001,0.26985413,0.003179599
dsscoll_fedavg,persistent_sybil,14,6,4,3,0.4,1.0,2001,0.2950874,0.003476914
dsscoll_fedavg,persistent_sybil,15,6,4,3,0.4,1.0,2001,0.45577765,0.0053702723
dsscoll_fedavg,persistent_sybil,16,6,4,3,0.4,1.0,2001,0.2534202,0.0029859636
dsscoll_fedavg,persistent_sybil,17,6,4,3,0.4,1.0,2001,0.747639,0.008809175
dsscoll_fedavg,persistent_sybil,18,6,4,3,0.4,1.0,2001,0.06707435,0.00079031417
dsscoll_fedavg,persistent_sybil,19,6,4,3,0.4,1.0,2001,0.5494241,0.006473677
dsscoll_fedavg,persistent_sybil,0,6,4,3,0.4,1.0,3001,34.004845,0.40066746
dsscoll_fedavg,persistent_sybil,1,6,4,3,0.4,1.0,3001,0.59325486,0.0069901193
dsscoll_fedavg,persistent_sybil,2,6,4,3,0.4,1.0,3001,0.43806925,0.00516162
dsscoll_fedavg,persistent_sybil,3,6,4,3,0.4,1.0,3001,0.13363616,0.0015745893
dsscoll_fedavg,persistent_sybil,4,6,4,3,0.4,1.0,3001,0.12656175,0.0014912338
dsscoll_fedavg,persistent_sybil,5,6,4,3,0.4,1.0,3001,0.2415514,0.0028461176
dsscoll_fedavg,persistent_sybil,6,6,4,3,0.4,1.0,3001,0.3518298,0.0041454905
dsscoll_fedavg,persistent_sybil,7,6,4,3,0.4,1.0,3001,0.22189593,0.002614524
dsscoll_fedavg,persistent_sybil,8,6,4,3,0.4,1.0,3001,0.12263453,0.0014449608
dsscoll_fedavg,persistent_sybil,9,6,4,3,0.4,1.0,3001,0.47267896,0.0055694147
dsscoll_fedavg,persistent_sybil,10,6,4,3,0.4,1.0,3001,0.57385385,0.006761524
dsscoll_fedavg,persistent_sybil,11,6,4,3,0.4,1.0,3001,0.54816437,0.0064588333
dsscoll_fedavg,persistent_sybil,12,6,4,3,0.4,1.0,3001,0.30588752,0.003604168
dsscoll_fedavg,persistent_sybil,13,6,4,3,0.4,1.0,3001,0.10921648,0.0012868604
dsscoll_fedavg,persistent_sybil,14,6,4,3,0.4,1.0,3001,0.40317458,0.0047504683
dsscoll_fedavg,persistent_sybil,15,6,4,3,0.4,1.0,3001,0.07082364,0.00083449075
dsscoll_fedavg,persistent_sybil,16,6,4,3,0.4,1.0,3001,0.1183408,0.0013943692
dsscoll_fedavg,persistent_sybil,17,6,4,3,0.4,1.0,3001,0.15312679,0.0018042406
dsscoll_fedavg,persistent_sybil,18,6,4,3,0.4,1.0,3001,0.34418482,0.004055412
dsscoll_fedavg,persistent_sybil,19,6,4,3,0.4,1.0,3001,0.321792,0.0037915653
dsscoll_fedavg,persistent_sybil,0,6,4,3,0.4,1.0,4001,33.933872,0.39983124
dsscoll_fedavg,persistent_sybil,1,6,4,3,0.4,1.0,4001,1.8748763,0.022091027
dsscoll_fedavg,persistent_sybil,2,6,4,3,0.4,1.0,4001,0.59853137,0.0070522907
dsscoll_fedavg,persistent_sybil,3,6,4,3,0.4,1.0,4001,0.4150838,0.0048907907
dsscoll_fedavg,persistent_sybil,4,6,4,3,0.4,1.0,4001,0.3513711,0.0041400855
dsscoll_fedavg,persistent_sybil,5,6,4,3,0.4,1.0,4001,0.2959633,0.0034872342
dsscoll_fedavg,persistent_sybil,6,6,4,3,0.4,1.0,4001,0.2975715,0.0035061834
dsscoll_fedavg,persistent_sybil,7,6,4,3,0.4,1.0,4001,0.11611573,0.001368152
dsscoll_fedavg,persistent_sybil,8,6,4,3,0.4,1.0,4001,0.3041271,0.0035834257
dsscoll_fedavg,persistent_sybil,9,6,4,3,0.4,1.0,4001,0.688491,0.008112254
dsscoll_fedavg,persistent_sybil,10,6,4,3,0.4,1.0,4001,0.13432807,0.0015827417
dsscoll_fedavg,persistent_sybil,11,6,4,3,0.4,1.0,4001,0.25572172,0.0030130816
dsscoll_fedavg,persistent_sybil,12,6,4,3,0.4,1.0,4001,0.68877536,0.0081156045
dsscoll_fedavg,persistent_sybil,13,6,4,3,0.4,1.0,4001,0.25598437,0.0030161764
dsscoll_fedavg,persistent_sybil,14,6,4,3,0.4,1.0,4001,0.21062872,0.0024817663
dsscoll_fedavg,persistent_sybil,15,6,4,3,0.4,1.0,4001,0.4372602,0.0051520877
dsscoll_fedavg,persistent_sybil,16,6,4,3,0.4,1.0,4001,0.22511253,0.002652424
dsscoll_fedavg,persistent_sybil,17,6,4,3,0.4,1.0,4001,0.20749769,0.0024448743
dsscoll_fedavg,persistent_sybil,18,6,4,3,0.4,1.0,4001,0.43943194,0.005177676
dsscoll_fedavg,persistent_sybil,19,6,4,3,0.4,1.0,4001,0.7154571,0.008429986
flanders_fedavg,persistent_sybil,0,6,4,3,0.4,1.0,1,33.93718,0.3998702
flanders_fedavg,persistent_sybil,1,6,4,3,0.4,1.0,1,12.043513,0.1419046
flanders_fedavg,persistent_sybil,2,6,4,3,0.4,1.0,1,48.53202,0.57183623
flanders_fedavg,persistent_sybil,3,6,4,3,0.4,1.0,1,48.525566,0.5717602
flanders_fedavg,persistent_sybil,4,6,4,3,0.4,1.0,1,48.547302,0.5720163
flanders_fedavg,persistent_sybil,5,6,4,3,0.4,1.0,1,48.563557,0.5722078
flanders_fedavg,persistent_sybil,6,6,4,3,0.4,1.0,1,48.48826,0.5713206
flanders_fedavg,persistent_sybil,7,6,4,3,0.4,1.0,1,48.371155,0.5699408
flanders_fedavg,persistent_sybil,8,6,4,3,0.4,1.0,1,48.5771,0.57236737
flanders_fedavg,persistent_sybil,9,6,4,3,0.4,1.0,1,48.505627,0.5715252
flanders_fedavg,persistent_sybil,10,6,4,3,0.4,1.0,1,48.686405,0.5736553
flanders_fedavg,persistent_sybil,11,6,4,3,0.4,1.0,1,48.531796,0.57183355
flanders_fedavg,persistent_sybil,12,6,4,3,0.4,1.0,1,48.486732,0.5713026
flanders_fedavg,persistent_sybil,13,6,4,3,0.4,1.0,1,48.560528,0.5721721
flanders_fedavg,persistent_sybil,14,6,4,3,0.4,1.0,1,48.51839,0.5716756
flanders_fedavg,persistent_sybil,15,6,4,3,0.4,1.0,1,48.462128,0.5710127
flanders_fedavg,persistent_sybil,16,6,4,3,0.4,1.0,1,48.431393,0.5706506
flanders_fedavg,persistent_sybil,17,6,4,3,0.4,1.0,1,48.52805,0.57178944
flanders_fedavg,persistent_sybil,18,6,4,3,0.4,1.0,1,48.54639,0.5720055
flanders_fedavg,persistent_sybil,19,6,4,3,0.4,1.0,1,48.419502,0.57051045
flanders_fedavg,persistent_sybil,0,6,4,3,0.4,1.0,1001,33.918365,0.39964852
flanders_fedavg,persistent_sybil,1,6,4,3,0.4,1.0,1001,12.236434,0.14417772
flanders_fedavg,persistent_sybil,2,6,4,3,0.4,1.0,1001,48.48625,0.57129693
flanders_fedavg,persistent_sybil,3,6,4,3,0.4,1.0,1001,48.479107,0.57121277
flanders_fedavg,persistent_sybil,4,6,4,3,0.4,1.0,1001,48.40456,0.5703344
flanders_fedavg,persistent_sybil,5,6,4,3,0.4,1.0,1001,48.49429,0.57139164
flanders_fedavg,persistent_sybil,6,6,4,3,0.4,1.0,1001,48.55448,0.5721009
flanders_fedavg,persistent_sybil,7,6,4,3,0.4,1.0,1001,48.350697,0.56969976
flanders_fedavg,persistent_sybil,8,6,4,3,0.4,1.0,1001,48.612022,0.5727789
flanders_fedavg,persistent_sybil,9,6,4,3,0.4,1.0,1001,48.595047,0.57257885
flanders_fedavg,persistent_sybil,10,6,4,3,0.4,1.0,1001,48.393475,0.5702038
flanders_fedavg,persistent_sybil,11,6,4,3,0.4,1.0,1001,48.544395,0.571982
flanders_fedavg,persistent_sybil,12,6,4,3,0.4,1.0,1001,48.474926,0.5711635
flanders_fedavg,persistent_sybil,13,6,4,3,0.4,1.0,1001,48.575714,0.57235104
flanders_fedavg,persistent_sybil,14,6,4,3,0.4,1.0,1001,48.534,0.57185954
flanders_fedavg,persistent_sybil,15,6,4,3,0.4,1.0,1001,48.449825,0.5708677
flanders_fedavg,persistent_sybil,16,6,4,3,0.4,1.0,1001,48.471584,0.57112414
flanders_fedavg,persistent_sybil,17,6,4,3,0.4,1.0,1001,48.535328,0.5718752
flanders_fedavg,persistent_sybil,18,6,4,3,0.4,1.0,1001,48.58391,0.57244766
flanders_fedavg,persistent_sybil,19,6,4,3,0.4,1.0,1001,48.491436,0.571358
flanders_fedavg,persistent_sybil,0,6,4,3,0.4,1.0,2001,33.970284,0.40026024
flanders_fedavg,persistent_sybil,1,6,4,3,0.4,1.0,2001,11.836038,0.13945998
flanders_fedavg,persistent_sybil,2,6,4,3,0.4,1.0,2001,48.44029,0.57075536
flanders_fedavg,persistent_sybil,3,6,4,3,0.4,1.0,2001,48.446228,0.57082534
flanders_fedavg,persistent_sybil,4,6,4,3,0.4,1.0,2001,48.5573,0.5721341
flanders_fedavg,persistent_sybil,5,6,4,3,0.4,1.0,2001,48.501385,0.57147527
flanders_fedavg,persistent_sybil,6,6,4,3,0.4,1.0,2001,48.389614,0.5701583
flanders_fedavg,persistent_sybil,7,6,4,3,0.4,1.0,2001,48.54316,0.5719675
flanders_fedavg,persistent_sybil,8,6,4,3,0.4,1.0,2001,48.455627,0.5709361
flanders_fedavg,persistent_sybil,9,6,4,3,0.4,1.0,2001,48.563667,0.5722091
flanders_fedavg,persistent_sybil,10,6,4,3,0.4,1.0,2001,48.460453,0.57099295
flanders_fedavg,persistent_sybil,11,6,4,3,0.4,1.0,2001,48.48512,0.5712836
flanders_fedavg,persistent_sybil,12,6,4,3,0.4,1.0,2001,48.62792,0.57296616
flanders_fedavg,persistent_sybil,13,6,4,3,0.4,1.0,2001,48.57128,0.5722988
flanders_fedavg,persistent_sybil,14,6,4,3,0.4,1.0,2001,48.50848,0.57155883
flanders_fedavg,persistent_sybil,15,6,4,3,0.4,1.0,2001,48.470127,0.571107
flanders_fedavg,persistent_sybil,16,6,4,3,0.4,1.0,2001,48.38204,0.570069
flanders_fedavg,persistent_sybil,17,6,4,3,0.4,1.0,2001,48.509315,0.57156867
flanders_fedavg,persistent_sybil,18,6,4,3,0.4,1.0,2001,48.546024,0.5720012
flanders_fedavg,persistent_sybil,19,6,4,3,0.4,1.0,2001,48.586727,0.5724808
flanders_fedavg,persistent_sybil,0,6,4,3,0.4,1.0,3001,34.004845,0.40066746
flanders_fedavg,persistent_sybil,1,6,4,3,0.4,1.0,3001,12.098241,0.14254944
flanders_fedavg,persistent_sybil,2,6,4,3,0.4,1.0,3001,48.554314,0.5720989
flanders_fedavg,persistent_sybil,3,6,4,3,0.4,1.0,3001,48.386295,0.5701192
flanders_fedavg,persistent_sybil,4,6,4,3,0.4,1.0,3001,48.47598,0.5711759
flanders_fedavg,persistent_sybil,5,6,4,3,0.4,1.0,3001,48.518906,0.5716817
flanders_fedavg,persistent_sybil,6,6,4,3,0.4,1.0,3001,48.494858,0.5713983
flanders_fedavg,persistent_sybil,7,6,4,3,0.4,1.0,3001,48.512188,0.5716025
flanders_fedavg,persistent_sybil,8,6,4,3,0.4,1.0,3001,48.50828,0.5715565
flanders_fedavg,persistent_sybil,9,6,4,3,0.4,1.0,3001,48.481445,0.5712403
flanders_fedavg,persistent_sybil,10,6,4,3,0.4,1.0,3001,48.560566,0.5721726
flanders_fedavg,persistent_sybil,11,6,4,3,0.4,1.0,3001,48.41779,0.5704903
flanders_fedavg,persistent_sybil,12,6,4,3,0.4,1.0,3001,48.69858,0.5737988
flanders_fedavg,persistent_sybil,13,6,4,3,0.4,1.0,3001,48.422153,0.5705417
flanders_fedavg,persistent_sybil,14,6,4,3,0.4,1.0,3001,48.45031,0.57087344
flanders_fedavg,persistent_sybil,15,6,4,3,0.4,1.0,3001,48.42662,0.5705943
flanders_fedavg,persistent_sybil,16,6,4,3,0.4,1.0,3001,48.563457,0.5722066
flanders_fedavg,persistent_sybil,17,6,4,3,0.4,1.0,3001,48.554558,0.5721018
flanders_fedavg,persistent_sybil,18,6,4,3,0.4,1.0,3001,48.56288,0.5721998
flanders_fedavg,persistent_sybil,19,6,4,3,0.4,1.0,3001,48.446365,0.57082695
flanders_fedavg,persistent_sybil,0,6,4,3,0.4,1.0,4001,33.933872,0.39983124
flanders_fedavg,persistent_sybil,1,6,4,3,0.4,1.0,4001,12.069277,0.14220816
flanders_fedavg,persistent_sybil,2,6,4,3,0.4,1.0,4001,48.516983,0.571659
flanders_fedavg,persistent_sybil,3,6,4,3,0.4,1.0,4001,48.51021,0.5715792
flanders_fedavg,persistent_sybil,4,6,4,3,0.4,1.0,4001,48.508797,0.5715626
flanders_fedavg,persistent_sybil,5,6,4,3,0.4,1.0,4001,48.55061,0.5720552
flanders_fedavg,persistent_sybil,6,6,4,3,0.4,1.0,4001,48.495148,0.5714018
flanders_fedavg,persistent_sybil,7,6,4,3,0.4,1.0,4001,48.51502,0.5716359
flanders_fedavg,persistent_sybil,8,6,4,3,0.4,1.0,4001,48.60504,0.5726966
flanders_fedavg,persistent_sybil,9,6,4,3,0.4,1.0,4001,48.56138,0.5721821
flanders_fedavg,persistent_sybil,10,6,4,3,0.4,1.0,4001,48.457264,0.5709554
flanders_fedavg,persistent_sybil,11,6,4,3,0.4,1.0,4001,48.443306,0.57079095
flanders_fedavg,persistent_sybil,12,6,4,3,0.4,1.0,4001,48.47725,0.5711909
flanders_fedavg,persistent_sybil,13,6,4,3,0.4,1.0,4001,48.45832,0.57096785
flanders_fedavg,persistent_sybil,14,6,4,3,0.4,1.0,4001,48.512768,0.5716094
flanders_fedavg,persistent_sybil,15,6,4,3,0.4,1.0,4001,48.40517,0.5703416
flanders_fedavg,persistent_sybil,16,6,4,3,0.4,1.0,4001,48.474247,0.5711555
flanders_fedavg,persistent_sybil,17,6,4,3,0.4,1.0,4001,48.50758,0.5715482
flanders_fedavg,persistent_sybil,18,6,4,3,0.4,1.0,4001,48.598732,0.57262224
flanders_fedavg,persistent_sybil,19,6,4,3,0.4,1.0,4001,48.584274,0.5724519
foolsgold,persistent_sybil,0,6,4,3,0.4,1.0,1,1.5534024,0.01830321
foolsgold,persistent_sybil,1,6,4,3,0.4,1.0,1,1.4701844,0.017322682
foolsgold,persistent_sybil,2,6,4,3,0.4,1.0,1,1.370175,0.016144304
foolsgold,persistent_sybil,3,6,4,3,0.4,1.0,1,1.1067023,0.013039895
foolsgold,persistent_sybil,4,6,4,3,0.4,1.0,1,1.3365054,0.015747586
foolsgold,persistent_sybil,5,6,4,3,0.4,1.0,1,0.69986653,0.008246289
foolsgold,persistent_sybil,6,6,4,3,0.4,1.0,1,1.2168139,0.014337303
foolsgold,persistent_sybil,7,6,4,3,0.4,1.0,1,1.562512,0.018410545
foolsgold,persistent_sybil,8,6,4,3,0.4,1.0,1,0.59072423,0.0069603017
foolsgold,persistent_sybil,9,6,4,3,0.4,1.0,1,1.5408124,0.018154865
foolsgold,persistent_sybil,10,6,4,3,0.4,1.0,1,1.2447846,0.014666871
foolsgold,persistent_sybil,11,6,4,3,0.4,1.0,1,1.3333961,0.01571095
foolsgold,persistent_sybil,12,6,4,3,0.4,1.0,1,1.3895012,0.016372018
foolsgold,persistent_sybil,13,6,4,3,0.4,1.0,1,1.0435249,0.012295497
foolsgold,persistent_sybil,14,6,4,3,0.4,1.0,1,1.0842202,0.0127749955
foolsgold,persistent_sybil,15,6,4,3,0.4,1.0,1,1.455376,0.017148199
foolsgold,persistent_sybil,16,6,4,3,0.4,1.0,1,1.4014558,0.016512875
foolsgold,persistent_sybil,17,6,4,3,0.4,1.0,1,1.3159058,0.015504869
foolsgold,persistent_sybil,18,6,4,3,0.4,1.0,1,1.2260779,0.014446457
foolsgold,persistent_sybil,19,6,4,3,0.4,1.0,1,1.551905,0.018285567
foolsgold,persistent_sybil,0,6,4,3,0.4,1.0,1001,1.5780144,0.018593205
foolsgold,persistent_sybil,1,6,4,3,0.4,1.0,1001,1.6131271,0.019006927
foolsgold,persistent_sybil,2,6,4,3,0.4,1.0,1001,1.3367072,0.015749965
foolsgold,persistent_sybil,3,6,4,3,0.4,1.0,1001,1.3183249,0.015533372
foolsgold,persistent_sybil,4,6,4,3,0.4,1.0,1001,1.6000903,0.018853316
foolsgold,persistent_sybil,5,6,4,3,0.4,1.0,1001,1.5089021,0.017778877
foolsgold,persistent_sybil,6,6,4,3,0.4,1.0,1001,1.2169288,0.014338656
foolsgold,persistent_sybil,7,6,4,3,0.4,1.0,1001,1.1566826,0.013628796
foolsgold,persistent_sybil,8,6,4,3,0.4,1.0,1001,1.5765656,0.018576134
foolsgold,persistent_sybil,9,6,4,3,0.4,1.0,1001,1.4976859,0.01764672
foolsgold,persistent_sybil,10,6,4,3,0.4,1.0,1001,1.4013041,0.016511088
foolsgold,persistent_sybil,11,6,4,3,0.4,1.0,1001,1.5535475,0.01830492
foolsgold,persistent_sybil,12,6,4,3,0.4,1.0,1001,1.5462552,0.018218998
foolsgold,persistent_sybil,13,6,4,3,0.4,1.0,1001,1.5323918,0.01805565
foolsgold,persistent_sybil,14,6,4,3,0.4,1.0,1001,1.3797458,0.016257074
foolsgold,persistent_sybil,15,6,4,3,0.4,1.0,1001,1.5844878,0.018669479
foolsgold,persistent_sybil,16,6,4,3,0.4,1.0,1001,1.5820172,0.018640367
foolsgold,persistent_sybil,17,6,4,3,0.4,1.0,1001,1.5437497,0.018189475
foolsgold,persistent_sybil,18,6,4,3,0.4,1.0,1001,1.317229,0.01552046
foolsgold,persistent_sybil,19,6,4,3,0.4,1.0,1001,1.4721022,0.017345278
foolsgold,persistent_sybil,0,6,4,3,0.4,1.0,2001,1.4955839,0.017621955
foolsgold,persistent_sybil,1,6,4,3,0.4,1.0,2001,1.4653608,0.017265845
foolsgold,persistent_sybil,2,6,4,3,0.4,1.0,2001,1.5617044,0.018401029
foolsgold,persistent_sybil,3,6,4,3,0.4,1.0,2001,1.3748106,0.016198924
foolsgold,persistent_sybil,4,6,4,3,0.4,1.0,2001,1.3838955,0.016305968
foolsgold,persistent_sybil,5,6,4,3,0.4,1.0,2001,1.3540806,0.015954668
foolsgold,persistent_sybil,6,6,4,3,0.4,1.0,2001,1.352097,0.015931297
foolsgold,persistent_sybil,7,6,4,3,0.4,1.0,2001,1.4444321,0.01701925
foolsgold,persistent_sybil,8,6,4,3,0.4,1.0,2001,1.5352731,0.018089598
foolsgold,persistent_sybil,9,6,4,3,0.4,1.0,2001,1.5568842,0.018344235
foolsgold,persistent_sybil,10,6,4,3,0.4,1.0,2001,1.5306225,0.0180348
foolsgold,persistent_sybil,11,6,4,3,0.4,1.0,2001,1.5608737,0.018391242
foolsgold,persistent_sybil,12,6,4,3,0.4,1.0,2001,1.3679545,0.01611814
foolsgold,persistent_sybil,13,6,4,3,0.4,1.0,2001,1.1168604,0.013159584
foolsgold,persistent_sybil,14,6,4,3,0.4,1.0,2001,1.3655868,0.016090242
foolsgold,persistent_sybil,15,6,4,3,0.4,1.0,2001,1.5699241,0.018497879
foolsgold,persistent_sybil,16,6,4,3,0.4,1.0,2001,1.5770552,0.018581903
foolsgold,persistent_sybil,17,6,4,3,0.4,1.0,2001,1.4220957,0.016756067
foolsgold,persistent_sybil,18,6,4,3,0.4,1.0,2001,1.5226192,0.017940503
foolsgold,persistent_sybil,19,6,4,3,0.4,1.0,2001,1.2847592,0.015137878
foolsgold,persistent_sybil,0,6,4,3,0.4,1.0,3001,1.3276227,0.015642924
foolsgold,persistent_sybil,1,6,4,3,0.4,1.0,3001,1.5051966,0.017735217
foolsgold,persistent_sybil,2,6,4,3,0.4,1.0,3001,1.4570054,0.017167397
foolsgold,persistent_sybil,3,6,4,3,0.4,1.0,3001,1.5780519,0.018593647
foolsgold,persistent_sybil,4,6,4,3,0.4,1.0,3001,1.0738274,0.0126525415
foolsgold,persistent_sybil,5,6,4,3,0.4,1.0,3001,1.6281883,0.019184386
foolsgold,persistent_sybil,6,6,4,3,0.4,1.0,3001,1.2784582,0.015063637
foolsgold,persistent_sybil,7,6,4,3,0.4,1.0,3001,1.5596337,0.018376632
foolsgold,persistent_sybil,8,6,4,3,0.4,1.0,3001,1.547081,0.018228726
foolsgold,persistent_sybil,9,6,4,3,0.4,1.0,3001,1.5795205,0.01861095
foolsgold,persistent_sybil,10,6,4,3,0.4,1.0,3001,1.5722096,0.018524809
foolsgold,persistent_sybil,11,6,4,3,0.4,1.0,3001,1.380503,0.016265996
foolsgold,persistent_sybil,12,6,4,3,0.4,1.0,3001,1.3613889,0.01604078
foolsgold,persistent_sybil,13,6,4,3,0.4,1.0,3001,1.5109456,0.017802956
foolsgold,persistent_sybil,14,6,4,3,0.4,1.0,3001,1.5676914,0.018471573
foolsgold,persistent_sybil,15,6,4,3,0.4,1.0,3001,1.4142829,0.016664013
foolsgold,persistent_sybil,16,6,4,3,0.4,1.0,3001,0.94924736,0.011184657
foolsgold,persistent_sybil,17,6,4,3,0.4,1.0,3001,1.3297714,0.015668241
foolsgold,persistent_sybil,18,6,4,3,0.4,1.0,3001,1.2931237,0.015236435
foolsgold,persistent_sybil,19,6,4,3,0.4,1.0,3001,1.219857,0.014373158
foolsgold,persistent_sybil,0,6,4,3,0.4,1.0,4001,1.5474708,0.01823332
foolsgold,persistent_sybil,1,6,4,3,0.4,1.0,4001,1.3001972,0.0153197795
foolsgold,persistent_sybil,2,6,4,3,0.4,1.0,4001,1.4754171,0.017384335
foolsgold,persistent_sybil,3,6,4,3,0.4,1.0,4001,1.3497556,0.01590371
foolsgold,persistent_sybil,4,6,4,3,0.4,1.0,4001,1.3712628,0.01615712
foolsgold,persistent_sybil,5,6,4,3,0.4,1.0,4001,0.8893182,0.010478533
foolsgold,persistent_sybil,6,6,4,3,0.4,1.0,4001,1.2466145,0.014688432
foolsgold,persistent_sybil,7,6,4,3,0.4,1.0,4001,1.2842913,0.015132365
foolsgold,persistent_sybil,8,6,4,3,0.4,1.0,4001,0.9556777,0.011260424
foolsgold,persistent_sybil,9,6,4,3,0.4,1.0,4001,1.3433552,0.015828295
foolsgold,persistent_sybil,10,6,4,3,0.4,1.0,4001,1.5580722,0.018358232
foolsgold,persistent_sybil,11,6,4,3,0.4,1.0,4001,1.3270478,0.015636152
foolsgold,persistent_sybil,12,6,4,3,0.4,1.0,4001,1.4079454,0.01658934
foolsgold,persistent_sybil,13,6,4,3,0.4,1.0,4001,1.1770948,0.013869306
foolsgold,persistent_sybil,14,6,4,3,0.4,1.0,4001,1.1962523,0.014095033
foolsgold,persistent_sybil,15,6,4,3,0.4,1.0,4001,1.387057,0.016343217
foolsgold,persistent_sybil,16,6,4,3,0.4,1.0,4001,1.481797,0.017459508
foolsgold,persistent_sybil,17,6,4,3,0.4,1.0,4001,1.2495869,0.0147234555
foolsgold,persistent_sybil,18,6,4,3,0.4,1.0,4001,1.3669919,0.016106797
foolsgold,persistent_sybil,19,6,4,3,0.4,1.0,4001,1.5118078,0.017813114
fedavg,persistent_sybil,0,4,6,3,0.6,1.0,1,50.947594,0.6002981
fedavg,persistent_sybil,1,4,6,3,0.6,1.0,1,50.831806,0.5989338
fedavg,persistent_sybil,2,4,6,3,0.6,1.0,1,50.89441,0.5996714
fedavg,persistent_sybil,3,4,6,3,0.6,1.0,1,50.94834,0.6003069
fedavg,persistent_sybil,4,4,6,3,0.6,1.0,1,50.985752,0.6007477
fedavg,persistent_sybil,5,4,6,3,0.6,1.0,1,50.97557,0.6006277
fedavg,persistent_sybil,6,4,6,3,0.6,1.0,1,50.81335,0.5987164
fedavg,persistent_sybil,7,4,6,3,0.6,1.0,1,50.8713,0.59939915
fedavg,persistent_sybil,8,4,6,3,0.6,1.0,1,50.983433,0.60072035
fedavg,persistent_sybil,9,4,6,3,0.6,1.0,1,50.826267,0.59886855
fedavg,persistent_sybil,10,4,6,3,0.6,1.0,1,51.024586,0.6012053
fedavg,persistent_sybil,11,4,6,3,0.6,1.0,1,50.984386,0.6007316
fedavg,persistent_sybil,12,4,6,3,0.6,1.0,1,50.948463,0.60030836
fedavg,persistent_sybil,13,4,6,3,0.6,1.0,1,50.951523,0.60034436
fedavg,persistent_sybil,14,4,6,3,0.6,1.0,1,50.923515,0.6000144
fedavg,persistent_sybil,15,4,6,3,0.6,1.0,1,50.893852,0.59966487
fedavg,persistent_sybil,16,4,6,3,0.6,1.0,1,50.913406,0.5998953
fedavg,persistent_sybil,17,4,6,3,0.6,1.0,1,50.90849,0.59983736
fedavg,persistent_sybil,18,4,6,3,0.6,1.0,1,50.94156,0.600227
fedavg,persistent_sybil,19,4,6,3,0.6,1.0,1,50.88866,0.5996037
fedavg,persistent_sybil,0,4,6,3,0.6,1.0,1001,50.94878,0.60031205
fedavg,persistent_sybil,1,4,6,3,0.6,1.0,1001,50.905544,0.5998026
fedavg,persistent_sybil,2,4,6,3,0.6,1.0,1001,50.88536,0.5995648
fedavg,persistent_sybil,3,4,6,3,0.6,1.0,1001,50.928627,0.6000746
fedavg,persistent_sybil,4,4,6,3,0.6,1.0,1001,50.816563,0.59875417
fedavg,persistent_sybil,5,4,6,3,0.6,1.0,1001,51.029324,0.6012611
fedavg,persistent_sybil,6,4,6,3,0.6,1.0,1001,50.95278,0.6003592
fedavg,persistent_sybil,7,4,6,3,0.6,1.0,1001,50.80734,0.5986455
fedavg,persistent_sybil,8,4,6,3,0.6,1.0,1001,50.96791,0.6005375
fedavg,persistent_sybil,9,4,6,3,0.6,1.0,1001,50.9955,0.60086256
fedavg,persistent_sybil,10,4,6,3,0.6,1.0,1001,50.941776,0.60022956
fedavg,persistent_sybil,11,4,6,3,0.6,1.0,1001,50.954865,0.60038376
fedavg,persistent_sybil,12,4,6,3,0.6,1.0,1001,50.921284,0.5999881
fedavg,persistent_sybil,13,4,6,3,0.6,1.0,1001,50.93656,0.6001681
fedavg,persistent_sybil,14,4,6,3,0.6,1.0,1001,50.94954,0.600321
fedavg,persistent_sybil,15,4,6,3,0.6,1.0,1001,50.85599,0.5992188
fedavg,persistent_sybil,16,4,6,3,0.6,1.0,1001,50.881657,0.59952116
fedavg,persistent_sybil,17,4,6,3,0.6,1.0,1001,51.006977,0.6009978
fedavg,persistent_sybil,18,4,6,3,0.6,1.0,1001,51.023666,0.60119444
fedavg,persistent_sybil,19,4,6,3,0.6,1.0,1001,50.997623,0.6008876
fedavg,persistent_sybil,0,4,6,3,0.6,1.0,2001,50.877895,0.5994769
fedavg,persistent_sybil,1,4,6,3,0.6,1.0,2001,50.78521,0.5983848
fedavg,persistent_sybil,2,4,6,3,0.6,1.0,2001,50.824875,0.59885216
fedavg,persistent_sybil,3,4,6,3,0.6,1.0,2001,50.87137,0.5993999
fedavg,persistent_sybil,4,4,6,3,0.6,1.0,2001,50.941193,0.60022265
fedavg,persistent_sybil,5,4,6,3,0.6,1.0,2001,50.979332,0.60067207
fedavg,persistent_sybil,6,4,6,3,0.6,1.0,2001,50.998318,0.60089576
fedavg,persistent_sybil,7,4,6,3,0.6,1.0,2001,50.919357,0.5999654
fedavg,persistent_sybil,8,4,6,3,0.6,1.0,2001,50.99089,0.60080826
fedavg,persistent_sybil,9,4,6,3,0.6,1.0,2001,50.988495,0.60078
fedavg,persistent_sybil,10,4,6,3,0.6,1.0,2001,50.93819,0.6001873
fedavg,persistent_sybil,11,4,6,3,0.6,1.0,2001,50.91954,0.59996754
fedavg,persistent_sybil,12,4,6,3,0.6,1.0,2001,51.02495,0.6012095
fedavg,persistent_sybil,13,4,6,3,0.6,1.0,2001,51.008938,0.6010209
fedavg,persistent_sybil,14,4,6,3,0.6,1.0,2001,50.844635,0.599085
fedavg,persistent_sybil,15,4,6,3,0.6,1.0,2001,50.968147,0.6005403
fedavg,persistent_sybil,16,4,6,3,0.6,1.0,2001,50.87148,0.59940124
fedavg,persistent_sybil,17,4,6,3,0.6,1.0,2001,51.046795,0.60146695
fedavg,persistent_sybil,18,4,6,3,0.6,1.0,2001,50.884953,0.59956
fedavg,persistent_sybil,19,4,6,3,0.6,1.0,2001,50.991013,0.6008097
fedavg,persistent_sybil,0,4,6,3,0.6,1.0,3001,50.924587,0.600027
fedavg,persistent_sybil,1,4,6,3,0.6,1.0,3001,50.92959,0.6000859
fedavg,persistent_sybil,2,4,6,3,0.6,1.0,3001,51.009293,0.60102504
fedavg,persistent_sybil,3,4,6,3,0.6,1.0,3001,50.850533,0.5991545
fedavg,persistent_sybil,4,4,6,3,0.6,1.0,3001,50.924133,0.60002166
fedavg,persistent_sybil,5,4,6,3,0.6,1.0,3001,50.878094,0.5994792
fedavg,persistent_sybil,6,4,6,3,0.6,1.0,3001,50.844578,0.5990843
fedavg,persistent_sybil,7,4,6,3,0.6,1.0,3001,50.881664,0.5995213
fedavg,persistent_sybil,8,4,6,3,0.6,1.0,3001,50.94989,0.60032517
fedavg,persistent_sybil,9,4,6,3,0.6,1.0,3001,50.968914,0.6005493
fedavg,persistent_sybil,10,4,6,3,0.6,1.0,3001,50.950073,0.6003273
fedavg,persistent_sybil,11,4,6,3,0.6,1.0,3001,50.810383,0.5986814
fedavg,persistent_sybil,12,4,6,3,0.6,1.0,3001,50.95533,0.60038924
fedavg,persistent_sybil,13,4,6,3,0.6,1.0,3001,50.862606,0.5992967
fedavg,persistent_sybil,14,4,6,3,0.6,1.0,3001,50.90379,0.599782
fedavg,persistent_sybil,15,4,6,3,0.6,1.0,3001,50.87563,0.5994502
fedavg,persistent_sybil,16,4,6,3,0.6,1.0,3001,51.014206,0.601083
fedavg,persistent_sybil,17,4,6,3,0.6,1.0,3001,50.992493,0.6008271
fedavg,persistent_sybil,18,4,6,3,0.6,1.0,3001,50.97295,0.60059685
fedavg,persistent_sybil,19,4,6,3,0.6,1.0,3001,50.996372,0.6008728
fedavg,persistent_sybil,0,4,6,3,0.6,1.0,4001,50.91087,0.5998654
fedavg,persistent_sybil,1,4,6,3,0.6,1.0,4001,50.981747,0.6007005
fedavg,persistent_sybil,2,4,6,3,0.6,1.0,4001,50.900955,0.59974855
fedavg,persistent_sybil,3,4,6,3,0.6,1.0,4001,50.95581,0.6003949
fedavg,persistent_sybil,4,4,6,3,0.6,1.0,4001,50.912746,0.5998875
fedavg,persistent_sybil,5,4,6,3,0.6,1.0,4001,50.985264,0.6007419
fedavg,persistent_sybil,6,4,6,3,0.6,1.0,4001,50.89475,0.5996754
fedavg,persistent_sybil,7,4,6,3,0.6,1.0,4001,50.971912,0.6005846
fedavg,persistent_sybil,8,4,6,3,0.6,1.0,4001,51.026924,0.6012328
fedavg,persistent_sybil,9,4,6,3,0.6,1.0,4001,50.97812,0.60065776
fedavg,persistent_sybil,10,4,6,3,0.6,1.0,4001,50.967632,0.6005342
fedavg,persistent_sybil,11,4,6,3,0.6,1.0,4001,51.001797,0.6009368
fedavg,persistent_sybil,12,4,6,3,0.6,1.0,4001,50.91397,0.5999019
fedavg,persistent_sybil,13,4,6,3,0.6,1.0,4001,50.948708,0.6003112
fedavg,persistent_sybil,14,4,6,3,0.6,1.0,4001,50.960983,0.6004559
fedavg,persistent_sybil,15,4,6,3,0.6,1.0,4001,50.939903,0.60020745
fedavg,persistent_sybil,16,4,6,3,0.6,1.0,4001,50.86491,0.59932387
fedavg,persistent_sybil,17,4,6,3,0.6,1.0,4001,50.89153,0.5996375
fedavg,persistent_sybil,18,4,6,3,0.6,1.0,4001,50.903378,0.5997771
fedavg,persistent_sybil,19,4,6,3,0.6,1.0,4001,50.95951,0.60043854
krum,persistent_sybil,0,4,6,3,0.6,1.0,1,84.87049,1.0
krum,persistent_sybil,1,4,6,3,0.6,1.0,1,84.87049,1.0
krum,persistent_sybil,2,4,6,3,0.6,1.0,1,84.87049,1.0
krum,persistent_sybil,3,4,6,3,0.6,1.0,1,84.87049,1.0
krum,persistent_sybil,4,4,6,3,0.6,1.0,1,84.87049,1.0
krum,persistent_sybil,5,4,6,3,0.6,1.0,1,84.87049,1.0
krum,persistent_sybil,6,4,6,3,0.6,1.0,1,84.87049,1.0
krum,persistent_sybil,7,4,6,3,0.6,1.0,1,84.87049,1.0
krum,persistent_sybil,8,4,6,3,0.6,1.0,1,84.87049,1.0
krum,persistent_sybil,9,4,6,3,0.6,1.0,1,84.87049,1.0
krum,persistent_sybil,10,4,6,3,0.6,1.0,1,84.87049,1.0
krum,persistent_sybil,11,4,6,3,0.6,1.0,1,84.87049,1.0
krum,persistent_sybil,12,4,6,3,0.6,1.0,1,84.87049,1.0
krum,persistent_sybil,13,4,6,3,0.6,1.0,1,84.87049,1.0
krum,persistent_sybil,14,4,6,3,0.6,1.0,1,84.87049,1.0
krum,persistent_sybil,15,4,6,3,0.6,1.0,1,84.87049,1.0
krum,persistent_sybil,16,4,6,3,0.6,1.0,1,84.87049,1.0
krum,persistent_sybil,17,4,6,3,0.6,1.0,1,84.87049,1.0
krum,persistent_sybil,18,4,6,3,0.6,1.0,1,84.87049,1.0
krum,persistent_sybil,19,4,6,3,0.6,1.0,1,84.87049,1.0
krum,persistent_sybil,0,4,6,3,0.6,1.0,1001,84.87049,1.0
krum,persistent_sybil,1,4,6,3,0.6,1.0,1001,84.87049,1.0
krum,persistent_sybil,2,4,6,3,0.6,1.0,1001,84.87049,1.0
krum,persistent_sybil,3,4,6,3,0.6,1.0,1001,84.87049,1.0
krum,persistent_sybil,4,4,6,3,0.6,1.0,1001,84.87049,1.0
krum,persistent_sybil,5,4,6,3,0.6,1.0,1001,84.87049,1.0
krum,persistent_sybil,6,4,6,3,0.6,1.0,1001,84.87049,1.0
krum,persistent_sybil,7,4,6,3,0.6,1.0,1001,84.87049,1.0
krum,persistent_sybil,8,4,6,3,0.6,1.0,1001,84.87049,1.0
krum,persistent_sybil,9,4,6,3,0.6,1.0,1001,84.87049,1.0
krum,persistent_sybil,10,4,6,3,0.6,1.0,1001,84.87049,1.0
krum,persistent_sybil,11,4,6,3,0.6,1.0,1001,84.87049,1.0
krum,persistent_sybil,12,4,6,3,0.6,1.0,1001,84.87049,1.0
krum,persistent_sybil,13,4,6,3,0.6,1.0,1001,84.87049,1.0
krum,persistent_sybil,14,4,6,3,0.6,1.0,1001,84.87049,1.0
krum,persistent_sybil,15,4,6,3,0.6,1.0,1001,84.87049,1.0
krum,persistent_sybil,16,4,6,3,0.6,1.0,1001,84.87049,1.0
krum,persistent_sybil,17,4,6,3,0.6,1.0,1001,84.87049,1.0
krum,persistent_sybil,18,4,6,3,0.6,1.0,1001,84.87049,1.0
krum,persistent_sybil,19,4,6,3,0.6,1.0,1001,84.87049,1.0
krum,persistent_sybil,0,4,6,3,0.6,1.0,2001,84.87049,1.0
krum,persistent_sybil,1,4,6,3,0.6,1.0,2001,84.87049,1.0
krum,persistent_sybil,2,4,6,3,0.6,1.0,2001,84.87049,1.0
krum,persistent_sybil,3,4,6,3,0.6,1.0,2001,84.87049,1.0
krum,persistent_sybil,4,4,6,3,0.6,1.0,2001,84.87049,1.0
krum,persistent_sybil,5,4,6,3,0.6,1.0,2001,84.87049,1.0
krum,persistent_sybil,6,4,6,3,0.6,1.0,2001,84.87049,1.0
krum,persistent_sybil,7,4,6,3,0.6,1.0,2001,84.87049,1.0
krum,persistent_sybil,8,4,6,3,0.6,1.0,2001,84.87049,1.0
krum,persistent_sybil,9,4,6,3,0.6,1.0,2001,84.87049,1.0
krum,persistent_sybil,10,4,6,3,0.6,1.0,2001,84.87049,1.0
krum,persistent_sybil,11,4,6,3,0.6,1.0,2001,84.87049,1.0
krum,persistent_sybil,12,4,6,3,0.6,1.0,2001,84.87049,1.0
krum,persistent_sybil,13,4,6,3,0.6,1.0,2001,84.87049,1.0
krum,persistent_sybil,14,4,6,3,0.6,1.0,2001,84.87049,1.0
krum,persistent_sybil,15,4,6,3,0.6,1.0,2001,84.87049,1.0
krum,persistent_sybil,16,4,6,3,0.6,1.0,2001,84.87049,1.0
krum,persistent_sybil,17,4,6,3,0.6,1.0,2001,84.87049,1.0
krum,persistent_sybil,18,4,6,3,0.6,1.0,2001,84.87049,1.0
krum,persistent_sybil,19,4,6,3,0.6,1.0,2001,84.87049,1.0
krum,persistent_sybil,0,4,6,3,0.6,1.0,3001,84.87049,1.0
krum,persistent_sybil,1,4,6,3,0.6,1.0,3001,84.87049,1.0
krum,persistent_sybil,2,4,6,3,0.6,1.0,3001,84.87049,1.0
krum,persistent_sybil,3,4,6,3,0.6,1.0,3001,84.87049,1.0
krum,persistent_sybil,4,4,6,3,0.6,1.0,3001,84.87049,1.0
krum,persistent_sybil,5,4,6,3,0.6,1.0,3001,84.87049,1.0
krum,persistent_sybil,6,4,6,3,0.6,1.0,3001,84.87049,1.0
krum,persistent_sybil,7,4,6,3,0.6,1.0,3001,84.87049,1.0
krum,persistent_sybil,8,4,6,3,0.6,1.0,3001,84.87049,1.0
krum,persistent_sybil,9,4,6,3,0.6,1.0,3001,84.87049,1.0
krum,persistent_sybil,10,4,6,3,0.6,1.0,3001,84.87049,1.0
krum,persistent_sybil,11,4,6,3,0.6,1.0,3001,84.87049,1.0
krum,persistent_sybil,12,4,6,3,0.6,1.0,3001,84.87049,1.0
krum,persistent_sybil,13,4,6,3,0.6,1.0,3001,84.87049,1.0
krum,persistent_sybil,14,4,6,3,0.6,1.0,3001,84.87049,1.0
krum,persistent_sybil,15,4,6,3,0.6,1.0,3001,84.87049,1.0
krum,persistent_sybil,16,4,6,3,0.6,1.0,3001,84.87049,1.0
krum,persistent_sybil,17,4,6,3,0.6,1.0,3001,84.87049,1.0
krum,persistent_sybil,18,4,6,3,0.6,1.0,3001,84.87049,1.0
krum,persistent_sybil,19,4,6,3,0.6,1.0,3001,84.87049,1.0
krum,persistent_sybil,0,4,6,3,0.6,1.0,4001,84.87049,1.0
krum,persistent_sybil,1,4,6,3,0.6,1.0,4001,84.87049,1.0
krum,persistent_sybil,2,4,6,3,0.6,1.0,4001,84.87049,1.0
krum,persistent_sybil,3,4,6,3,0.6,1.0,4001,84.87049,1.0
krum,persistent_sybil,4,4,6,3,0.6,1.0,4001,84.87049,1.0
krum,persistent_sybil,5,4,6,3,0.6,1.0,4001,84.87049,1.0
krum,persistent_sybil,6,4,6,3,0.6,1.0,4001,84.87049,1.0
krum,persistent_sybil,7,4,6,3,0.6,1.0,4001,84.87049,1.0
krum,persistent_sybil,8,4,6,3,0.6,1.0,4001,84.87049,1.0
krum,persistent_sybil,9,4,6,3,0.6,1.0,4001,84.87049,1.0
krum,persistent_sybil,10,4,6,3,0.6,1.0,4001,84.87049,1.0
krum,persistent_sybil,11,4,6,3,0.6,1.0,4001,84.87049,1.0
krum,persistent_sybil,12,4,6,3,0.6,1.0,4001,84.87049,1.0
krum,persistent_sybil,13,4,6,3,0.6,1.0,4001,84.87049,1.0
krum,persistent_sybil,14,4,6,3,0.6,1.0,4001,84.87049,1.0
krum,persistent_sybil,15,4,6,3,0.6,1.0,4001,84.87049,1.0
krum,persistent_sybil,16,4,6,3,0.6,1.0,4001,84.87049,1.0
krum,persistent_sybil,17,4,6,3,0.6,1.0,4001,84.87049,1.0
krum,persistent_sybil,18,4,6,3,0.6,1.0,4001,84.87049,1.0
krum,persistent_sybil,19,4,6,3,0.6,1.0,4001,84.87049,1.0
dss_fedavg,persistent_sybil,0,4,6,3,0.6,1.0,1,50.947594,0.6002981
dss_fedavg,persistent_sybil,1,4,6,3,0.6,1.0,1,50.831806,0.5989338
dss_fedavg,persistent_sybil,2,4,6,3,0.6,1.0,1,50.89441,0.5996714
dss_fedavg,persistent_sybil,3,4,6,3,0.6,1.0,1,50.94834,0.6003069
dss_fedavg,persistent_sybil,4,4,6,3,0.6,1.0,1,50.985752,0.6007477
dss_fedavg,persistent_sybil,5,4,6,3,0.6,1.0,1,50.97557,0.6006277
dss_fedavg,persistent_sybil,6,4,6,3,0.6,1.0,1,50.81335,0.5987164
dss_fedavg,persistent_sybil,7,4,6,3,0.6,1.0,1,50.8713,0.59939915
dss_fedavg,persistent_sybil,8,4,6,3,0.6,1.0,1,50.983433,0.60072035
dss_fedavg,persistent_sybil,9,4,6,3,0.6,1.0,1,50.826267,0.59886855
dss_fedavg,persistent_sybil,10,4,6,3,0.6,1.0,1,51.024586,0.6012053
dss_fedavg,persistent_sybil,11,4,6,3,0.6,1.0,1,50.984386,0.6007316
dss_fedavg,persistent_sybil,12,4,6,3,0.6,1.0,1,50.948463,0.60030836
dss_fedavg,persistent_sybil,13,4,6,3,0.6,1.0,1,50.951523,0.60034436
dss_fedavg,persistent_sybil,14,4,6,3,0.6,1.0,1,50.923515,0.6000144
dss_fedavg,persistent_sybil,15,4,6,3,0.6,1.0,1,50.893852,0.59966487
dss_fedavg,persistent_sybil,16,4,6,3,0.6,1.0,1,50.913406,0.5998953
dss_fedavg,persistent_sybil,17,4,6,3,0.6,1.0,1,50.90849,0.59983736
dss_fedavg,persistent_sybil,18,4,6,3,0.6,1.0,1,50.94156,0.600227
dss_fedavg,persistent_sybil,19,4,6,3,0.6,1.0,1,50.88866,0.5996037
dss_fedavg,persistent_sybil,0,4,6,3,0.6,1.0,1001,50.94878,0.60031205
dss_fedavg,persistent_sybil,1,4,6,3,0.6,1.0,1001,50.905544,0.5998026
dss_fedavg,persistent_sybil,2,4,6,3,0.6,1.0,1001,50.88536,0.5995648
dss_fedavg,persistent_sybil,3,4,6,3,0.6,1.0,1001,50.928627,0.6000746
dss_fedavg,persistent_sybil,4,4,6,3,0.6,1.0,1001,50.816563,0.59875417
dss_fedavg,persistent_sybil,5,4,6,3,0.6,1.0,1001,51.029324,0.6012611
dss_fedavg,persistent_sybil,6,4,6,3,0.6,1.0,1001,50.95278,0.6003592
dss_fedavg,persistent_sybil,7,4,6,3,0.6,1.0,1001,50.80734,0.5986455
dss_fedavg,persistent_sybil,8,4,6,3,0.6,1.0,1001,50.96791,0.6005375
dss_fedavg,persistent_sybil,9,4,6,3,0.6,1.0,1001,50.9955,0.60086256
dss_fedavg,persistent_sybil,10,4,6,3,0.6,1.0,1001,50.941776,0.60022956
dss_fedavg,persistent_sybil,11,4,6,3,0.6,1.0,1001,50.954865,0.60038376
dss_fedavg,persistent_sybil,12,4,6,3,0.6,1.0,1001,50.921284,0.5999881
dss_fedavg,persistent_sybil,13,4,6,3,0.6,1.0,1001,50.93656,0.6001681
dss_fedavg,persistent_sybil,14,4,6,3,0.6,1.0,1001,50.94954,0.600321
dss_fedavg,persistent_sybil,15,4,6,3,0.6,1.0,1001,50.85599,0.5992188
dss_fedavg,persistent_sybil,16,4,6,3,0.6,1.0,1001,50.881657,0.59952116
dss_fedavg,persistent_sybil,17,4,6,3,0.6,1.0,1001,51.006977,0.6009978
dss_fedavg,persistent_sybil,18,4,6,3,0.6,1.0,1001,51.023666,0.60119444
dss_fedavg,persistent_sybil,19,4,6,3,0.6,1.0,1001,50.997623,0.6008876
dss_fedavg,persistent_sybil,0,4,6,3,0.6,1.0,2001,50.877895,0.5994769
dss_fedavg,persistent_sybil,1,4,6,3,0.6,1.0,2001,50.78521,0.5983848
dss_fedavg,persistent_sybil,2,4,6,3,0.6,1.0,2001,50.824875,0.59885216
dss_fedavg,persistent_sybil,3,4,6,3,0.6,1.0,2001,50.87137,0.5993999
dss_fedavg,persistent_sybil,4,4,6,3,0.6,1.0,2001,50.941193,0.60022265
dss_fedavg,persistent_sybil,5,4,6,3,0.6,1.0,2001,50.979332,0.60067207
dss_fedavg,persistent_sybil,6,4,6,3,0.6,1.0,2001,50.998318,0.60089576
dss_fedavg,persistent_sybil,7,4,6,3,0.6,1.0,2001,50.919357,0.5999654
dss_fedavg,persistent_sybil,8,4,6,3,0.6,1.0,2001,50.99089,0.60080826
dss_fedavg,persistent_sybil,9,4,6,3,0.6,1.0,2001,50.988495,0.60078
dss_fedavg,persistent_sybil,10,4,6,3,0.6,1.0,2001,50.93819,0.6001873
dss_fedavg,persistent_sybil,11,4,6,3,0.6,1.0,2001,50.91954,0.59996754
dss_fedavg,persistent_sybil,12,4,6,3,0.6,1.0,2001,51.02495,0.6012095
dss_fedavg,persistent_sybil,13,4,6,3,0.6,1.0,2001,51.008938,0.6010209
dss_fedavg,persistent_sybil,14,4,6,3,0.6,1.0,2001,50.844635,0.599085
dss_fedavg,persistent_sybil,15,4,6,3,0.6,1.0,2001,50.968147,0.6005403
dss_fedavg,persistent_sybil,16,4,6,3,0.6,1.0,2001,50.87148,0.59940124
dss_fedavg,persistent_sybil,17,4,6,3,0.6,1.0,2001,51.046795,0.60146695
dss_fedavg,persistent_sybil,18,4,6,3,0.6,1.0,2001,50.884953,0.59956
dss_fedavg,persistent_sybil,19,4,6,3,0.6,1.0,2001,50.991013,0.6008097
dss_fedavg,persistent_sybil,0,4,6,3,0.6,1.0,3001,50.924587,0.600027
dss_fedavg,persistent_sybil,1,4,6,3,0.6,1.0,3001,50.92959,0.6000859
dss_fedavg,persistent_sybil,2,4,6,3,0.6,1.0,3001,51.009293,0.60102504
dss_fedavg,persistent_sybil,3,4,6,3,0.6,1.0,3001,50.850533,0.5991545
dss_fedavg,persistent_sybil,4,4,6,3,0.6,1.0,3001,50.924133,0.60002166
dss_fedavg,persistent_sybil,5,4,6,3,0.6,1.0,3001,50.878094,0.5994792
dss_fedavg,persistent_sybil,6,4,6,3,0.6,1.0,3001,50.844578,0.5990843
dss_fedavg,persistent_sybil,7,4,6,3,0.6,1.0,3001,50.881664,0.5995213
dss_fedavg,persistent_sybil,8,4,6,3,0.6,1.0,3001,50.94989,0.60032517
dss_fedavg,persistent_sybil,9,4,6,3,0.6,1.0,3001,50.968914,0.6005493
dss_fedavg,persistent_sybil,10,4,6,3,0.6,1.0,3001,50.950073,0.6003273
dss_fedavg,persistent_sybil,11,4,6,3,0.6,1.0,3001,50.810383,0.5986814
dss_fedavg,persistent_sybil,12,4,6,3,0.6,1.0,3001,50.95533,0.60038924
dss_fedavg,persistent_sybil,13,4,6,3,0.6,1.0,3001,50.862606,0.5992967
dss_fedavg,persistent_sybil,14,4,6,3,0.6,1.0,3001,50.90379,0.599782
dss_fedavg,persistent_sybil,15,4,6,3,0.6,1.0,3001,50.87563,0.5994502
dss_fedavg,persistent_sybil,16,4,6,3,0.6,1.0,3001,51.014206,0.601083
dss_fedavg,persistent_sybil,17,4,6,3,0.6,1.0,3001,50.992493,0.6008271
dss_fedavg,persistent_sybil,18,4,6,3,0.6,1.0,3001,50.97295,0.60059685
dss_fedavg,persistent_sybil,19,4,6,3,0.6,1.0,3001,50.996372,0.6008728
dss_fedavg,persistent_sybil,0,4,6,3,0.6,1.0,4001,50.91087,0.5998654
dss_fedavg,persistent_sybil,1,4,6,3,0.6,1.0,4001,50.981747,0.6007005
dss_fedavg,persistent_sybil,2,4,6,3,0.6,1.0,4001,50.900955,0.59974855
dss_fedavg,persistent_sybil,3,4,6,3,0.6,1.0,4001,50.95581,0.6003949
dss_fedavg,persistent_sybil,4,4,6,3,0.6,1.0,4001,50.912746,0.5998875
dss_fedavg,persistent_sybil,5,4,6,3,0.6,1.0,4001,50.985264,0.6007419
dss_fedavg,persistent_sybil,6,4,6,3,0.6,1.0,4001,50.89475,0.5996754
dss_fedavg,persistent_sybil,7,4,6,3,0.6,1.0,4001,50.971912,0.6005846
dss_fedavg,persistent_sybil,8,4,6,3,0.6,1.0,4001,51.026924,0.6012328
dss_fedavg,persistent_sybil,9,4,6,3,0.6,1.0,4001,50.97812,0.60065776
dss_fedavg,persistent_sybil,10,4,6,3,0.6,1.0,4001,50.967632,0.6005342
dss_fedavg,persistent_sybil,11,4,6,3,0.6,1.0,4001,51.001797,0.6009368
dss_fedavg,persistent_sybil,12,4,6,3,0.6,1.0,4001,50.91397,0.5999019
dss_fedavg,persistent_sybil,13,4,6,3,0.6,1.0,4001,50.948708,0.6003112
dss_fedavg,persistent_sybil,14,4,6,3,0.6,1.0,4001,50.960983,0.6004559
dss_fedavg,persistent_sybil,15,4,6,3,0.6,1.0,4001,50.939903,0.60020745
dss_fedavg,persistent_sybil,16,4,6,3,0.6,1.0,4001,50.86491,0.59932387
dss_fedavg,persistent_sybil,17,4,6,3,0.6,1.0,4001,50.89153,0.5996375
dss_fedavg,persistent_sybil,18,4,6,3,0.6,1.0,4001,50.903378,0.5997771
dss_fedavg,persistent_sybil,19,4,6,3,0.6,1.0,4001,50.95951,0.60043854
dsscoll_fedavg,persistent_sybil,0,4,6,3,0.6,1.0,1,50.947594,0.6002981
dsscoll_fedavg,persistent_sybil,1,4,6,3,0.6,1.0,1,0.5876376,0.006923933
dsscoll_fedavg,persistent_sybil,2,4,6,3,0.6,1.0,1,0.09284395,0.0010939485
dsscoll_fedavg,persistent_sybil,3,4,6,3,0.6,1.0,1,0.23432845,0.002761012
dsscoll_fedavg,persistent_sybil,4,4,6,3,0.6,1.0,1,1.2228677,0.014408632
dsscoll_fedavg,persistent_sybil,5,4,6,3,0.6,1.0,1,0.25314915,0.0029827699
dsscoll_fedavg,persistent_sybil,6,4,6,3,0.6,1.0,1,0.31339863,0.0036926689
dsscoll_fedavg,persistent_sybil,7,4,6,3,0.6,1.0,1,0.28102976,0.0033112776
dsscoll_fedavg,persistent_sybil,8,4,6,3,0.6,1.0,1,0.25969708,0.003059922
dsscoll_fedavg,persistent_sybil,9,4,6,3,0.6,1.0,1,2.6111803,0.030766645
dsscoll_fedavg,persistent_sybil,10,4,6,3,0.6,1.0,1,2.7921882,0.0328994
dsscoll_fedavg,persistent_sybil,11,4,6,3,0.6,1.0,1,0.24485487,0.0028850413
dsscoll_fedavg,persistent_sybil,12,4,6,3,0.6,1.0,1,0.42341572,0.004988963
dsscoll_fedavg,persistent_sybil,13,4,6,3,0.6,1.0,1,2.1145325,0.024914814
dsscoll_fedavg,persistent_sybil,14,4,6,3,0.6,1.0,1,0.23964038,0.0028236008
dsscoll_fedavg,persistent_sybil,15,4,6,3,0.6,1.0,1,1.769851,0.02085355
dsscoll_fedavg,persistent_sybil,16,4,6,3,0.6,1.0,1,0.30541208,0.0035985662
dsscoll_fedavg,persistent_sybil,17,4,6,3,0.6,1.0,1,1.6613623,0.019575264
dsscoll_fedavg,persistent_sybil,18,4,6,3,0.6,1.0,1,0.09468669,0.0011156609
dsscoll_fedavg,persistent_sybil,19,4,6,3,0.6,1.0,1,0.40455404,0.004766722
dsscoll_fedavg,persistent_sybil,0,4,6,3,0.6,1.0,1001,50.94878,0.60031205
dsscoll_fedavg,persistent_sybil,1,4,6,3,0.6,1.0,1001,0.40116793,0.004726825
dsscoll_fedavg,persistent_sybil,2,4,6,3,0.6,1.0,1001,0.28171927,0.003319402
dsscoll_fedavg,persistent_sybil,3,4,6,3,0.6,1.0,1001,0.47629032,0.005611966
dsscoll_fedavg,persistent_sybil,4,4,6,3,0.6,1.0,1001,0.8736348,0.010293741
dsscoll_fedavg,persistent_sybil,5,4,6,3,0.6,1.0,1001,0.5402695,0.006365811
dsscoll_fedavg,persistent_sybil,6,4,6,3,0.6,1.0,1001,1.1748893,0.013843319
dsscoll_fedavg,persistent_sybil,7,4,6,3,0.6,1.0,1001,0.3900528,0.004595859
dsscoll_fedavg,persistent_sybil,8,4,6,3,0.6,1.0,1001,0.49405548,0.0058212867
dsscoll_fedavg,persistent_sybil,9,4,6,3,0.6,1.0,1001,0.50761926,0.0059811044
dsscoll_fedavg,persistent_sybil,10,4,6,3,0.6,1.0,1001,0.18937726,0.0022313676
dsscoll_fedavg,persistent_sybil,11,4,6,3,0.6,1.0,1001,0.19410221,0.00228704
dsscoll_fedavg,persistent_sybil,12,4,6,3,0.6,1.0,1001,0.30950904,0.0036468392
dsscoll_fedavg,persistent_sybil,13,4,6,3,0.6,1.0,1001,1.7407883,0.020511115
dsscoll_fedavg,persistent_sybil,14,4,6,3,0.6,1.0,1001,0.33683655,0.0039688298
dsscoll_fedavg,persistent_sybil,15,4,6,3,0.6,1.0,1001,0.12978746,0.0015292413
dsscoll_fedavg,persistent_sybil,16,4,6,3,0.6,1.0,1001,1.9094472,0.022498364
dsscoll_fedavg,persistent_sybil,17,4,6,3,0.6,1.0,1001,0.304719,0.0035903999
dsscoll_fedavg,persistent_sybil,18,4,6,3,0.6,1.0,1001,0.33470556,0.0039437213
dsscoll_fedavg,persistent_sybil,19,4,6,3,0.6,1.0,1001,0.33885822,0.0039926507
dsscoll_fedavg,persistent_sybil,0,4,6,3,0.6,1.0,2001,50.877895,0.5994769
dsscoll_fedavg,persistent_sybil,1,4,6,3,0.6,1.0,2001,0.3664363,0.0043175938
dsscoll_fedavg,persistent_sybil,2,4,6,3,0.6,1.0,2001,0.46746486,0.0055079786
dsscoll_fedavg,persistent_sybil,3,4,6,3,0.6,1.0,2001,0.24817814,0.0029241983
dsscoll_fedavg,persistent_sybil,4,4,6,3,0.6,1.0,2001,0.19552098,0.002303757
dsscoll_fedavg,persistent_sybil,5,4,6,3,0.6,1.0,2001,0.17206666,0.0020274026
dsscoll_fedavg,persistent_sybil,6,4,6,3,0.6,1.0,2001,0.25718266,0.0030302955
dsscoll_fedavg,persistent_sybil,7,4,6,3,0.6,1.0,2001,0.070704006,0.00083308114
dsscoll_fedavg,persistent_sybil,8,4,6,3,0.6,1.0,2001,0.9708465,0.011439152
dsscoll_fedavg,persistent_sybil,9,4,6,3,0.6,1.0,2001,0.28242373,0.0033277024
dsscoll_fedavg,persistent_sybil,10,4,6,3,0.6,1.0,2001,0.2632738,0.0031020653
dsscoll_fedavg,persistent_sybil,11,4,6,3,0.6,1.0,2001,0.10661781,0.0012562412
dsscoll_fedavg,persistent_sybil,12,4,6,3,0.6,1.0,2001,0.35178158,0.0041449224
dsscoll_fedavg,persistent_sybil,13,4,6,3,0.6,1.0,2001,0.41030225,0.0048344512
dsscoll_fedavg,persistent_sybil,14,4,6,3,0.6,1.0,2001,2.2791593,0.026854556
dsscoll_fedavg,persistent_sybil,15,4,6,3,0.6,1.0,2001,1.4164325,0.01668934
dsscoll_fedavg,persistent_sybil,16,4,6,3,0.6,1.0,2001,0.23517765,0.0027710178
dsscoll_fedavg,persistent_sybil,17,4,6,3,0.6,1.0,2001,0.41282675,0.0048641963
dsscoll_fedavg,persistent_sybil,18,4,6,3,0.6,1.0,2001,0.094149046,0.001109326
dsscoll_fedavg,persistent_sybil,19,4,6,3,0.6,1.0,2001,0.35074815,0.004132746
dsscoll_fedavg,persistent_sybil,0,4,6,3,0.6,1.0,3001,50.924587,0.600027
dsscoll_fedavg,persistent_sybil,1,4,6,3,0.6,1.0,3001,0.36527804,0.004303946
dsscoll_fedavg,persistent_sybil,2,4,6,3,0.6,1.0,3001,1.5818354,0.018638225
dsscoll_fedavg,persistent_sybil,3,4,6,3,0.6,1.0,3001,0.19817065,0.002334977
dsscoll_fedavg,persistent_sybil,4,4,6,3,0.6,1.0,3001,0.18209812,0.0021456
dsscoll_fedavg,persistent_sybil,5,4,6,3,0.6,1.0,3001,0.5578012,0.0065723807
dsscoll_fedavg,persistent_sybil,6,4,6,3,0.6,1.0,3001,0.4048147,0.0047697932
dsscoll_fedavg,persistent_sybil,7,4,6,3,0.6,1.0,3001,0.28033277,0.0033030652
dsscoll_fedavg,persistent_sybil,8,4,6,3,0.6,1.0,3001,0.14808466,0.0017448309
dsscoll_fedavg,persistent_sybil,9,4,6,3,0.6,1.0,3001,0.5292082,0.0062354794
dsscoll_fedavg,persistent_sybil,10,4,6,3,0.6,1.0,3001,2.0978034,0.0247177
dsscoll_fedavg,persistent_sybil,11,4,6,3,0.6,1.0,3001,0.5899468,0.0069511416
dsscoll_fedavg,persistent_sybil,12,4,6,3,0.6,1.0,3001,2.1688218,0.025554486
dsscoll_fedavg,persistent_sybil,13,4,6,3,0.6,1.0,3001,0.16687515,0.001966233
dsscoll_fedavg,persistent_sybil,14,4,6,3,0.6,1.0,3001,0.4683088,0.005517923
dsscoll_fedavg,persistent_sybil,15,4,6,3,0.6,1.0,3001,1.1461396,0.013504571
dsscoll_fedavg,persistent_sybil,16,4,6,3,0.6,1.0,3001,0.18099567,0.0021326102
dsscoll_fedavg,persistent_sybil,17,4,6,3,0.6,1.0,3001,0.9243062,0.010890785
dsscoll_fedavg,persistent_sybil,18,4,6,3,0.6,1.0,3001,0.2252912,0.0026545294
dsscoll_fedavg,persistent_sybil,19,4,6,3,0.6,1.0,3001,0.45031625,0.0053059226
dsscoll_fedavg,persistent_sybil,0,4,6,3,0.6,1.0,4001,50.91087,0.5998654
dsscoll_fedavg,persistent_sybil,1,4,6,3,0.6,1.0,4001,8.62996,0.10168387
dsscoll_fedavg,persistent_sybil,2,4,6,3,0.6,1.0,4001,0.28131092,0.0033145903
dsscoll_fedavg,persistent_sybil,3,4,6,3,0.6,1.0,4001,0.2689816,0.0031693184
dsscoll_fedavg,persistent_sybil,4,4,6,3,0.6,1.0,4001,0.054536138,0.0006425807
dsscoll_fedavg,persistent_sybil,5,4,6,3,0.6,1.0,4001,0.36246964,0.004270856
dsscoll_fedavg,persistent_sybil,6,4,6,3,0.6,1.0,4001,0.22608005,0.002663824
dsscoll_fedavg,persistent_sybil,7,4,6,3,0.6,1.0,4001,0.18922697,0.0022295967
dsscoll_fedavg,persistent_sybil,8,4,6,3,0.6,1.0,4001,0.29757115,0.0035061792
dsscoll_fedavg,persistent_sybil,9,4,6,3,0.6,1.0,4001,0.0955785,0.0011261688
dsscoll_fedavg,persistent_sybil,10,4,6,3,0.6,1.0,4001,0.16130704,0.0019006256
dsscoll_fedavg,persistent_sybil,11,4,6,3,0.6,1.0,4001,0.22436245,0.0026435861
dsscoll_fedavg,persistent_sybil,12,4,6,3,0.6,1.0,4001,0.16198824,0.0019086521
dsscoll_fedavg,persistent_sybil,13,4,6,3,0.6,1.0,4001,0.15413995,0.0018161783
dsscoll_fedavg,persistent_sybil,14,4,6,3,0.6,1.0,4001,2.278311,0.026844561
dsscoll_fedavg,persistent_sybil,15,4,6,3,0.6,1.0,4001,0.29799607,0.003511186
dsscoll_fedavg,persistent_sybil,16,4,6,3,0.6,1.0,4001,1.2500796,0.014729261
dsscoll_fedavg,persistent_sybil,17,4,6,3,0.6,1.0,4001,1.195336,0.014084236
dsscoll_fedavg,persistent_sybil,18,4,6,3,0.6,1.0,4001,0.5831724,0.006871321
dsscoll_fedavg,persistent_sybil,19,4,6,3,0.6,1.0,4001,0.4388473,0.0051707877
flanders_fedavg,persistent_sybil,0,4,6,3,0.6,1.0,1,50.947594,0.6002981
flanders_fedavg,persistent_sybil,1,4,6,3,0.6,1.0,1,72.773384,0.8574639
flanders_fedavg,persistent_sybil,2,4,6,3,0.6,1.0,1,72.74715,0.8571548
flanders_fedavg,persistent_sybil,3,4,6,3,0.6,1.0,1,72.756454,0.85726446
flanders_fedavg,persistent_sybil,4,4,6,3,0.6,1.0,1,72.709915,0.8567161
flanders_fedavg,persistent_sybil,5,4,6,3,0.6,1.0,1,72.6972,0.85656625
flanders_fedavg,persistent_sybil,6,4,6,3,0.6,1.0,1,72.69671,0.85656047
flanders_fedavg,persistent_sybil,7,4,6,3,0.6,1.0,1,72.74308,0.85710686
flanders_fedavg,persistent_sybil,8,4,6,3,0.6,1.0,1,72.78178,0.8575628
flanders_fedavg,persistent_sybil,9,4,6,3,0.6,1.0,1,72.67437,0.85629725
flanders_fedavg,persistent_sybil,10,4,6,3,0.6,1.0,1,72.772606,0.8574548
flanders_fedavg,persistent_sybil,11,4,6,3,0.6,1.0,1,72.7707,0.8574323
flanders_fedavg,persistent_sybil,12,4,6,3,0.6,1.0,1,72.74963,0.85718405
flanders_fedavg,persistent_sybil,13,4,6,3,0.6,1.0,1,72.74946,0.857182
flanders_fedavg,persistent_sybil,14,4,6,3,0.6,1.0,1,72.7136,0.8567595
flanders_fedavg,persistent_sybil,15,4,6,3,0.6,1.0,1,72.7598,0.8573039
flanders_fedavg,persistent_sybil,16,4,6,3,0.6,1.0,1,72.71041,0.85672194
flanders_fedavg,persistent_sybil,17,4,6,3,0.6,1.0,1,72.672035,0.8562698
flanders_fedavg,persistent_sybil,18,4,6,3,0.6,1.0,1,72.79699,0.8577421
flanders_fedavg,persistent_sybil,19,4,6,3,0.6,1.0,1,72.70434,0.85665035
flanders_fedavg,persistent_sybil,0,4,6,3,0.6,1.0,1001,50.94878,0.60031205
flanders_fedavg,persistent_sybil,1,4,6,3,0.6,1.0,1001,72.78206,0.8575661
flanders_fedavg,persistent_sybil,2,4,6,3,0.6,1.0,1001,72.74248,0.8570998
flanders_fedavg,persistent_sybil,3,4,6,3,0.6,1.0,1001,72.71477,0.85677326
flanders_fedavg,persistent_sybil,4,4,6,3,0.6,1.0,1001,72.748825,0.8571746
flanders_fedavg,persistent_sybil,5,4,6,3,0.6,1.0,1001,72.765396,0.8573698
flanders_fedavg,persistent_sybil,6,4,6,3,0.6,1.0,1001,72.75265,0.8572196
flanders_fedavg,persistent_sybil,7,4,6,3,0.6,1.0,1001,72.7513,0.85720366
flanders_fedavg,persistent_sybil,8,4,6,3,0.6,1.0,1001,72.82024,0.85801595
flanders_fedavg,persistent_sybil,9,4,6,3,0.6,1.0,1001,72.75332,0.8572275
flanders_fedavg,persistent_sybil,10,4,6,3,0.6,1.0,1001,72.7756,0.85749
flanders_fedavg,persistent_sybil,11,4,6,3,0.6,1.0,1001,72.71145,0.85673416
flanders_fedavg,persistent_sybil,12,4,6,3,0.6,1.0,1001,72.7356,0.85701877
flanders_fedavg,persistent_sybil,13,4,6,3,0.6,1.0,1001,72.78424,0.85759187
flanders_fedavg,persistent_sybil,14,4,6,3,0.6,1.0,1001,72.746124,0.85714275
flanders_fedavg,persistent_sybil,15,4,6,3,0.6,1.0,1001,72.70697,0.8566814
flanders_fedavg,persistent_sybil,16,4,6,3,0.6,1.0,1001,72.72636,0.8569098
flanders_fedavg,persistent_sybil,17,4,6,3,0.6,1.0,1001,72.77123,0.85743856
flanders_fedavg,persistent_sybil,18,4,6,3,0.6,1.0,1001,72.787895,0.8576349
flanders_fedavg,persistent_sybil,19,4,6,3,0.6,1.0,1001,72.701416,0.85661596
flanders_fedavg,persistent_sybil,0,4,6,3,0.6,1.0,2001,50.877895,0.5994769
flanders_fedavg,persistent_sybil,1,4,6,3,0.6,1.0,2001,72.71784,0.8568095
flanders_fedavg,persistent_sybil,2,4,6,3,0.6,1.0,2001,72.75012,0.85718983
flanders_fedavg,persistent_sybil,3,4,6,3,0.6,1.0,2001,72.81502,0.8579545
flanders_fedavg,persistent_sybil,4,4,6,3,0.6,1.0,2001,72.71315,0.8567542
flanders_fedavg,persistent_sybil,5,4,6,3,0.6,1.0,2001,72.76163,0.8573254
flanders_fedavg,persistent_sybil,6,4,6,3,0.6,1.0,2001,72.84742,0.85833627
flanders_fedavg,persistent_sybil,7,4,6,3,0.6,1.0,2001,72.75474,0.8572442
flanders_fedavg,persistent_sybil,8,4,6,3,0.6,1.0,2001,72.80363,0.8578203
flanders_fedavg,persistent_sybil,9,4,6,3,0.6,1.0,2001,72.81644,0.8579712
flanders_fedavg,persistent_sybil,10,4,6,3,0.6,1.0,2001,72.72302,0.85687053
flanders_fedavg,persistent_sybil,11,4,6,3,0.6,1.0,2001,72.78781,0.8576339
flanders_fedavg,persistent_sybil,12,4,6,3,0.6,1.0,2001,72.75528,0.85725063
flanders_fedavg,persistent_sybil,13,4,6,3,0.6,1.0,2001,72.72698,0.8569172
flanders_fedavg,persistent_sybil,14,4,6,3,0.6,1.0,2001,72.72003,0.8568353
flanders_fedavg,persistent_sybil,15,4,6,3,0.6,1.0,2001,72.743034,0.8571063
flanders_fedavg,persistent_sybil,16,4,6,3,0.6,1.0,2001,72.76077,0.8573153
flanders_fedavg,persistent_sybil,17,4,6,3,0.6,1.0,2001,72.73981,0.8570683
flanders_fedavg,persistent_sybil,18,4,6,3,0.6,1.0,2001,72.71947,0.85682863
flanders_fedavg,persistent_sybil,19,4,6,3,0.6,1.0,2001,72.75207,0.8572128
flanders_fedavg,persistent_sybil,0,4,6,3,0.6,1.0,3001,50.924587,0.600027
flanders_fedavg,persistent_sybil,1,4,6,3,0.6,1.0,3001,72.823845,0.8580585
flanders_fedavg,persistent_sybil,2,4,6,3,0.6,1.0,3001,72.854164,0.8584157
flanders_fedavg,persistent_sybil,3,4,6,3,0.6,1.0,3001,72.654625,0.8560646
flanders_fedavg,persistent_sybil,4,4,6,3,0.6,1.0,3001,72.76727,0.8573919
flanders_fedavg,persistent_sybil,5,4,6,3,0.6,1.0,3001,72.74325,0.85710883
flanders_fedavg,persistent_sybil,6,4,6,3,0.6,1.0,3001,72.714264,0.85676736
flanders_fedavg,persistent_sybil,7,4,6,3,0.6,1.0,3001,72.74023,0.85707325
flanders_fedavg,persistent_sybil,8,4,6,3,0.6,1.0,3001,72.76437,0.85735774
flanders_fedavg,persistent_sybil,9,4,6,3,0.6,1.0,3001,72.762115,0.85733116
flanders_fedavg,persistent_sybil,10,4,6,3,0.6,1.0,3001,72.77445,0.85747653
flanders_fedavg,persistent_sybil,11,4,6,3,0.6,1.0,3001,72.69445,0.8565339
flanders_fedavg,persistent_sybil,12,4,6,3,0.6,1.0,3001,72.783195,0.8575795
flanders_fedavg,persistent_sybil,13,4,6,3,0.6,1.0,3001,72.736206,0.85702586
flanders_fedavg,persistent_sybil,14,4,6,3,0.6,1.0,3001,72.73398,0.85699964
flanders_fedavg,persistent_sybil,15,4,6,3,0.6,1.0,3001,72.74924,0.8571794
flanders_fedavg,persistent_sybil,16,4,6,3,0.6,1.0,3001,72.69186,0.8565033
flanders_fedavg,persistent_sybil,17,4,6,3,0.6,1.0,3001,72.71314,0.8567541
flanders_fedavg,persistent_sybil,18,4,6,3,0.6,1.0,3001,72.78427,0.8575922
flanders_fedavg,persistent_sybil,19,4,6,3,0.6,1.0,3001,72.73495,0.857011
flanders_fedavg,persistent_sybil,0,4,6,3,0.6,1.0,4001,50.91087,0.5998654
flanders_fedavg,persistent_sybil,1,4,6,3,0.6,1.0,4001,72.80633,0.8578521
flanders_fedavg,persistent_sybil,2,4,6,3,0.6,1.0,4001,72.72929,0.8569443
flanders_fedavg,persistent_sybil,3,4,6,3,0.6,1.0,4001,72.75485,0.85724556
flanders_fedavg,persistent_sybil,4,4,6,3,0.6,1.0,4001,72.71904,0.8568236
flanders_fedavg,persistent_sybil,5,4,6,3,0.6,1.0,4001,72.79867,0.85776186
flanders_fedavg,persistent_sybil,6,4,6,3,0.6,1.0,4001,72.7234,0.85687494
flanders_fedavg,persistent_sybil,7,4,6,3,0.6,1.0,4001,72.75962,0.8573018
flanders_fedavg,persistent_sybil,8,4,6,3,0.6,1.0,4001,72.76301,0.85734165
flanders_fedavg,persistent_sybil,9,4,6,3,0.6,1.0,4001,72.77003,0.8574244
flanders_fedavg,persistent_sybil,10,4,6,3,0.6,1.0,4001,72.76879,0.85740983
flanders_fedavg,persistent_sybil,11,4,6,3,0.6,1.0,4001,72.74217,0.85709614
flanders_fedavg,persistent_sybil,12,4,6,3,0.6,1.0,4001,72.742615,0.8571014
flanders_fedavg,persistent_sybil,13,4,6,3,0.6,1.0,4001,72.78405,0.8575896
flanders_fedavg,persistent_sybil,14,4,6,3,0.6,1.0,4001,72.721756,0.85685563
flanders_fedavg,persistent_sybil,15,4,6,3,0.6,1.0,4001,72.74021,0.85707307
flanders_fedavg,persistent_sybil,16,4,6,3,0.6,1.0,4001,72.76046,0.85731167
flanders_fedavg,persistent_sybil,17,4,6,3,0.6,1.0,4001,72.735085,0.8570126
flanders_fedavg,persistent_sybil,18,4,6,3,0.6,1.0,4001,72.70426,0.85664946
flanders_fedavg,persistent_sybil,19,4,6,3,0.6,1.0,4001,72.76211,0.85733104
foolsgold,persistent_sybil,0,4,6,3,0.6,1.0,1,1.5534024,0.01830321
foolsgold,persistent_sybil,1,4,6,3,0.6,1.0,1,1.4701844,0.017322682
foolsgold,persistent_sybil,2,4,6,3,0.6,1.0,1,1.4120039,0.01663716
foolsgold,persistent_sybil,3,4,6,3,0.6,1.0,1,1.2906352,0.015207114
foolsgold,persistent_sybil,4,4,6,3,0.6,1.0,1,0.9769863,0.011511495
foolsgold,persistent_sybil,5,4,6,3,0.6,1.0,1,0.9889256,0.011652173
foolsgold,persistent_sybil,6,4,6,3,0.6,1.0,1,1.4534494,0.017125497
foolsgold,persistent_sybil,7,4,6,3,0.6,1.0,1,1.2337062,0.014536339
foolsgold,persistent_sybil,8,4,6,3,0.6,1.0,1,0.98469394,0.011602312
foolsgold,persistent_sybil,9,4,6,3,0.6,1.0,1,1.4184911,0.016713597
foolsgold,persistent_sybil,10,4,6,3,0.6,1.0,1,1.3041478,0.015366329
foolsgold,persistent_sybil,11,4,6,3,0.6,1.0,1,0.9857641,0.0116149215
foolsgold,persistent_sybil,12,4,6,3,0.6,1.0,1,1.0923401,0.01287067
foolsgold,persistent_sybil,13,4,6,3,0.6,1.0,1,1.1009743,0.012972404
foolsgold,persistent_sybil,14,4,6,3,0.6,1.0,1,1.0842202,0.0127749955
foolsgold,persistent_sybil,15,4,6,3,0.6,1.0,1,1.1000787,0.012961851
foolsgold,persistent_sybil,16,4,6,3,0.6,1.0,1,1.3034794,0.015358453
foolsgold,persistent_sybil,17,4,6,3,0.6,1.0,1,1.0562098,0.012444959
foolsgold,persistent_sybil,18,4,6,3,0.6,1.0,1,1.4002323,0.01649846
foolsgold,persistent_sybil,19,4,6,3,0.6,1.0,1,1.5529135,0.01829745
foolsgold,persistent_sybil,0,4,6,3,0.6,1.0,1001,1.3839848,0.01630702
foolsgold,persistent_sybil,1,4,6,3,0.6,1.0,1001,1.6269209,0.019169454
foolsgold,persistent_sybil,2,4,6,3,0.6,1.0,1001,1.0775725,0.0126966685
foolsgold,persistent_sybil,3,4,6,3,0.6,1.0,1001,1.3405794,0.015795588
foolsgold,persistent_sybil,4,4,6,3,0.6,1.0,1001,1.6000903,0.018853316
foolsgold,persistent_sybil,5,4,6,3,0.6,1.0,1001,1.3090036,0.015423542
foolsgold,persistent_sybil,6,4,6,3,0.6,1.0,1001,1.4006556,0.016503446
foolsgold,persistent_sybil,7,4,6,3,0.6,1.0,1001,1.161961,0.013690989
foolsgold,persistent_sybil,8,4,6,3,0.6,1.0,1001,1.4115043,0.016631272
foolsgold,persistent_sybil,9,4,6,3,0.6,1.0,1001,1.5202798,0.017912937
foolsgold,persistent_sybil,10,4,6,3,0.6,1.0,1001,1.5522193,0.01828927
foolsgold,persistent_sybil,11,4,6,3,0.6,1.0,1001,1.4179553,0.016707283
foolsgold,persistent_sybil,12,4,6,3,0.6,1.0,1001,1.5462552,0.018218998
foolsgold,persistent_sybil,13,4,6,3,0.6,1.0,1001,1.341662,0.015808346
foolsgold,persistent_sybil,14,4,6,3,0.6,1.0,1001,1.1345189,0.013367648
foolsgold,persistent_sybil,15,4,6,3,0.6,1.0,1001,1.1070241,0.013043687
foolsgold,persistent_sybil,16,4,6,3,0.6,1.0,1001,1.5353107,0.018090041
foolsgold,persistent_sybil,17,4,6,3,0.6,1.0,1001,1.5437497,0.018189475
foolsgold,persistent_sybil,18,4,6,3,0.6,1.0,1001,1.4123956,0.016641775
foolsgold,persistent_sybil,19,4,6,3,0.6,1.0,1001,1.4243968,0.01678318
foolsgold,persistent_sybil,0,4,6,3,0.6,1.0,2001,1.6048558,0.018909467
foolsgold,persistent_sybil,1,4,6,3,0.6,1.0,2001,1.595114,0.018794684
foolsgold,persistent_sybil,2,4,6,3,0.6,1.0,2001,1.5617044,0.018401029
foolsgold,persistent_sybil,3,4,6,3,0.6,1.0,2001,1.1540316,0.01359756
foolsgold,persistent_sybil,4,4,6,3,0.6,1.0,2001,1.3838955,0.016305968
foolsgold,persistent_sybil,5,4,6,3,0.6,1.0,2001,1.3540806,0.015954668
foolsgold,persistent_sybil,6,4,6,3,0.6,1.0,2001,1.4630845,0.017239025
foolsgold,persistent_sybil,7,4,6,3,0.6,1.0,2001,1.4444321,0.01701925
foolsgold,persistent_sybil,8,4,6,3,0.6,1.0,2001,1.39389,0.01642373
foolsgold,persistent_sybil,9,4,6,3,0.6,1.0,2001,1.4771779,0.017405082
foolsgold,persistent_sybil,10,4,6,3,0.6,1.0,2001,1.4980128,0.017650573
foolsgold,persistent_sybil,11,4,6,3,0.6,1.0,2001,1.4180228,0.016708078
foolsgold,persistent_sybil,12,4,6,3,0.6,1.0,2001,1.3679545,0.01611814
foolsgold,persistent_sybil,13,4,6,3,0.6,1.0,2001,1.1168604,0.013159584
foolsgold,persistent_sybil,14,4,6,3,0.6,1.0,2001,1.3655868,0.016090242
foolsgold,persistent_sybil,15,4,6,3,0.6,1.0,2001,1.5699241,0.018497879
foolsgold,persistent_sybil,16,4,6,3,0.6,1.0,2001,1.4457479,0.017034752
foolsgold,persistent_sybil,17,4,6,3,0.6,1.0,2001,1.3029897,0.015352683
foolsgold,persistent_sybil,18,4,6,3,0.6,1.0,2001,1.5377138,0.018118355
foolsgold,persistent_sybil,19,4,6,3,0.6,1.0,2001,1.4709531,0.017331738
foolsgold,persistent_sybil,0,4,6,3,0.6,1.0,3001,1.5533072,0.018302089
foolsgold,persistent_sybil,1,4,6,3,0.6,1.0,3001,1.3018382,0.015339115
foolsgold,persistent_sybil,2,4,6,3,0.6,1.0,3001,1.5684149,0.018480098
foolsgold,persistent_sybil,3,4,6,3,0.6,1.0,3001,1.526547,0.017986782
foolsgold,persistent_sybil,4,4,6,3,0.6,1.0,3001,1.3830595,0.016296118
foolsgold,persistent_sybil,5,4,6,3,0.6,1.0,3001,1.6281883,0.019184386
foolsgold,persistent_sybil,6,4,6,3,0.6,1.0,3001,1.5670284,0.01846376
foolsgold,persistent_sybil,7,4,6,3,0.6,1.0,3001,1.4958235,0.017624777
foolsgold,persistent_sybil,8,4,6,3,0.6,1.0,3001,1.547081,0.018228726
foolsgold,persistent_sybil,9,4,6,3,0.6,1.0,3001,1.5795205,0.01861095
foolsgold,persistent_sybil,10,4,6,3,0.6,1.0,3001,1.5722096,0.018524809
foolsgold,persistent_sybil,11,4,6,3,0.6,1.0,3001,1.5956599,0.018801115
foolsgold,persistent_sybil,12,4,6,3,0.6,1.0,3001,1.5222361,0.017935988
foolsgold,persistent_sybil,13,4,6,3,0.6,1.0,3001,1.6014432,0.018869258
foolsgold,persistent_sybil,14,4,6,3,0.6,1.0,3001,1.5676914,0.018471573
foolsgold,persistent_sybil,15,4,6,3,0.6,1.0,3001,1.4142829,0.016664013
foolsgold,persistent_sybil,16,4,6,3,0.6,1.0,3001,1.3089176,0.01542253
foolsgold,persistent_sybil,17,4,6,3,0.6,1.0,3001,1.359759,0.016021576
foolsgold,persistent_sybil,18,4,6,3,0.6,1.0,3001,1.0199941,0.012018243
foolsgold,persistent_sybil,19,4,6,3,0.6,1.0,3001,1.0126989,0.011932285
foolsgold,persistent_sybil,0,4,6,3,0.6,1.0,4001,1.5474708,0.01823332
foolsgold,persistent_sybil,1,4,6,3,0.6,1.0,4001,1.3666142,0.01610235
foolsgold,persistent_sybil,2,4,6,3,0.6,1.0,4001,1.5726107,0.018529534
foolsgold,persistent_sybil,3,4,6,3,0.6,1.0,4001,1.5298167,0.018025309
foolsgold,persistent_sybil,4,4,6,3,0.6,1.0,4001,1.4223989,0.016759641
foolsgold,persistent_sybil,5,4,6,3,0.6,1.0,4001,1.5769902,0.018581137
foolsgold,persistent_sybil,6,4,6,3,0.6,1.0,4001,1.3478144,0.015880836
foolsgold,persistent_sybil,7,4,6,3,0.6,1.0,4001,1.522823,0.017942904
foolsgold,persistent_sybil,8,4,6,3,0.6,1.0,4001,1.3211364,0.015566498
foolsgold,persistent_sybil,9,4,6,3,0.6,1.0,4001,1.3803991,0.01626477
foolsgold,persistent_sybil,10,4,6,3,0.6,1.0,4001,1.3927157,0.016409893
foolsgold,persistent_sybil,11,4,6,3,0.6,1.0,4001,1.3716961,0.016162226
foolsgold,persistent_sybil,12,4,6,3,0.6,1.0,4001,1.2951752,0.015260607
foolsgold,persistent_sybil,13,4,6,3,0.6,1.0,4001,1.5012844,0.01768912
foolsgold,persistent_sybil,14,4,6,3,0.6,1.0,4001,1.286044,0.015153017
foolsgold,persistent_sybil,15,4,6,3,0.6,1.0,4001,1.1770536,0.01386882
foolsgold,persistent_sybil,16,4,6,3,0.6,1.0,4001,1.538877,0.018132063
foolsgold,persistent_sybil,17,4,6,3,0.6,1.0,4001,1.2489766,0.014716265
foolsgold,persistent_sybil,18,4,6,3,0.6,1.0,4001,1.3063732,0.015392549
foolsgold,persistent_sybil,19,4,6,3,0.6,1.0,4001,1.3033772,0.015357248
fedavg,persistent_sybil,0,2,8,3,0.8,1.0,1,67.94269,0.80054545
fedavg,persistent_sybil,1,2,8,3,0.8,1.0,1,67.812416,0.7990105
fedavg,persistent_sybil,2,2,8,3,0.8,1.0,1,67.8464,0.79941094
fedavg,persistent_sybil,3,2,8,3,0.8,1.0,1,67.9544,0.80068344
fedavg,persistent_sybil,4,2,8,3,0.8,1.0,1,67.88704,0.7998898
fedavg,persistent_sybil,5,2,8,3,0.8,1.0,1,67.931625,0.80041516
fedavg,persistent_sybil,6,2,8,3,0.8,1.0,1,67.861694,0.7995912
fedavg,persistent_sybil,7,2,8,3,0.8,1.0,1,67.89204,0.7999487
fedavg,persistent_sybil,8,2,8,3,0.8,1.0,1,67.923744,0.8003223
fedavg,persistent_sybil,9,2,8,3,0.8,1.0,1,67.83006,0.7992185
fedavg,persistent_sybil,10,2,8,3,0.8,1.0,1,67.915924,0.80023015
fedavg,persistent_sybil,11,2,8,3,0.8,1.0,1,67.951675,0.8006514
fedavg,persistent_sybil,12,2,8,3,0.8,1.0,1,67.892624,0.7999556
fedavg,persistent_sybil,13,2,8,3,0.8,1.0,1,67.88958,0.7999197
fedavg,persistent_sybil,14,2,8,3,0.8,1.0,1,67.93068,0.800404
fedavg,persistent_sybil,15,2,8,3,0.8,1.0,1,67.88357,0.7998489
fedavg,persistent_sybil,16,2,8,3,0.8,1.0,1,67.92843,0.8003775
fedavg,persistent_sybil,17,2,8,3,0.8,1.0,1,67.91781,0.8002523
fedavg,persistent_sybil,18,2,8,3,0.8,1.0,1,67.85612,0.79952544
fedavg,persistent_sybil,19,2,8,3,0.8,1.0,1,67.91408,0.8002084
fedavg,persistent_sybil,0,2,8,3,0.8,1.0,1001,67.920166,0.8002801
fedavg,persistent_sybil,1,2,8,3,0.8,1.0,1001,67.933655,0.80043906
fedavg,persistent_sybil,2,2,8,3,0.8,1.0,1001,67.88452,0.7998601
fedavg,persistent_sybil,3,2,8,3,0.8,1.0,1001,67.93383,0.8004411
fedavg,persistent_sybil,4,2,8,3,0.8,1.0,1001,67.803055,0.79890025
fedavg,persistent_sybil,5,2,8,3,0.8,1.0,1001,67.9611,0.8007624
fedavg,persistent_sybil,6,2,8,3,0.8,1.0,1001,67.93542,0.8004598
fedavg,persistent_sybil,7,2,8,3,0.8,1.0,1001,67.77597,0.7985811
fedavg,persistent_sybil,8,2,8,3,0.8,1.0,1001,67.881134,0.7998202
fedavg,persistent_sybil,9,2,8,3,0.8,1.0,1001,67.94061,0.800521
fedavg,persistent_sybil,10,2,8,3,0.8,1.0,1001,67.88152,0.7998248
fedavg,persistent_sybil,11,2,8,3,0.8,1.0,1001,67.90395,0.80008906
fedavg,persistent_sybil,12,2,8,3,0.8,1.0,1001,67.90372,0.8000863
fedavg,persistent_sybil,13,2,8,3,0.8,1.0,1001,67.8845,0.7998599
fedavg,persistent_sybil,14,2,8,3,0.8,1.0,1001,67.92529,0.80034053
fedavg,persistent_sybil,15,2,8,3,0.8,1.0,1001,67.8772,0.7997738
fedavg,persistent_sybil,16,2,8,3,0.8,1.0,1001,67.9007,0.8000508
fedavg,persistent_sybil,17,2,8,3,0.8,1.0,1001,67.94841,0.8006129
fedavg,persistent_sybil,18,2,8,3,0.8,1.0,1001,67.966446,0.8008254
fedavg,persistent_sybil,19,2,8,3,0.8,1.0,1001,67.992714,0.80113494
fedavg,persistent_sybil,0,2,8,3,0.8,1.0,2001,67.87845,0.7997886
fedavg,persistent_sybil,1,2,8,3,0.8,1.0,2001,67.84172,0.7993558
fedavg,persistent_sybil,2,2,8,3,0.8,1.0,2001,67.83421,0.79926735
fedavg,persistent_sybil,3,2,8,3,0.8,1.0,2001,67.85627,0.7995272
fedavg,persistent_sybil,4,2,8,3,0.8,1.0,2001,67.925766,0.8003461
fedavg,persistent_sybil,5,2,8,3,0.8,1.0,2001,67.88675,0.79988635
fedavg,persistent_sybil,6,2,8,3,0.8,1.0,2001,67.93063,0.8004035
fedavg,persistent_sybil,7,2,8,3,0.8,1.0,2001,67.922386,0.80030626
fedavg,persistent_sybil,8,2,8,3,0.8,1.0,2001,67.940704,0.8005221
fedavg,persistent_sybil,9,2,8,3,0.8,1.0,2001,67.8935,0.7999659
fedavg,persistent_sybil,10,2,8,3,0.8,1.0,2001,67.89064,0.79993224
fedavg,persistent_sybil,11,2,8,3,0.8,1.0,2001,67.86519,0.7996323
fedavg,persistent_sybil,12,2,8,3,0.8,1.0,2001,67.91411,0.80020875
fedavg,persistent_sybil,13,2,8,3,0.8,1.0,2001,67.9405,0.8005197
fedavg,persistent_sybil,14,2,8,3,0.8,1.0,2001,67.85053,0.79945964
fedavg,persistent_sybil,15,2,8,3,0.8,1.0,2001,67.93668,0.80047476
fedavg,persistent_sybil,16,2,8,3,0.8,1.0,2001,67.876175,0.7997618
fedavg,persistent_sybil,17,2,8,3,0.8,1.0,2001,68.035614,0.8016404
fedavg,persistent_sybil,18,2,8,3,0.8,1.0,2001,67.88645,0.7998829
fedavg,persistent_sybil,19,2,8,3,0.8,1.0,2001,67.92655,0.8003554
fedavg,persistent_sybil,0,2,8,3,0.8,1.0,3001,67.90409,0.80009073
fedavg,persistent_sybil,1,2,8,3,0.8,1.0,3001,67.8978,0.8000165
fedavg,persistent_sybil,2,2,8,3,0.8,1.0,3001,67.91607,0.8002318
fedavg,persistent_sybil,3,2,8,3,0.8,1.0,3001,67.862946,0.7996059
fedavg,persistent_sybil,4,2,8,3,0.8,1.0,3001,67.894714,0.7999802
fedavg,persistent_sybil,5,2,8,3,0.8,1.0,3001,67.88801,0.7999012
fedavg,persistent_sybil,6,2,8,3,0.8,1.0,3001,67.86391,0.79961723
fedavg,persistent_sybil,7,2,8,3,0.8,1.0,3001,67.91128,0.80017537
fedavg,persistent_sybil,8,2,8,3,0.8,1.0,3001,67.891685,0.7999445
fedavg,persistent_sybil,9,2,8,3,0.8,1.0,3001,67.87112,0.79970217
fedavg,persistent_sybil,10,2,8,3,0.8,1.0,3001,67.91826,0.8002576
fedavg,persistent_sybil,11,2,8,3,0.8,1.0,3001,67.8064,0.7989396
fedavg,persistent_sybil,12,2,8,3,0.8,1.0,3001,67.889786,0.79992217
fedavg,persistent_sybil,13,2,8,3,0.8,1.0,3001,67.887955,0.7999006
fedavg,persistent_sybil,14,2,8,3,0.8,1.0,3001,67.86416,0.7996202
fedavg,persistent_sybil,15,2,8,3,0.8,1.0,3001,67.8166,0.7990598
fedavg,persistent_sybil,16,2,8,3,0.8,1.0,3001,67.9269,0.8003595
fedavg,persistent_sybil,17,2,8,3,0.8,1.0,3001,67.959465,0.80074316
fedavg,persistent_sybil,18,2,8,3,0.8,1.0,3001,67.91885,0.80026466
fedavg,persistent_sybil,19,2,8,3,0.8,1.0,3001,67.89293,0.7999592
fedavg,persistent_sybil,0,2,8,3,0.8,1.0,4001,67.9232,0.8003159
fedavg,persistent_sybil,1,2,8,3,0.8,1.0,4001,67.90389,0.80008835
fedavg,persistent_sybil,2,2,8,3,0.8,1.0,4001,67.91287,0.80019414
fedavg,persistent_sybil,3,2,8,3,0.8,1.0,4001,67.933,0.8004313
fedavg,persistent_sybil,4,2,8,3,0.8,1.0,4001,67.91127,0.8001753
fedavg,persistent_sybil,5,2,8,3,0.8,1.0,4001,67.917366,0.80024713
fedavg,persistent_sybil,6,2,8,3,0.8,1.0,4001,67.889114,0.79991424
fedavg,persistent_sybil,7,2,8,3,0.8,1.0,4001,67.91488,0.8002178
fedavg,persistent_sybil,8,2,8,3,0.8,1.0,4001,67.96114,0.80076295
fedavg,persistent_sybil,9,2,8,3,0.8,1.0,4001,67.90172,0.8000628
fedavg,persistent_sybil,10,2,8,3,0.8,1.0,4001,67.88965,0.79992056
fedavg,persistent_sybil,11,2,8,3,0.8,1.0,4001,67.910835,0.8001702
fedavg,persistent_sybil,12,2,8,3,0.8,1.0,4001,67.90066,0.80005026
fedavg,persistent_sybil,13,2,8,3,0.8,1.0,4001,67.8912,0.7999388
fedavg,persistent_sybil,14,2,8,3,0.8,1.0,4001,67.925896,0.8003476
fedavg,persistent_sybil,15,2,8,3,0.8,1.0,4001,67.8589,0.7995583
fedavg,persistent_sybil,16,2,8,3,0.8,1.0,4001,67.85839,0.79955226
fedavg,persistent_sybil,17,2,8,3,0.8,1.0,4001,67.890564,0.79993135
fedavg,persistent_sybil,18,2,8,3,0.8,1.0,4001,67.867096,0.7996548
fedavg,persistent_sybil,19,2,8,3,0.8,1.0,4001,67.85978,0.7995686
krum,persistent_sybil,0,2,8,3,0.8,1.0,1,84.87049,1.0
krum,persistent_sybil,1,2,8,3,0.8,1.0,1,84.87049,1.0
krum,persistent_sybil,2,2,8,3,0.8,1.0,1,84.87049,1.0
krum,persistent_sybil,3,2,8,3,0.8,1.0,1,84.87049,1.0
krum,persistent_sybil,4,2,8,3,0.8,1.0,1,84.87049,1.0
krum,persistent_sybil,5,2,8,3,0.8,1.0,1,84.87049,1.0
krum,persistent_sybil,6,2,8,3,0.8,1.0,1,84.87049,1.0
krum,persistent_sybil,7,2,8,3,0.8,1.0,1,84.87049,1.0
krum,persistent_sybil,8,2,8,3,0.8,1.0,1,84.87049,1.0
krum,persistent_sybil,9,2,8,3,0.8,1.0,1,84.87049,1.0
krum,persistent_sybil,10,2,8,3,0.8,1.0,1,84.87049,1.0
krum,persistent_sybil,11,2,8,3,0.8,1.0,1,84.87049,1.0
krum,persistent_sybil,12,2,8,3,0.8,1.0,1,84.87049,1.0
krum,persistent_sybil,13,2,8,3,0.8,1.0,1,84.87049,1.0
krum,persistent_sybil,14,2,8,3,0.8,1.0,1,84.87049,1.0
krum,persistent_sybil,15,2,8,3,0.8,1.0,1,84.87049,1.0
krum,persistent_sybil,16,2,8,3,0.8,1.0,1,84.87049,1.0
krum,persistent_sybil,17,2,8,3,0.8,1.0,1,84.87049,1.0
krum,persistent_sybil,18,2,8,3,0.8,1.0,1,84.87049,1.0
krum,persistent_sybil,19,2,8,3,0.8,1.0,1,84.87049,1.0
krum,persistent_sybil,0,2,8,3,0.8,1.0,1001,84.87049,1.0
krum,persistent_sybil,1,2,8,3,0.8,1.0,1001,84.87049,1.0
krum,persistent_sybil,2,2,8,3,0.8,1.0,1001,84.87049,1.0
krum,persistent_sybil,3,2,8,3,0.8,1.0,1001,84.87049,1.0
krum,persistent_sybil,4,2,8,3,0.8,1.0,1001,84.87049,1.0
krum,persistent_sybil,5,2,8,3,0.8,1.0,1001,84.87049,1.0
krum,persistent_sybil,6,2,8,3,0.8,1.0,1001,84.87049,1.0
krum,persistent_sybil,7,2,8,3,0.8,1.0,1001,84.87049,1.0
krum,persistent_sybil,8,2,8,3,0.8,1.0,1001,84.87049,1.0
krum,persistent_sybil,9,2,8,3,0.8,1.0,1001,84.87049,1.0
krum,persistent_sybil,10,2,8,3,0.8,1.0,1001,84.87049,1.0
krum,persistent_sybil,11,2,8,3,0.8,1.0,1001,84.87049,1.0
krum,persistent_sybil,12,2,8,3,0.8,1.0,1001,84.87049,1.0
krum,persistent_sybil,13,2,8,3,0.8,1.0,1001,84.87049,1.0
krum,persistent_sybil,14,2,8,3,0.8,1.0,1001,84.87049,1.0
krum,persistent_sybil,15,2,8,3,0.8,1.0,1001,84.87049,1.0
krum,persistent_sybil,16,2,8,3,0.8,1.0,1001,84.87049,1.0
krum,persistent_sybil,17,2,8,3,0.8,1.0,1001,84.87049,1.0
krum,persistent_sybil,18,2,8,3,0.8,1.0,1001,84.87049,1.0
krum,persistent_sybil,19,2,8,3,0.8,1.0,1001,84.87049,1.0
krum,persistent_sybil,0,2,8,3,0.8,1.0,2001,84.87049,1.0
krum,persistent_sybil,1,2,8,3,0.8,1.0,2001,84.87049,1.0
krum,persistent_sybil,2,2,8,3,0.8,1.0,2001,84.87049,1.0
krum,persistent_sybil,3,2,8,3,0.8,1.0,2001,84.87049,1.0
krum,persistent_sybil,4,2,8,3,0.8,1.0,2001,84.87049,1.0
krum,persistent_sybil,5,2,8,3,0.8,1.0,2001,84.87049,1.0
krum,persistent_sybil,6,2,8,3,0.8,1.0,2001,84.87049,1.0
krum,persistent_sybil,7,2,8,3,0.8,1.0,2001,84.87049,1.0
krum,persistent_sybil,8,2,8,3,0.8,1.0,2001,84.87049,1.0
krum,persistent_sybil,9,2,8,3,0.8,1.0,2001,84.87049,1.0
krum,persistent_sybil,10,2,8,3,0.8,1.0,2001,84.87049,1.0
krum,persistent_sybil,11,2,8,3,0.8,1.0,2001,84.87049,1.0
krum,persistent_sybil,12,2,8,3,0.8,1.0,2001,84.87049,1.0
krum,persistent_sybil,13,2,8,3,0.8,1.0,2001,84.87049,1.0
krum,persistent_sybil,14,2,8,3,0.8,1.0,2001,84.87049,1.0
krum,persistent_sybil,15,2,8,3,0.8,1.0,2001,84.87049,1.0
krum,persistent_sybil,16,2,8,3,0.8,1.0,2001,84.87049,1.0
krum,persistent_sybil,17,2,8,3,0.8,1.0,2001,84.87049,1.0
krum,persistent_sybil,18,2,8,3,0.8,1.0,2001,84.87049,1.0
krum,persistent_sybil,19,2,8,3,0.8,1.0,2001,84.87049,1.0
krum,persistent_sybil,0,2,8,3,0.8,1.0,3001,84.87049,1.0
krum,persistent_sybil,1,2,8,3,0.8,1.0,3001,84.87049,1.0
krum,persistent_sybil,2,2,8,3,0.8,1.0,3001,84.87049,1.0
krum,persistent_sybil,3,2,8,3,0.8,1.0,3001,84.87049,1.0
krum,persistent_sybil,4,2,8,3,0.8,1.0,3001,84.87049,1.0
krum,persistent_sybil,5,2,8,3,0.8,1.0,3001,84.87049,1.0
krum,persistent_sybil,6,2,8,3,0.8,1.0,3001,84.87049,1.0
krum,persistent_sybil,7,2,8,3,0.8,1.0,3001,84.87049,1.0
krum,persistent_sybil,8,2,8,3,0.8,1.0,3001,84.87049,1.0
krum,persistent_sybil,9,2,8,3,0.8,1.0,3001,84.87049,1.0
krum,persistent_sybil,10,2,8,3,0.8,1.0,3001,84.87049,1.0
krum,persistent_sybil,11,2,8,3,0.8,1.0,3001,84.87049,1.0
krum,persistent_sybil,12,2,8,3,0.8,1.0,3001,84.87049,1.0
krum,persistent_sybil,13,2,8,3,0.8,1.0,3001,84.87049,1.0
krum,persistent_sybil,14,2,8,3,0.8,1.0,3001,84.87049,1.0
krum,persistent_sybil,15,2,8,3,0.8,1.0,3001,84.87049,1.0
krum,persistent_sybil,16,2,8,3,0.8,1.0,3001,84.87049,1.0
krum,persistent_sybil,17,2,8,3,0.8,1.0,3001,84.87049,1.0
krum,persistent_sybil,18,2,8,3,0.8,1.0,3001,84.87049,1.0
krum,persistent_sybil,19,2,8,3,0.8,1.0,3001,84.87049,1.0
krum,persistent_sybil,0,2,8,3,0.8,1.0,4001,84.87049,1.0
krum,persistent_sybil,1,2,8,3,0.8,1.0,4001,84.87049,1.0
krum,persistent_sybil,2,2,8,3,0.8,1.0,4001,84.87049,1.0
krum,persistent_sybil,3,2,8,3,0.8,1.0,4001,84.87049,1.0
krum,persistent_sybil,4,2,8,3,0.8,1.0,4001,84.87049,1.0
krum,persistent_sybil,5,2,8,3,0.8,1.0,4001,84.87049,1.0
krum,persistent_sybil,6,2,8,3,0.8,1.0,4001,84.87049,1.0
krum,persistent_sybil,7,2,8,3,0.8,1.0,4001,84.87049,1.0
krum,persistent_sybil,8,2,8,3,0.8,1.0,4001,84.87049,1.0
krum,persistent_sybil,9,2,8,3,0.8,1.0,4001,84.87049,1.0
krum,persistent_sybil,10,2,8,3,0.8,1.0,4001,84.87049,1.0
krum,persistent_sybil,11,2,8,3,0.8,1.0,4001,84.87049,1.0
krum,persistent_sybil,12,2,8,3,0.8,1.0,4001,84.87049,1.0
krum,persistent_sybil,13,2,8,3,0.8,1.0,4001,84.87049,1.0
krum,persistent_sybil,14,2,8,3,0.8,1.0,4001,84.87049,1.0
krum,persistent_sybil,15,2,8,3,0.8,1.0,4001,84.87049,1.0
krum,persistent_sybil,16,2,8,3,0.8,1.0,4001,84.87049,1.0
krum,persistent_sybil,17,2,8,3,0.8,1.0,4001,84.87049,1.0
krum,persistent_sybil,18,2,8,3,0.8,1.0,4001,84.87049,1.0
krum,persistent_sybil,19,2,8,3,0.8,1.0,4001,84.87049,1.0
dss_fedavg,persistent_sybil,0,2,8,3,0.8,1.0,1,67.94269,0.80054545
dss_fedavg,persistent_sybil,1,2,8,3,0.8,1.0,1,67.812416,0.7990105
dss_fedavg,persistent_sybil,2,2,8,3,0.8,1.0,1,67.8464,0.79941094
dss_fedavg,persistent_sybil,3,2,8,3,0.8,1.0,1,67.9544,0.80068344
dss_fedavg,persistent_sybil,4,2,8,3,0.8,1.0,1,67.88704,0.7998898
dss_fedavg,persistent_sybil,5,2,8,3,0.8,1.0,1,67.931625,0.80041516
dss_fedavg,persistent_sybil,6,2,8,3,0.8,1.0,1,67.861694,0.7995912
dss_fedavg,persistent_sybil,7,2,8,3,0.8,1.0,1,67.89204,0.7999487
dss_fedavg,persistent_sybil,8,2,8,3,0.8,1.0,1,67.923744,0.8003223
dss_fedavg,persistent_sybil,9,2,8,3,0.8,1.0,1,67.83006,0.7992185
dss_fedavg,persistent_sybil,10,2,8,3,0.8,1.0,1,67.915924,0.80023015
dss_fedavg,persistent_sybil,11,2,8,3,0.8,1.0,1,67.951675,0.8006514
dss_fedavg,persistent_sybil,12,2,8,3,0.8,1.0,1,67.892624,0.7999556
dss_fedavg,persistent_sybil,13,2,8,3,0.8,1.0,1,67.88958,0.7999197
dss_fedavg,persistent_sybil,14,2,8,3,0.8,1.0,1,67.93068,0.800404
dss_fedavg,persistent_sybil,15,2,8,3,0.8,1.0,1,67.88357,0.7998489
dss_fedavg,persistent_sybil,16,2,8,3,0.8,1.0,1,67.92843,0.8003775
dss_fedavg,persistent_sybil,17,2,8,3,0.8,1.0,1,67.91781,0.8002523
dss_fedavg,persistent_sybil,18,2,8,3,0.8,1.0,1,67.85612,0.79952544
dss_fedavg,persistent_sybil,19,2,8,3,0.8,1.0,1,67.91408,0.8002084
dss_fedavg,persistent_sybil,0,2,8,3,0.8,1.0,1001,67.920166,0.8002801
dss_fedavg,persistent_sybil,1,2,8,3,0.8,1.0,1001,67.933655,0.80043906
dss_fedavg,persistent_sybil,2,2,8,3,0.8,1.0,1001,67.88452,0.7998601
dss_fedavg,persistent_sybil,3,2,8,3,0.8,1.0,1001,67.93383,0.8004411
dss_fedavg,persistent_sybil,4,2,8,3,0.8,1.0,1001,67.803055,0.79890025
dss_fedavg,persistent_sybil,5,2,8,3,0.8,1.0,1001,67.9611,0.8007624
dss_fedavg,persistent_sybil,6,2,8,3,0.8,1.0,1001,67.93542,0.8004598
dss_fedavg,persistent_sybil,7,2,8,3,0.8,1.0,1001,67.77597,0.7985811
dss_fedavg,persistent_sybil,8,2,8,3,0.8,1.0,1001,67.881134,0.7998202
dss_fedavg,persistent_sybil,9,2,8,3,0.8,1.0,1001,67.94061,0.800521
dss_fedavg,persistent_sybil,10,2,8,3,0.8,1.0,1001,67.88152,0.7998248
dss_fedavg,persistent_sybil,11,2,8,3,0.8,1.0,1001,67.90395,0.80008906
dss_fedavg,persistent_sybil,12,2,8,3,0.8,1.0,1001,67.90372,0.8000863
dss_fedavg,persistent_sybil,13,2,8,3,0.8,1.0,1001,67.8845,0.7998599
dss_fedavg,persistent_sybil,14,2,8,3,0.8,1.0,1001,67.92529,0.80034053
dss_fedavg,persistent_sybil,15,2,8,3,0.8,1.0,1001,67.8772,0.7997738
dss_fedavg,persistent_sybil,16,2,8,3,0.8,1.0,1001,67.9007,0.8000508
dss_fedavg,persistent_sybil,17,2,8,3,0.8,1.0,1001,67.94841,0.8006129
dss_fedavg,persistent_sybil,18,2,8,3,0.8,1.0,1001,67.966446,0.8008254
dss_fedavg,persistent_sybil,19,2,8,3,0.8,1.0,1001,67.992714,0.80113494
dss_fedavg,persistent_sybil,0,2,8,3,0.8,1.0,2001,67.87845,0.7997886
dss_fedavg,persistent_sybil,1,2,8,3,0.8,1.0,2001,67.84172,0.7993558
dss_fedavg,persistent_sybil,2,2,8,3,0.8,1.0,2001,67.83421,0.79926735
dss_fedavg,persistent_sybil,3,2,8,3,0.8,1.0,2001,67.85627,0.7995272
dss_fedavg,persistent_sybil,4,2,8,3,0.8,1.0,2001,67.925766,0.8003461
dss_fedavg,persistent_sybil,5,2,8,3,0.8,1.0,2001,67.88675,0.79988635
dss_fedavg,persistent_sybil,6,2,8,3,0.8,1.0,2001,67.93063,0.8004035
dss_fedavg,persistent_sybil,7,2,8,3,0.8,1.0,2001,67.922386,0.80030626
dss_fedavg,persistent_sybil,8,2,8,3,0.8,1.0,2001,67.940704,0.8005221
dss_fedavg,persistent_sybil,9,2,8,3,0.8,1.0,2001,67.8935,0.7999659
dss_fedavg,persistent_sybil,10,2,8,3,0.8,1.0,2001,67.89064,0.79993224
dss_fedavg,persistent_sybil,11,2,8,3,0.8,1.0,2001,67.86519,0.7996323
dss_fedavg,persistent_sybil,12,2,8,3,0.8,1.0,2001,67.91411,0.80020875
dss_fedavg,persistent_sybil,13,2,8,3,0.8,1.0,2001,67.9405,0.8005197
dss_fedavg,persistent_sybil,14,2,8,3,0.8,1.0,2001,67.85053,0.79945964
dss_fedavg,persistent_sybil,15,2,8,3,0.8,1.0,2001,67.93668,0.80047476
dss_fedavg,persistent_sybil,16,2,8,3,0.8,1.0,2001,67.876175,0.7997618
dss_fedavg,persistent_sybil,17,2,8,3,0.8,1.0,2001,68.035614,0.8016404
dss_fedavg,persistent_sybil,18,2,8,3,0.8,1.0,2001,67.88645,0.7998829
dss_fedavg,persistent_sybil,19,2,8,3,0.8,1.0,2001,67.92655,0.8003554
dss_fedavg,persistent_sybil,0,2,8,3,0.8,1.0,3001,67.90409,0.80009073
dss_fedavg,persistent_sybil,1,2,8,3,0.8,1.0,3001,67.8978,0.8000165
dss_fedavg,persistent_sybil,2,2,8,3,0.8,1.0,3001,67.91607,0.8002318
dss_fedavg,persistent_sybil,3,2,8,3,0.8,1.0,3001,67.862946,0.7996059
dss_fedavg,persistent_sybil,4,2,8,3,0.8,1.0,3001,67.894714,0.7999802
dss_fedavg,persistent_sybil,5,2,8,3,0.8,1.0,3001,67.88801,0.7999012
dss_fedavg,persistent_sybil,6,2,8,3,0.8,1.0,3001,67.86391,0.79961723
dss_fedavg,persistent_sybil,7,2,8,3,0.8,1.0,3001,67.91128,0.80017537
dss_fedavg,persistent_sybil,8,2,8,3,0.8,1.0,3001,67.891685,0.7999445
dss_fedavg,persistent_sybil,9,2,8,3,0.8,1.0,3001,67.87112,0.79970217
dss_fedavg,persistent_sybil,10,2,8,3,0.8,1.0,3001,67.91826,0.8002576
dss_fedavg,persistent_sybil,11,2,8,3,0.8,1.0,3001,67.8064,0.7989396
dss_fedavg,persistent_sybil,12,2,8,3,0.8,1.0,3001,67.889786,0.79992217
dss_fedavg,persistent_sybil,13,2,8,3,0.8,1.0,3001,67.887955,0.7999006
dss_fedavg,persistent_sybil,14,2,8,3,0.8,1.0,3001,67.86416,0.7996202
dss_fedavg,persistent_sybil,15,2,8,3,0.8,1.0,3001,67.8166,0.7990598
dss_fedavg,persistent_sybil,16,2,8,3,0.8,1.0,3001,67.9269,0.8003595
dss_fedavg,persistent_sybil,17,2,8,3,0.8,1.0,3001,67.959465,0.80074316
dss_fedavg,persistent_sybil,18,2,8,3,0.8,1.0,3001,67.91885,0.80026466
dss_fedavg,persistent_sybil,19,2,8,3,0.8,1.0,3001,67.89293,0.7999592
dss_fedavg,persistent_sybil,0,2,8,3,0.8,1.0,4001,67.9232,0.8003159
dss_fedavg,persistent_sybil,1,2,8,3,0.8,1.0,4001,67.90389,0.80008835
dss_fedavg,persistent_sybil,2,2,8,3,0.8,1.0,4001,67.91287,0.80019414
dss_fedavg,persistent_sybil,3,2,8,3,0.8,1.0,4001,67.933,0.8004313
dss_fedavg,persistent_sybil,4,2,8,3,0.8,1.0,4001,67.91127,0.8001753
dss_fedavg,persistent_sybil,5,2,8,3,0.8,1.0,4001,67.917366,0.80024713
dss_fedavg,persistent_sybil,6,2,8,3,0.8,1.0,4001,67.889114,0.79991424
dss_fedavg,persistent_sybil,7,2,8,3,0.8,1.0,4001,67.91488,0.8002178
dss_fedavg,persistent_sybil,8,2,8,3,0.8,1.0,4001,67.96114,0.80076295
dss_fedavg,persistent_sybil,9,2,8,3,0.8,1.0,4001,67.90172,0.8000628
dss_fedavg,persistent_sybil,10,2,8,3,0.8,1.0,4001,67.88965,0.79992056
dss_fedavg,persistent_sybil,11,2,8,3,0.8,1.0,4001,67.910835,0.8001702
dss_fedavg,persistent_sybil,12,2,8,3,0.8,1.0,4001,67.90066,0.80005026
dss_fedavg,persistent_sybil,13,2,8,3,0.8,1.0,4001,67.8912,0.7999388
dss_fedavg,persistent_sybil,14,2,8,3,0.8,1.0,4001,67.925896,0.8003476
dss_fedavg,persistent_sybil,15,2,8,3,0.8,1.0,4001,67.8589,0.7995583
dss_fedavg,persistent_sybil,16,2,8,3,0.8,1.0,4001,67.85839,0.79955226
dss_fedavg,persistent_sybil,17,2,8,3,0.8,1.0,4001,67.890564,0.79993135
dss_fedavg,persistent_sybil,18,2,8,3,0.8,1.0,4001,67.867096,0.7996548
dss_fedavg,persistent_sybil,19,2,8,3,0.8,1.0,4001,67.85978,0.7995686
dsscoll_fedavg,persistent_sybil,0,2,8,3,0.8,1.0,1,67.94269,0.80054545
dsscoll_fedavg,persistent_sybil,1,2,8,3,0.8,1.0,1,0.46582747,0.005488686
dsscoll_fedavg,persistent_sybil,2,2,8,3,0.8,1.0,1,0.2562798,0.0030196572
dsscoll_fedavg,persistent_sybil,3,2,8,3,0.8,1.0,1,0.33592993,0.0039581475
dsscoll_fedavg,persistent_sybil,4,2,8,3,0.8,1.0,1,0.27693,0.0032629715
dsscoll_fedavg,persistent_sybil,5,2,8,3,0.8,1.0,1,11.85961,0.13973773
dsscoll_fedavg,persistent_sybil,6,2,8,3,0.8,1.0,1,9.27657,0.10930266
dsscoll_fedavg,persistent_sybil,7,2,8,3,0.8,1.0,1,7.786155,0.09174161
dsscoll_fedavg,persistent_sybil,8,2,8,3,0.8,1.0,1,9.8220005,0.11572928
dsscoll_fedavg,persistent_sybil,9,2,8,3,0.8,1.0,1,12.293683,0.14485227
dsscoll_fedavg,persistent_sybil,10,2,8,3,0.8,1.0,1,0.3476189,0.0040958747
dsscoll_fedavg,persistent_sybil,11,2,8,3,0.8,1.0,1,25.33934,0.2985648
dsscoll_fedavg,persistent_sybil,12,2,8,3,0.8,1.0,1,0.080184065,0.00094478147
dsscoll_fedavg,persistent_sybil,13,2,8,3,0.8,1.0,1,0.39965412,0.004708988
dsscoll_fedavg,persistent_sybil,14,2,8,3,0.8,1.0,1,0.3546153,0.0041783107
dsscoll_fedavg,persistent_sybil,15,2,8,3,0.8,1.0,1,7.3319626,0.08639001
dsscoll_fedavg,persistent_sybil,16,2,8,3,0.8,1.0,1,8.045485,0.094797194
dsscoll_fedavg,persistent_sybil,17,2,8,3,0.8,1.0,1,0.30257636,0.0035651538
dsscoll_fedavg,persistent_sybil,18,2,8,3,0.8,1.0,1,0.2434189,0.0028681217
dsscoll_fedavg,persistent_sybil,19,2,8,3,0.8,1.0,1,0.3260632,0.0038418912
dsscoll_fedavg,persistent_sybil,0,2,8,3,0.8,1.0,1001,67.920166,0.8002801
dsscoll_fedavg,persistent_sybil,1,2,8,3,0.8,1.0,1001,0.25904298,0.0030522149
dsscoll_fedavg,persistent_sybil,2,2,8,3,0.8,1.0,1001,0.21198237,0.0024977159
dsscoll_fedavg,persistent_sybil,3,2,8,3,0.8,1.0,1001,0.51845473,0.006108775
dsscoll_fedavg,persistent_sybil,4,2,8,3,0.8,1.0,1001,0.5200187,0.0061272024
dsscoll_fedavg,persistent_sybil,5,2,8,3,0.8,1.0,1001,11.987076,0.14123961
dsscoll_fedavg,persistent_sybil,6,2,8,3,0.8,1.0,1001,0.42709333,0.005032295
dsscoll_fedavg,persistent_sybil,7,2,8,3,0.8,1.0,1001,0.8450895,0.009957401
dsscoll_fedavg,persistent_sybil,8,2,8,3,0.8,1.0,1001,0.37373236,0.004403561
dsscoll_fedavg,persistent_sybil,9,2,8,3,0.8,1.0,1001,16.344984,0.19258736
dsscoll_fedavg,persistent_sybil,10,2,8,3,0.8,1.0,1001,0.15662044,0.0018454052
dsscoll_fedavg,persistent_sybil,11,2,8,3,0.8,1.0,1001,10.320787,0.12160631
dsscoll_fedavg,persistent_sybil,12,2,8,3,0.8,1.0,1001,0.68111074,0.008025295
dsscoll_fedavg,persistent_sybil,13,2,8,3,0.8,1.0,1001,0.28734124,0.0033856437
dsscoll_fedavg,persistent_sybil,14,2,8,3,0.8,1.0,1001,5.7977095,0.06831243
dsscoll_fedavg,persistent_sybil,15,2,8,3,0.8,1.0,1001,0.27583662,0.0032500885
dsscoll_fedavg,persistent_sybil,16,2,8,3,0.8,1.0,1001,0.25410947,0.0029940852
dsscoll_fedavg,persistent_sybil,17,2,8,3,0.8,1.0,1001,6.048286,0.071264885
dsscoll_fedavg,persistent_sybil,18,2,8,3,0.8,1.0,1001,0.47825855,0.005635157
dsscoll_fedavg,persistent_sybil,19,2,8,3,0.8,1.0,1001,0.55808955,0.0065757786
dsscoll_fedavg,persistent_sybil,0,2,8,3,0.8,1.0,2001,67.87845,0.7997886
dsscoll_fedavg,persistent_sybil,1,2,8,3,0.8,1.0,2001,11.895012,0.14015487
dsscoll_fedavg,persistent_sybil,2,2,8,3,0.8,1.0,2001,5.9047723,0.06957392
dsscoll_fedavg,persistent_sybil,3,2,8,3,0.8,1.0,2001,0.3458092,0.0040745516
dsscoll_fedavg,persistent_sybil,4,2,8,3,0.8,1.0,2001,0.18607886,0.0021925035
dsscoll_fedavg,persistent_sybil,5,2,8,3,0.8,1.0,2001,0.057411365,0.0006764585
dsscoll_fedavg,persistent_sybil,6,2,8,3,0.8,1.0,2001,4.662999,0.054942526
dsscoll_fedavg,persistent_sybil,7,2,8,3,0.8,1.0,2001,0.23582765,0.0027786766
dsscoll_fedavg,persistent_sybil,8,2,8,3,0.8,1.0,2001,3.494608,0.04117577
dsscoll_fedavg,persistent_sybil,9,2,8,3,0.8,1.0,2001,0.20430866,0.0024072991
dsscoll_fedavg,persistent_sybil,10,2,8,3,0.8,1.0,2001,0.22344814,0.002632813
dsscoll_fedavg,persistent_sybil,11,2,8,3,0.8,1.0,2001,0.32568035,0.0038373803
dsscoll_fedavg,persistent_sybil,12,2,8,3,0.8,1.0,2001,24.312008,0.28646007
dsscoll_fedavg,persistent_sybil,13,2,8,3,0.8,1.0,2001,11.896463,0.14017196
dsscoll_fedavg,persistent_sybil,14,2,8,3,0.8,1.0,2001,0.37089676,0.0043701497
dsscoll_fedavg,persistent_sybil,15,2,8,3,0.8,1.0,2001,7.9022965,0.09311006
dsscoll_fedavg,persistent_sybil,16,2,8,3,0.8,1.0,2001,0.15085664,0.0017774923
dsscoll_fedavg,persistent_sybil,17,2,8,3,0.8,1.0,2001,0.72861576,0.00858503
dsscoll_fedavg,persistent_sybil,18,2,8,3,0.8,1.0,2001,0.24511033,0.0028880513
dsscoll_fedavg,persistent_sybil,19,2,8,3,0.8,1.0,2001,18.977411,0.22360435
dsscoll_fedavg,persistent_sybil,0,2,8,3,0.8,1.0,3001,67.90409,0.80009073
dsscoll_fedavg,persistent_sybil,1,2,8,3,0.8,1.0,3001,0.31186318,0.0036745775
dsscoll_fedavg,persistent_sybil,2,2,8,3,0.8,1.0,3001,0.16786562,0.0019779033
dsscoll_fedavg,persistent_sybil,3,2,8,3,0.8,1.0,3001,0.24744044,0.0029155063
dsscoll_fedavg,persistent_sybil,4,2,8,3,0.8,1.0,3001,8.38237,0.0987666
dsscoll_fedavg,persistent_sybil,5,2,8,3,0.8,1.0,3001,7.7684326,0.09153279
dsscoll_fedavg,persistent_sybil,6,2,8,3,0.8,1.0,3001,0.28376567,0.003343514
dsscoll_fedavg,persistent_sybil,7,2,8,3,0.8,1.0,3001,0.2435273,0.0028693988
dsscoll_fedavg,persistent_sybil,8,2,8,3,0.8,1.0,3001,0.112126194,0.0013211446
dsscoll_fedavg,persistent_sybil,9,2,8,3,0.8,1.0,3001,0.26156238,0.0030819
dsscoll_fedavg,persistent_sybil,10,2,8,3,0.8,1.0,3001,20.054577,0.23629622
dsscoll_fedavg,persistent_sybil,11,2,8,3,0.8,1.0,3001,0.6512383,0.0076733185
dsscoll_fedavg,persistent_sybil,12,2,8,3,0.8,1.0,3001,0.19383708,0.002283916
dsscoll_fedavg,persistent_sybil,13,2,8,3,0.8,1.0,3001,9.020407,0.10628437
dsscoll_fedavg,persistent_sybil,14,2,8,3,0.8,1.0,3001,7.662833,0.09028854
dsscoll_fedavg,persistent_sybil,15,2,8,3,0.8,1.0,3001,7.924555,0.09337232
dsscoll_fedavg,persistent_sybil,16,2,8,3,0.8,1.0,3001,0.24629426,0.0029020011
dsscoll_fedavg,persistent_sybil,17,2,8,3,0.8,1.0,3001,0.40089244,0.0047235787
dsscoll_fedavg,persistent_sybil,18,2,8,3,0.8,1.0,3001,2.7493174,0.032394268
dsscoll_fedavg,persistent_sybil,19,2,8,3,0.8,1.0,3001,0.3991778,0.0047033755
dsscoll_fedavg,persistent_sybil,0,2,8,3,0.8,1.0,4001,67.9232,0.8003159
dsscoll_fedavg,persistent_sybil,1,2,8,3,0.8,1.0,4001,0.1658476,0.0019541257
dsscoll_fedavg,persistent_sybil,2,2,8,3,0.8,1.0,4001,0.5220162,0.006150739
dsscoll_fedavg,persistent_sybil,3,2,8,3,0.8,1.0,4001,0.28542578,0.0033630745
dsscoll_fedavg,persistent_sybil,4,2,8,3,0.8,1.0,4001,0.19792154,0.002332042
dsscoll_fedavg,persistent_sybil,5,2,8,3,0.8,1.0,4001,0.4685057,0.0055202427
dsscoll_fedavg,persistent_sybil,6,2,8,3,0.8,1.0,4001,0.073055066,0.00086078286
dsscoll_fedavg,persistent_sybil,7,2,8,3,0.8,1.0,4001,0.18814169,0.0022168092
dsscoll_fedavg,persistent_sybil,8,2,8,3,0.8,1.0,4001,0.34798613,0.0041002017
dsscoll_fedavg,persistent_sybil,9,2,8,3,0.8,1.0,4001,7.2476907,0.085397065
dsscoll_fedavg,persistent_sybil,10,2,8,3,0.8,1.0,4001,0.15127431,0.0017824135
dsscoll_fedavg,persistent_sybil,11,2,8,3,0.8,1.0,4001,0.19684495,0.002319357
dsscoll_fedavg,persistent_sybil,12,2,8,3,0.8,1.0,4001,42.445946,0.50012606
dsscoll_fedavg,persistent_sybil,13,2,8,3,0.8,1.0,4001,0.15754718,0.0018563245
dsscoll_fedavg,persistent_sybil,14,2,8,3,0.8,1.0,4001,7.515733,0.08855531
dsscoll_fedavg,persistent_sybil,15,2,8,3,0.8,1.0,4001,0.50897545,0.0059970836
dsscoll_fedavg,persistent_sybil,16,2,8,3,0.8,1.0,4001,0.28008923,0.0033001958
dsscoll_fedavg,persistent_sybil,17,2,8,3,0.8,1.0,4001,0.05253141,0.00061895966
dsscoll_fedavg,persistent_sybil,18,2,8,3,0.8,1.0,4001,0.5652381,0.0066600074
dsscoll_fedavg,persistent_sybil,19,2,8,3,0.8,1.0,4001,16.828047,0.19827913
flanders_fedavg,persistent_sybil,0,2,8,3,0.8,1.0,1,67.94269,0.80054545
flanders_fedavg,persistent_sybil,1,2,8,3,0.8,1.0,1,84.87049,1.0
flanders_fedavg,persistent_sybil,2,2,8,3,0.8,1.0,1,84.87049,1.0
flanders_fedavg,persistent_sybil,3,2,8,3,0.8,1.0,1,84.87049,1.0
flanders_fedavg,persistent_sybil,4,2,8,3,0.8,1.0,1,84.87049,1.0
flanders_fedavg,persistent_sybil,5,2,8,3,0.8,1.0,1,84.87049,1.0
flanders_fedavg,persistent_sybil,6,2,8,3,0.8,1.0,1,84.87049,1.0
flanders_fedavg,persistent_sybil,7,2,8,3,0.8,1.0,1,84.87049,1.0
flanders_fedavg,persistent_sybil,8,2,8,3,0.8,1.0,1,84.87049,1.0
flanders_fedavg,persistent_sybil,9,2,8,3,0.8,1.0,1,84.87049,1.0
flanders_fedavg,persistent_sybil,10,2,8,3,0.8,1.0,1,84.87049,1.0
flanders_fedavg,persistent_sybil,11,2,8,3,0.8,1.0,1,84.87049,1.0
flanders_fedavg,persistent_sybil,12,2,8,3,0.8,1.0,1,84.87049,1.0
flanders_fedavg,persistent_sybil,13,2,8,3,0.8,1.0,1,84.87049,1.0
flanders_fedavg,persistent_sybil,14,2,8,3,0.8,1.0,1,84.87049,1.0
flanders_fedavg,persistent_sybil,15,2,8,3,0.8,1.0,1,84.87049,1.0
flanders_fedavg,persistent_sybil,16,2,8,3,0.8,1.0,1,84.87049,1.0
flanders_fedavg,persistent_sybil,17,2,8,3,0.8,1.0,1,84.87049,1.0
flanders_fedavg,persistent_sybil,18,2,8,3,0.8,1.0,1,84.87049,1.0
flanders_fedavg,persistent_sybil,19,2,8,3,0.8,1.0,1,84.87049,1.0
flanders_fedavg,persistent_sybil,0,2,8,3,0.8,1.0,1001,67.920166,0.8002801
flanders_fedavg,persistent_sybil,1,2,8,3,0.8,1.0,1001,84.87049,1.0
flanders_fedavg,persistent_sybil,2,2,8,3,0.8,1.0,1001,84.87049,1.0
flanders_fedavg,persistent_sybil,3,2,8,3,0.8,1.0,1001,84.87049,1.0
flanders_fedavg,persistent_sybil,4,2,8,3,0.8,1.0,1001,84.87049,1.0
flanders_fedavg,persistent_sybil,5,2,8,3,0.8,1.0,1001,84.87049,1.0
flanders_fedavg,persistent_sybil,6,2,8,3,0.8,1.0,1001,84.87049,1.0
flanders_fedavg,persistent_sybil,7,2,8,3,0.8,1.0,1001,84.87049,1.0
flanders_fedavg,persistent_sybil,8,2,8,3,0.8,1.0,1001,84.87049,1.0
flanders_fedavg,persistent_sybil,9,2,8,3,0.8,1.0,1001,84.87049,1.0
flanders_fedavg,persistent_sybil,10,2,8,3,0.8,1.0,1001,84.87049,1.0
flanders_fedavg,persistent_sybil,11,2,8,3,0.8,1.0,1001,84.87049,1.0
flanders_fedavg,persistent_sybil,12,2,8,3,0.8,1.0,1001,84.87049,1.0
flanders_fedavg,persistent_sybil,13,2,8,3,0.8,1.0,1001,84.87049,1.0
flanders_fedavg,persistent_sybil,14,2,8,3,0.8,1.0,1001,84.87049,1.0
flanders_fedavg,persistent_sybil,15,2,8,3,0.8,1.0,1001,84.87049,1.0
flanders_fedavg,persistent_sybil,16,2,8,3,0.8,1.0,1001,84.87049,1.0
flanders_fedavg,persistent_sybil,17,2,8,3,0.8,1.0,1001,84.87049,1.0
flanders_fedavg,persistent_sybil,18,2,8,3,0.8,1.0,1001,84.87049,1.0
flanders_fedavg,persistent_sybil,19,2,8,3,0.8,1.0,1001,84.87049,1.0
flanders_fedavg,persistent_sybil,0,2,8,3,0.8,1.0,2001,67.87845,0.7997886
flanders_fedavg,persistent_sybil,1,2,8,3,0.8,1.0,2001,84.87049,1.0
flanders_fedavg,persistent_sybil,2,2,8,3,0.8,1.0,2001,84.87049,1.0
flanders_fedavg,persistent_sybil,3,2,8,3,0.8,1.0,2001,84.87049,1.0
flanders_fedavg,persistent_sybil,4,2,8,3,0.8,1.0,2001,84.87049,1.0
flanders_fedavg,persistent_sybil,5,2,8,3,0.8,1.0,2001,84.87049,1.0
flanders_fedavg,persistent_sybil,6,2,8,3,0.8,1.0,2001,84.87049,1.0
flanders_fedavg,persistent_sybil,7,2,8,3,0.8,1.0,2001,84.87049,1.0
flanders_fedavg,persistent_sybil,8,2,8,3,0.8,1.0,2001,84.87049,1.0
flanders_fedavg,persistent_sybil,9,2,8,3,0.8,1.0,2001,84.87049,1.0
flanders_fedavg,persistent_sybil,10,2,8,3,0.8,1.0,2001,84.87049,1.0
flanders_fedavg,persistent_sybil,11,2,8,3,0.8,1.0,2001,84.87049,1.0
flanders_fedavg,persistent_sybil,12,2,8,3,0.8,1.0,2001,84.87049,1.0
flanders_fedavg,persistent_sybil,13,2,8,3,0.8,1.0,2001,84.87049,1.0
flanders_fedavg,persistent_sybil,14,2,8,3,0.8,1.0,2001,84.87049,1.0
flanders_fedavg,persistent_sybil,15,2,8,3,0.8,1.0,2001,84.87049,1.0
flanders_fedavg,persistent_sybil,16,2,8,3,0.8,1.0,2001,84.87049,1.0
flanders_fedavg,persistent_sybil,17,2,8,3,0.8,1.0,2001,84.87049,1.0
flanders_fedavg,persistent_sybil,18,2,8,3,0.8,1.0,2001,84.87049,1.0
flanders_fedavg,persistent_sybil,19,2,8,3,0.8,1.0,2001,84.87049,1.0
flanders_fedavg,persistent_sybil,0,2,8,3,0.8,1.0,3001,67.90409,0.80009073
flanders_fedavg,persistent_sybil,1,2,8,3,0.8,1.0,3001,84.87049,1.0
flanders_fedavg,persistent_sybil,2,2,8,3,0.8,1.0,3001,84.87049,1.0
flanders_fedavg,persistent_sybil,3,2,8,3,0.8,1.0,3001,84.87049,1.0
flanders_fedavg,persistent_sybil,4,2,8,3,0.8,1.0,3001,84.87049,1.0
flanders_fedavg,persistent_sybil,5,2,8,3,0.8,1.0,3001,84.87049,1.0
flanders_fedavg,persistent_sybil,6,2,8,3,0.8,1.0,3001,84.87049,1.0
flanders_fedavg,persistent_sybil,7,2,8,3,0.8,1.0,3001,84.87049,1.0
flanders_fedavg,persistent_sybil,8,2,8,3,0.8,1.0,3001,84.87049,1.0
flanders_fedavg,persistent_sybil,9,2,8,3,0.8,1.0,3001,84.87049,1.0
flanders_fedavg,persistent_sybil,10,2,8,3,0.8,1.0,3001,84.87049,1.0
flanders_fedavg,persistent_sybil,11,2,8,3,0.8,1.0,3001,84.87049,1.0
flanders_fedavg,persistent_sybil,12,2,8,3,0.8,1.0,3001,84.87049,1.0
flanders_fedavg,persistent_sybil,13,2,8,3,0.8,1.0,3001,84.87049,1.0
flanders_fedavg,persistent_sybil,14,2,8,3,0.8,1.0,3001,84.87049,1.0
flanders_fedavg,persistent_sybil,15,2,8,3,0.8,1.0,3001,84.87049,1.0
flanders_fedavg,persistent_sybil,16,2,8,3,0.8,1.0,3001,84.87049,1.0
flanders_fedavg,persistent_sybil,17,2,8,3,0.8,1.0,3001,84.87049,1.0
flanders_fedavg,persistent_sybil,18,2,8,3,0.8,1.0,3001,84.87049,1.0
flanders_fedavg,persistent_sybil,19,2,8,3,0.8,1.0,3001,84.87049,1.0
flanders_fedavg,persistent_sybil,0,2,8,3,0.8,1.0,4001,67.9232,0.8003159
flanders_fedavg,persistent_sybil,1,2,8,3,0.8,1.0,4001,84.87049,1.0
flanders_fedavg,persistent_sybil,2,2,8,3,0.8,1.0,4001,84.87049,1.0
flanders_fedavg,persistent_sybil,3,2,8,3,0.8,1.0,4001,84.87049,1.0
flanders_fedavg,persistent_sybil,4,2,8,3,0.8,1.0,4001,84.87049,1.0
flanders_fedavg,persistent_sybil,5,2,8,3,0.8,1.0,4001,84.87049,1.0
flanders_fedavg,persistent_sybil,6,2,8,3,0.8,1.0,4001,84.87049,1.0
flanders_fedavg,persistent_sybil,7,2,8,3,0.8,1.0,4001,84.87049,1.0
flanders_fedavg,persistent_sybil,8,2,8,3,0.8,1.0,4001,84.87049,1.0
flanders_fedavg,persistent_sybil,9,2,8,3,0.8,1.0,4001,84.87049,1.0
flanders_fedavg,persistent_sybil,10,2,8,3,0.8,1.0,4001,84.87049,1.0
flanders_fedavg,persistent_sybil,11,2,8,3,0.8,1.0,4001,84.87049,1.0
flanders_fedavg,persistent_sybil,12,2,8,3,0.8,1.0,4001,84.87049,1.0
flanders_fedavg,persistent_sybil,13,2,8,3,0.8,1.0,4001,84.87049,1.0
flanders_fedavg,persistent_sybil,14,2,8,3,0.8,1.0,4001,84.87049,1.0
flanders_fedavg,persistent_sybil,15,2,8,3,0.8,1.0,4001,84.87049,1.0
flanders_fedavg,persistent_sybil,16,2,8,3,0.8,1.0,4001,84.87049,1.0
flanders_fedavg,persistent_sybil,17,2,8,3,0.8,1.0,4001,84.87049,1.0
flanders_fedavg,persistent_sybil,18,2,8,3,0.8,1.0,4001,84.87049,1.0
flanders_fedavg,persistent_sybil,19,2,8,3,0.8,1.0,4001,84.87049,1.0
foolsgold,persistent_sybil,0,2,8,3,0.8,1.0,1,1.5534024,0.01830321
foolsgold,persistent_sybil,1,2,8,3,0.8,1.0,1,1.4701844,0.017322682
foolsgold,persistent_sybil,2,2,8,3,0.8,1.0,1,1.4356817,0.016916147
foolsgold,persistent_sybil,3,2,8,3,0.8,1.0,1,1.3280077,0.015647462
foolsgold,persistent_sybil,4,2,8,3,0.8,1.0,1,1.3960662,0.016449371
foolsgold,persistent_sybil,5,2,8,3,0.8,1.0,1,1.351143,0.015920056
foolsgold,persistent_sybil,6,2,8,3,0.8,1.0,1,1.4205754,0.016738154
foolsgold,persistent_sybil,7,2,8,3,0.8,1.0,1,1.3910549,0.016390324
foolsgold,persistent_sybil,8,2,8,3,0.8,1.0,1,1.3588289,0.016010616
foolsgold,persistent_sybil,9,2,8,3,0.8,1.0,1,1.453366,0.017124515
foolsgold,persistent_sybil,10,2,8,3,0.8,1.0,1,1.3677713,0.016115982
foolsgold,persistent_sybil,11,2,8,3,0.8,1.0,1,1.3333961,0.01571095
foolsgold,persistent_sybil,12,2,8,3,0.8,1.0,1,1.3895012,0.016372018
foolsgold,persistent_sybil,13,2,8,3,0.8,1.0,1,1.3947785,0.016434198
foolsgold,persistent_sybil,14,2,8,3,0.8,1.0,1,1.3528094,0.015939692
foolsgold,persistent_sybil,15,2,8,3,0.8,1.0,1,1.4012138,0.016510023
foolsgold,persistent_sybil,16,2,8,3,0.8,1.0,1,1.3551893,0.015967732
foolsgold,persistent_sybil,17,2,8,3,0.8,1.0,1,1.3654222,0.016088303
foolsgold,persistent_sybil,18,2,8,3,0.8,1.0,1,1.5851852,0.018677695
foolsgold,persistent_sybil,19,2,8,3,0.8,1.0,1,1.5529135,0.01829745
foolsgold,persistent_sybil,0,2,8,3,0.8,1.0,1001,1.4877307,0.017529422
foolsgold,persistent_sybil,1,2,8,3,0.8,1.0,1001,1.3488644,0.01589321
foolsgold,persistent_sybil,2,2,8,3,0.8,1.0,1001,1.3979774,0.016471889
foolsgold,persistent_sybil,3,2,8,3,0.8,1.0,1001,1.4999464,0.017673355
foolsgold,persistent_sybil,4,2,8,3,0.8,1.0,1001,1.6000903,0.018853316
foolsgold,persistent_sybil,5,2,8,3,0.8,1.0,1001,1.5089021,0.017778877
foolsgold,persistent_sybil,6,2,8,3,0.8,1.0,1001,1.5255334,0.017974839
foolsgold,persistent_sybil,7,2,8,3,0.8,1.0,1001,1.6182522,0.019067312
foolsgold,persistent_sybil,8,2,8,3,0.8,1.0,1001,1.4107288,0.016622135
foolsgold,persistent_sybil,9,2,8,3,0.8,1.0,1001,1.4487596,0.01707024
foolsgold,persistent_sybil,10,2,8,3,0.8,1.0,1001,1.5522193,0.01828927
foolsgold,persistent_sybil,11,2,8,3,0.8,1.0,1001,1.5832438,0.018654821
foolsgold,persistent_sybil,12,2,8,3,0.8,1.0,1001,1.5462552,0.018218998
foolsgold,persistent_sybil,13,2,8,3,0.8,1.0,1001,1.3986853,0.016480232
foolsgold,persistent_sybil,14,2,8,3,0.8,1.0,1001,1.4547143,0.017140402
foolsgold,persistent_sybil,15,2,8,3,0.8,1.0,1001,1.5529803,0.018298237
foolsgold,persistent_sybil,16,2,8,3,0.8,1.0,1001,1.5820172,0.018640367
foolsgold,persistent_sybil,17,2,8,3,0.8,1.0,1001,1.5437497,0.018189475
foolsgold,persistent_sybil,18,2,8,3,0.8,1.0,1001,1.5302598,0.01803053
foolsgold,persistent_sybil,19,2,8,3,0.8,1.0,1001,1.4721022,0.017345278
foolsgold,persistent_sybil,0,2,8,3,0.8,1.0,2001,1.4099432,0.01661288
foolsgold,persistent_sybil,1,2,8,3,0.8,1.0,2001,1.4427047,0.016998896
foolsgold,persistent_sybil,2,2,8,3,0.8,1.0,2001,1.45189,0.017107124
foolsgold,persistent_sybil,3,2,8,3,0.8,1.0,2001,1.5631309,0.018417837
foolsgold,persistent_sybil,4,2,8,3,0.8,1.0,2001,1.3564563,0.015982661
foolsgold,persistent_sybil,5,2,8,3,0.8,1.0,2001,1.3952944,0.016440278
foolsgold,persistent_sybil,6,2,8,3,0.8,1.0,2001,1.3515168,0.015924461
foolsgold,persistent_sybil,7,2,8,3,0.8,1.0,2001,1.4656879,0.017269699
foolsgold,persistent_sybil,8,2,8,3,0.8,1.0,2001,1.4596962,0.0171991
foolsgold,persistent_sybil,9,2,8,3,0.8,1.0,2001,1.5612973,0.018396232
foolsgold,persistent_sybil,10,2,8,3,0.8,1.0,2001,1.5487032,0.01824784
foolsgold,persistent_sybil,11,2,8,3,0.8,1.0,2001,1.5839567,0.01866322
foolsgold,persistent_sybil,12,2,8,3,0.8,1.0,2001,1.5476171,0.018235043
foolsgold,persistent_sybil,13,2,8,3,0.8,1.0,2001,1.5017693,0.017694835
foolsgold,persistent_sybil,14,2,8,3,0.8,1.0,2001,1.4327165,0.016881209
foolsgold,persistent_sybil,15,2,8,3,0.8,1.0,2001,1.4978203,0.017648304
foolsgold,persistent_sybil,16,2,8,3,0.8,1.0,2001,1.5899473,0.018733807
foolsgold,persistent_sybil,17,2,8,3,0.8,1.0,2001,1.2471799,0.014695094
foolsgold,persistent_sybil,18,2,8,3,0.8,1.0,2001,1.4327223,0.016881278
foolsgold,persistent_sybil,19,2,8,3,0.8,1.0,2001,1.3598576,0.016022736
foolsgold,persistent_sybil,0,2,8,3,0.8,1.0,3001,1.3780671,0.016237294
foolsgold,persistent_sybil,1,2,8,3,0.8,1.0,3001,1.3856556,0.016326707
foolsgold,persistent_sybil,2,2,8,3,0.8,1.0,3001,1.5372466,0.018112851
foolsgold,persistent_sybil,3,2,8,3,0.8,1.0,3001,1.4195809,0.016726438
foolsgold,persistent_sybil,4,2,8,3,0.8,1.0,3001,1.3891124,0.016367435
foolsgold,persistent_sybil,5,2,8,3,0.8,1.0,3001,1.3947383,0.016433725
foolsgold,persistent_sybil,6,2,8,3,0.8,1.0,3001,1.4189252,0.01671871
foolsgold,persistent_sybil,7,2,8,3,0.8,1.0,3001,1.3715286,0.016160253
foolsgold,persistent_sybil,8,2,8,3,0.8,1.0,3001,1.3905216,0.016384041
foolsgold,persistent_sybil,9,2,8,3,0.8,1.0,3001,1.4119469,0.016636487
foolsgold,persistent_sybil,10,2,8,3,0.8,1.0,3001,1.3653667,0.01608765
foolsgold,persistent_sybil,11,2,8,3,0.8,1.0,3001,1.4786984,0.017422998
foolsgold,persistent_sybil,12,2,8,3,0.8,1.0,3001,1.3927814,0.016410667
foolsgold,persistent_sybil,13,2,8,3,0.8,1.0,3001,1.3941253,0.016426502
foolsgold,persistent_sybil,14,2,8,3,0.8,1.0,3001,1.5676914,0.018471573
foolsgold,persistent_sybil,15,2,8,3,0.8,1.0,3001,1.6179928,0.019064255
foolsgold,persistent_sybil,16,2,8,3,0.8,1.0,3001,1.4909298,0.017567117
foolsgold,persistent_sybil,17,2,8,3,0.8,1.0,3001,1.5601758,0.018383019
foolsgold,persistent_sybil,18,2,8,3,0.8,1.0,3001,1.5329186,0.018061856
foolsgold,persistent_sybil,19,2,8,3,0.8,1.0,3001,1.5552824,0.01832536
foolsgold,persistent_sybil,0,2,8,3,0.8,1.0,4001,1.4268442,0.016812019
foolsgold,persistent_sybil,1,2,8,3,0.8,1.0,4001,1.3785232,0.016242668
foolsgold,persistent_sybil,2,2,8,3,0.8,1.0,4001,1.523548,0.017951446
foolsgold,persistent_sybil,3,2,8,3,0.8,1.0,4001,1.3497556,0.01590371
foolsgold,persistent_sybil,4,2,8,3,0.8,1.0,4001,1.390231,0.016380617
foolsgold,persistent_sybil,5,2,8,3,0.8,1.0,4001,1.5769902,0.018581137
foolsgold,persistent_sybil,6,2,8,3,0.8,1.0,4001,1.3929783,0.016412988
foolsgold,persistent_sybil,7,2,8,3,0.8,1.0,4001,1.479827,0.017436296
foolsgold,persistent_sybil,8,2,8,3,0.8,1.0,4001,1.3211364,0.015566498
foolsgold,persistent_sybil,9,2,8,3,0.8,1.0,4001,1.3803991,0.01626477
foolsgold,persistent_sybil,10,2,8,3,0.8,1.0,4001,1.3927157,0.016409893
foolsgold,persistent_sybil,11,2,8,3,0.8,1.0,4001,1.3716961,0.016162226
foolsgold,persistent_sybil,12,2,8,3,0.8,1.0,4001,1.3816161,0.01627911
foolsgold,persistent_sybil,13,2,8,3,0.8,1.0,4001,1.4545584,0.017138565
foolsgold,persistent_sybil,14,2,8,3,0.8,1.0,4001,1.3564107,0.015982125
foolsgold,persistent_sybil,15,2,8,3,0.8,1.0,4001,1.5625966,0.018411541
foolsgold,persistent_sybil,16,2,8,3,0.8,1.0,4001,1.4607059,0.017210998
foolsgold,persistent_sybil,17,2,8,3,0.8,1.0,4001,1.5574574,0.018350989
foolsgold,persistent_sybil,18,2,8,3,0.8,1.0,4001,1.5885684,0.018717559
foolsgold,persistent_sybil,19,2,8,3,0.8,1.0,4001,1.5948066,0.01879106
fedavg,correlated_sybil,0,6,4,3,0.4,1.0,1,32.644363,0.39986423
fedavg,correlated_sybil,1,6,4,3,0.4,1.0,1,32.602684,0.39935368
fedavg,correlated_sybil,2,6,4,3,0.4,1.0,1,32.692097,0.40044892
fedavg,correlated_sybil,3,6,4,3,0.4,1.0,1,32.695217,0.40048715
fedavg,correlated_sybil,4,6,4,3,0.4,1.0,1,32.76415,0.40133148
fedavg,correlated_sybil,5,6,4,3,0.4,1.0,1,32.721546,0.40080965
fedavg,correlated_sybil,6,6,4,3,0.4,1.0,1,32.568287,0.39893237
fedavg,correlated_sybil,7,6,4,3,0.4,1.0,1,32.499233,0.39808652
fedavg,correlated_sybil,8,6,4,3,0.4,1.0,1,32.769894,0.40140188
fedavg,correlated_sybil,9,6,4,3,0.4,1.0,1,32.592926,0.39923418
fedavg,correlated_sybil,10,6,4,3,0.4,1.0,1,32.854443,0.4024375
fedavg,correlated_sybil,11,6,4,3,0.4,1.0,1,32.6989,0.40053225
fedavg,correlated_sybil,12,6,4,3,0.4,1.0,1,32.59431,0.39925113
fedavg,correlated_sybil,13,6,4,3,0.4,1.0,1,32.686954,0.40038595
fedavg,correlated_sybil,14,6,4,3,0.4,1.0,1,32.733135,0.4009516
fedavg,correlated_sybil,15,6,4,3,0.4,1.0,1,32.55667,0.3987901
fedavg,correlated_sybil,16,6,4,3,0.4,1.0,1,32.644882,0.39987057
fedavg,correlated_sybil,17,6,4,3,0.4,1.0,1,32.65458,0.39998937
fedavg,correlated_sybil,18,6,4,3,0.4,1.0,1,32.656532,0.4000133
fedavg,correlated_sybil,19,6,4,3,0.4,1.0,1,32.598797,0.3993061
fedavg,correlated_sybil,0,6,4,3,0.4,1.0,1001,32.382874,0.39963582
fedavg,correlated_sybil,1,6,4,3,0.4,1.0,1001,32.489647,0.4009535
fedavg,correlated_sybil,2,6,4,3,0.4,1.0,1001,32.36466,0.39941102
fedavg,correlated_sybil,3,6,4,3,0.4,1.0,1001,32.45073,0.4004732
fedavg,correlated_sybil,4,6,4,3,0.4,1.0,1001,32.34806,0.3992062
fedavg,correlated_sybil,5,6,4,3,0.4,1.0,1001,32.457092,0.40055174
fedavg,correlated_sybil,6,6,4,3,0.4,1.0,1001,32.40624,0.39992416
fedavg,correlated_sybil,7,6,4,3,0.4,1.0,1001,32.32388,0.39890775
fedavg,correlated_sybil,8,6,4,3,0.4,1.0,1001,32.48486,0.4008944
fedavg,correlated_sybil,9,6,4,3,0.4,1.0,1001,32.53989,0.40157354
fedavg,correlated_sybil,10,6,4,3,0.4,1.0,1001,32.37998,0.3996001
fedavg,correlated_sybil,11,6,4,3,0.4,1.0,1001,32.46878,0.40069598
fedavg,correlated_sybil,12,6,4,3,0.4,1.0,1001,32.450027,0.40046456
fedavg,correlated_sybil,13,6,4,3,0.4,1.0,1001,32.522118,0.40135422
fedavg,correlated_sybil,14,6,4,3,0.4,1.0,1001,32.475704,0.40078142
fedavg,correlated_sybil,15,6,4,3,0.4,1.0,1001,32.34363,0.39915153
fedavg,correlated_sybil,16,6,4,3,0.4,1.0,1001,32.325104,0.3989229
fedavg,correlated_sybil,17,6,4,3,0.4,1.0,1001,32.48382,0.40088162
fedavg,correlated_sybil,18,6,4,3,0.4,1.0,1001,32.49915,0.40107077
fedavg,correlated_sybil,19,6,4,3,0.4,1.0,1001,32.44881,0.40044954
fedavg,correlated_sybil,0,6,4,3,0.4,1.0,2001,33.71515,0.40011728
fedavg,correlated_sybil,1,6,4,3,0.4,1.0,2001,33.504463,0.39761695
fedavg,correlated_sybil,2,6,4,3,0.4,1.0,2001,33.614735,0.3989256
fedavg,correlated_sybil,3,6,4,3,0.4,1.0,2001,33.576385,0.3984705
fedavg,correlated_sybil,4,6,4,3,0.4,1.0,2001,33.77319,0.40080607
fedavg,correlated_sybil,5,6,4,3,0.4,1.0,2001,33.673004,0.3996171
fedavg,correlated_sybil,6,6,4,3,0.4,1.0,2001,33.74259,0.40044296
fedavg,correlated_sybil,7,6,4,3,0.4,1.0,2001,33.688652,0.3998028
fedavg,correlated_sybil,8,6,4,3,0.4,1.0,2001,33.77117,0.40078214
fedavg,correlated_sybil,9,6,4,3,0.4,1.0,2001,33.78574,0.40095502
fedavg,correlated_sybil,10,6,4,3,0.4,1.0,2001,33.725513,0.40024027
fedavg,correlated_sybil,11,6,4,3,0.4,1.0,2001,33.72922,0.4002843
fedavg,correlated_sybil,12,6,4,3,0.4,1.0,2001,33.800488,0.40113002
fedavg,correlated_sybil,13,6,4,3,0.4,1.0,2001,33.825665,0.40142882
fedavg,correlated_sybil,14,6,4,3,0.4,1.0,2001,33.615833,0.39893863
fedavg,correlated_sybil,15,6,4,3,0.4,1.0,2001,33.71433,0.40010753
fedavg,correlated_sybil,16,6,4,3,0.4,1.0,2001,33.62568,0.39905548
fedavg,correlated_sybil,17,6,4,3,0.4,1.0,2001,33.777893,0.4008619
fedavg,correlated_sybil,18,6,4,3,0.4,1.0,2001,33.7236,0.40021753
fedavg,correlated_sybil,19,6,4,3,0.4,1.0,2001,33.81154,0.40126118
fedavg,correlated_sybil,0,6,4,3,0.4,1.0,3001,34.847073,0.40069765
fedavg,correlated_sybil,1,6,4,3,0.4,1.0,3001,34.77169,0.39983085
fedavg,correlated_sybil,2,6,4,3,0.4,1.0,3001,34.911854,0.40144256
fedavg,correlated_sybil,3,6,4,3,0.4,1.0,3001,34.651787,0.3984521
fedavg,correlated_sybil,4,6,4,3,0.4,1.0,3001,34.747673,0.39955467
fedavg,correlated_sybil,5,6,4,3,0.4,1.0,3001,34.704453,0.3990577
fedavg,correlated_sybil,6,6,4,3,0.4,1.0,3001,34.797768,0.4001307
fedavg,correlated_sybil,7,6,4,3,0.4,1.0,3001,34.742054,0.39949006
fedavg,correlated_sybil,8,6,4,3,0.4,1.0,3001,34.792786,0.4000734
fedavg,correlated_sybil,9,6,4,3,0.4,1.0,3001,34.874256,0.40101022
fedavg,correlated_sybil,10,6,4,3,0.4,1.0,3001,34.87251,0.40099013
fedavg,correlated_sybil,11,6,4,3,0.4,1.0,3001,34.575073,0.39756998
fedavg,correlated_sybil,12,6,4,3,0.4,1.0,3001,34.92879,0.40163732
fedavg,correlated_sybil,13,6,4,3,0.4,1.0,3001,34.717278,0.39920515
fedavg,correlated_sybil,14,6,4,3,0.4,1.0,3001,34.75506,0.3996396
fedavg,correlated_sybil,15,6,4,3,0.4,1.0,3001,34.774868,0.3998674
fedavg,correlated_sybil,16,6,4,3,0.4,1.0,3001,34.84046,0.40062162
fedavg,correlated_sybil,17,6,4,3,0.4,1.0,3001,34.89383,0.40123528
fedavg,correlated_sybil,18,6,4,3,0.4,1.0,3001,34.84943,0.40072474
fedavg,correlated_sybil,19,6,4,3,0.4,1.0,3001,34.819073,0.4003757
fedavg,correlated_sybil,0,6,4,3,0.4,1.0,4001,35.959442,0.39986712
fedavg,correlated_sybil,1,6,4,3,0.4,1.0,4001,35.93954,0.3996458
fedavg,correlated_sybil,2,6,4,3,0.4,1.0,4001,35.98347,0.4001343
fedavg,correlated_sybil,3,6,4,3,0.4,1.0,4001,35.968327,0.3999659
fedavg,correlated_sybil,4,6,4,3,0.4,1.0,4001,35.97564,0.4000472
fedavg,correlated_sybil,5,6,4,3,0.4,1.0,4001,36.013866,0.4004723
fedavg,correlated_sybil,6,6,4,3,0.4,1.0,4001,35.95277,0.3997929
fedavg,correlated_sybil,7,6,4,3,0.4,1.0,4001,35.99461,0.40025818
fedavg,correlated_sybil,8,6,4,3,0.4,1.0,4001,36.09786,0.4014063
fedavg,correlated_sybil,9,6,4,3,0.4,1.0,4001,36.063477,0.40102395
fedavg,correlated_sybil,10,6,4,3,0.4,1.0,4001,35.926666,0.39950264
fedavg,correlated_sybil,11,6,4,3,0.4,1.0,4001,35.998257,0.4002987
fedavg,correlated_sybil,12,6,4,3,0.4,1.0,4001,35.98895,0.4001952
fedavg,correlated_sybil,13,6,4,3,0.4,1.0,4001,35.991615,0.40022486
fedavg,correlated_sybil,14,6,4,3,0.4,1.0,4001,35.956284,0.39983198
fedavg,correlated_sybil,15,6,4,3,0.4,1.0,4001,35.92859,0.39952403
fedavg,correlated_sybil,16,6,4,3,0.4,1.0,4001,35.966858,0.39994958
fedavg,correlated_sybil,17,6,4,3,0.4,1.0,4001,35.931347,0.3995547
fedavg,correlated_sybil,18,6,4,3,0.4,1.0,4001,36.03857,0.400747
fedavg,correlated_sybil,19,6,4,3,0.4,1.0,4001,36.00379,0.4003603
krum,correlated_sybil,0,6,4,3,0.4,1.0,1,0.13920565,0.0017051446
krum,correlated_sybil,1,6,4,3,0.4,1.0,1,0.111764275,0.0013690123
krum,correlated_sybil,2,6,4,3,0.4,1.0,1,0.20969842,0.002568618
krum,correlated_sybil,3,6,4,3,0.4,1.0,1,0.4022157,0.004926782
krum,correlated_sybil,4,6,4,3,0.4,1.0,1,0.41408008,0.0050721103
krum,correlated_sybil,5,6,4,3,0.4,1.0,1,0.22188966,0.0027179497
krum,correlated_sybil,6,6,4,3,0.4,1.0,1,0.29438955,0.0036060084
krum,correlated_sybil,7,6,4,3,0.4,1.0,1,0.4082587,0.0050008036
krum,correlated_sybil,8,6,4,3,0.4,1.0,1,0.2603167,0.0031886466
krum,correlated_sybil,9,6,4,3,0.4,1.0,1,0.29907483,0.003663399
krum,correlated_sybil,10,6,4,3,0.4,1.0,1,0.51315945,0.006285744
krum,correlated_sybil,11,6,4,3,0.4,1.0,1,0.36414477,0.0044604475
krum,correlated_sybil,12,6,4,3,0.4,1.0,1,0.19943902,0.0024429495
krum,correlated_sybil,13,6,4,3,0.4,1.0,1,0.33904147,0.0041529546
krum,correlated_sybil,14,6,4,3,0.4,1.0,1,0.2785409,0.0034118767
krum,correlated_sybil,15,6,4,3,0.4,1.0,1,0.27181306,0.0033294668
krum,correlated_sybil,16,6,4,3,0.4,1.0,1,0.5443065,0.0066672675
krum,correlated_sybil,17,6,4,3,0.4,1.0,1,0.2331378,0.0028557293
krum,correlated_sybil,18,6,4,3,0.4,1.0,1,0.25847915,0.0031661382
krum,correlated_sybil,19,6,4,3,0.4,1.0,1,0.34505308,0.0042265914
krum,correlated_sybil,0,6,4,3,0.4,1.0,1001,0.16645326,0.0020541933
krum,correlated_sybil,1,6,4,3,0.4,1.0,1001,0.27051345,0.003338396
krum,correlated_sybil,2,6,4,3,0.4,1.0,1001,0.46389186,0.005724872
krum,correlated_sybil,3,6,4,3,0.4,1.0,1001,0.6076259,0.007498688
krum,correlated_sybil,4,6,4,3,0.4,1.0,1001,0.19221711,0.002372144
krum,correlated_sybil,5,6,4,3,0.4,1.0,1001,0.54728705,0.0067540486
krum,correlated_sybil,6,6,4,3,0.4,1.0,1001,0.4003571,0.0049407915
krum,correlated_sybil,7,6,4,3,0.4,1.0,1001,0.19864288,0.0024514443
krum,correlated_sybil,8,6,4,3,0.4,1.0,1001,0.34625244,0.004273088
krum,correlated_sybil,9,6,4,3,0.4,1.0,1001,0.37820598,0.0046674255
krum,correlated_sybil,10,6,4,3,0.4,1.0,1001,0.2804325,0.0034608068
krum,correlated_sybil,11,6,4,3,0.4,1.0,1001,0.42490202,0.0052436995
krum,correlated_sybil,12,6,4,3,0.4,1.0,1001,0.1999441,0.0024675024
krum,correlated_sybil,13,6,4,3,0.4,1.0,1001,0.37002152,0.0045664217
krum,correlated_sybil,14,6,4,3,0.4,1.0,1001,0.18068449,0.0022298205
krum,correlated_sybil,15,6,4,3,0.4,1.0,1001,0.27451104,0.0033877303
krum,correlated_sybil,16,6,4,3,0.4,1.0,1001,0.40057808,0.004943519
krum,correlated_sybil,17,6,4,3,0.4,1.0,1001,0.1582512,0.001952972
krum,correlated_sybil,18,6,4,3,0.4,1.0,1001,0.28859493,0.003561539
krum,correlated_sybil,19,6,4,3,0.4,1.0,1001,0.5305629,0.0065476564
krum,correlated_sybil,0,6,4,3,0.4,1.0,2001,0.29126975,0.0034566675
krum,correlated_sybil,1,6,4,3,0.4,1.0,2001,0.3292758,0.003907707
krum,correlated_sybil,2,6,4,3,0.4,1.0,2001,0.092240445,0.001094671
krum,correlated_sybil,3,6,4,3,0.4,1.0,2001,0.53714913,0.006374661
krum,correlated_sybil,4,6,4,3,0.4,1.0,2001,0.38036036,0.0045139575
krum,correlated_sybil,5,6,4,3,0.4,1.0,2001,0.296922,0.003523746
krum,correlated_sybil,6,6,4,3,0.4,1.0,2001,0.2913096,0.0034571404
krum,correlated_sybil,7,6,4,3,0.4,1.0,2001,0.2423743,0.0028763968
krum,correlated_sybil,8,6,4,3,0.4,1.0,2001,0.06556032,0.0007780424
krum,correlated_sybil,9,6,4,3,0.4,1.0,2001,0.33082277,0.003926066
krum,correlated_sybil,10,6,4,3,0.4,1.0,2001,0.3077677,0.003652458
krum,correlated_sybil,11,6,4,3,0.4,1.0,2001,0.47246543,0.005607022
krum,correlated_sybil,12,6,4,3,0.4,1.0,2001,0.10289896,0.0012211618
krum,correlated_sybil,13,6,4,3,0.4,1.0,2001,0.27210334,0.0032292085
krum,correlated_sybil,14,6,4,3,0.4,1.0,2001,0.34389913,0.004081251
krum,correlated_sybil,15,6,4,3,0.4,1.0,2001,0.21052183,0.002498385
krum,correlated_sybil,16,6,4,3,0.4,1.0,2001,0.27789527,0.0032979448
krum,correlated_sybil,17,6,4,3,0.4,1.0,2001,0.21084906,0.0025022684
krum,correlated_sybil,18,6,4,3,0.4,1.0,2001,0.17029822,0.002021028
krum,correlated_sybil,19,6,4,3,0.4,1.0,2001,0.46310046,0.0054958826
krum,correlated_sybil,0,6,4,3,0.4,1.0,3001,0.25635785,0.0029477938
krum,correlated_sybil,1,6,4,3,0.4,1.0,3001,0.39238477,0.004511933
krum,correlated_sybil,2,6,4,3,0.4,1.0,3001,0.4058187,0.004666406
krum,correlated_sybil,3,6,4,3,0.4,1.0,3001,0.37681052,0.0043328484
krum,correlated_sybil,4,6,4,3,0.4,1.0,3001,0.39285412,0.00451733
krum,correlated_sybil,5,6,4,3,0.4,1.0,3001,0.20347826,0.002339745
krum,correlated_sybil,6,6,4,3,0.4,1.0,3001,0.26794896,0.003081077
krum,correlated_sybil,7,6,4,3,0.4,1.0,3001,0.28944552,0.0033282605
krum,correlated_sybil,8,6,4,3,0.4,1.0,3001,0.41345084,0.004754166
krum,correlated_sybil,9,6,4,3,0.4,1.0,3001,0.19625004,0.0022566293
krum,correlated_sybil,10,6,4,3,0.4,1.0,3001,0.24041775,0.0027645028
krum,correlated_sybil,11,6,4,3,0.4,1.0,3001,0.7795542,0.008963896
krum,correlated_sybil,12,6,4,3,0.4,1.0,3001,0.1466147,0.0016858852
krum,correlated_sybil,13,6,4,3,0.4,1.0,3001,0.31495556,0.003621594
krum,correlated_sybil,14,6,4,3,0.4,1.0,3001,0.40613136,0.0046700016
krum,correlated_sybil,15,6,4,3,0.4,1.0,3001,0.355309,0.0040856083
krum,correlated_sybil,16,6,4,3,0.4,1.0,3001,0.56596184,0.0065078516
krum,correlated_sybil,17,6,4,3,0.4,1.0,3001,0.3189299,0.003667294
krum,correlated_sybil,18,6,4,3,0.4,1.0,3001,0.08774578,0.0010089665
krum,correlated_sybil,19,6,4,3,0.4,1.0,3001,0.48985687,0.00563274
krum,correlated_sybil,0,6,4,3,0.4,1.0,4001,0.44883117,0.004990979
krum,correlated_sybil,1,6,4,3,0.4,1.0,4001,0.0701128,0.0007796507
krum,correlated_sybil,2,6,4,3,0.4,1.0,4001,0.24072921,0.0026768963
krum,correlated_sybil,3,6,4,3,0.4,1.0,4001,0.30310154,0.0033704732
krum,correlated_sybil,4,6,4,3,0.4,1.0,4001,0.22755487,0.0025303983
krum,correlated_sybil,5,6,4,3,0.4,1.0,4001,0.41667515,0.0046334057
krum,correlated_sybil,6,6,4,3,0.4,1.0,4001,0.2685083,0.002985798
krum,correlated_sybil,7,6,4,3,0.4,1.0,4001,0.2746162,0.0030537178
krum,correlated_sybil,8,6,4,3,0.4,1.0,4001,0.43672892,0.0048564025
krum,correlated_sybil,9,6,4,3,0.4,1.0,4001,0.20409724,0.0022695507
krum,correlated_sybil,10,6,4,3,0.4,1.0,4001,0.067562744,0.0007512942
krum,correlated_sybil,11,6,4,3,0.4,1.0,4001,0.20453368,0.0022744038
krum,correlated_sybil,12,6,4,3,0.4,1.0,4001,0.28902102,0.0032138985
krum,correlated_sybil,13,6,4,3,0.4,1.0,4001,0.21608566,0.0024028611
krum,correlated_sybil,14,6,4,3,0.4,1.0,4001,0.31876493,0.0035446493
krum,correlated_sybil,15,6,4,3,0.4,1.0,4001,0.29377067,0.0032667145
krum,correlated_sybil,16,6,4,3,0.4,1.0,4001,0.14624308,0.0016262154
krum,correlated_sybil,17,6,4,3,0.4,1.0,4001,0.35645863,0.003963801
krum,correlated_sybil,18,6,4,3,0.4,1.0,4001,0.48746258,0.005420558
krum,correlated_sybil,19,6,4,3,0.4,1.0,4001,0.11688235,0.0012997256
dss_fedavg,correlated_sybil,0,6,4,3,0.4,1.0,1,32.644363,0.39986423
dss_fedavg,correlated_sybil,1,6,4,3,0.4,1.0,1,32.602684,0.39935368
dss_fedavg,correlated_sybil,2,6,4,3,0.4,1.0,1,32.692097,0.40044892
dss_fedavg,correlated_sybil,3,6,4,3,0.4,1.0,1,32.695217,0.40048715
dss_fedavg,correlated_sybil,4,6,4,3,0.4,1.0,1,32.76415,0.40133148
dss_fedavg,correlated_sybil,5,6,4,3,0.4,1.0,1,32.721546,0.40080965
dss_fedavg,correlated_sybil,6,6,4,3,0.4,1.0,1,32.568287,0.39893237
dss_fedavg,correlated_sybil,7,6,4,3,0.4,1.0,1,32.499233,0.39808652
dss_fedavg,correlated_sybil,8,6,4,3,0.4,1.0,1,32.769894,0.40140188
dss_fedavg,correlated_sybil,9,6,4,3,0.4,1.0,1,32.592926,0.39923418
dss_fedavg,correlated_sybil,10,6,4,3,0.4,1.0,1,32.854443,0.4024375
dss_fedavg,correlated_sybil,11,6,4,3,0.4,1.0,1,32.6989,0.40053225
dss_fedavg,correlated_sybil,12,6,4,3,0.4,1.0,1,32.59431,0.39925113
dss_fedavg,correlated_sybil,13,6,4,3,0.4,1.0,1,32.686954,0.40038595
dss_fedavg,correlated_sybil,14,6,4,3,0.4,1.0,1,32.733135,0.4009516
dss_fedavg,correlated_sybil,15,6,4,3,0.4,1.0,1,32.55667,0.3987901
dss_fedavg,correlated_sybil,16,6,4,3,0.4,1.0,1,32.644882,0.39987057
dss_fedavg,correlated_sybil,17,6,4,3,0.4,1.0,1,32.65458,0.39998937
dss_fedavg,correlated_sybil,18,6,4,3,0.4,1.0,1,32.656532,0.4000133
dss_fedavg,correlated_sybil,19,6,4,3,0.4,1.0,1,32.598797,0.3993061
dss_fedavg,correlated_sybil,0,6,4,3,0.4,1.0,1001,32.382874,0.39963582
dss_fedavg,correlated_sybil,1,6,4,3,0.4,1.0,1001,32.489647,0.4009535
dss_fedavg,correlated_sybil,2,6,4,3,0.4,1.0,1001,32.36466,0.39941102
dss_fedavg,correlated_sybil,3,6,4,3,0.4,1.0,1001,32.45073,0.4004732
dss_fedavg,correlated_sybil,4,6,4,3,0.4,1.0,1001,32.34806,0.3992062
dss_fedavg,correlated_sybil,5,6,4,3,0.4,1.0,1001,32.457092,0.40055174
dss_fedavg,correlated_sybil,6,6,4,3,0.4,1.0,1001,32.40624,0.39992416
dss_fedavg,correlated_sybil,7,6,4,3,0.4,1.0,1001,32.32388,0.39890775
dss_fedavg,correlated_sybil,8,6,4,3,0.4,1.0,1001,32.48486,0.4008944
dss_fedavg,correlated_sybil,9,6,4,3,0.4,1.0,1001,32.53989,0.40157354
dss_fedavg,correlated_sybil,10,6,4,3,0.4,1.0,1001,32.37998,0.3996001
dss_fedavg,correlated_sybil,11,6,4,3,0.4,1.0,1001,32.46878,0.40069598
dss_fedavg,correlated_sybil,12,6,4,3,0.4,1.0,1001,32.450027,0.40046456
dss_fedavg,correlated_sybil,13,6,4,3,0.4,1.0,1001,32.522118,0.40135422
dss_fedavg,correlated_sybil,14,6,4,3,0.4,1.0,1001,32.475704,0.40078142
dss_fedavg,correlated_sybil,15,6,4,3,0.4,1.0,1001,32.34363,0.39915153
dss_fedavg,correlated_sybil,16,6,4,3,0.4,1.0,1001,32.325104,0.3989229
dss_fedavg,correlated_sybil,17,6,4,3,0.4,1.0,1001,32.48382,0.40088162
dss_fedavg,correlated_sybil,18,6,4,3,0.4,1.0,1001,32.49915,0.40107077
dss_fedavg,correlated_sybil,19,6,4,3,0.4,1.0,1001,32.44881,0.40044954
dss_fedavg,correlated_sybil,0,6,4,3,0.4,1.0,2001,33.71515,0.40011728
dss_fedavg,correlated_sybil,1,6,4,3,0.4,1.0,2001,33.504463,0.39761695
dss_fedavg,correlated_sybil,2,6,4,3,0.4,1.0,2001,33.614735,0.3989256
dss_fedavg,correlated_sybil,3,6,4,3,0.4,1.0,2001,33.576385,0.3984705
dss_fedavg,correlated_sybil,4,6,4,3,0.4,1.0,2001,33.77319,0.40080607
dss_fedavg,correlated_sybil,5,6,4,3,0.4,1.0,2001,33.673004,0.3996171
dss_fedavg,correlated_sybil,6,6,4,3,0.4,1.0,2001,33.74259,0.40044296
dss_fedavg,correlated_sybil,7,6,4,3,0.4,1.0,2001,33.688652,0.3998028
dss_fedavg,correlated_sybil,8,6,4,3,0.4,1.0,2001,33.77117,0.40078214
dss_fedavg,correlated_sybil,9,6,4,3,0.4,1.0,2001,33.78574,0.40095502
dss_fedavg,correlated_sybil,10,6,4,3,0.4,1.0,2001,33.725513,0.40024027
dss_fedavg,correlated_sybil,11,6,4,3,0.4,1.0,2001,33.72922,0.4002843
dss_fedavg,correlated_sybil,12,6,4,3,0.4,1.0,2001,33.800488,0.40113002
dss_fedavg,correlated_sybil,13,6,4,3,0.4,1.0,2001,33.825665,0.40142882
dss_fedavg,correlated_sybil,14,6,4,3,0.4,1.0,2001,33.615833,0.39893863
dss_fedavg,correlated_sybil,15,6,4,3,0.4,1.0,2001,33.71433,0.40010753
dss_fedavg,correlated_sybil,16,6,4,3,0.4,1.0,2001,33.62568,0.39905548
dss_fedavg,correlated_sybil,17,6,4,3,0.4,1.0,2001,33.777893,0.4008619
dss_fedavg,correlated_sybil,18,6,4,3,0.4,1.0,2001,33.7236,0.40021753
dss_fedavg,correlated_sybil,19,6,4,3,0.4,1.0,2001,33.81154,0.40126118
dss_fedavg,correlated_sybil,0,6,4,3,0.4,1.0,3001,34.847073,0.40069765
dss_fedavg,correlated_sybil,1,6,4,3,0.4,1.0,3001,34.77169,0.39983085
dss_fedavg,correlated_sybil,2,6,4,3,0.4,1.0,3001,34.911854,0.40144256
dss_fedavg,correlated_sybil,3,6,4,3,0.4,1.0,3001,34.651787,0.3984521
dss_fedavg,correlated_sybil,4,6,4,3,0.4,1.0,3001,34.747673,0.39955467
dss_fedavg,correlated_sybil,5,6,4,3,0.4,1.0,3001,34.704453,0.3990577
dss_fedavg,correlated_sybil,6,6,4,3,0.4,1.0,3001,34.797768,0.4001307
dss_fedavg,correlated_sybil,7,6,4,3,0.4,1.0,3001,34.742054,0.39949006
dss_fedavg,correlated_sybil,8,6,4,3,0.4,1.0,3001,34.792786,0.4000734
dss_fedavg,correlated_sybil,9,6,4,3,0.4,1.0,3001,34.874256,0.40101022
dss_fedavg,correlated_sybil,10,6,4,3,0.4,1.0,3001,34.87251,0.40099013
dss_fedavg,correlated_sybil,11,6,4,3,0.4,1.0,3001,34.575073,0.39756998
dss_fedavg,correlated_sybil,12,6,4,3,0.4,1.0,3001,34.92879,0.40163732
dss_fedavg,correlated_sybil,13,6,4,3,0.4,1.0,3001,34.717278,0.39920515
dss_fedavg,correlated_sybil,14,6,4,3,0.4,1.0,3001,34.75506,0.3996396
dss_fedavg,correlated_sybil,15,6,4,3,0.4,1.0,3001,34.774868,0.3998674
dss_fedavg,correlated_sybil,16,6,4,3,0.4,1.0,3001,34.84046,0.40062162
dss_fedavg,correlated_sybil,17,6,4,3,0.4,1.0,3001,34.89383,0.40123528
dss_fedavg,correlated_sybil,18,6,4,3,0.4,1.0,3001,34.84943,0.40072474
dss_fedavg,correlated_sybil,19,6,4,3,0.4,1.0,3001,34.819073,0.4003757
dss_fedavg,correlated_sybil,0,6,4,3,0.4,1.0,4001,35.959442,0.39986712
dss_fedavg,correlated_sybil,1,6,4,3,0.4,1.0,4001,35.93954,0.3996458
dss_fedavg,correlated_sybil,2,6,4,3,0.4,1.0,4001,35.98347,0.4001343
dss_fedavg,correlated_sybil,3,6,4,3,0.4,1.0,4001,35.968327,0.3999659
dss_fedavg,correlated_sybil,4,6,4,3,0.4,1.0,4001,35.97564,0.4000472
dss_fedavg,correlated_sybil,5,6,4,3,0.4,1.0,4001,36.013866,0.4004723
dss_fedavg,correlated_sybil,6,6,4,3,0.4,1.0,4001,35.95277,0.3997929
dss_fedavg,correlated_sybil,7,6,4,3,0.4,1.0,4001,35.99461,0.40025818
dss_fedavg,correlated_sybil,8,6,4,3,0.4,1.0,4001,36.09786,0.4014063
dss_fedavg,correlated_sybil,9,6,4,3,0.4,1.0,4001,36.063477,0.40102395
dss_fedavg,correlated_sybil,10,6,4,3,0.4,1.0,4001,35.926666,0.39950264
dss_fedavg,correlated_sybil,11,6,4,3,0.4,1.0,4001,35.998257,0.4002987
dss_fedavg,correlated_sybil,12,6,4,3,0.4,1.0,4001,35.98895,0.4001952
dss_fedavg,correlated_sybil,13,6,4,3,0.4,1.0,4001,35.991615,0.40022486
dss_fedavg,correlated_sybil,14,6,4,3,0.4,1.0,4001,35.956284,0.39983198
dss_fedavg,correlated_sybil,15,6,4,3,0.4,1.0,4001,35.92859,0.39952403
dss_fedavg,correlated_sybil,16,6,4,3,0.4,1.0,4001,35.966858,0.39994958
dss_fedavg,correlated_sybil,17,6,4,3,0.4,1.0,4001,35.931347,0.3995547
dss_fedavg,correlated_sybil,18,6,4,3,0.4,1.0,4001,36.03857,0.400747
dss_fedavg,correlated_sybil,19,6,4,3,0.4,1.0,4001,36.00379,0.4003603
dsscoll_fedavg,correlated_sybil,0,6,4,3,0.4,1.0,1,32.644363,0.39986423
dsscoll_fedavg,correlated_sybil,1,6,4,3,0.4,1.0,1,0.36082813,0.004419822
dsscoll_fedavg,correlated_sybil,2,6,4,3,0.4,1.0,1,0.3900752,0.0047780722
dsscoll_fedavg,correlated_sybil,3,6,4,3,0.4,1.0,1,0.4564269,0.0055908207
dsscoll_fedavg,correlated_sybil,4,6,4,3,0.4,1.0,1,0.35672048,0.0043695066
dsscoll_fedavg,correlated_sybil,5,6,4,3,0.4,1.0,1,0.45521912,0.0055760266
dsscoll_fedavg,correlated_sybil,6,6,4,3,0.4,1.0,1,0.18363993,0.0022494248
dsscoll_fedavg,correlated_sybil,7,6,4,3,0.4,1.0,1,0.13968924,0.0017110681
dsscoll_fedavg,correlated_sybil,8,6,4,3,0.4,1.0,1,0.54134643,0.0066310093
dsscoll_fedavg,correlated_sybil,9,6,4,3,0.4,1.0,1,0.4443487,0.0054428736
dsscoll_fedavg,correlated_sybil,10,6,4,3,0.4,1.0,1,0.7528519,0.0092217615
dsscoll_fedavg,correlated_sybil,11,6,4,3,0.4,1.0,1,0.37371695,0.004577698
dsscoll_fedavg,correlated_sybil,12,6,4,3,0.4,1.0,1,0.41589677,0.0050943634
dsscoll_fedavg,correlated_sybil,13,6,4,3,0.4,1.0,1,0.43724453,0.005355854
dsscoll_fedavg,correlated_sybil,14,6,4,3,0.4,1.0,1,0.65476054,0.008020231
dsscoll_fedavg,correlated_sybil,15,6,4,3,0.4,1.0,1,0.37653208,0.004612181
dsscoll_fedavg,correlated_sybil,16,6,4,3,0.4,1.0,1,0.3629316,0.0044455873
dsscoll_fedavg,correlated_sybil,17,6,4,3,0.4,1.0,1,0.45618892,0.005587906
dsscoll_fedavg,correlated_sybil,18,6,4,3,0.4,1.0,1,0.38713348,0.0047420384
dsscoll_fedavg,correlated_sybil,19,6,4,3,0.4,1.0,1,0.398239,0.004878071
dsscoll_fedavg,correlated_sybil,0,6,4,3,0.4,1.0,1001,32.382874,0.39963582
dsscoll_fedavg,correlated_sybil,1,6,4,3,0.4,1.0,1001,0.8112162,0.010011188
dsscoll_fedavg,correlated_sybil,2,6,4,3,0.4,1.0,1001,0.42020595,0.0051857457
dsscoll_fedavg,correlated_sybil,3,6,4,3,0.4,1.0,1001,0.5669058,0.0069961627
dsscoll_fedavg,correlated_sybil,4,6,4,3,0.4,1.0,1001,0.3034631,0.0037450267
dsscoll_fedavg,correlated_sybil,5,6,4,3,0.4,1.0,1001,0.67736125,0.00835929
dsscoll_fedavg,correlated_sybil,6,6,4,3,0.4,1.0,1001,0.51712126,0.006381774
dsscoll_fedavg,correlated_sybil,7,6,4,3,0.4,1.0,1001,0.506675,0.006252857
dsscoll_fedavg,correlated_sybil,8,6,4,3,0.4,1.0,1001,0.71431804,0.008815371
dsscoll_fedavg,correlated_sybil,9,6,4,3,0.4,1.0,1001,0.6923415,0.00854416
dsscoll_fedavg,correlated_sybil,10,6,4,3,0.4,1.0,1001,0.2826361,0.0034880014
dsscoll_fedavg,correlated_sybil,11,6,4,3,0.4,1.0,1001,0.4616156,0.0056967805
dsscoll_fedavg,correlated_sybil,12,6,4,3,0.4,1.0,1001,0.6035875,0.0074488507
dsscoll_fedavg,correlated_sybil,13,6,4,3,0.4,1.0,1001,0.9745601,0.012027009
dsscoll_fedavg,correlated_sybil,14,6,4,3,0.4,1.0,1001,0.6528832,0.008057207
dsscoll_fedavg,correlated_sybil,15,6,4,3,0.4,1.0,1001,0.71975636,0.008882486
dsscoll_fedavg,correlated_sybil,16,6,4,3,0.4,1.0,1001,0.32036793,0.0039536483
dsscoll_fedavg,correlated_sybil,17,6,4,3,0.4,1.0,1001,0.4080315,0.005035501
dsscoll_fedavg,correlated_sybil,18,6,4,3,0.4,1.0,1001,0.56096995,0.006922909
dsscoll_fedavg,correlated_sybil,19,6,4,3,0.4,1.0,1001,0.53598374,0.006614555
dsscoll_fedavg,correlated_sybil,0,6,4,3,0.4,1.0,2001,33.71515,0.40011728
dsscoll_fedavg,correlated_sybil,1,6,4,3,0.4,1.0,2001,2.5236626,0.029949771
dsscoll_fedavg,correlated_sybil,2,6,4,3,0.4,1.0,2001,0.47857043,0.0056794733
dsscoll_fedavg,correlated_sybil,3,6,4,3,0.4,1.0,2001,0.22479685,0.002667795
dsscoll_fedavg,correlated_sybil,4,6,4,3,0.4,1.0,2001,0.71196526,0.008449306
dsscoll_fedavg,correlated_sybil,5,6,4,3,0.4,1.0,2001,0.132266,0.0015696775
dsscoll_fedavg,correlated_sybil,6,6,4,3,0.4,1.0,2001,0.31740865,0.003766873
dsscoll_fedavg,correlated_sybil,7,6,4,3,0.4,1.0,2001,0.091299854,0.0010835085
dsscoll_fedavg,correlated_sybil,8,6,4,3,0.4,1.0,2001,0.40992463,0.0048648138
dsscoll_fedavg,correlated_sybil,9,6,4,3,0.4,1.0,2001,0.4182661,0.004963807
dsscoll_fedavg,correlated_sybil,10,6,4,3,0.4,1.0,2001,0.36767355,0.0043633957
dsscoll_fedavg,correlated_sybil,11,6,4,3,0.4,1.0,2001,0.40992618,0.0048648324
dsscoll_fedavg,correlated_sybil,12,6,4,3,0.4,1.0,2001,0.6484025,0.0076949694
dsscoll_fedavg,correlated_sybil,13,6,4,3,0.4,1.0,2001,0.87287235,0.010358884
dsscoll_fedavg,correlated_sybil,14,6,4,3,0.4,1.0,2001,0.32716823,0.0038826955
dsscoll_fedavg,correlated_sybil,15,6,4,3,0.4,1.0,2001,0.47034666,0.005581877
dsscoll_fedavg,correlated_sybil,16,6,4,3,0.4,1.0,2001,0.24906965,0.0029558542
dsscoll_fedavg,correlated_sybil,17,6,4,3,0.4,1.0,2001,0.7270857,0.008628748
dsscoll_fedavg,correlated_sybil,18,6,4,3,0.4,1.0,2001,0.3990364,0.004735597
dsscoll_fedavg,correlated_sybil,19,6,4,3,0.4,1.0,2001,0.54414666,0.0064577046
dsscoll_fedavg,correlated_sybil,0,6,4,3,0.4,1.0,3001,34.847073,0.40069765
dsscoll_fedavg,correlated_sybil,1,6,4,3,0.4,1.0,3001,1.3446198,0.015461441
dsscoll_fedavg,correlated_sybil,2,6,4,3,0.4,1.0,3001,0.7821426,0.008993659
dsscoll_fedavg,correlated_sybil,3,6,4,3,0.4,1.0,3001,0.28207082,0.0032434608
dsscoll_fedavg,correlated_sybil,4,6,4,3,0.4,1.0,3001,0.45552874,0.005238009
dsscoll_fedavg,correlated_sybil,5,6,4,3,0.4,1.0,3001,0.117550455,0.0013516828
dsscoll_fedavg,correlated_sybil,6,6,4,3,0.4,1.0,3001,0.5272173,0.006062338
dsscoll_fedavg,correlated_sybil,7,6,4,3,0.4,1.0,3001,0.7585842,0.008722767
dsscoll_fedavg,correlated_sybil,8,6,4,3,0.4,1.0,3001,1.0593488,0.012181183
dsscoll_fedavg,correlated_sybil,9,6,4,3,0.4,1.0,3001,0.9879754,0.011360479
dsscoll_fedavg,correlated_sybil,10,6,4,3,0.4,1.0,3001,0.7065226,0.008124124
dsscoll_fedavg,correlated_sybil,11,6,4,3,0.4,1.0,3001,0.7021379,0.008073705
dsscoll_fedavg,correlated_sybil,12,6,4,3,0.4,1.0,3001,0.9082704,0.010443971
dsscoll_fedavg,correlated_sybil,13,6,4,3,0.4,1.0,3001,0.71069956,0.0081721535
dsscoll_fedavg,correlated_sybil,14,6,4,3,0.4,1.0,3001,0.8192756,0.009420643
dsscoll_fedavg,correlated_sybil,15,6,4,3,0.4,1.0,3001,0.65177816,0.0074946317
dsscoll_fedavg,correlated_sybil,16,6,4,3,0.4,1.0,3001,0.33164293,0.003813478
dsscoll_fedavg,correlated_sybil,17,6,4,3,0.4,1.0,3001,0.39755487,0.0045713824
dsscoll_fedavg,correlated_sybil,18,6,4,3,0.4,1.0,3001,0.43084672,0.004954197
dsscoll_fedavg,correlated_sybil,19,6,4,3,0.4,1.0,3001,0.43670356,0.0050215432
dsscoll_fedavg,correlated_sybil,0,6,4,3,0.4,1.0,4001,35.959442,0.39986712
dsscoll_fedavg,correlated_sybil,1,6,4,3,0.4,1.0,4001,1.6994298,0.018897569
dsscoll_fedavg,correlated_sybil,2,6,4,3,0.4,1.0,4001,0.6843345,0.007609764
dsscoll_fedavg,correlated_sybil,3,6,4,3,0.4,1.0,4001,0.4760692,0.0052938648
dsscoll_fedavg,correlated_sybil,4,6,4,3,0.4,1.0,4001,0.5907095,0.0065686586
dsscoll_fedavg,correlated_sybil,5,6,4,3,0.4,1.0,4001,0.484671,0.0053895162
dsscoll_fedavg,correlated_sybil,6,6,4,3,0.4,1.0,4001,0.31492338,0.0035019314
dsscoll_fedavg,correlated_sybil,7,6,4,3,0.4,1.0,4001,0.40030676,0.0044513904
dsscoll_fedavg,correlated_sybil,8,6,4,3,0.4,1.0,4001,0.9867673,0.010972801
dsscoll_fedavg,correlated_sybil,9,6,4,3,0.4,1.0,4001,0.7690081,0.008551329
dsscoll_fedavg,correlated_sybil,10,6,4,3,0.4,1.0,4001,0.7052191,0.007842
dsscoll_fedavg,correlated_sybil,11,6,4,3,0.4,1.0,4001,0.81858003,0.009102567
dsscoll_fedavg,correlated_sybil,12,6,4,3,0.4,1.0,4001,0.7707086,0.008570239
dsscoll_fedavg,correlated_sybil,13,6,4,3,0.4,1.0,4001,0.63419354,0.007052199
dsscoll_fedavg,correlated_sybil,14,6,4,3,0.4,1.0,4001,0.3191821,0.0035492883
dsscoll_fedavg,correlated_sybil,15,6,4,3,0.4,1.0,4001,0.6018273,0.0066922884
dsscoll_fedavg,correlated_sybil,16,6,4,3,0.4,1.0,4001,0.3159014,0.003512807
dsscoll_fedavg,correlated_sybil,17,6,4,3,0.4,1.0,4001,0.17636876,0.0019612114
dsscoll_fedavg,correlated_sybil,18,6,4,3,0.4,1.0,4001,0.4313049,0.0047960877
dsscoll_fedavg,correlated_sybil,19,6,4,3,0.4,1.0,4001,0.77989095,0.008672346
flanders_fedavg,correlated_sybil,0,6,4,3,0.4,1.0,1,32.644363,0.39986423
flanders_fedavg,correlated_sybil,1,6,4,3,0.4,1.0,1,9.929072,0.12162225
flanders_fedavg,correlated_sybil,2,6,4,3,0.4,1.0,1,46.60872,0.5709151
flanders_fedavg,correlated_sybil,3,6,4,3,0.4,1.0,1,46.653343,0.5714617
flanders_fedavg,correlated_sybil,4,6,4,3,0.4,1.0,1,46.79104,0.5731483
flanders_fedavg,correlated_sybil,5,6,4,3,0.4,1.0,1,46.698967,0.57202053
flanders_fedavg,correlated_sybil,6,6,4,3,0.4,1.0,1,46.68814,0.5718879
flanders_fedavg,correlated_sybil,7,6,4,3,0.4,1.0,1,46.633053,0.5712131
flanders_fedavg,correlated_sybil,8,6,4,3,0.4,1.0,1,46.74204,0.57254815
flanders_fedavg,correlated_sybil,9,6,4,3,0.4,1.0,1,46.570263,0.57044405
flanders_fedavg,correlated_sybil,10,6,4,3,0.4,1.0,1,46.76415,0.57281893
flanders_fedavg,correlated_sybil,11,6,4,3,0.4,1.0,1,46.61129,0.5709466
flanders_fedavg,correlated_sybil,12,6,4,3,0.4,1.0,1,46.63871,0.57128245
flanders_fedavg,correlated_sybil,13,6,4,3,0.4,1.0,1,46.705875,0.57210517
flanders_fedavg,correlated_sybil,14,6,4,3,0.4,1.0,1,46.59848,0.5707897
flanders_fedavg,correlated_sybil,15,6,4,3,0.4,1.0,1,46.614727,0.57098866
flanders_fedavg,correlated_sybil,16,6,4,3,0.4,1.0,1,46.608902,0.5709173
flanders_fedavg,correlated_sybil,17,6,4,3,0.4,1.0,1,46.62249,0.5710838
flanders_fedavg,correlated_sybil,18,6,4,3,0.4,1.0,1,46.67193,0.57168937
flanders_fedavg,correlated_sybil,19,6,4,3,0.4,1.0,1,46.589973,0.57068545
flanders_fedavg,correlated_sybil,0,6,4,3,0.4,1.0,1001,32.382874,0.39963582
flanders_fedavg,correlated_sybil,1,6,4,3,0.4,1.0,1001,10.7097645,0.1321688
flanders_fedavg,correlated_sybil,2,6,4,3,0.4,1.0,1001,46.240356,0.57065046
flanders_fedavg,correlated_sybil,3,6,4,3,0.4,1.0,1001,46.31258,0.5715418
flanders_fedavg,correlated_sybil,4,6,4,3,0.4,1.0,1001,46.22814,0.5704997
flanders_fedavg,correlated_sybil,5,6,4,3,0.4,1.0,1001,46.342667,0.57191306
flanders_fedavg,correlated_sybil,6,6,4,3,0.4,1.0,1001,46.41008,0.572745
flanders_fedavg,correlated_sybil,7,6,4,3,0.4,1.0,1001,46.335354,0.5718228
flanders_fedavg,correlated_sybil,8,6,4,3,0.4,1.0,1001,46.356922,0.572089
flanders_fedavg,correlated_sybil,9,6,4,3,0.4,1.0,1001,46.43628,0.5730684
flanders_fedavg,correlated_sybil,10,6,4,3,0.4,1.0,1001,46.292145,0.5712896
flanders_fedavg,correlated_sybil,11,6,4,3,0.4,1.0,1001,46.349667,0.5719995
flanders_fedavg,correlated_sybil,12,6,4,3,0.4,1.0,1001,46.377518,0.5723432
flanders_fedavg,correlated_sybil,13,6,4,3,0.4,1.0,1001,46.379356,0.5723659
flanders_fedavg,correlated_sybil,14,6,4,3,0.4,1.0,1001,46.39575,0.5725682
flanders_fedavg,correlated_sybil,15,6,4,3,0.4,1.0,1001,46.245754,0.5707171
flanders_fedavg,correlated_sybil,16,6,4,3,0.4,1.0,1001,46.294834,0.5713228
flanders_fedavg,correlated_sybil,17,6,4,3,0.4,1.0,1001,46.368626,0.57223344
flanders_fedavg,correlated_sybil,18,6,4,3,0.4,1.0,1001,46.32115,0.5716476
flanders_fedavg,correlated_sybil,19,6,4,3,0.4,1.0,1001,46.35962,0.5721223
flanders_fedavg,correlated_sybil,0,6,4,3,0.4,1.0,2001,33.71515,0.40011728
flanders_fedavg,correlated_sybil,1,6,4,3,0.4,1.0,2001,10.43655,0.123856604
flanders_fedavg,correlated_sybil,2,6,4,3,0.4,1.0,2001,48.0943,0.570763
flanders_fedavg,correlated_sybil,3,6,4,3,0.4,1.0,2001,48.061123,0.5703693
flanders_fedavg,correlated_sybil,4,6,4,3,0.4,1.0,2001,48.241867,0.5725143
flanders_fedavg,correlated_sybil,5,6,4,3,0.4,1.0,2001,48.054646,0.5702924
flanders_fedavg,correlated_sybil,6,6,4,3,0.4,1.0,2001,48.157818,0.5715168
flanders_fedavg,correlated_sybil,7,6,4,3,0.4,1.0,2001,48.19829,0.57199717
flanders_fedavg,correlated_sybil,8,6,4,3,0.4,1.0,2001,48.22326,0.57229346
flanders_fedavg,correlated_sybil,9,6,4,3,0.4,1.0,2001,48.131126,0.5712001
flanders_fedavg,correlated_sybil,10,6,4,3,0.4,1.0,2001,48.14865,0.57140803
flanders_fedavg,correlated_sybil,11,6,4,3,0.4,1.0,2001,48.146996,0.57138836
flanders_fedavg,correlated_sybil,12,6,4,3,0.4,1.0,2001,48.25421,0.5726608
flanders_fedavg,correlated_sybil,13,6,4,3,0.4,1.0,2001,48.17305,0.5716976
flanders_fedavg,correlated_sybil,14,6,4,3,0.4,1.0,2001,48.1015,0.57084846
flanders_fedavg,correlated_sybil,15,6,4,3,0.4,1.0,2001,48.157627,0.57151455
flanders_fedavg,correlated_sybil,16,6,4,3,0.4,1.0,2001,48.077953,0.57056904
flanders_fedavg,correlated_sybil,17,6,4,3,0.4,1.0,2001,48.231003,0.5723854
flanders_fedavg,correlated_sybil,18,6,4,3,0.4,1.0,2001,48.1811,0.5717931
flanders_fedavg,correlated_sybil,19,6,4,3,0.4,1.0,2001,48.23987,0.5724906
flanders_fedavg,correlated_sybil,0,6,4,3,0.4,1.0,3001,34.847073,0.40069765
flanders_fedavg,correlated_sybil,1,6,4,3,0.4,1.0,3001,9.465285,0.108838916
flanders_fedavg,correlated_sybil,2,6,4,3,0.4,1.0,3001,49.70628,0.5715599
flanders_fedavg,correlated_sybil,3,6,4,3,0.4,1.0,3001,49.57807,0.57008564
flanders_fedavg,correlated_sybil,4,6,4,3,0.4,1.0,3001,49.689926,0.57137185
flanders_fedavg,correlated_sybil,5,6,4,3,0.4,1.0,3001,49.562687,0.56990874
flanders_fedavg,correlated_sybil,6,6,4,3,0.4,1.0,3001,49.711468,0.5716196
flanders_fedavg,correlated_sybil,7,6,4,3,0.4,1.0,3001,49.67201,0.5711658
flanders_fedavg,correlated_sybil,8,6,4,3,0.4,1.0,3001,49.670822,0.57115215
flanders_fedavg,correlated_sybil,9,6,4,3,0.4,1.0,3001,49.682392,0.5712852
flanders_fedavg,correlated_sybil,10,6,4,3,0.4,1.0,3001,49.75242,0.57209045
flanders_fedavg,correlated_sybil,11,6,4,3,0.4,1.0,3001,49.59926,0.5703293
flanders_fedavg,correlated_sybil,12,6,4,3,0.4,1.0,3001,49.889286,0.57366425
flanders_fedavg,correlated_sybil,13,6,4,3,0.4,1.0,3001,49.61845,0.57054996
flanders_fedavg,correlated_sybil,14,6,4,3,0.4,1.0,3001,49.647583,0.57088494
flanders_fedavg,correlated_sybil,15,6,4,3,0.4,1.0,3001,49.66163,0.5710465
flanders_fedavg,correlated_sybil,16,6,4,3,0.4,1.0,3001,49.730545,0.5718389
flanders_fedavg,correlated_sybil,17,6,4,3,0.4,1.0,3001,49.7919,0.57254446
flanders_fedavg,correlated_sybil,18,6,4,3,0.4,1.0,3001,49.708374,0.571584
flanders_fedavg,correlated_sybil,19,6,4,3,0.4,1.0,3001,49.78747,0.5724935
flanders_fedavg,correlated_sybil,0,6,4,3,0.4,1.0,4001,35.959442,0.39986712
flanders_fedavg,correlated_sybil,1,6,4,3,0.4,1.0,4001,11.90734,0.13240899
flanders_fedavg,correlated_sybil,2,6,4,3,0.4,1.0,4001,51.398746,0.5715514
flanders_fedavg,correlated_sybil,3,6,4,3,0.4,1.0,4001,51.40601,0.57163215
flanders_fedavg,correlated_sybil,4,6,4,3,0.4,1.0,4001,51.317913,0.5706525
flanders_fedavg,correlated_sybil,5,6,4,3,0.4,1.0,4001,51.41816,0.5717672
flanders_fedavg,correlated_sybil,6,6,4,3,0.4,1.0,4001,51.369736,0.57122874
flanders_fedavg,correlated_sybil,7,6,4,3,0.4,1.0,4001,51.342827,0.5709295
flanders_fedavg,correlated_sybil,8,6,4,3,0.4,1.0,4001,51.450264,0.57212424
flanders_fedavg,correlated_sybil,9,6,4,3,0.4,1.0,4001,51.474106,0.57238936
flanders_fedavg,correlated_sybil,10,6,4,3,0.4,1.0,4001,51.400833,0.57157457
flanders_fedavg,correlated_sybil,11,6,4,3,0.4,1.0,4001,51.470474,0.57234895
flanders_fedavg,correlated_sybil,12,6,4,3,0.4,1.0,4001,51.382183,0.5713672
flanders_fedavg,correlated_sybil,13,6,4,3,0.4,1.0,4001,51.413563,0.5717161
flanders_fedavg,correlated_sybil,14,6,4,3,0.4,1.0,4001,51.296555,0.570415
flanders_fedavg,correlated_sybil,15,6,4,3,0.4,1.0,4001,51.323196,0.57071126
flanders_fedavg,correlated_sybil,16,6,4,3,0.4,1.0,4001,51.33325,0.570823
flanders_fedavg,correlated_sybil,17,6,4,3,0.4,1.0,4001,51.33239,0.5708135
flanders_fedavg,correlated_sybil,18,6,4,3,0.4,1.0,4001,51.425686,0.57185096
flanders_fedavg,correlated_sybil,19,6,4,3,0.4,1.0,4001,51.401108,0.5715776
foolsgold,correlated_sybil,0,6,4,3,0.4,1.0,1,8.1072,0.09930594
foolsgold,correlated_sybil,1,6,4,3,0.4,1.0,1,7.939658,0.0972537
foolsgold,correlated_sybil,2,6,4,3,0.4,1.0,1,7.939658,0.0972537
foolsgold,correlated_sybil,3,6,4,3,0.4,1.0,1,7.939658,0.0972537
foolsgold,correlated_sybil,4,6,4,3,0.4,1.0,1,7.939658,0.0972537
foolsgold,correlated_sybil,5,6,4,3,0.4,1.0,1,7.939658,0.0972537
foolsgold,correlated_sybil,6,6,4,3,0.4,1.0,1,7.939658,0.0972537
foolsgold,correlated_sybil,7,6,4,3,0.4,1.0,1,7.939658,0.0972537
foolsgold,correlated_sybil,8,6,4,3,0.4,1.0,1,7.939658,0.0972537
foolsgold,correlated_sybil,9,6,4,3,0.4,1.0,1,7.939658,0.0972537
foolsgold,correlated_sybil,10,6,4,3,0.4,1.0,1,7.939658,0.0972537
foolsgold,correlated_sybil,11,6,4,3,0.4,1.0,1,7.939658,0.0972537
foolsgold,correlated_sybil,12,6,4,3,0.4,1.0,1,7.939658,0.0972537
foolsgold,correlated_sybil,13,6,4,3,0.4,1.0,1,7.939658,0.0972537
foolsgold,correlated_sybil,14,6,4,3,0.4,1.0,1,7.939658,0.0972537
foolsgold,correlated_sybil,15,6,4,3,0.4,1.0,1,7.939658,0.0972537
foolsgold,correlated_sybil,16,6,4,3,0.4,1.0,1,7.939658,0.0972537
foolsgold,correlated_sybil,17,6,4,3,0.4,1.0,1,7.939658,0.0972537
foolsgold,correlated_sybil,18,6,4,3,0.4,1.0,1,7.939658,0.0972537
foolsgold,correlated_sybil,19,6,4,3,0.4,1.0,1,7.939658,0.0972537
foolsgold,correlated_sybil,0,6,4,3,0.4,1.0,1001,6.596898,0.08141207
foolsgold,correlated_sybil,1,6,4,3,0.4,1.0,1001,0.81687236,0.01008099
foolsgold,correlated_sybil,2,6,4,3,0.4,1.0,1001,14.314476,0.1766544
foolsgold,correlated_sybil,3,6,4,3,0.4,1.0,1001,14.264861,0.17604211
foolsgold,correlated_sybil,4,6,4,3,0.4,1.0,1001,6.4585743,0.07970502
foolsgold,correlated_sybil,5,6,4,3,0.4,1.0,1001,13.851138,0.17093638
foolsgold,correlated_sybil,6,6,4,3,0.4,1.0,1001,6.4585743,0.07970502
foolsgold,correlated_sybil,7,6,4,3,0.4,1.0,1001,10.628348,0.13116404
foolsgold,correlated_sybil,8,6,4,3,0.4,1.0,1001,13.851138,0.17093638
foolsgold,correlated_sybil,9,6,4,3,0.4,1.0,1001,13.851138,0.17093638
foolsgold,correlated_sybil,10,6,4,3,0.4,1.0,1001,13.851138,0.17093638
foolsgold,correlated_sybil,11,6,4,3,0.4,1.0,1001,13.851138,0.17093638
foolsgold,correlated_sybil,12,6,4,3,0.4,1.0,1001,13.851138,0.17093638
foolsgold,correlated_sybil,13,6,4,3,0.4,1.0,1001,13.851138,0.17093638
foolsgold,correlated_sybil,14,6,4,3,0.4,1.0,1001,13.851138,0.17093638
foolsgold,correlated_sybil,15,6,4,3,0.4,1.0,1001,13.851138,0.17093638
foolsgold,correlated_sybil,16,6,4,3,0.4,1.0,1001,11.475246,0.14161558
foolsgold,correlated_sybil,17,6,4,3,0.4,1.0,1001,9.233621,0.113951765
foolsgold,correlated_sybil,18,6,4,3,0.4,1.0,1001,13.851138,0.17093638
foolsgold,correlated_sybil,19,6,4,3,0.4,1.0,1001,13.851138,0.17093638
foolsgold,correlated_sybil,0,6,4,3,0.4,1.0,2001,0.6520095,0.007737776
foolsgold,correlated_sybil,1,6,4,3,0.4,1.0,2001,3.0384357,0.036058884
foolsgold,correlated_sybil,2,6,4,3,0.4,1.0,2001,16.0614,0.19060996
foolsgold,correlated_sybil,3,6,4,3,0.4,1.0,2001,13.629457,0.16174869
foolsgold,correlated_sybil,4,6,4,3,0.4,1.0,2001,6.6280956,0.07865946
foolsgold,correlated_sybil,5,6,4,3,0.4,1.0,2001,6.634945,0.078740746
foolsgold,correlated_sybil,6,6,4,3,0.4,1.0,2001,6.694913,0.079452425
foolsgold,correlated_sybil,7,6,4,3,0.4,1.0,2001,6.6280956,0.07865946
foolsgold,correlated_sybil,8,6,4,3,0.4,1.0,2001,6.6280956,0.07865946
foolsgold,correlated_sybil,9,6,4,3,0.4,1.0,2001,6.6280956,0.07865946
foolsgold,correlated_sybil,10,6,4,3,0.4,1.0,2001,6.6280956,0.07865946
foolsgold,correlated_sybil,11,6,4,3,0.4,1.0,2001,6.6280956,0.07865946
foolsgold,correlated_sybil,12,6,4,3,0.4,1.0,2001,6.6280956,0.07865946
foolsgold,correlated_sybil,13,6,4,3,0.4,1.0,2001,6.6280956,0.07865946
foolsgold,correlated_sybil,14,6,4,3,0.4,1.0,2001,6.6280956,0.07865946
foolsgold,correlated_sybil,15,6,4,3,0.4,1.0,2001,6.6280956,0.07865946
foolsgold,correlated_sybil,16,6,4,3,0.4,1.0,2001,6.6280956,0.07865946
foolsgold,correlated_sybil,17,6,4,3,0.4,1.0,2001,6.6280956,0.07865946
foolsgold,correlated_sybil,18,6,4,3,0.4,1.0,2001,6.6280956,0.07865946
foolsgold,correlated_sybil,19,6,4,3,0.4,1.0,2001,6.6280956,0.07865946
foolsgold,correlated_sybil,0,6,4,3,0.4,1.0,3001,1.5253284,0.017539363
foolsgold,correlated_sybil,1,6,4,3,0.4,1.0,3001,5.2198644,0.060021896
foolsgold,correlated_sybil,2,6,4,3,0.4,1.0,3001,5.2198644,0.060021896
foolsgold,correlated_sybil,3,6,4,3,0.4,1.0,3001,5.2198644,0.060021896
foolsgold,correlated_sybil,4,6,4,3,0.4,1.0,3001,5.2198644,0.060021896
foolsgold,correlated_sybil,5,6,4,3,0.4,1.0,3001,5.2198644,0.060021896
foolsgold,correlated_sybil,6,6,4,3,0.4,1.0,3001,5.2198644,0.060021896
foolsgold,correlated_sybil,7,6,4,3,0.4,1.0,3001,5.2198644,0.060021896
foolsgold,correlated_sybil,8,6,4,3,0.4,1.0,3001,5.2198644,0.060021896
foolsgold,correlated_sybil,9,6,4,3,0.4,1.0,3001,5.2198644,0.060021896
foolsgold,correlated_sybil,10,6,4,3,0.4,1.0,3001,5.2198644,0.060021896
foolsgold,correlated_sybil,11,6,4,3,0.4,1.0,3001,5.2198644,0.060021896
foolsgold,correlated_sybil,12,6,4,3,0.4,1.0,3001,5.2198644,0.060021896
foolsgold,correlated_sybil,13,6,4,3,0.4,1.0,3001,5.2198644,0.060021896
foolsgold,correlated_sybil,14,6,4,3,0.4,1.0,3001,5.2198644,0.060021896
foolsgold,correlated_sybil,15,6,4,3,0.4,1.0,3001,5.2198644,0.060021896
foolsgold,correlated_sybil,16,6,4,3,0.4,1.0,3001,5.2198644,0.060021896
foolsgold,correlated_sybil,17,6,4,3,0.4,1.0,3001,5.2198644,0.060021896
foolsgold,correlated_sybil,18,6,4,3,0.4,1.0,3001,5.2198644,0.060021896
foolsgold,correlated_sybil,19,6,4,3,0.4,1.0,3001,5.2198644,0.060021896
foolsgold,correlated_sybil,0,6,4,3,0.4,1.0,4001,10.55042,0.11732011
foolsgold,correlated_sybil,1,6,4,3,0.4,1.0,4001,1.5493742,0.01722896
foolsgold,correlated_sybil,2,6,4,3,0.4,1.0,4001,1.5726107,0.017487349
foolsgold,correlated_sybil,3,6,4,3,0.4,1.0,4001,4.095574,0.045542568
foolsgold,correlated_sybil,4,6,4,3,0.4,1.0,4001,1.536426,0.017084977
foolsgold,correlated_sybil,5,6,4,3,0.4,1.0,4001,9.303543,0.10345491
foolsgold,correlated_sybil,6,6,4,3,0.4,1.0,4001,8.894007,0.098900884
foolsgold,correlated_sybil,7,6,4,3,0.4,1.0,4001,8.894007,0.098900884
foolsgold,correlated_sybil,8,6,4,3,0.4,1.0,4001,8.894007,0.098900884
foolsgold,correlated_sybil,9,6,4,3,0.4,1.0,4001,8.894007,0.098900884
foolsgold,correlated_sybil,10,6,4,3,0.4,1.0,4001,8.894007,0.098900884
foolsgold,correlated_sybil,11,6,4,3,0.4,1.0,4001,8.894007,0.098900884
foolsgold,correlated_sybil,12,6,4,3,0.4,1.0,4001,8.894007,0.098900884
foolsgold,correlated_sybil,13,6,4,3,0.4,1.0,4001,8.894007,0.098900884
foolsgold,correlated_sybil,14,6,4,3,0.4,1.0,4001,8.894007,0.098900884
foolsgold,correlated_sybil,15,6,4,3,0.4,1.0,4001,8.894007,0.098900884
foolsgold,correlated_sybil,16,6,4,3,0.4,1.0,4001,8.894007,0.098900884
foolsgold,correlated_sybil,17,6,4,3,0.4,1.0,4001,8.894007,0.098900884
foolsgold,correlated_sybil,18,6,4,3,0.4,1.0,4001,8.894007,0.098900884
foolsgold,correlated_sybil,19,6,4,3,0.4,1.0,4001,8.894007,0.098900884
fedavg,correlated_sybil,0,4,6,3,0.6,1.0,1,47.80214,0.60033953
fedavg,correlated_sybil,1,4,6,3,0.6,1.0,1,47.683643,0.5988513
fedavg,correlated_sybil,2,4,6,3,0.6,1.0,1,47.747524,0.5996536
fedavg,correlated_sybil,3,4,6,3,0.6,1.0,1,47.795452,0.60025555
fedavg,correlated_sybil,4,4,6,3,0.6,1.0,1,47.83933,0.6008066
fedavg,correlated_sybil,5,4,6,3,0.6,1.0,1,47.82436,0.6006186
fedavg,correlated_sybil,6,4,6,3,0.6,1.0,1,47.66467,0.598613
fedavg,correlated_sybil,7,4,6,3,0.6,1.0,1,47.71989,0.5993066
fedavg,correlated_sybil,8,4,6,3,0.6,1.0,1,47.842377,0.60084486
fedavg,correlated_sybil,9,4,6,3,0.6,1.0,1,47.674843,0.5987408
fedavg,correlated_sybil,10,4,6,3,0.6,1.0,1,47.879356,0.6013093
fedavg,correlated_sybil,11,4,6,3,0.6,1.0,1,47.84404,0.6008657
fedavg,correlated_sybil,12,4,6,3,0.6,1.0,1,47.80074,0.60032195
fedavg,correlated_sybil,13,4,6,3,0.6,1.0,1,47.795235,0.6002528
fedavg,correlated_sybil,14,4,6,3,0.6,1.0,1,47.778683,0.6000449
fedavg,correlated_sybil,15,4,6,3,0.6,1.0,1,47.74909,0.5996733
fedavg,correlated_sybil,16,4,6,3,0.6,1.0,1,47.764202,0.59986305
fedavg,correlated_sybil,17,4,6,3,0.6,1.0,1,47.75841,0.59979033
fedavg,correlated_sybil,18,4,6,3,0.6,1.0,1,47.7965,0.6002687
fedavg,correlated_sybil,19,4,6,3,0.6,1.0,1,47.747173,0.5996492
fedavg,correlated_sybil,0,4,6,3,0.6,1.0,1001,49.372643,0.60034883
fedavg,correlated_sybil,1,4,6,3,0.6,1.0,1001,49.326122,0.5997832
fedavg,correlated_sybil,2,4,6,3,0.6,1.0,1001,49.305275,0.5995297
fedavg,correlated_sybil,3,4,6,3,0.6,1.0,1001,49.3539,0.60012096
fedavg,correlated_sybil,4,4,6,3,0.6,1.0,1001,49.24034,0.5987401
fedavg,correlated_sybil,5,4,6,3,0.6,1.0,1001,49.4532,0.60132843
fedavg,correlated_sybil,6,4,6,3,0.6,1.0,1001,49.37607,0.6003905
fedavg,correlated_sybil,7,4,6,3,0.6,1.0,1001,49.22424,0.59854436
fedavg,correlated_sybil,8,4,6,3,0.6,1.0,1001,49.389595,0.600555
fedavg,correlated_sybil,9,4,6,3,0.6,1.0,1001,49.412918,0.6008386
fedavg,correlated_sybil,10,4,6,3,0.6,1.0,1001,49.361378,0.60021186
fedavg,correlated_sybil,11,4,6,3,0.6,1.0,1001,49.37504,0.600378
fedavg,correlated_sybil,12,4,6,3,0.6,1.0,1001,49.348434,0.6000545
fedavg,correlated_sybil,13,4,6,3,0.6,1.0,1001,49.358597,0.60017806
fedavg,correlated_sybil,14,4,6,3,0.6,1.0,1001,49.369064,0.6003053
fedavg,correlated_sybil,15,4,6,3,0.6,1.0,1001,49.275627,0.5991692
fedavg,correlated_sybil,16,4,6,3,0.6,1.0,1001,49.30127,0.599481
fedavg,correlated_sybil,17,4,6,3,0.6,1.0,1001,49.42989,0.60104495
fedavg,correlated_sybil,18,4,6,3,0.6,1.0,1001,49.446472,0.6012466
fedavg,correlated_sybil,19,4,6,3,0.6,1.0,1001,49.41855,0.600907
fedavg,correlated_sybil,0,4,6,3,0.6,1.0,2001,51.400917,0.5995474
fedavg,correlated_sybil,1,4,6,3,0.6,1.0,2001,51.301456,0.5983873
fedavg,correlated_sybil,2,4,6,3,0.6,1.0,2001,51.339798,0.5988345
fedavg,correlated_sybil,3,4,6,3,0.6,1.0,2001,51.387764,0.599394
fedavg,correlated_sybil,4,4,6,3,0.6,1.0,2001,51.4608,0.6002459
fedavg,correlated_sybil,5,4,6,3,0.6,1.0,2001,51.495575,0.6006515
fedavg,correlated_sybil,6,4,6,3,0.6,1.0,2001,51.51327,0.6008579
fedavg,correlated_sybil,7,4,6,3,0.6,1.0,2001,51.436543,0.59996295
fedavg,correlated_sybil,8,4,6,3,0.6,1.0,2001,51.51141,0.6008362
fedavg,correlated_sybil,9,4,6,3,0.6,1.0,2001,51.50762,0.60079205
fedavg,correlated_sybil,10,4,6,3,0.6,1.0,2001,51.458817,0.60022277
fedavg,correlated_sybil,11,4,6,3,0.6,1.0,2001,51.433903,0.59993213
fedavg,correlated_sybil,12,4,6,3,0.6,1.0,2001,51.541813,0.60119087
fedavg,correlated_sybil,13,4,6,3,0.6,1.0,2001,51.522488,0.60096544
fedavg,correlated_sybil,14,4,6,3,0.6,1.0,2001,51.36071,0.5990784
fedavg,correlated_sybil,15,4,6,3,0.6,1.0,2001,51.485806,0.60053754
fedavg,correlated_sybil,16,4,6,3,0.6,1.0,2001,51.39191,0.59944236
fedavg,correlated_sybil,17,4,6,3,0.6,1.0,2001,51.563595,0.6014449
fedavg,correlated_sybil,18,4,6,3,0.6,1.0,2001,51.400402,0.5995414
fedavg,correlated_sybil,19,4,6,3,0.6,1.0,2001,51.50932,0.60081184
fedavg,correlated_sybil,0,4,6,3,0.6,1.0,3001,53.09369,0.6000196
fedavg,correlated_sybil,1,4,6,3,0.6,1.0,3001,53.10569,0.6001552
fedavg,correlated_sybil,2,4,6,3,0.6,1.0,3001,53.18502,0.60105175
fedavg,correlated_sybil,3,4,6,3,0.6,1.0,3001,53.017685,0.5991606
fedavg,correlated_sybil,4,4,6,3,0.6,1.0,3001,53.089417,0.5999713
fedavg,correlated_sybil,5,4,6,3,0.6,1.0,3001,53.046703,0.59948856
fedavg,correlated_sybil,6,4,6,3,0.6,1.0,3001,53.021564,0.5992045
fedavg,correlated_sybil,7,4,6,3,0.6,1.0,3001,53.05874,0.5996246
fedavg,correlated_sybil,8,4,6,3,0.6,1.0,3001,53.12122,0.6003307
fedavg,correlated_sybil,9,4,6,3,0.6,1.0,3001,53.145096,0.60060054
fedavg,correlated_sybil,10,4,6,3,0.6,1.0,3001,53.12015,0.6003186
fedavg,correlated_sybil,11,4,6,3,0.6,1.0,3001,52.97922,0.598726
fedavg,correlated_sybil,12,4,6,3,0.6,1.0,3001,53.120865,0.6003267
fedavg,correlated_sybil,13,4,6,3,0.6,1.0,3001,53.030987,0.599311
fedavg,correlated_sybil,14,4,6,3,0.6,1.0,3001,53.067818,0.5997272
fedavg,correlated_sybil,15,4,6,3,0.6,1.0,3001,53.050373,0.59953004
fedavg,correlated_sybil,16,4,6,3,0.6,1.0,3001,53.183807,0.60103804
fedavg,correlated_sybil,17,4,6,3,0.6,1.0,3001,53.16173,0.60078853
fedavg,correlated_sybil,18,4,6,3,0.6,1.0,3001,53.14147,0.6005596
fedavg,correlated_sybil,19,4,6,3,0.6,1.0,3001,53.171078,0.60089415
fedavg,correlated_sybil,0,4,6,3,0.6,1.0,4001,50.647602,0.59987545
fedavg,correlated_sybil,1,4,6,3,0.6,1.0,4001,50.719402,0.6007258
fedavg,correlated_sybil,2,4,6,3,0.6,1.0,4001,50.63598,0.59973776
fedavg,correlated_sybil,3,4,6,3,0.6,1.0,4001,50.691025,0.6003897
fedavg,correlated_sybil,4,4,6,3,0.6,1.0,4001,50.649685,0.5999001
fedavg,correlated_sybil,5,4,6,3,0.6,1.0,4001,50.71868,0.6007173
fedavg,correlated_sybil,6,4,6,3,0.6,1.0,4001,50.628956,0.5996546
fedavg,correlated_sybil,7,4,6,3,0.6,1.0,4001,50.708233,0.60059357
fedavg,correlated_sybil,8,4,6,3,0.6,1.0,4001,50.76367,0.6012502
fedavg,correlated_sybil,9,4,6,3,0.6,1.0,4001,50.714703,0.60067016
fedavg,correlated_sybil,10,4,6,3,0.6,1.0,4001,50.70258,0.6005266
fedavg,correlated_sybil,11,4,6,3,0.6,1.0,4001,50.739655,0.60096574
fedavg,correlated_sybil,12,4,6,3,0.6,1.0,4001,50.647575,0.5998751
fedavg,correlated_sybil,13,4,6,3,0.6,1.0,4001,50.6849,0.6003172
fedavg,correlated_sybil,14,4,6,3,0.6,1.0,4001,50.69456,0.6004316
fedavg,correlated_sybil,15,4,6,3,0.6,1.0,4001,50.67676,0.6002208
fedavg,correlated_sybil,16,4,6,3,0.6,1.0,4001,50.60175,0.59933233
fedavg,correlated_sybil,17,4,6,3,0.6,1.0,4001,50.628685,0.5996514
fedavg,correlated_sybil,18,4,6,3,0.6,1.0,4001,50.64553,0.5998509
fedavg,correlated_sybil,19,4,6,3,0.6,1.0,4001,50.693825,0.6004229
krum,correlated_sybil,0,4,6,3,0.6,1.0,1,0.13920565,0.0017482617
krum,correlated_sybil,1,4,6,3,0.6,1.0,1,0.3879176,0.004871796
krum,correlated_sybil,2,4,6,3,0.6,1.0,1,0.20969842,0.0026335693
krum,correlated_sybil,3,4,6,3,0.6,1.0,1,0.09293683,0.001167179
krum,correlated_sybil,4,4,6,3,0.6,1.0,1,0.47334316,0.0059446422
krum,correlated_sybil,5,4,6,3,0.6,1.0,1,0.5811892,0.0072990637
krum,correlated_sybil,6,4,6,3,0.6,1.0,1,0.40291995,0.005060208
krum,correlated_sybil,7,4,6,3,0.6,1.0,1,0.4082587,0.0051272567
krum,correlated_sybil,8,4,6,3,0.6,1.0,1,0.32222426,0.0040467638
krum,correlated_sybil,9,4,6,3,0.6,1.0,1,0.29907483,0.0037560335
krum,correlated_sybil,10,4,6,3,0.6,1.0,1,0.4504773,0.005657473
krum,correlated_sybil,11,4,6,3,0.6,1.0,1,0.3994371,0.0050164675
krum,correlated_sybil,12,4,6,3,0.6,1.0,1,0.29149652,0.0036608586
krum,correlated_sybil,13,4,6,3,0.6,1.0,1,0.3415129,0.0042890063
krum,correlated_sybil,14,4,6,3,0.6,1.0,1,0.5056224,0.0063500316
krum,correlated_sybil,15,4,6,3,0.6,1.0,1,0.35295027,0.0044326466
krum,correlated_sybil,16,4,6,3,0.6,1.0,1,0.40886182,0.005134831
krum,correlated_sybil,17,4,6,3,0.6,1.0,1,0.26374996,0.003312394
krum,correlated_sybil,18,4,6,3,0.6,1.0,1,0.31885374,0.0040044338
krum,correlated_sybil,19,4,6,3,0.6,1.0,1,0.61929256,0.0077775973
krum,correlated_sybil,0,4,6,3,0.6,1.0,1001,0.16645326,0.0020239959
krum,correlated_sybil,1,4,6,3,0.6,1.0,1001,0.27051345,0.0032893203
krum,correlated_sybil,2,4,6,3,0.6,1.0,1001,0.46389186,0.005640714
krum,correlated_sybil,3,4,6,3,0.6,1.0,1001,0.6357218,0.0077300877
krum,correlated_sybil,4,4,6,3,0.6,1.0,1001,0.60178274,0.0073174043
krum,correlated_sybil,5,4,6,3,0.6,1.0,1001,0.7284068,0.008857095
krum,correlated_sybil,6,4,6,3,0.6,1.0,1001,0.45840162,0.005573955
krum,correlated_sybil,7,4,6,3,0.6,1.0,1001,0.8469449,0.010298464
krum,correlated_sybil,8,4,6,3,0.6,1.0,1001,0.27770552,0.0033767726
krum,correlated_sybil,9,4,6,3,0.6,1.0,1001,0.587491,0.0071436227
krum,correlated_sybil,10,4,6,3,0.6,1.0,1001,0.2804325,0.0034099314
krum,correlated_sybil,11,4,6,3,0.6,1.0,1001,0.3409436,0.004145719
krum,correlated_sybil,12,4,6,3,0.6,1.0,1001,0.66035956,0.008029671
krum,correlated_sybil,13,4,6,3,0.6,1.0,1001,0.31478256,0.0038276126
krum,correlated_sybil,14,4,6,3,0.6,1.0,1001,0.24513789,0.002980765
krum,correlated_sybil,15,4,6,3,0.6,1.0,1001,0.2265616,0.002754886
krum,correlated_sybil,16,4,6,3,0.6,1.0,1001,0.40057808,0.004870847
krum,correlated_sybil,17,4,6,3,0.6,1.0,1001,0.27728048,0.0033716045
krum,correlated_sybil,18,4,6,3,0.6,1.0,1001,0.67878586,0.008253727
krum,correlated_sybil,19,4,6,3,0.6,1.0,1001,0.523909,0.0063704946
krum,correlated_sybil,0,4,6,3,0.6,1.0,2001,0.51666504,0.0060264524
krum,correlated_sybil,1,4,6,3,0.6,1.0,2001,0.25760385,0.003004727
krum,correlated_sybil,2,4,6,3,0.6,1.0,2001,0.63131046,0.007363693
krum,correlated_sybil,3,4,6,3,0.6,1.0,2001,0.53714913,0.006265382
krum,correlated_sybil,4,4,6,3,0.6,1.0,2001,0.662831,0.0077313525
krum,correlated_sybil,5,4,6,3,0.6,1.0,2001,0.2827467,0.0032979967
krum,correlated_sybil,6,4,6,3,0.6,1.0,2001,0.51937425,0.006058053
krum,correlated_sybil,7,4,6,3,0.6,1.0,2001,0.2423743,0.0028270874
krum,correlated_sybil,8,4,6,3,0.6,1.0,2001,0.06556032,0.00076470466
krum,correlated_sybil,9,4,6,3,0.6,1.0,2001,0.5197434,0.0060623586
krum,correlated_sybil,10,4,6,3,0.6,1.0,2001,0.3077677,0.003589845
krum,correlated_sybil,11,4,6,3,0.6,1.0,2001,0.47246543,0.005510902
krum,correlated_sybil,12,4,6,3,0.6,1.0,2001,0.10289896,0.0012002278
krum,correlated_sybil,13,4,6,3,0.6,1.0,2001,0.41794166,0.0048749293
krum,correlated_sybil,14,4,6,3,0.6,1.0,2001,0.34389913,0.004011287
krum,correlated_sybil,15,4,6,3,0.6,1.0,2001,0.28032333,0.0032697301
krum,correlated_sybil,16,4,6,3,0.6,1.0,2001,0.54642165,0.0063735377
krum,correlated_sybil,17,4,6,3,0.6,1.0,2001,0.21084906,0.0024593726
krum,correlated_sybil,18,4,6,3,0.6,1.0,2001,0.22355184,0.0026075395
krum,correlated_sybil,19,4,6,3,0.6,1.0,2001,0.46341237,0.005405306
krum,correlated_sybil,0,4,6,3,0.6,1.0,3001,0.32167372,0.003635282
krum,correlated_sybil,1,4,6,3,0.6,1.0,3001,0.39238477,0.004434398
krum,correlated_sybil,2,4,6,3,0.6,1.0,3001,0.4136474,0.0046746903
krum,correlated_sybil,3,4,6,3,0.6,1.0,3001,0.3875281,0.004379512
krum,correlated_sybil,4,4,6,3,0.6,1.0,3001,0.39285412,0.0044397023
krum,correlated_sybil,5,4,6,3,0.6,1.0,3001,0.20347826,0.0022995376
krum,correlated_sybil,6,4,6,3,0.6,1.0,3001,0.26794896,0.0030281304
krum,correlated_sybil,7,4,6,3,0.6,1.0,3001,0.32204407,0.0036394673
krum,correlated_sybil,8,4,6,3,0.6,1.0,3001,0.2579448,0.002915072
krum,correlated_sybil,9,4,6,3,0.6,1.0,3001,0.19625004,0.0022178504
krum,correlated_sybil,10,4,6,3,0.6,1.0,3001,0.61194766,0.0069157104
krum,correlated_sybil,11,4,6,3,0.6,1.0,3001,0.75307834,0.008510649
krum,correlated_sybil,12,4,6,3,0.6,1.0,3001,0.1466147,0.0016569142
krum,correlated_sybil,13,4,6,3,0.6,1.0,3001,0.45545328,0.005147144
krum,correlated_sybil,14,4,6,3,0.6,1.0,3001,0.40613136,0.00458975
krum,correlated_sybil,15,4,6,3,0.6,1.0,3001,0.355309,0.004015399
krum,correlated_sybil,16,4,6,3,0.6,1.0,3001,0.58930445,0.006659816
krum,correlated_sybil,17,4,6,3,0.6,1.0,3001,0.2830564,0.003198862
krum,correlated_sybil,18,4,6,3,0.6,1.0,3001,0.48406023,0.0054704356
krum,correlated_sybil,19,4,6,3,0.6,1.0,3001,0.48985687,0.0055359444
krum,correlated_sybil,0,4,6,3,0.6,1.0,4001,0.44883117,0.0053160028
krum,correlated_sybil,1,4,6,3,0.6,1.0,4001,0.0701128,0.00083042326
krum,correlated_sybil,2,4,6,3,0.6,1.0,4001,0.20258364,0.0023994215
krum,correlated_sybil,3,4,6,3,0.6,1.0,4001,0.249083,0.0029501647
krum,correlated_sybil,4,4,6,3,0.6,1.0,4001,0.26932845,0.003189954
krum,correlated_sybil,5,4,6,3,0.6,1.0,4001,0.40144774,0.0047547887
krum,correlated_sybil,6,4,6,3,0.6,1.0,4001,0.2685083,0.0031802398
krum,correlated_sybil,7,4,6,3,0.6,1.0,4001,0.34062287,0.0040343725
krum,correlated_sybil,8,4,6,3,0.6,1.0,4001,0.43672892,0.0051726624
krum,correlated_sybil,9,4,6,3,0.6,1.0,4001,0.24898821,0.002949042
krum,correlated_sybil,10,4,6,3,0.6,1.0,4001,0.067562744,0.0008002201
krum,correlated_sybil,11,4,6,3,0.6,1.0,4001,0.20453368,0.002422518
krum,correlated_sybil,12,4,6,3,0.6,1.0,4001,0.28902102,0.0034231949
krum,correlated_sybil,13,4,6,3,0.6,1.0,4001,0.21608566,0.0025593408
krum,correlated_sybil,14,4,6,3,0.6,1.0,4001,0.66134185,0.007833001
krum,correlated_sybil,15,4,6,3,0.6,1.0,4001,0.3834013,0.0045410446
krum,correlated_sybil,16,4,6,3,0.6,1.0,4001,0.39020124,0.004621584
krum,correlated_sybil,17,4,6,3,0.6,1.0,4001,0.35645863,0.004221933
krum,correlated_sybil,18,4,6,3,0.6,1.0,4001,0.7583907,0.008982458
krum,correlated_sybil,19,4,6,3,0.6,1.0,4001,0.11688235,0.0013843665
dss_fedavg,correlated_sybil,0,4,6,3,0.6,1.0,1,47.80214,0.60033953
dss_fedavg,correlated_sybil,1,4,6,3,0.6,1.0,1,47.683643,0.5988513
dss_fedavg,correlated_sybil,2,4,6,3,0.6,1.0,1,47.747524,0.5996536
dss_fedavg,correlated_sybil,3,4,6,3,0.6,1.0,1,47.795452,0.60025555
dss_fedavg,correlated_sybil,4,4,6,3,0.6,1.0,1,47.83933,0.6008066
dss_fedavg,correlated_sybil,5,4,6,3,0.6,1.0,1,47.82436,0.6006186
dss_fedavg,correlated_sybil,6,4,6,3,0.6,1.0,1,47.66467,0.598613
dss_fedavg,correlated_sybil,7,4,6,3,0.6,1.0,1,47.71989,0.5993066
dss_fedavg,correlated_sybil,8,4,6,3,0.6,1.0,1,47.842377,0.60084486
dss_fedavg,correlated_sybil,9,4,6,3,0.6,1.0,1,47.674843,0.5987408
dss_fedavg,correlated_sybil,10,4,6,3,0.6,1.0,1,47.879356,0.6013093
dss_fedavg,correlated_sybil,11,4,6,3,0.6,1.0,1,47.84404,0.6008657
dss_fedavg,correlated_sybil,12,4,6,3,0.6,1.0,1,47.80074,0.60032195
dss_fedavg,correlated_sybil,13,4,6,3,0.6,1.0,1,47.795235,0.6002528
dss_fedavg,correlated_sybil,14,4,6,3,0.6,1.0,1,47.778683,0.6000449
dss_fedavg,correlated_sybil,15,4,6,3,0.6,1.0,1,47.74909,0.5996733
dss_fedavg,correlated_sybil,16,4,6,3,0.6,1.0,1,47.764202,0.59986305
dss_fedavg,correlated_sybil,17,4,6,3,0.6,1.0,1,47.75841,0.59979033
dss_fedavg,correlated_sybil,18,4,6,3,0.6,1.0,1,47.7965,0.6002687
dss_fedavg,correlated_sybil,19,4,6,3,0.6,1.0,1,47.747173,0.5996492
dss_fedavg,correlated_sybil,0,4,6,3,0.6,1.0,1001,49.372643,0.60034883
dss_fedavg,correlated_sybil,1,4,6,3,0.6,1.0,1001,49.326122,0.5997832
dss_fedavg,correlated_sybil,2,4,6,3,0.6,1.0,1001,49.305275,0.5995297
dss_fedavg,correlated_sybil,3,4,6,3,0.6,1.0,1001,49.3539,0.60012096
dss_fedavg,correlated_sybil,4,4,6,3,0.6,1.0,1001,49.24034,0.5987401
dss_fedavg,correlated_sybil,5,4,6,3,0.6,1.0,1001,49.4532,0.60132843
dss_fedavg,correlated_sybil,6,4,6,3,0.6,1.0,1001,49.37607,0.6003905
dss_fedavg,correlated_sybil,7,4,6,3,0.6,1.0,1001,49.22424,0.59854436
dss_fedavg,correlated_sybil,8,4,6,3,0.6,1.0,1001,49.389595,0.600555
dss_fedavg,correlated_sybil,9,4,6,3,0.6,1.0,1001,49.412918,0.6008386
dss_fedavg,correlated_sybil,10,4,6,3,0.6,1.0,1001,49.361378,0.60021186
dss_fedavg,correlated_sybil,11,4,6,3,0.6,1.0,1001,49.37504,0.600378
dss_fedavg,correlated_sybil,12,4,6,3,0.6,1.0,1001,49.348434,0.6000545
dss_fedavg,correlated_sybil,13,4,6,3,0.6,1.0,1001,49.358597,0.60017806
dss_fedavg,correlated_sybil,14,4,6,3,0.6,1.0,1001,49.369064,0.6003053
dss_fedavg,correlated_sybil,15,4,6,3,0.6,1.0,1001,49.275627,0.5991692
dss_fedavg,correlated_sybil,16,4,6,3,0.6,1.0,1001,49.30127,0.599481
dss_fedavg,correlated_sybil,17,4,6,3,0.6,1.0,1001,49.42989,0.60104495
dss_fedavg,correlated_sybil,18,4,6,3,0.6,1.0,1001,49.446472,0.6012466
dss_fedavg,correlated_sybil,19,4,6,3,0.6,1.0,1001,49.41855,0.600907
dss_fedavg,correlated_sybil,0,4,6,3,0.6,1.0,2001,51.400917,0.5995474
dss_fedavg,correlated_sybil,1,4,6,3,0.6,1.0,2001,51.301456,0.5983873
dss_fedavg,correlated_sybil,2,4,6,3,0.6,1.0,2001,51.339798,0.5988345
dss_fedavg,correlated_sybil,3,4,6,3,0.6,1.0,2001,51.387764,0.599394
dss_fedavg,correlated_sybil,4,4,6,3,0.6,1.0,2001,51.4608,0.6002459
dss_fedavg,correlated_sybil,5,4,6,3,0.6,1.0,2001,51.495575,0.6006515
dss_fedavg,correlated_sybil,6,4,6,3,0.6,1.0,2001,51.51327,0.6008579
dss_fedavg,correlated_sybil,7,4,6,3,0.6,1.0,2001,51.436543,0.59996295
dss_fedavg,correlated_sybil,8,4,6,3,0.6,1.0,2001,51.51141,0.6008362
dss_fedavg,correlated_sybil,9,4,6,3,0.6,1.0,2001,51.50762,0.60079205
dss_fedavg,correlated_sybil,10,4,6,3,0.6,1.0,2001,51.458817,0.60022277
dss_fedavg,correlated_sybil,11,4,6,3,0.6,1.0,2001,51.433903,0.59993213
dss_fedavg,correlated_sybil,12,4,6,3,0.6,1.0,2001,51.541813,0.60119087
dss_fedavg,correlated_sybil,13,4,6,3,0.6,1.0,2001,51.522488,0.60096544
dss_fedavg,correlated_sybil,14,4,6,3,0.6,1.0,2001,51.36071,0.5990784
dss_fedavg,correlated_sybil,15,4,6,3,0.6,1.0,2001,51.485806,0.60053754
dss_fedavg,correlated_sybil,16,4,6,3,0.6,1.0,2001,51.39191,0.59944236
dss_fedavg,correlated_sybil,17,4,6,3,0.6,1.0,2001,51.563595,0.6014449
dss_fedavg,correlated_sybil,18,4,6,3,0.6,1.0,2001,51.400402,0.5995414
dss_fedavg,correlated_sybil,19,4,6,3,0.6,1.0,2001,51.50932,0.60081184
dss_fedavg,correlated_sybil,0,4,6,3,0.6,1.0,3001,53.09369,0.6000196
dss_fedavg,correlated_sybil,1,4,6,3,0.6,1.0,3001,53.10569,0.6001552
dss_fedavg,correlated_sybil,2,4,6,3,0.6,1.0,3001,53.18502,0.60105175
dss_fedavg,correlated_sybil,3,4,6,3,0.6,1.0,3001,53.017685,0.5991606
dss_fedavg,correlated_sybil,4,4,6,3,0.6,1.0,3001,53.089417,0.5999713
dss_fedavg,correlated_sybil,5,4,6,3,0.6,1.0,3001,53.046703,0.59948856
dss_fedavg,correlated_sybil,6,4,6,3,0.6,1.0,3001,53.021564,0.5992045
dss_fedavg,correlated_sybil,7,4,6,3,0.6,1.0,3001,53.05874,0.5996246
dss_fedavg,correlated_sybil,8,4,6,3,0.6,1.0,3001,53.12122,0.6003307
dss_fedavg,correlated_sybil,9,4,6,3,0.6,1.0,3001,53.145096,0.60060054
dss_fedavg,correlated_sybil,10,4,6,3,0.6,1.0,3001,53.12015,0.6003186
dss_fedavg,correlated_sybil,11,4,6,3,0.6,1.0,3001,52.97922,0.598726
dss_fedavg,correlated_sybil,12,4,6,3,0.6,1.0,3001,53.120865,0.6003267
dss_fedavg,correlated_sybil,13,4,6,3,0.6,1.0,3001,53.030987,0.599311
dss_fedavg,correlated_sybil,14,4,6,3,0.6,1.0,3001,53.067818,0.5997272
dss_fedavg,correlated_sybil,15,4,6,3,0.6,1.0,3001,53.050373,0.59953004
dss_fedavg,correlated_sybil,16,4,6,3,0.6,1.0,3001,53.183807,0.60103804
dss_fedavg,correlated_sybil,17,4,6,3,0.6,1.0,3001,53.16173,0.60078853
dss_fedavg,correlated_sybil,18,4,6,3,0.6,1.0,3001,53.14147,0.6005596
dss_fedavg,correlated_sybil,19,4,6,3,0.6,1.0,3001,53.171078,0.60089415
dss_fedavg,correlated_sybil,0,4,6,3,0.6,1.0,4001,50.647602,0.59987545
dss_fedavg,correlated_sybil,1,4,6,3,0.6,1.0,4001,50.719402,0.6007258
dss_fedavg,correlated_sybil,2,4,6,3,0.6,1.0,4001,50.63598,0.59973776
dss_fedavg,correlated_sybil,3,4,6,3,0.6,1.0,4001,50.691025,0.6003897
dss_fedavg,correlated_sybil,4,4,6,3,0.6,1.0,4001,50.649685,0.5999001
dss_fedavg,correlated_sybil,5,4,6,3,0.6,1.0,4001,50.71868,0.6007173
dss_fedavg,correlated_sybil,6,4,6,3,0.6,1.0,4001,50.628956,0.5996546
dss_fedavg,correlated_sybil,7,4,6,3,0.6,1.0,4001,50.708233,0.60059357
dss_fedavg,correlated_sybil,8,4,6,3,0.6,1.0,4001,50.76367,0.6012502
dss_fedavg,correlated_sybil,9,4,6,3,0.6,1.0,4001,50.714703,0.60067016
dss_fedavg,correlated_sybil,10,4,6,3,0.6,1.0,4001,50.70258,0.6005266
dss_fedavg,correlated_sybil,11,4,6,3,0.6,1.0,4001,50.739655,0.60096574
dss_fedavg,correlated_sybil,12,4,6,3,0.6,1.0,4001,50.647575,0.5998751
dss_fedavg,correlated_sybil,13,4,6,3,0.6,1.0,4001,50.6849,0.6003172
dss_fedavg,correlated_sybil,14,4,6,3,0.6,1.0,4001,50.69456,0.6004316
dss_fedavg,correlated_sybil,15,4,6,3,0.6,1.0,4001,50.67676,0.6002208
dss_fedavg,correlated_sybil,16,4,6,3,0.6,1.0,4001,50.60175,0.59933233
dss_fedavg,correlated_sybil,17,4,6,3,0.6,1.0,4001,50.628685,0.5996514
dss_fedavg,correlated_sybil,18,4,6,3,0.6,1.0,4001,50.64553,0.5998509
dss_fedavg,correlated_sybil,19,4,6,3,0.6,1.0,4001,50.693825,0.6004229
dsscoll_fedavg,correlated_sybil,0,4,6,3,0.6,1.0,1,47.80214,0.60033953
dsscoll_fedavg,correlated_sybil,1,4,6,3,0.6,1.0,1,2.6460598,0.033231445
dsscoll_fedavg,correlated_sybil,2,4,6,3,0.6,1.0,1,1.8594354,0.023352357
dsscoll_fedavg,correlated_sybil,3,4,6,3,0.6,1.0,1,3.0924702,0.038837843
dsscoll_fedavg,correlated_sybil,4,4,6,3,0.6,1.0,1,2.9918156,0.03757374
dsscoll_fedavg,correlated_sybil,5,4,6,3,0.6,1.0,1,2.7548144,0.034597278
dsscoll_fedavg,correlated_sybil,6,4,6,3,0.6,1.0,1,2.7375124,0.034379985
dsscoll_fedavg,correlated_sybil,7,4,6,3,0.6,1.0,1,2.7679174,0.03476184
dsscoll_fedavg,correlated_sybil,8,4,6,3,0.6,1.0,1,5.6563935,0.071037754
dsscoll_fedavg,correlated_sybil,9,4,6,3,0.6,1.0,1,10.86352,0.13643323
dsscoll_fedavg,correlated_sybil,10,4,6,3,0.6,1.0,1,8.811013,0.11065612
dsscoll_fedavg,correlated_sybil,11,4,6,3,0.6,1.0,1,4.5801926,0.057521913
dsscoll_fedavg,correlated_sybil,12,4,6,3,0.6,1.0,1,5.073728,0.06372015
dsscoll_fedavg,correlated_sybil,13,4,6,3,0.6,1.0,1,5.876909,0.07380717
dsscoll_fedavg,correlated_sybil,14,4,6,3,0.6,1.0,1,3.3259118,0.0417696
dsscoll_fedavg,correlated_sybil,15,4,6,3,0.6,1.0,1,4.9809265,0.06255467
dsscoll_fedavg,correlated_sybil,16,4,6,3,0.6,1.0,1,4.308156,0.05410545
dsscoll_fedavg,correlated_sybil,17,4,6,3,0.6,1.0,1,4.946852,0.062126737
dsscoll_fedavg,correlated_sybil,18,4,6,3,0.6,1.0,1,2.2979872,0.028860059
dsscoll_fedavg,correlated_sybil,19,4,6,3,0.6,1.0,1,2.1631985,0.027167268
dsscoll_fedavg,correlated_sybil,0,4,6,3,0.6,1.0,1001,49.372643,0.60034883
dsscoll_fedavg,correlated_sybil,1,4,6,3,0.6,1.0,1001,4.6765985,0.05686531
dsscoll_fedavg,correlated_sybil,2,4,6,3,0.6,1.0,1001,1.5257963,0.018552989
dsscoll_fedavg,correlated_sybil,3,4,6,3,0.6,1.0,1001,2.3383358,0.028433098
dsscoll_fedavg,correlated_sybil,4,4,6,3,0.6,1.0,1001,1.8207471,0.022139456
dsscoll_fedavg,correlated_sybil,5,4,6,3,0.6,1.0,1001,2.9824474,0.036265202
dsscoll_fedavg,correlated_sybil,6,4,6,3,0.6,1.0,1001,2.6633172,0.032384723
dsscoll_fedavg,correlated_sybil,7,4,6,3,0.6,1.0,1001,4.822044,0.058633856
dsscoll_fedavg,correlated_sybil,8,4,6,3,0.6,1.0,1001,5.784677,0.07033904
dsscoll_fedavg,correlated_sybil,9,4,6,3,0.6,1.0,1001,3.6366045,0.044219457
dsscoll_fedavg,correlated_sybil,10,4,6,3,0.6,1.0,1001,2.3075204,0.028058397
dsscoll_fedavg,correlated_sybil,11,4,6,3,0.6,1.0,1001,2.254104,0.027408877
dsscoll_fedavg,correlated_sybil,12,4,6,3,0.6,1.0,1001,3.7486827,0.045582276
dsscoll_fedavg,correlated_sybil,13,4,6,3,0.6,1.0,1001,4.242372,0.051585313
dsscoll_fedavg,correlated_sybil,14,4,6,3,0.6,1.0,1001,3.3384333,0.04059383
dsscoll_fedavg,correlated_sybil,15,4,6,3,0.6,1.0,1001,4.238164,0.051534142
dsscoll_fedavg,correlated_sybil,16,4,6,3,0.6,1.0,1001,3.4020236,0.041367058
dsscoll_fedavg,correlated_sybil,17,4,6,3,0.6,1.0,1001,2.626222,0.03193366
dsscoll_fedavg,correlated_sybil,18,4,6,3,0.6,1.0,1001,3.2167516,0.039114233
dsscoll_fedavg,correlated_sybil,19,4,6,3,0.6,1.0,1001,2.007943,0.024415672
dsscoll_fedavg,correlated_sybil,0,4,6,3,0.6,1.0,2001,51.400917,0.5995474
dsscoll_fedavg,correlated_sybil,1,4,6,3,0.6,1.0,2001,18.195988,0.21224052
dsscoll_fedavg,correlated_sybil,2,4,6,3,0.6,1.0,2001,3.8862023,0.045329202
dsscoll_fedavg,correlated_sybil,3,4,6,3,0.6,1.0,2001,3.6832702,0.042962175
dsscoll_fedavg,correlated_sybil,4,4,6,3,0.6,1.0,2001,3.7772512,0.044058383
dsscoll_fedavg,correlated_sybil,5,4,6,3,0.6,1.0,2001,2.7564178,0.032151237
dsscoll_fedavg,correlated_sybil,6,4,6,3,0.6,1.0,2001,1.7027715,0.019861363
dsscoll_fedavg,correlated_sybil,7,4,6,3,0.6,1.0,2001,0.8412113,0.009812005
dsscoll_fedavg,correlated_sybil,8,4,6,3,0.6,1.0,2001,1.0714581,0.012497636
dsscoll_fedavg,correlated_sybil,9,4,6,3,0.6,1.0,2001,0.9463575,0.011038445
dsscoll_fedavg,correlated_sybil,10,4,6,3,0.6,1.0,2001,1.0043238,0.011714572
dsscoll_fedavg,correlated_sybil,11,4,6,3,0.6,1.0,2001,1.7582207,0.02050813
dsscoll_fedavg,correlated_sybil,12,4,6,3,0.6,1.0,2001,4.497395,0.052458238
dsscoll_fedavg,correlated_sybil,13,4,6,3,0.6,1.0,2001,5.2326703,0.06103459
dsscoll_fedavg,correlated_sybil,14,4,6,3,0.6,1.0,2001,4.5438185,0.052999727
dsscoll_fedavg,correlated_sybil,15,4,6,3,0.6,1.0,2001,2.493444,0.029083876
dsscoll_fedavg,correlated_sybil,16,4,6,3,0.6,1.0,2001,2.8254476,0.03295641
dsscoll_fedavg,correlated_sybil,17,4,6,3,0.6,1.0,2001,2.3827627,0.027792873
dsscoll_fedavg,correlated_sybil,18,4,6,3,0.6,1.0,2001,3.555659,0.041473698
dsscoll_fedavg,correlated_sybil,19,4,6,3,0.6,1.0,2001,3.2399085,0.03779074
dsscoll_fedavg,correlated_sybil,0,4,6,3,0.6,1.0,3001,53.09369,0.6000196
dsscoll_fedavg,correlated_sybil,1,4,6,3,0.6,1.0,3001,2.1838355,0.024679845
dsscoll_fedavg,correlated_sybil,2,4,6,3,0.6,1.0,3001,1.8628379,0.021052204
dsscoll_fedavg,correlated_sybil,3,4,6,3,0.6,1.0,3001,1.2331067,0.01393552
dsscoll_fedavg,correlated_sybil,4,4,6,3,0.6,1.0,3001,1.7315805,0.019568846
dsscoll_fedavg,correlated_sybil,5,4,6,3,0.6,1.0,3001,1.1297019,0.012766927
dsscoll_fedavg,correlated_sybil,6,4,6,3,0.6,1.0,3001,1.5369773,0.017369606
dsscoll_fedavg,correlated_sybil,7,4,6,3,0.6,1.0,3001,3.0871327,0.03488814
dsscoll_fedavg,correlated_sybil,8,4,6,3,0.6,1.0,3001,3.534524,0.039944176
dsscoll_fedavg,correlated_sybil,9,4,6,3,0.6,1.0,3001,2.0532222,0.023203766
dsscoll_fedavg,correlated_sybil,10,4,6,3,0.6,1.0,3001,8.209075,0.09277196
dsscoll_fedavg,correlated_sybil,11,4,6,3,0.6,1.0,3001,6.4494963,0.072886705
dsscoll_fedavg,correlated_sybil,12,4,6,3,0.6,1.0,3001,5.8516793,0.06613069
dsscoll_fedavg,correlated_sybil,13,4,6,3,0.6,1.0,3001,11.351932,0.12828985
dsscoll_fedavg,correlated_sybil,14,4,6,3,0.6,1.0,3001,11.07008,0.12510459
dsscoll_fedavg,correlated_sybil,15,4,6,3,0.6,1.0,3001,11.167922,0.12621033
dsscoll_fedavg,correlated_sybil,16,4,6,3,0.6,1.0,3001,2.652993,0.029981863
dsscoll_fedavg,correlated_sybil,17,4,6,3,0.6,1.0,3001,2.029282,0.022933215
dsscoll_fedavg,correlated_sybil,18,4,6,3,0.6,1.0,3001,1.9910659,0.022501327
dsscoll_fedavg,correlated_sybil,19,4,6,3,0.6,1.0,3001,2.9144475,0.0329366
dsscoll_fedavg,correlated_sybil,0,4,6,3,0.6,1.0,4001,50.647602,0.59987545
dsscoll_fedavg,correlated_sybil,1,4,6,3,0.6,1.0,4001,8.217824,0.09733275
dsscoll_fedavg,correlated_sybil,2,4,6,3,0.6,1.0,4001,5.286562,0.06261459
dsscoll_fedavg,correlated_sybil,3,4,6,3,0.6,1.0,4001,4.855703,0.057511445
dsscoll_fedavg,correlated_sybil,4,4,6,3,0.6,1.0,4001,4.439186,0.052578177
dsscoll_fedavg,correlated_sybil,5,4,6,3,0.6,1.0,4001,2.0929086,0.024788626
dsscoll_fedavg,correlated_sybil,6,4,6,3,0.6,1.0,4001,1.691383,0.020032914
dsscoll_fedavg,correlated_sybil,7,4,6,3,0.6,1.0,4001,1.8369476,0.021756997
dsscoll_fedavg,correlated_sybil,8,4,6,3,0.6,1.0,4001,4.617032,0.054684605
dsscoll_fedavg,correlated_sybil,9,4,6,3,0.6,1.0,4001,3.8223803,0.045272667
dsscoll_fedavg,correlated_sybil,10,4,6,3,0.6,1.0,4001,4.995244,0.059164185
dsscoll_fedavg,correlated_sybil,11,4,6,3,0.6,1.0,4001,6.574323,0.077866964
dsscoll_fedavg,correlated_sybil,12,4,6,3,0.6,1.0,4001,8.786171,0.104064316
dsscoll_fedavg,correlated_sybil,13,4,6,3,0.6,1.0,4001,5.3649573,0.06354311
dsscoll_fedavg,correlated_sybil,14,4,6,3,0.6,1.0,4001,3.366293,0.03987072
dsscoll_fedavg,correlated_sybil,15,4,6,3,0.6,1.0,4001,2.476739,0.029334752
dsscoll_fedavg,correlated_sybil,16,4,6,3,0.6,1.0,4001,1.766899,0.020927334
dsscoll_fedavg,correlated_sybil,17,4,6,3,0.6,1.0,4001,1.6260182,0.019258726
dsscoll_fedavg,correlated_sybil,18,4,6,3,0.6,1.0,4001,3.8312461,0.045377675
dsscoll_fedavg,correlated_sybil,19,4,6,3,0.6,1.0,4001,2.7089407,0.032084975
flanders_fedavg,correlated_sybil,0,4,6,3,0.6,1.0,1,47.80214,0.60033953
flanders_fedavg,correlated_sybil,1,4,6,3,0.6,1.0,1,55.80199,0.7008084
flanders_fedavg,correlated_sybil,2,4,6,3,0.6,1.0,1,68.22613,0.85684115
flanders_fedavg,correlated_sybil,3,4,6,3,0.6,1.0,1,68.26072,0.8572756
flanders_fedavg,correlated_sybil,4,4,6,3,0.6,1.0,1,68.31744,0.8579879
flanders_fedavg,correlated_sybil,5,4,6,3,0.6,1.0,1,68.32178,0.8580424
flanders_fedavg,correlated_sybil,6,4,6,3,0.6,1.0,1,68.260284,0.8572701
flanders_fedavg,correlated_sybil,7,4,6,3,0.6,1.0,1,68.27012,0.8573936
flanders_fedavg,correlated_sybil,8,4,6,3,0.6,1.0,1,68.286125,0.85759467
flanders_fedavg,correlated_sybil,9,4,6,3,0.6,1.0,1,68.177734,0.8562334
flanders_fedavg,correlated_sybil,10,4,6,3,0.6,1.0,1,68.27434,0.8574466
flanders_fedavg,correlated_sybil,11,4,6,3,0.6,1.0,1,68.24264,0.8570485
flanders_fedavg,correlated_sybil,12,4,6,3,0.6,1.0,1,68.24398,0.8570654
flanders_fedavg,correlated_sybil,13,4,6,3,0.6,1.0,1,68.28586,0.85759133
flanders_fedavg,correlated_sybil,14,4,6,3,0.6,1.0,1,68.21756,0.85673356
flanders_fedavg,correlated_sybil,15,4,6,3,0.6,1.0,1,68.26694,0.8573537
flanders_fedavg,correlated_sybil,16,4,6,3,0.6,1.0,1,68.272736,0.8574265
flanders_fedavg,correlated_sybil,17,4,6,3,0.6,1.0,1,68.27446,0.85744816
flanders_fedavg,correlated_sybil,18,4,6,3,0.6,1.0,1,68.30272,0.85780305
flanders_fedavg,correlated_sybil,19,4,6,3,0.6,1.0,1,68.209335,0.85663027
flanders_fedavg,correlated_sybil,0,4,6,3,0.6,1.0,1001,49.372643,0.60034883
flanders_fedavg,correlated_sybil,1,4,6,3,0.6,1.0,1001,70.52674,0.85757303
flanders_fedavg,correlated_sybil,2,4,6,3,0.6,1.0,1001,70.4853,0.85706913
flanders_fedavg,correlated_sybil,3,4,6,3,0.6,1.0,1001,70.46232,0.8567897
flanders_fedavg,correlated_sybil,4,4,6,3,0.6,1.0,1001,70.43518,0.85645974
flanders_fedavg,correlated_sybil,5,4,6,3,0.6,1.0,1001,70.5093,0.85736096
flanders_fedavg,correlated_sybil,6,4,6,3,0.6,1.0,1001,70.42456,0.8563306
flanders_fedavg,correlated_sybil,7,4,6,3,0.6,1.0,1001,70.49467,0.85718304
flanders_fedavg,correlated_sybil,8,4,6,3,0.6,1.0,1001,70.56678,0.85805994
flanders_fedavg,correlated_sybil,9,4,6,3,0.6,1.0,1001,70.54517,0.8577972
flanders_fedavg,correlated_sybil,10,4,6,3,0.6,1.0,1001,70.50049,0.85725385
flanders_fedavg,correlated_sybil,11,4,6,3,0.6,1.0,1001,70.45716,0.856727
flanders_fedavg,correlated_sybil,12,4,6,3,0.6,1.0,1001,70.48379,0.8570508
flanders_fedavg,correlated_sybil,13,4,6,3,0.6,1.0,1001,70.528656,0.85759634
flanders_fedavg,correlated_sybil,14,4,6,3,0.6,1.0,1001,70.49188,0.8571492
flanders_fedavg,correlated_sybil,15,4,6,3,0.6,1.0,1001,70.46294,0.8567972
flanders_fedavg,correlated_sybil,16,4,6,3,0.6,1.0,1001,70.52912,0.857602
flanders_fedavg,correlated_sybil,17,4,6,3,0.6,1.0,1001,70.51278,0.8574033
flanders_fedavg,correlated_sybil,18,4,6,3,0.6,1.0,1001,70.46349,0.856804
flanders_fedavg,correlated_sybil,19,4,6,3,0.6,1.0,1001,70.50522,0.85731137
flanders_fedavg,correlated_sybil,0,4,6,3,0.6,1.0,2001,51.400917,0.5995474
flanders_fedavg,correlated_sybil,1,4,6,3,0.6,1.0,2001,73.45724,0.8568154
flanders_fedavg,correlated_sybil,2,4,6,3,0.6,1.0,2001,73.48906,0.85718656
flanders_fedavg,correlated_sybil,3,4,6,3,0.6,1.0,2001,73.402145,0.8561728
flanders_fedavg,correlated_sybil,4,4,6,3,0.6,1.0,2001,73.45247,0.8567598
flanders_fedavg,correlated_sybil,5,4,6,3,0.6,1.0,2001,73.456665,0.8568087
flanders_fedavg,correlated_sybil,6,4,6,3,0.6,1.0,2001,73.58497,0.8583053
flanders_fedavg,correlated_sybil,7,4,6,3,0.6,1.0,2001,73.45239,0.8567589
flanders_fedavg,correlated_sybil,8,4,6,3,0.6,1.0,2001,73.53762,0.857753
flanders_fedavg,correlated_sybil,9,4,6,3,0.6,1.0,2001,73.556175,0.8579694
flanders_fedavg,correlated_sybil,10,4,6,3,0.6,1.0,2001,73.50156,0.85733235
flanders_fedavg,correlated_sybil,11,4,6,3,0.6,1.0,2001,73.47455,0.8570173
flanders_fedavg,correlated_sybil,12,4,6,3,0.6,1.0,2001,73.50244,0.85734266
flanders_fedavg,correlated_sybil,13,4,6,3,0.6,1.0,2001,73.466736,0.8569262
flanders_fedavg,correlated_sybil,14,4,6,3,0.6,1.0,2001,73.460304,0.85685116
flanders_fedavg,correlated_sybil,15,4,6,3,0.6,1.0,2001,73.4685,0.8569467
flanders_fedavg,correlated_sybil,16,4,6,3,0.6,1.0,2001,73.4988,0.8573002
flanders_fedavg,correlated_sybil,17,4,6,3,0.6,1.0,2001,73.47793,0.85705674
flanders_fedavg,correlated_sybil,18,4,6,3,0.6,1.0,2001,73.43897,0.8566024
flanders_fedavg,correlated_sybil,19,4,6,3,0.6,1.0,2001,73.51454,0.8574838
flanders_fedavg,correlated_sybil,0,4,6,3,0.6,1.0,3001,53.09369,0.6000196
flanders_fedavg,correlated_sybil,1,4,6,3,0.6,1.0,3001,75.92594,0.8580502
flanders_fedavg,correlated_sybil,2,4,6,3,0.6,1.0,3001,75.8543,0.8572406
flanders_fedavg,correlated_sybil,3,4,6,3,0.6,1.0,3001,75.81516,0.8567983
flanders_fedavg,correlated_sybil,4,4,6,3,0.6,1.0,3001,75.86455,0.85735637
flanders_fedavg,correlated_sybil,5,4,6,3,0.6,1.0,3001,75.840614,0.85708594
flanders_fedavg,correlated_sybil,6,4,6,3,0.6,1.0,3001,75.839386,0.85707206
flanders_fedavg,correlated_sybil,7,4,6,3,0.6,1.0,3001,75.81105,0.8567518
flanders_fedavg,correlated_sybil,8,4,6,3,0.6,1.0,3001,75.85399,0.85723704
flanders_fedavg,correlated_sybil,9,4,6,3,0.6,1.0,3001,75.81644,0.85681266
flanders_fedavg,correlated_sybil,10,4,6,3,0.6,1.0,3001,75.89609,0.8577128
flanders_fedavg,correlated_sybil,11,4,6,3,0.6,1.0,3001,75.79657,0.8565882
flanders_fedavg,correlated_sybil,12,4,6,3,0.6,1.0,3001,75.87811,0.8575097
flanders_fedavg,correlated_sybil,13,4,6,3,0.6,1.0,3001,75.7862,0.856471
flanders_fedavg,correlated_sybil,14,4,6,3,0.6,1.0,3001,75.81481,0.8567943
flanders_fedavg,correlated_sybil,15,4,6,3,0.6,1.0,3001,75.81864,0.8568376
flanders_fedavg,correlated_sybil,16,4,6,3,0.6,1.0,3001,75.91416,0.8579171
flanders_fedavg,correlated_sybil,17,4,6,3,0.6,1.0,3001,75.81009,0.85674095
flanders_fedavg,correlated_sybil,18,4,6,3,0.6,1.0,3001,75.86478,0.857359
flanders_fedavg,correlated_sybil,19,4,6,3,0.6,1.0,3001,75.85437,0.8572414
flanders_fedavg,correlated_sybil,0,4,6,3,0.6,1.0,4001,50.647602,0.59987545
flanders_fedavg,correlated_sybil,1,4,6,3,0.6,1.0,4001,57.935333,0.6861921
flanders_fedavg,correlated_sybil,2,4,6,3,0.6,1.0,4001,72.41032,0.85763526
flanders_fedavg,correlated_sybil,3,4,6,3,0.6,1.0,4001,72.336914,0.85676587
flanders_fedavg,correlated_sybil,4,4,6,3,0.6,1.0,4001,72.36297,0.8570745
flanders_fedavg,correlated_sybil,5,4,6,3,0.6,1.0,4001,72.339935,0.8568017
flanders_fedavg,correlated_sybil,6,4,6,3,0.6,1.0,4001,72.34439,0.85685444
flanders_fedavg,correlated_sybil,7,4,6,3,0.6,1.0,4001,72.399994,0.857513
flanders_fedavg,correlated_sybil,8,4,6,3,0.6,1.0,4001,72.40993,0.85763067
flanders_fedavg,correlated_sybil,9,4,6,3,0.6,1.0,4001,72.39327,0.8574334
flanders_fedavg,correlated_sybil,10,4,6,3,0.6,1.0,4001,72.35758,0.85701066
flanders_fedavg,correlated_sybil,11,4,6,3,0.6,1.0,4001,72.39179,0.85741585
flanders_fedavg,correlated_sybil,12,4,6,3,0.6,1.0,4001,72.34177,0.8568234
flanders_fedavg,correlated_sybil,13,4,6,3,0.6,1.0,4001,72.32427,0.85661614
flanders_fedavg,correlated_sybil,14,4,6,3,0.6,1.0,4001,72.34634,0.8568775
flanders_fedavg,correlated_sybil,15,4,6,3,0.6,1.0,4001,72.365585,0.8571055
flanders_fedavg,correlated_sybil,16,4,6,3,0.6,1.0,4001,72.326904,0.8566473
flanders_fedavg,correlated_sybil,17,4,6,3,0.6,1.0,4001,72.36994,0.85715705
flanders_fedavg,correlated_sybil,18,4,6,3,0.6,1.0,4001,72.37282,0.85719115
flanders_fedavg,correlated_sybil,19,4,6,3,0.6,1.0,4001,72.38477,0.85733277
foolsgold,correlated_sybil,0,4,6,3,0.6,1.0,1,7.96549,0.10003733
foolsgold,correlated_sybil,1,4,6,3,0.6,1.0,1,7.939658,0.099712916
foolsgold,correlated_sybil,2,4,6,3,0.6,1.0,1,7.939658,0.099712916
foolsgold,correlated_sybil,3,4,6,3,0.6,1.0,1,7.939658,0.099712916
foolsgold,correlated_sybil,4,4,6,3,0.6,1.0,1,7.939658,0.099712916
foolsgold,correlated_sybil,5,4,6,3,0.6,1.0,1,7.939658,0.099712916
foolsgold,correlated_sybil,6,4,6,3,0.6,1.0,1,7.939658,0.099712916
foolsgold,correlated_sybil,7,4,6,3,0.6,1.0,1,7.939658,0.099712916
foolsgold,correlated_sybil,8,4,6,3,0.6,1.0,1,7.939658,0.099712916
foolsgold,correlated_sybil,9,4,6,3,0.6,1.0,1,7.939658,0.099712916
foolsgold,correlated_sybil,10,4,6,3,0.6,1.0,1,7.939658,0.099712916
foolsgold,correlated_sybil,11,4,6,3,0.6,1.0,1,7.939658,0.099712916
foolsgold,correlated_sybil,12,4,6,3,0.6,1.0,1,7.939658,0.099712916
foolsgold,correlated_sybil,13,4,6,3,0.6,1.0,1,7.939658,0.099712916
foolsgold,correlated_sybil,14,4,6,3,0.6,1.0,1,7.939658,0.099712916
foolsgold,correlated_sybil,15,4,6,3,0.6,1.0,1,7.939658,0.099712916
foolsgold,correlated_sybil,16,4,6,3,0.6,1.0,1,7.939658,0.099712916
foolsgold,correlated_sybil,17,4,6,3,0.6,1.0,1,7.939658,0.099712916
foolsgold,correlated_sybil,18,4,6,3,0.6,1.0,1,7.939658,0.099712916
foolsgold,correlated_sybil,19,4,6,3,0.6,1.0,1,7.939658,0.099712916
foolsgold,correlated_sybil,0,4,6,3,0.6,1.0,1001,6.4585743,0.07853332
foolsgold,correlated_sybil,1,4,6,3,0.6,1.0,1001,6.5471196,0.07960999
foolsgold,correlated_sybil,2,4,6,3,0.6,1.0,1001,5.910145,0.07186467
foolsgold,correlated_sybil,3,4,6,3,0.6,1.0,1001,3.9421318,0.04793453
foolsgold,correlated_sybil,4,4,6,3,0.6,1.0,1001,6.5834064,0.08005123
foolsgold,correlated_sybil,5,4,6,3,0.6,1.0,1001,6.4585743,0.07853332
foolsgold,correlated_sybil,6,4,6,3,0.6,1.0,1001,6.4585743,0.07853332
foolsgold,correlated_sybil,7,4,6,3,0.6,1.0,1001,6.4585743,0.07853332
foolsgold,correlated_sybil,8,4,6,3,0.6,1.0,1001,6.4585743,0.07853332
foolsgold,correlated_sybil,9,4,6,3,0.6,1.0,1001,6.4585743,0.07853332
foolsgold,correlated_sybil,10,4,6,3,0.6,1.0,1001,6.4585743,0.07853332
foolsgold,correlated_sybil,11,4,6,3,0.6,1.0,1001,6.4585743,0.07853332
foolsgold,correlated_sybil,12,4,6,3,0.6,1.0,1001,6.4585743,0.07853332
foolsgold,correlated_sybil,13,4,6,3,0.6,1.0,1001,6.4585743,0.07853332
foolsgold,correlated_sybil,14,4,6,3,0.6,1.0,1001,6.4585743,0.07853332
foolsgold,correlated_sybil,15,4,6,3,0.6,1.0,1001,6.4585743,0.07853332
foolsgold,correlated_sybil,16,4,6,3,0.6,1.0,1001,6.4585743,0.07853332
foolsgold,correlated_sybil,17,4,6,3,0.6,1.0,1001,6.4585743,0.07853332
foolsgold,correlated_sybil,18,4,6,3,0.6,1.0,1001,6.4585743,0.07853332
foolsgold,correlated_sybil,19,4,6,3,0.6,1.0,1001,6.4585743,0.07853332
foolsgold,correlated_sybil,0,4,6,3,0.6,1.0,2001,1.6048558,0.01871926
foolsgold,correlated_sybil,1,4,6,3,0.6,1.0,2001,15.385069,0.17945357
foolsgold,correlated_sybil,2,4,6,3,0.6,1.0,2001,7.7873993,0.09083331
foolsgold,correlated_sybil,3,4,6,3,0.6,1.0,2001,7.47988,0.08724635
foolsgold,correlated_sybil,4,4,6,3,0.6,1.0,2001,24.772285,0.28894737
foolsgold,correlated_sybil,5,4,6,3,0.6,1.0,2001,14.469384,0.1687729
foolsgold,correlated_sybil,6,4,6,3,0.6,1.0,2001,16.1263,0.1880994
foolsgold,correlated_sybil,7,4,6,3,0.6,1.0,2001,15.462887,0.18036126
foolsgold,correlated_sybil,8,4,6,3,0.6,1.0,2001,12.511848,0.14593993
foolsgold,correlated_sybil,9,4,6,3,0.6,1.0,2001,13.632807,0.15901494
foolsgold,correlated_sybil,10,4,6,3,0.6,1.0,2001,13.452342,0.15690999
foolsgold,correlated_sybil,11,4,6,3,0.6,1.0,2001,15.000685,0.17497006
foolsgold,correlated_sybil,12,4,6,3,0.6,1.0,2001,14.538334,0.16957714
foolsgold,correlated_sybil,13,4,6,3,0.6,1.0,2001,13.461733,0.15701951
foolsgold,correlated_sybil,14,4,6,3,0.6,1.0,2001,13.337847,0.15557449
foolsgold,correlated_sybil,15,4,6,3,0.6,1.0,2001,12.729247,0.1484757
foolsgold,correlated_sybil,16,4,6,3,0.6,1.0,2001,14.48764,0.16898584
foolsgold,correlated_sybil,17,4,6,3,0.6,1.0,2001,13.124479,0.15308574
foolsgold,correlated_sybil,18,4,6,3,0.6,1.0,2001,13.452664,0.15691374
foolsgold,correlated_sybil,19,4,6,3,0.6,1.0,2001,14.3143425,0.16696447
foolsgold,correlated_sybil,0,4,6,3,0.6,1.0,3001,7.681637,0.086811304
foolsgold,correlated_sybil,1,4,6,3,0.6,1.0,3001,7.378198,0.0833821
foolsgold,correlated_sybil,2,4,6,3,0.6,1.0,3001,5.2198644,0.058990452
foolsgold,correlated_sybil,3,4,6,3,0.6,1.0,3001,6.1810246,0.069852665
foolsgold,correlated_sybil,4,4,6,3,0.6,1.0,3001,5.2198644,0.058990452
foolsgold,correlated_sybil,5,4,6,3,0.6,1.0,3001,7.3137403,0.08265365
foolsgold,correlated_sybil,6,4,6,3,0.6,1.0,3001,6.976939,0.078847416
foolsgold,correlated_sybil,7,4,6,3,0.6,1.0,3001,6.5068574,0.07353495
foolsgold,correlated_sybil,8,4,6,3,0.6,1.0,3001,7.8469496,0.08867953
foolsgold,correlated_sybil,9,4,6,3,0.6,1.0,3001,5.2198644,0.058990452
foolsgold,correlated_sybil,10,4,6,3,0.6,1.0,3001,5.2198644,0.058990452
foolsgold,correlated_sybil,11,4,6,3,0.6,1.0,3001,9.029311,0.10204157
foolsgold,correlated_sybil,12,4,6,3,0.6,1.0,3001,12.089139,0.13662113
foolsgold,correlated_sybil,13,4,6,3,0.6,1.0,3001,14.163502,0.16006382
foolsgold,correlated_sybil,14,4,6,3,0.6,1.0,3001,8.653098,0.09778993
foolsgold,correlated_sybil,15,4,6,3,0.6,1.0,3001,7.8849726,0.089109235
foolsgold,correlated_sybil,16,4,6,3,0.6,1.0,3001,10.499901,0.11866092
foolsgold,correlated_sybil,17,4,6,3,0.6,1.0,3001,10.636845,0.12020854
foolsgold,correlated_sybil,18,4,6,3,0.6,1.0,3001,10.979935,0.12408585
foolsgold,correlated_sybil,19,4,6,3,0.6,1.0,3001,9.53899,0.10780153
foolsgold,correlated_sybil,0,4,6,3,0.6,1.0,4001,13.916409,0.16482738
foolsgold,correlated_sybil,1,4,6,3,0.6,1.0,4001,21.6962,0.25697201
foolsgold,correlated_sybil,2,4,6,3,0.6,1.0,4001,0.90255433,0.010689947
foolsgold,correlated_sybil,3,4,6,3,0.6,1.0,4001,10.215104,0.12098875
foolsgold,correlated_sybil,4,4,6,3,0.6,1.0,4001,9.200232,0.1089685
foolsgold,correlated_sybil,5,4,6,3,0.6,1.0,4001,17.661427,0.20918377
foolsgold,correlated_sybil,6,4,6,3,0.6,1.0,4001,9.962562,0.11799761
foolsgold,correlated_sybil,7,4,6,3,0.6,1.0,4001,8.894007,0.10534153
foolsgold,correlated_sybil,8,4,6,3,0.6,1.0,4001,8.894007,0.10534153
foolsgold,correlated_sybil,9,4,6,3,0.6,1.0,4001,8.894007,0.10534153
foolsgold,correlated_sybil,10,4,6,3,0.6,1.0,4001,8.894007,0.10534153
foolsgold,correlated_sybil,11,4,6,3,0.6,1.0,4001,10.542785,0.12486983
foolsgold,correlated_sybil,12,4,6,3,0.6,1.0,4001,16.318462,0.19327755
foolsgold,correlated_sybil,13,4,6,3,0.6,1.0,4001,13.45672,0.15938279
foolsgold,correlated_sybil,14,4,6,3,0.6,1.0,4001,16.318462,0.19327755
foolsgold,correlated_sybil,15,4,6,3,0.6,1.0,4001,16.318462,0.19327755
foolsgold,correlated_sybil,16,4,6,3,0.6,1.0,4001,16.318462,0.19327755
foolsgold,correlated_sybil,17,4,6,3,0.6,1.0,4001,16.318462,0.19327755
foolsgold,correlated_sybil,18,4,6,3,0.6,1.0,4001,16.318462,0.19327755
foolsgold,correlated_sybil,19,4,6,3,0.6,1.0,4001,16.318462,0.19327755
fedavg,correlated_sybil,0,2,8,3,0.8,1.0,1,65.3132,0.800603
fedavg,correlated_sybil,1,2,8,3,0.8,1.0,1,65.18337,0.7990115
fedavg,correlated_sybil,2,2,8,3,0.8,1.0,1,65.214935,0.7993984
fedavg,correlated_sybil,3,2,8,3,0.8,1.0,1,65.31985,0.8006844
fedavg,correlated_sybil,4,2,8,3,0.8,1.0,1,65.25745,0.7999195
fedavg,correlated_sybil,5,2,8,3,0.8,1.0,1,65.30181,0.8004633
fedavg,correlated_sybil,6,2,8,3,0.8,1.0,1,65.230705,0.7995917
fedavg,correlated_sybil,7,2,8,3,0.8,1.0,1,65.25558,0.7998966
fedavg,correlated_sybil,8,2,8,3,0.8,1.0,1,65.29418,0.8003698
fedavg,correlated_sybil,9,2,8,3,0.8,1.0,1,65.19662,0.79917383
fedavg,correlated_sybil,10,2,8,3,0.8,1.0,1,65.28159,0.8002155
fedavg,correlated_sybil,11,2,8,3,0.8,1.0,1,65.32594,0.80075914
fedavg,correlated_sybil,12,2,8,3,0.8,1.0,1,65.26134,0.79996717
fedavg,correlated_sybil,13,2,8,3,0.8,1.0,1,65.25131,0.7998443
fedavg,correlated_sybil,14,2,8,3,0.8,1.0,1,65.30287,0.8004763
fedavg,correlated_sybil,15,2,8,3,0.8,1.0,1,65.2576,0.7999214
fedavg,correlated_sybil,16,2,8,3,0.8,1.0,1,65.29788,0.80041516
fedavg,correlated_sybil,17,2,8,3,0.8,1.0,1,65.28347,0.8002385
fedavg,correlated_sybil,18,2,8,3,0.8,1.0,1,65.22621,0.79953665
fedavg,correlated_sybil,19,2,8,3,0.8,1.0,1,65.28525,0.8002603
fedavg,correlated_sybil,0,2,8,3,0.8,1.0,1001,65.44889,0.8002848
fedavg,correlated_sybil,1,2,8,3,0.8,1.0,1001,65.46135,0.80043715
fedavg,correlated_sybil,2,2,8,3,0.8,1.0,1001,65.41489,0.799869
fedavg,correlated_sybil,3,2,8,3,0.8,1.0,1001,65.46724,0.80050915
fedavg,correlated_sybil,4,2,8,3,0.8,1.0,1001,65.33362,0.79887533
fedavg,correlated_sybil,5,2,8,3,0.8,1.0,1001,65.48877,0.8007724
fedavg,correlated_sybil,6,2,8,3,0.8,1.0,1001,65.4677,0.80051476
fedavg,correlated_sybil,7,2,8,3,0.8,1.0,1001,65.3016,0.7984838
fedavg,correlated_sybil,8,2,8,3,0.8,1.0,1001,65.40772,0.79978144
fedavg,correlated_sybil,9,2,8,3,0.8,1.0,1001,65.46908,0.8005317
fedavg,correlated_sybil,10,2,8,3,0.8,1.0,1001,65.40996,0.79980874
fedavg,correlated_sybil,11,2,8,3,0.8,1.0,1001,65.433525,0.8000969
fedavg,correlated_sybil,12,2,8,3,0.8,1.0,1001,65.43829,0.8001552
fedavg,correlated_sybil,13,2,8,3,0.8,1.0,1001,65.41268,0.79984206
fedavg,correlated_sybil,14,2,8,3,0.8,1.0,1001,65.45284,0.80033314
fedavg,correlated_sybil,15,2,8,3,0.8,1.0,1001,65.40432,0.79973984
fedavg,correlated_sybil,16,2,8,3,0.8,1.0,1001,65.428215,0.800032
fedavg,correlated_sybil,17,2,8,3,0.8,1.0,1001,65.47893,0.8006521
fedavg,correlated_sybil,18,2,8,3,0.8,1.0,1001,65.49525,0.80085164
fedavg,correlated_sybil,19,2,8,3,0.8,1.0,1001,65.51943,0.80114734
fedavg,correlated_sybil,0,2,8,3,0.8,1.0,2001,66.55005,0.7998462
fedavg,correlated_sybil,1,2,8,3,0.8,1.0,2001,66.50934,0.7993569
fedavg,correlated_sybil,2,2,8,3,0.8,1.0,2001,66.494804,0.7991822
fedavg,correlated_sybil,3,2,8,3,0.8,1.0,2001,66.52561,0.7995525
fedavg,correlated_sybil,4,2,8,3,0.8,1.0,2001,66.593285,0.8003658
fedavg,correlated_sybil,5,2,8,3,0.8,1.0,2001,66.55289,0.79988027
fedavg,correlated_sybil,6,2,8,3,0.8,1.0,2001,66.596405,0.8004033
fedavg,correlated_sybil,7,2,8,3,0.8,1.0,2001,66.59034,0.8003304
fedavg,correlated_sybil,8,2,8,3,0.8,1.0,2001,66.6065,0.80052465
fedavg,correlated_sybil,9,2,8,3,0.8,1.0,2001,66.55914,0.7999555
fedavg,correlated_sybil,10,2,8,3,0.8,1.0,2001,66.559074,0.79995465
fedavg,correlated_sybil,11,2,8,3,0.8,1.0,2001,66.528915,0.7995922
fedavg,correlated_sybil,12,2,8,3,0.8,1.0,2001,66.581055,0.8002188
fedavg,correlated_sybil,13,2,8,3,0.8,1.0,2001,66.607346,0.8005348
fedavg,correlated_sybil,14,2,8,3,0.8,1.0,2001,66.51774,0.79945785
fedavg,correlated_sybil,15,2,8,3,0.8,1.0,2001,66.602295,0.8004741
fedavg,correlated_sybil,16,2,8,3,0.8,1.0,2001,66.54381,0.7997712
fedavg,correlated_sybil,17,2,8,3,0.8,1.0,2001,66.70425,0.80169946
fedavg,correlated_sybil,18,2,8,3,0.8,1.0,2001,66.550735,0.7998544
fedavg,correlated_sybil,19,2,8,3,0.8,1.0,2001,66.59303,0.80036277
fedavg,correlated_sybil,0,2,8,3,0.8,1.0,3001,70.44059,0.8000834
fedavg,correlated_sybil,1,2,8,3,0.8,1.0,3001,70.436745,0.80003977
fedavg,correlated_sybil,2,2,8,3,0.8,1.0,3001,70.454124,0.8002371
fedavg,correlated_sybil,3,2,8,3,0.8,1.0,3001,70.40057,0.7996289
fedavg,correlated_sybil,4,2,8,3,0.8,1.0,3001,70.42984,0.7999613
fedavg,correlated_sybil,5,2,8,3,0.8,1.0,3001,70.42578,0.7999152
fedavg,correlated_sybil,6,2,8,3,0.8,1.0,3001,70.4021,0.79964626
fedavg,correlated_sybil,7,2,8,3,0.8,1.0,3001,70.44877,0.8001763
fedavg,correlated_sybil,8,2,8,3,0.8,1.0,3001,70.42936,0.79995584
fedavg,correlated_sybil,9,2,8,3,0.8,1.0,3001,70.41042,0.7997408
fedavg,correlated_sybil,10,2,8,3,0.8,1.0,3001,70.45539,0.80025154
fedavg,correlated_sybil,11,2,8,3,0.8,1.0,3001,70.344925,0.7989968
fedavg,correlated_sybil,12,2,8,3,0.8,1.0,3001,70.42625,0.7999205
fedavg,correlated_sybil,13,2,8,3,0.8,1.0,3001,70.424324,0.7998987
fedavg,correlated_sybil,14,2,8,3,0.8,1.0,3001,70.39949,0.7996166
fedavg,correlated_sybil,15,2,8,3,0.8,1.0,3001,70.35627,0.7991257
fedavg,correlated_sybil,16,2,8,3,0.8,1.0,3001,70.46201,0.80032676
fedavg,correlated_sybil,17,2,8,3,0.8,1.0,3001,70.49739,0.80072856
fedavg,correlated_sybil,18,2,8,3,0.8,1.0,3001,70.45505,0.8002476
fedavg,correlated_sybil,19,2,8,3,0.8,1.0,3001,70.43052,0.799969
fedavg,correlated_sybil,0,2,8,3,0.8,1.0,4001,65.5308,0.8003362
fedavg,correlated_sybil,1,2,8,3,0.8,1.0,4001,65.51047,0.80008787
fedavg,correlated_sybil,2,2,8,3,0.8,1.0,4001,65.52141,0.8002215
fedavg,correlated_sybil,3,2,8,3,0.8,1.0,4001,65.54072,0.80045736
fedavg,correlated_sybil,4,2,8,3,0.8,1.0,4001,65.51823,0.80018264
fedavg,correlated_sybil,5,2,8,3,0.8,1.0,4001,65.52261,0.8002362
fedavg,correlated_sybil,6,2,8,3,0.8,1.0,4001,65.496216,0.7999138
fedavg,correlated_sybil,7,2,8,3,0.8,1.0,4001,65.52158,0.80022365
fedavg,correlated_sybil,8,2,8,3,0.8,1.0,4001,65.56845,0.80079603
fedavg,correlated_sybil,9,2,8,3,0.8,1.0,4001,65.508865,0.8000683
fedavg,correlated_sybil,10,2,8,3,0.8,1.0,4001,65.49607,0.79991204
fedavg,correlated_sybil,11,2,8,3,0.8,1.0,4001,65.51779,0.80017734
fedavg,correlated_sybil,12,2,8,3,0.8,1.0,4001,65.507355,0.80004984
fedavg,correlated_sybil,13,2,8,3,0.8,1.0,4001,65.49749,0.7999294
fedavg,correlated_sybil,14,2,8,3,0.8,1.0,4001,65.533035,0.8003635
fedavg,correlated_sybil,15,2,8,3,0.8,1.0,4001,65.467125,0.7995585
fedavg,correlated_sybil,16,2,8,3,0.8,1.0,4001,65.46607,0.7995457
fedavg,correlated_sybil,17,2,8,3,0.8,1.0,4001,65.497314,0.79992723
fedavg,correlated_sybil,18,2,8,3,0.8,1.0,4001,65.47588,0.7996655
fedavg,correlated_sybil,19,2,8,3,0.8,1.0,4001,65.46607,0.7995457
krum,correlated_sybil,0,2,8,3,0.8,1.0,1,0.54764664,0.0067129997
krum,correlated_sybil,1,2,8,3,0.8,1.0,1,0.66099375,0.008102397
krum,correlated_sybil,2,2,8,3,0.8,1.0,1,0.3278134,0.004018305
krum,correlated_sybil,3,2,8,3,0.8,1.0,1,0.09293683,0.0011392107
krum,correlated_sybil,4,2,8,3,0.8,1.0,1,0.3633399,0.0044537857
krum,correlated_sybil,5,2,8,3,0.8,1.0,1,0.5811892,0.0071241613
krum,correlated_sybil,6,2,8,3,0.8,1.0,1,0.41651115,0.0051055537
krum,correlated_sybil,7,2,8,3,0.8,1.0,1,0.31431276,0.0038528156
krum,correlated_sybil,8,2,8,3,0.8,1.0,1,0.32222426,0.003949794
krum,correlated_sybil,9,2,8,3,0.8,1.0,1,0.29907483,0.0036660305
krum,correlated_sybil,10,2,8,3,0.8,1.0,1,0.4504773,0.0055219075
krum,correlated_sybil,11,2,8,3,0.8,1.0,1,0.56061465,0.0068719606
krum,correlated_sybil,12,2,8,3,0.8,1.0,1,0.25210127,0.003090233
krum,correlated_sybil,13,2,8,3,0.8,1.0,1,0.3415129,0.004186232
krum,correlated_sybil,14,2,8,3,0.8,1.0,1,0.2785409,0.0034143277
krum,correlated_sybil,15,2,8,3,0.8,1.0,1,0.832026,0.010198895
krum,correlated_sybil,16,2,8,3,0.8,1.0,1,0.5169002,0.0063361125
krum,correlated_sybil,17,2,8,3,0.8,1.0,1,0.4665731,0.005719208
krum,correlated_sybil,18,2,8,3,0.8,1.0,1,0.6188355,0.007585626
krum,correlated_sybil,19,2,8,3,0.8,1.0,1,0.7389343,0.009057785
krum,correlated_sybil,0,2,8,3,0.8,1.0,1001,0.44833723,0.005482102
krum,correlated_sybil,1,2,8,3,0.8,1.0,1001,0.27051345,0.0033077383
krum,correlated_sybil,2,2,8,3,0.8,1.0,1001,0.8256358,0.010095569
krum,correlated_sybil,3,2,8,3,0.8,1.0,1001,0.7002851,0.008562827
krum,correlated_sybil,4,2,8,3,0.8,1.0,1001,0.57357377,0.0070134476
krum,correlated_sybil,5,2,8,3,0.8,1.0,1001,0.8025002,0.009812675
krum,correlated_sybil,6,2,8,3,0.8,1.0,1001,0.6792147,0.008305186
krum,correlated_sybil,7,2,8,3,0.8,1.0,1001,0.8469449,0.010356129
krum,correlated_sybil,8,2,8,3,0.8,1.0,1001,0.61271596,0.007492064
krum,correlated_sybil,9,2,8,3,0.8,1.0,1001,0.26184466,0.0032017396
krum,correlated_sybil,10,2,8,3,0.8,1.0,1001,0.30652943,0.0037481284
krum,correlated_sybil,11,2,8,3,0.8,1.0,1001,0.3409436,0.0041689323
krum,correlated_sybil,12,2,8,3,0.8,1.0,1001,0.8005673,0.009789041
krum,correlated_sybil,13,2,8,3,0.8,1.0,1001,0.37002152,0.004524486
krum,correlated_sybil,14,2,8,3,0.8,1.0,1001,0.24513789,0.0029974554
krum,correlated_sybil,15,2,8,3,0.8,1.0,1001,0.47327548,0.0057870373
krum,correlated_sybil,16,2,8,3,0.8,1.0,1001,0.32848367,0.004016577
krum,correlated_sybil,17,2,8,3,0.8,1.0,1001,0.4557437,0.0055726655
krum,correlated_sybil,18,2,8,3,0.8,1.0,1001,0.67878586,0.008299942
krum,correlated_sybil,19,2,8,3,0.8,1.0,1001,0.523909,0.006406165
krum,correlated_sybil,0,2,8,3,0.8,1.0,2001,0.9277642,0.011150534
krum,correlated_sybil,1,2,8,3,0.8,1.0,2001,0.74325776,0.008933004
krum,correlated_sybil,2,2,8,3,0.8,1.0,2001,0.63131046,0.0075875414
krum,correlated_sybil,3,2,8,3,0.8,1.0,2001,0.28785127,0.0034596028
krum,correlated_sybil,4,2,8,3,0.8,1.0,2001,0.48941454,0.0058821347
krum,correlated_sybil,5,2,8,3,0.8,1.0,2001,0.296922,0.0035686214
krum,correlated_sybil,6,2,8,3,0.8,1.0,2001,0.42642382,0.005125067
krum,correlated_sybil,7,2,8,3,0.8,1.0,2001,0.5257813,0.006319216
krum,correlated_sybil,8,2,8,3,0.8,1.0,2001,0.06556032,0.0007879509
krum,correlated_sybil,9,2,8,3,0.8,1.0,2001,0.39146966,0.004704963
krum,correlated_sybil,10,2,8,3,0.8,1.0,2001,0.2349113,0.0028233323
krum,correlated_sybil,11,2,8,3,0.8,1.0,2001,0.47246543,0.005678428
krum,correlated_sybil,12,2,8,3,0.8,1.0,2001,0.10289896,0.0012367135
krum,correlated_sybil,13,2,8,3,0.8,1.0,2001,0.34824145,0.0041854153
krum,correlated_sybil,14,2,8,3,0.8,1.0,2001,0.4648586,0.0055870037
krum,correlated_sybil,15,2,8,3,0.8,1.0,2001,0.5782979,0.006950399
krum,correlated_sybil,16,2,8,3,0.8,1.0,2001,0.40509155,0.0048686806
krum,correlated_sybil,17,2,8,3,0.8,1.0,2001,1.1727335,0.014094752
krum,correlated_sybil,18,2,8,3,0.8,1.0,2001,0.22355184,0.0026868063
krum,correlated_sybil,19,2,8,3,0.8,1.0,2001,0.46341237,0.005569622
krum,correlated_sybil,0,2,8,3,0.8,1.0,3001,0.32167372,0.0036536579
krum,correlated_sybil,1,2,8,3,0.8,1.0,3001,0.39238477,0.004456813
krum,correlated_sybil,2,2,8,3,0.8,1.0,3001,0.699899,0.007949644
krum,correlated_sybil,3,2,8,3,0.8,1.0,3001,0.6476637,0.007356341
krum,correlated_sybil,4,2,8,3,0.8,1.0,3001,0.39285412,0.0044621443
krum,correlated_sybil,5,2,8,3,0.8,1.0,3001,0.20347826,0.0023111615
krum,correlated_sybil,6,2,8,3,0.8,1.0,3001,0.52441317,0.0059564277
krum,correlated_sybil,7,2,8,3,0.8,1.0,3001,0.25790557,0.0029293618
krum,correlated_sybil,8,2,8,3,0.8,1.0,3001,0.3427658,0.0038932275
krum,correlated_sybil,9,2,8,3,0.8,1.0,3001,0.9321621,0.010587751
krum,correlated_sybil,10,2,8,3,0.8,1.0,3001,0.3929902,0.00446369
krum,correlated_sybil,11,2,8,3,0.8,1.0,3001,0.7795542,0.008854389
krum,correlated_sybil,12,2,8,3,0.8,1.0,3001,0.6682623,0.0075903055
krum,correlated_sybil,13,2,8,3,0.8,1.0,3001,0.4681472,0.0053173434
krum,correlated_sybil,14,2,8,3,0.8,1.0,3001,0.9209417,0.010460307
krum,correlated_sybil,15,2,8,3,0.8,1.0,3001,0.355309,0.0040356964
krum,correlated_sybil,16,2,8,3,0.8,1.0,3001,0.540739,0.006141861
krum,correlated_sybil,17,2,8,3,0.8,1.0,3001,0.8535704,0.009695085
krum,correlated_sybil,18,2,8,3,0.8,1.0,3001,0.08774578,0.0009966404
krum,correlated_sybil,19,2,8,3,0.8,1.0,3001,0.32685292,0.0037124846
krum,correlated_sybil,0,2,8,3,0.8,1.0,4001,0.46999863,0.0057401545
krum,correlated_sybil,1,2,8,3,0.8,1.0,4001,0.40046573,0.00489094
krum,correlated_sybil,2,2,8,3,0.8,1.0,4001,0.9002042,0.010994311
krum,correlated_sybil,3,2,8,3,0.8,1.0,4001,0.249083,0.0030420832
krum,correlated_sybil,4,2,8,3,0.8,1.0,4001,0.32794526,0.0040052384
krum,correlated_sybil,5,2,8,3,0.8,1.0,4001,0.86358166,0.010547035
krum,correlated_sybil,6,2,8,3,0.8,1.0,4001,0.52573603,0.006420883
krum,correlated_sybil,7,2,8,3,0.8,1.0,4001,0.29652175,0.0036214588
krum,correlated_sybil,8,2,8,3,0.8,1.0,4001,0.43672892,0.0053338273
krum,correlated_sybil,9,2,8,3,0.8,1.0,4001,0.13104376,0.0016004546
krum,correlated_sybil,10,2,8,3,0.8,1.0,4001,0.2690337,0.0032857438
krum,correlated_sybil,11,2,8,3,0.8,1.0,4001,0.20453368,0.0024979964
krum,correlated_sybil,12,2,8,3,0.8,1.0,4001,0.34486982,0.0042119403
krum,correlated_sybil,13,2,8,3,0.8,1.0,4001,0.41563994,0.005076265
krum,correlated_sybil,14,2,8,3,0.8,1.0,4001,0.41831714,0.005108962
krum,correlated_sybil,15,2,8,3,0.8,1.0,4001,0.7910848,0.009661622
krum,correlated_sybil,16,2,8,3,0.8,1.0,4001,0.5725398,0.0069925035
krum,correlated_sybil,17,2,8,3,0.8,1.0,4001,0.35645863,0.0043534758
krum,correlated_sybil,18,2,8,3,0.8,1.0,4001,0.779713,0.009522736
krum,correlated_sybil,19,2,8,3,0.8,1.0,4001,0.31404382,0.003835458
dss_fedavg,correlated_sybil,0,2,8,3,0.8,1.0,1,65.3132,0.800603
dss_fedavg,correlated_sybil,1,2,8,3,0.8,1.0,1,65.18337,0.7990115
dss_fedavg,correlated_sybil,2,2,8,3,0.8,1.0,1,65.214935,0.7993984
dss_fedavg,correlated_sybil,3,2,8,3,0.8,1.0,1,65.31985,0.8006844
dss_fedavg,correlated_sybil,4,2,8,3,0.8,1.0,1,65.25745,0.7999195
dss_fedavg,correlated_sybil,5,2,8,3,0.8,1.0,1,65.30181,0.8004633
dss_fedavg,correlated_sybil,6,2,8,3,0.8,1.0,1,65.230705,0.7995917
dss_fedavg,correlated_sybil,7,2,8,3,0.8,1.0,1,65.25558,0.7998966
dss_fedavg,correlated_sybil,8,2,8,3,0.8,1.0,1,65.29418,0.8003698
dss_fedavg,correlated_sybil,9,2,8,3,0.8,1.0,1,65.19662,0.79917383
dss_fedavg,correlated_sybil,10,2,8,3,0.8,1.0,1,65.28159,0.8002155
dss_fedavg,correlated_sybil,11,2,8,3,0.8,1.0,1,65.32594,0.80075914
dss_fedavg,correlated_sybil,12,2,8,3,0.8,1.0,1,65.26134,0.79996717
dss_fedavg,correlated_sybil,13,2,8,3,0.8,1.0,1,65.25131,0.7998443
dss_fedavg,correlated_sybil,14,2,8,3,0.8,1.0,1,65.30287,0.8004763
dss_fedavg,correlated_sybil,15,2,8,3,0.8,1.0,1,65.2576,0.7999214
dss_fedavg,correlated_sybil,16,2,8,3,0.8,1.0,1,65.29788,0.80041516
dss_fedavg,correlated_sybil,17,2,8,3,0.8,1.0,1,65.28347,0.8002385
dss_fedavg,correlated_sybil,18,2,8,3,0.8,1.0,1,65.22621,0.79953665
dss_fedavg,correlated_sybil,19,2,8,3,0.8,1.0,1,65.28525,0.8002603
dss_fedavg,correlated_sybil,0,2,8,3,0.8,1.0,1001,65.44889,0.8002848
dss_fedavg,correlated_sybil,1,2,8,3,0.8,1.0,1001,65.46135,0.80043715
dss_fedavg,correlated_sybil,2,2,8,3,0.8,1.0,1001,65.41489,0.799869
dss_fedavg,correlated_sybil,3,2,8,3,0.8,1.0,1001,65.46724,0.80050915
dss_fedavg,correlated_sybil,4,2,8,3,0.8,1.0,1001,65.33362,0.79887533
dss_fedavg,correlated_sybil,5,2,8,3,0.8,1.0,1001,65.48877,0.8007724
dss_fedavg,correlated_sybil,6,2,8,3,0.8,1.0,1001,65.4677,0.80051476
dss_fedavg,correlated_sybil,7,2,8,3,0.8,1.0,1001,65.3016,0.7984838
dss_fedavg,correlated_sybil,8,2,8,3,0.8,1.0,1001,65.40772,0.79978144
dss_fedavg,correlated_sybil,9,2,8,3,0.8,1.0,1001,65.46908,0.8005317
dss_fedavg,correlated_sybil,10,2,8,3,0.8,1.0,1001,65.40996,0.79980874
dss_fedavg,correlated_sybil,11,2,8,3,0.8,1.0,1001,65.433525,0.8000969
dss_fedavg,correlated_sybil,12,2,8,3,0.8,1.0,1001,65.43829,0.8001552
dss_fedavg,correlated_sybil,13,2,8,3,0.8,1.0,1001,65.41268,0.79984206
dss_fedavg,correlated_sybil,14,2,8,3,0.8,1.0,1001,65.45284,0.80033314
dss_fedavg,correlated_sybil,15,2,8,3,0.8,1.0,1001,65.40432,0.79973984
dss_fedavg,correlated_sybil,16,2,8,3,0.8,1.0,1001,65.428215,0.800032
dss_fedavg,correlated_sybil,17,2,8,3,0.8,1.0,1001,65.47893,0.8006521
dss_fedavg,correlated_sybil,18,2,8,3,0.8,1.0,1001,65.49525,0.80085164
dss_fedavg,correlated_sybil,19,2,8,3,0.8,1.0,1001,65.51943,0.80114734
dss_fedavg,correlated_sybil,0,2,8,3,0.8,1.0,2001,66.55005,0.7998462
dss_fedavg,correlated_sybil,1,2,8,3,0.8,1.0,2001,66.50934,0.7993569
dss_fedavg,correlated_sybil,2,2,8,3,0.8,1.0,2001,66.494804,0.7991822
dss_fedavg,correlated_sybil,3,2,8,3,0.8,1.0,2001,66.52561,0.7995525
dss_fedavg,correlated_sybil,4,2,8,3,0.8,1.0,2001,66.593285,0.8003658
dss_fedavg,correlated_sybil,5,2,8,3,0.8,1.0,2001,66.55289,0.79988027
dss_fedavg,correlated_sybil,6,2,8,3,0.8,1.0,2001,66.596405,0.8004033
dss_fedavg,correlated_sybil,7,2,8,3,0.8,1.0,2001,66.59034,0.8003304
dss_fedavg,correlated_sybil,8,2,8,3,0.8,1.0,2001,66.6065,0.80052465
dss_fedavg,correlated_sybil,9,2,8,3,0.8,1.0,2001,66.55914,0.7999555
dss_fedavg,correlated_sybil,10,2,8,3,0.8,1.0,2001,66.559074,0.79995465
dss_fedavg,correlated_sybil,11,2,8,3,0.8,1.0,2001,66.528915,0.7995922
dss_fedavg,correlated_sybil,12,2,8,3,0.8,1.0,2001,66.581055,0.8002188
dss_fedavg,correlated_sybil,13,2,8,3,0.8,1.0,2001,66.607346,0.8005348
dss_fedavg,correlated_sybil,14,2,8,3,0.8,1.0,2001,66.51774,0.79945785
dss_fedavg,correlated_sybil,15,2,8,3,0.8,1.0,2001,66.602295,0.8004741
dss_fedavg,correlated_sybil,16,2,8,3,0.8,1.0,2001,66.54381,0.7997712
dss_fedavg,correlated_sybil,17,2,8,3,0.8,1.0,2001,66.70425,0.80169946
dss_fedavg,correlated_sybil,18,2,8,3,0.8,1.0,2001,66.550735,0.7998544
dss_fedavg,correlated_sybil,19,2,8,3,0.8,1.0,2001,66.59303,0.80036277
dss_fedavg,correlated_sybil,0,2,8,3,0.8,1.0,3001,70.44059,0.8000834
dss_fedavg,correlated_sybil,1,2,8,3,0.8,1.0,3001,70.436745,0.80003977
dss_fedavg,correlated_sybil,2,2,8,3,0.8,1.0,3001,70.454124,0.8002371
dss_fedavg,correlated_sybil,3,2,8,3,0.8,1.0,3001,70.40057,0.7996289
dss_fedavg,correlated_sybil,4,2,8,3,0.8,1.0,3001,70.42984,0.7999613
dss_fedavg,correlated_sybil,5,2,8,3,0.8,1.0,3001,70.42578,0.7999152
dss_fedavg,correlated_sybil,6,2,8,3,0.8,1.0,3001,70.4021,0.79964626
dss_fedavg,correlated_sybil,7,2,8,3,0.8,1.0,3001,70.44877,0.8001763
dss_fedavg,correlated_sybil,8,2,8,3,0.8,1.0,3001,70.42936,0.79995584
dss_fedavg,correlated_sybil,9,2,8,3,0.8,1.0,3001,70.41042,0.7997408
dss_fedavg,correlated_sybil,10,2,8,3,0.8,1.0,3001,70.45539,0.80025154
dss_fedavg,correlated_sybil,11,2,8,3,0.8,1.0,3001,70.344925,0.7989968
dss_fedavg,correlated_sybil,12,2,8,3,0.8,1.0,3001,70.42625,0.7999205
dss_fedavg,correlated_sybil,13,2,8,3,0.8,1.0,3001,70.424324,0.7998987
dss_fedavg,correlated_sybil,14,2,8,3,0.8,1.0,3001,70.39949,0.7996166
dss_fedavg,correlated_sybil,15,2,8,3,0.8,1.0,3001,70.35627,0.7991257
dss_fedavg,correlated_sybil,16,2,8,3,0.8,1.0,3001,70.46201,0.80032676
dss_fedavg,correlated_sybil,17,2,8,3,0.8,1.0,3001,70.49739,0.80072856
dss_fedavg,correlated_sybil,18,2,8,3,0.8,1.0,3001,70.45505,0.8002476
dss_fedavg,correlated_sybil,19,2,8,3,0.8,1.0,3001,70.43052,0.799969
dss_fedavg,correlated_sybil,0,2,8,3,0.8,1.0,4001,65.5308,0.8003362
dss_fedavg,correlated_sybil,1,2,8,3,0.8,1.0,4001,65.51047,0.80008787
dss_fedavg,correlated_sybil,2,2,8,3,0.8,1.0,4001,65.52141,0.8002215
dss_fedavg,correlated_sybil,3,2,8,3,0.8,1.0,4001,65.54072,0.80045736
dss_fedavg,correlated_sybil,4,2,8,3,0.8,1.0,4001,65.51823,0.80018264
dss_fedavg,correlated_sybil,5,2,8,3,0.8,1.0,4001,65.52261,0.8002362
dss_fedavg,correlated_sybil,6,2,8,3,0.8,1.0,4001,65.496216,0.7999138
dss_fedavg,correlated_sybil,7,2,8,3,0.8,1.0,4001,65.52158,0.80022365
dss_fedavg,correlated_sybil,8,2,8,3,0.8,1.0,4001,65.56845,0.80079603
dss_fedavg,correlated_sybil,9,2,8,3,0.8,1.0,4001,65.508865,0.8000683
dss_fedavg,correlated_sybil,10,2,8,3,0.8,1.0,4001,65.49607,0.79991204
dss_fedavg,correlated_sybil,11,2,8,3,0.8,1.0,4001,65.51779,0.80017734
dss_fedavg,correlated_sybil,12,2,8,3,0.8,1.0,4001,65.507355,0.80004984
dss_fedavg,correlated_sybil,13,2,8,3,0.8,1.0,4001,65.49749,0.7999294
dss_fedavg,correlated_sybil,14,2,8,3,0.8,1.0,4001,65.533035,0.8003635
dss_fedavg,correlated_sybil,15,2,8,3,0.8,1.0,4001,65.467125,0.7995585
dss_fedavg,correlated_sybil,16,2,8,3,0.8,1.0,4001,65.46607,0.7995457
dss_fedavg,correlated_sybil,17,2,8,3,0.8,1.0,4001,65.497314,0.79992723
dss_fedavg,correlated_sybil,18,2,8,3,0.8,1.0,4001,65.47588,0.7996655
dss_fedavg,correlated_sybil,19,2,8,3,0.8,1.0,4001,65.46607,0.7995457
dsscoll_fedavg,correlated_sybil,0,2,8,3,0.8,1.0,1,65.3132,0.800603
dsscoll_fedavg,correlated_sybil,1,2,8,3,0.8,1.0,1,16.974783,0.20807526
dsscoll_fedavg,correlated_sybil,2,2,8,3,0.8,1.0,1,19.53808,0.2394959
dsscoll_fedavg,correlated_sybil,3,2,8,3,0.8,1.0,1,30.401525,0.37265897
dsscoll_fedavg,correlated_sybil,4,2,8,3,0.8,1.0,1,29.575756,0.36253676
dsscoll_fedavg,correlated_sybil,5,2,8,3,0.8,1.0,1,31.969624,0.39188057
dsscoll_fedavg,correlated_sybil,6,2,8,3,0.8,1.0,1,20.120068,0.24662985
dsscoll_fedavg,correlated_sybil,7,2,8,3,0.8,1.0,1,15.77625,0.19338375
dsscoll_fedavg,correlated_sybil,8,2,8,3,0.8,1.0,1,26.489803,0.32470948
dsscoll_fedavg,correlated_sybil,9,2,8,3,0.8,1.0,1,44.960464,0.55112106
dsscoll_fedavg,correlated_sybil,10,2,8,3,0.8,1.0,1,49.861374,0.6111959
dsscoll_fedavg,correlated_sybil,11,2,8,3,0.8,1.0,1,59.195133,0.7256082
dsscoll_fedavg,correlated_sybil,12,2,8,3,0.8,1.0,1,51.373524,0.6297317
dsscoll_fedavg,correlated_sybil,13,2,8,3,0.8,1.0,1,60.79627,0.7452348
dsscoll_fedavg,correlated_sybil,14,2,8,3,0.8,1.0,1,38.41656,0.4709065
dsscoll_fedavg,correlated_sybil,15,2,8,3,0.8,1.0,1,33.85311,0.4149682
dsscoll_fedavg,correlated_sybil,16,2,8,3,0.8,1.0,1,43.72697,0.536001
dsscoll_fedavg,correlated_sybil,17,2,8,3,0.8,1.0,1,46.300526,0.5675474
dsscoll_fedavg,correlated_sybil,18,2,8,3,0.8,1.0,1,48.803207,0.598225
dsscoll_fedavg,correlated_sybil,19,2,8,3,0.8,1.0,1,62.51022,0.76624423
dsscoll_fedavg,correlated_sybil,0,2,8,3,0.8,1.0,1001,65.44889,0.8002848
dsscoll_fedavg,correlated_sybil,1,2,8,3,0.8,1.0,1001,50.3803,0.61603165
dsscoll_fedavg,correlated_sybil,2,2,8,3,0.8,1.0,1001,29.704243,0.3632125
dsscoll_fedavg,correlated_sybil,3,2,8,3,0.8,1.0,1001,21.363708,0.26122752
dsscoll_fedavg,correlated_sybil,4,2,8,3,0.8,1.0,1001,26.79135,0.3275947
dsscoll_fedavg,correlated_sybil,5,2,8,3,0.8,1.0,1001,35.502537,0.4341119
dsscoll_fedavg,correlated_sybil,6,2,8,3,0.8,1.0,1001,32.529583,0.3977597
dsscoll_fedavg,correlated_sybil,7,2,8,3,0.8,1.0,1001,49.866844,0.6097533
dsscoll_fedavg,correlated_sybil,8,2,8,3,0.8,1.0,1001,53.771404,0.6574968
dsscoll_fedavg,correlated_sybil,9,2,8,3,0.8,1.0,1001,36.53495,0.44673586
dsscoll_fedavg,correlated_sybil,10,2,8,3,0.8,1.0,1001,38.808144,0.47453162
dsscoll_fedavg,correlated_sybil,11,2,8,3,0.8,1.0,1001,16.687815,0.20405242
dsscoll_fedavg,correlated_sybil,12,2,8,3,0.8,1.0,1001,22.686424,0.2774012
dsscoll_fedavg,correlated_sybil,13,2,8,3,0.8,1.0,1001,16.884382,0.20645598
dsscoll_fedavg,correlated_sybil,14,2,8,3,0.8,1.0,1001,14.513055,0.17746027
dsscoll_fedavg,correlated_sybil,15,2,8,3,0.8,1.0,1001,15.432686,0.18870518
dsscoll_fedavg,correlated_sybil,16,2,8,3,0.8,1.0,1001,16.784431,0.20523381
dsscoll_fedavg,correlated_sybil,17,2,8,3,0.8,1.0,1001,7.215856,0.088232815
dsscoll_fedavg,correlated_sybil,18,2,8,3,0.8,1.0,1001,17.814528,0.21782945
dsscoll_fedavg,correlated_sybil,19,2,8,3,0.8,1.0,1001,18.20605,0.22261685
dsscoll_fedavg,correlated_sybil,0,2,8,3,0.8,1.0,2001,66.55005,0.7998462
dsscoll_fedavg,correlated_sybil,1,2,8,3,0.8,1.0,2001,73.183334,0.87956977
dsscoll_fedavg,correlated_sybil,2,2,8,3,0.8,1.0,2001,73.40219,0.8822001
dsscoll_fedavg,correlated_sybil,3,2,8,3,0.8,1.0,2001,72.401634,0.8701747
dsscoll_fedavg,correlated_sybil,4,2,8,3,0.8,1.0,2001,66.44085,0.79853374
dsscoll_fedavg,correlated_sybil,5,2,8,3,0.8,1.0,2001,57.800663,0.6946898
dsscoll_fedavg,correlated_sybil,6,2,8,3,0.8,1.0,2001,21.976025,0.26412362
dsscoll_fedavg,correlated_sybil,7,2,8,3,0.8,1.0,2001,6.74393,0.08105338
dsscoll_fedavg,correlated_sybil,8,2,8,3,0.8,1.0,2001,5.0339217,0.060501277
dsscoll_fedavg,correlated_sybil,9,2,8,3,0.8,1.0,2001,5.3354416,0.06412516
dsscoll_fedavg,correlated_sybil,10,2,8,3,0.8,1.0,2001,7.443752,0.089464344
dsscoll_fedavg,correlated_sybil,11,2,8,3,0.8,1.0,2001,14.703893,0.17672192
dsscoll_fedavg,correlated_sybil,12,2,8,3,0.8,1.0,2001,42.266834,0.5079931
dsscoll_fedavg,correlated_sybil,13,2,8,3,0.8,1.0,2001,21.360132,0.25672138
dsscoll_fedavg,correlated_sybil,14,2,8,3,0.8,1.0,2001,19.311472,0.2320991
dsscoll_fedavg,correlated_sybil,15,2,8,3,0.8,1.0,2001,15.076776,0.18120348
dsscoll_fedavg,correlated_sybil,16,2,8,3,0.8,1.0,2001,13.332434,0.16023874
dsscoll_fedavg,correlated_sybil,17,2,8,3,0.8,1.0,2001,13.16548,0.15823217
dsscoll_fedavg,correlated_sybil,18,2,8,3,0.8,1.0,2001,50.146538,0.602697
dsscoll_fedavg,correlated_sybil,19,2,8,3,0.8,1.0,2001,24.849009,0.2986532
dsscoll_fedavg,correlated_sybil,0,2,8,3,0.8,1.0,3001,70.44059,0.8000834
dsscoll_fedavg,correlated_sybil,1,2,8,3,0.8,1.0,3001,56.732613,0.6443845
dsscoll_fedavg,correlated_sybil,2,2,8,3,0.8,1.0,3001,34.805687,0.3953325
dsscoll_fedavg,correlated_sybil,3,2,8,3,0.8,1.0,3001,17.19657,0.19532332
dsscoll_fedavg,correlated_sybil,4,2,8,3,0.8,1.0,3001,23.07345,0.26207453
dsscoll_fedavg,correlated_sybil,5,2,8,3,0.8,1.0,3001,17.894165,0.2032468
dsscoll_fedavg,correlated_sybil,6,2,8,3,0.8,1.0,3001,18.878061,0.21442217
dsscoll_fedavg,correlated_sybil,7,2,8,3,0.8,1.0,3001,23.939098,0.2719068
dsscoll_fedavg,correlated_sybil,8,2,8,3,0.8,1.0,3001,58.676052,0.6664586
dsscoll_fedavg,correlated_sybil,9,2,8,3,0.8,1.0,3001,55.977863,0.6358118
dsscoll_fedavg,correlated_sybil,10,2,8,3,0.8,1.0,3001,36.60026,0.41571575
dsscoll_fedavg,correlated_sybil,11,2,8,3,0.8,1.0,3001,46.067657,0.52324903
dsscoll_fedavg,correlated_sybil,12,2,8,3,0.8,1.0,3001,55.541843,0.6308594
dsscoll_fedavg,correlated_sybil,13,2,8,3,0.8,1.0,3001,40.742813,0.462768
dsscoll_fedavg,correlated_sybil,14,2,8,3,0.8,1.0,3001,31.797773,0.3611678
dsscoll_fedavg,correlated_sybil,15,2,8,3,0.8,1.0,3001,35.98788,0.40876016
dsscoll_fedavg,correlated_sybil,16,2,8,3,0.8,1.0,3001,15.953258,0.18120144
dsscoll_fedavg,correlated_sybil,17,2,8,3,0.8,1.0,3001,9.114724,0.10352752
dsscoll_fedavg,correlated_sybil,18,2,8,3,0.8,1.0,3001,13.0556965,0.14829016
dsscoll_fedavg,correlated_sybil,19,2,8,3,0.8,1.0,3001,15.537802,0.17648259
dsscoll_fedavg,correlated_sybil,0,2,8,3,0.8,1.0,4001,65.5308,0.8003362
dsscoll_fedavg,correlated_sybil,1,2,8,3,0.8,1.0,4001,67.034355,0.8186993
dsscoll_fedavg,correlated_sybil,2,2,8,3,0.8,1.0,4001,56.364742,0.68838996
dsscoll_fedavg,correlated_sybil,3,2,8,3,0.8,1.0,4001,58.157772,0.71028847
dsscoll_fedavg,correlated_sybil,4,2,8,3,0.8,1.0,4001,48.13685,0.5879016
dsscoll_fedavg,correlated_sybil,5,2,8,3,0.8,1.0,4001,34.299194,0.41890055
dsscoll_fedavg,correlated_sybil,6,2,8,3,0.8,1.0,4001,26.709095,0.32620165
dsscoll_fedavg,correlated_sybil,7,2,8,3,0.8,1.0,4001,15.529278,0.1896611
dsscoll_fedavg,correlated_sybil,8,2,8,3,0.8,1.0,4001,23.485437,0.28683072
dsscoll_fedavg,correlated_sybil,9,2,8,3,0.8,1.0,4001,17.186098,0.20989606
dsscoll_fedavg,correlated_sybil,10,2,8,3,0.8,1.0,4001,18.737358,0.2288418
dsscoll_fedavg,correlated_sybil,11,2,8,3,0.8,1.0,4001,44.04259,0.5378979
dsscoll_fedavg,correlated_sybil,12,2,8,3,0.8,1.0,4001,51.55177,0.6296085
dsscoll_fedavg,correlated_sybil,13,2,8,3,0.8,1.0,4001,26.853441,0.32796457
dsscoll_fedavg,correlated_sybil,14,2,8,3,0.8,1.0,4001,21.062553,0.2572397
dsscoll_fedavg,correlated_sybil,15,2,8,3,0.8,1.0,4001,24.179642,0.29530913
dsscoll_fedavg,correlated_sybil,16,2,8,3,0.8,1.0,4001,24.372349,0.29766268
dsscoll_fedavg,correlated_sybil,17,2,8,3,0.8,1.0,4001,22.555817,0.27547714
dsscoll_fedavg,correlated_sybil,18,2,8,3,0.8,1.0,4001,28.300653,0.3456396
dsscoll_fedavg,correlated_sybil,19,2,8,3,0.8,1.0,4001,36.932182,0.45105755
flanders_fedavg,correlated_sybil,0,2,8,3,0.8,1.0,1,65.3132,0.800603
flanders_fedavg,correlated_sybil,1,2,8,3,0.8,1.0,1,80.632034,0.9883797
flanders_fedavg,correlated_sybil,2,2,8,3,0.8,1.0,1,82.022285,1.0054213
flanders_fedavg,correlated_sybil,3,2,8,3,0.8,1.0,1,82.022285,1.0054213
flanders_fedavg,correlated_sybil,4,2,8,3,0.8,1.0,1,83.65371,1.0254191
flanders_fedavg,correlated_sybil,5,2,8,3,0.8,1.0,1,82.022285,1.0054213
flanders_fedavg,correlated_sybil,6,2,8,3,0.8,1.0,1,82.022285,1.0054213
flanders_fedavg,correlated_sybil,7,2,8,3,0.8,1.0,1,83.65371,1.0254191
flanders_fedavg,correlated_sybil,8,2,8,3,0.8,1.0,1,83.65371,1.0254191
flanders_fedavg,correlated_sybil,9,2,8,3,0.8,1.0,1,83.65371,1.0254191
flanders_fedavg,correlated_sybil,10,2,8,3,0.8,1.0,1,82.022285,1.0054213
flanders_fedavg,correlated_sybil,11,2,8,3,0.8,1.0,1,82.022285,1.0054213
flanders_fedavg,correlated_sybil,12,2,8,3,0.8,1.0,1,82.022285,1.0054213
flanders_fedavg,correlated_sybil,13,2,8,3,0.8,1.0,1,82.022285,1.0054213
flanders_fedavg,correlated_sybil,14,2,8,3,0.8,1.0,1,83.65371,1.0254191
flanders_fedavg,correlated_sybil,15,2,8,3,0.8,1.0,1,83.65371,1.0254191
flanders_fedavg,correlated_sybil,16,2,8,3,0.8,1.0,1,83.65371,1.0254191
flanders_fedavg,correlated_sybil,17,2,8,3,0.8,1.0,1,83.65371,1.0254191
flanders_fedavg,correlated_sybil,18,2,8,3,0.8,1.0,1,83.65371,1.0254191
flanders_fedavg,correlated_sybil,19,2,8,3,0.8,1.0,1,82.022285,1.0054213
flanders_fedavg,correlated_sybil,0,2,8,3,0.8,1.0,1001,65.44889,0.8002848
flanders_fedavg,correlated_sybil,1,2,8,3,0.8,1.0,1001,79.92674,0.97731465
flanders_fedavg,correlated_sybil,2,2,8,3,0.8,1.0,1001,80.54027,0.9848166
flanders_fedavg,correlated_sybil,3,2,8,3,0.8,1.0,1001,80.54027,0.9848166
flanders_fedavg,correlated_sybil,4,2,8,3,0.8,1.0,1001,80.54027,0.9848166
flanders_fedavg,correlated_sybil,5,2,8,3,0.8,1.0,1001,80.54027,0.9848166
flanders_fedavg,correlated_sybil,6,2,8,3,0.8,1.0,1001,82.998634,1.0148766
flanders_fedavg,correlated_sybil,7,2,8,3,0.8,1.0,1001,82.38221,1.0073391
flanders_fedavg,correlated_sybil,8,2,8,3,0.8,1.0,1001,82.998634,1.0148766
flanders_fedavg,correlated_sybil,9,2,8,3,0.8,1.0,1001,82.38221,1.0073391
flanders_fedavg,correlated_sybil,10,2,8,3,0.8,1.0,1001,82.38221,1.0073391
flanders_fedavg,correlated_sybil,11,2,8,3,0.8,1.0,1001,82.38221,1.0073391
flanders_fedavg,correlated_sybil,12,2,8,3,0.8,1.0,1001,82.38221,1.0073391
flanders_fedavg,correlated_sybil,13,2,8,3,0.8,1.0,1001,82.38221,1.0073391
flanders_fedavg,correlated_sybil,14,2,8,3,0.8,1.0,1001,82.998634,1.0148766
flanders_fedavg,correlated_sybil,15,2,8,3,0.8,1.0,1001,82.998634,1.0148766
flanders_fedavg,correlated_sybil,16,2,8,3,0.8,1.0,1001,82.38221,1.0073391
flanders_fedavg,correlated_sybil,17,2,8,3,0.8,1.0,1001,82.998634,1.0148766
flanders_fedavg,correlated_sybil,18,2,8,3,0.8,1.0,1001,82.38221,1.0073391
flanders_fedavg,correlated_sybil,19,2,8,3,0.8,1.0,1001,82.38221,1.0073391
flanders_fedavg,correlated_sybil,0,2,8,3,0.8,1.0,2001,66.55005,0.7998462
flanders_fedavg,correlated_sybil,1,2,8,3,0.8,1.0,2001,82.66482,0.993525
flanders_fedavg,correlated_sybil,2,2,8,3,0.8,1.0,2001,82.10102,0.9867489
flanders_fedavg,correlated_sybil,3,2,8,3,0.8,1.0,2001,82.10102,0.9867489
flanders_fedavg,correlated_sybil,4,2,8,3,0.8,1.0,2001,82.10102,0.9867489
flanders_fedavg,correlated_sybil,5,2,8,3,0.8,1.0,2001,82.10102,0.9867489
flanders_fedavg,correlated_sybil,6,2,8,3,0.8,1.0,2001,82.10102,0.9867489
flanders_fedavg,correlated_sybil,7,2,8,3,0.8,1.0,2001,82.10102,0.9867489
flanders_fedavg,correlated_sybil,8,2,8,3,0.8,1.0,2001,82.10102,0.9867489
flanders_fedavg,correlated_sybil,9,2,8,3,0.8,1.0,2001,82.10102,0.9867489
flanders_fedavg,correlated_sybil,10,2,8,3,0.8,1.0,2001,82.10102,0.9867489
flanders_fedavg,correlated_sybil,11,2,8,3,0.8,1.0,2001,82.10102,0.9867489
flanders_fedavg,correlated_sybil,12,2,8,3,0.8,1.0,2001,82.10102,0.9867489
flanders_fedavg,correlated_sybil,13,2,8,3,0.8,1.0,2001,82.10102,0.9867489
flanders_fedavg,correlated_sybil,14,2,8,3,0.8,1.0,2001,82.10102,0.9867489
flanders_fedavg,correlated_sybil,15,2,8,3,0.8,1.0,2001,82.10102,0.9867489
flanders_fedavg,correlated_sybil,16,2,8,3,0.8,1.0,2001,84.716705,1.0181861
flanders_fedavg,correlated_sybil,17,2,8,3,0.8,1.0,2001,82.10102,0.9867489
flanders_fedavg,correlated_sybil,18,2,8,3,0.8,1.0,2001,82.10102,0.9867489
flanders_fedavg,correlated_sybil,19,2,8,3,0.8,1.0,2001,82.10102,0.9867489
flanders_fedavg,correlated_sybil,0,2,8,3,0.8,1.0,3001,70.44059,0.8000834
flanders_fedavg,correlated_sybil,1,2,8,3,0.8,1.0,3001,85.961296,0.9763718
flanders_fedavg,correlated_sybil,2,2,8,3,0.8,1.0,3001,91.62885,1.0407455
flanders_fedavg,correlated_sybil,3,2,8,3,0.8,1.0,3001,91.62885,1.0407455
flanders_fedavg,correlated_sybil,4,2,8,3,0.8,1.0,3001,88.02047,0.9997605
flanders_fedavg,correlated_sybil,5,2,8,3,0.8,1.0,3001,91.62885,1.0407455
flanders_fedavg,correlated_sybil,6,2,8,3,0.8,1.0,3001,91.62885,1.0407455
flanders_fedavg,correlated_sybil,7,2,8,3,0.8,1.0,3001,91.62885,1.0407455
flanders_fedavg,correlated_sybil,8,2,8,3,0.8,1.0,3001,91.62885,1.0407455
flanders_fedavg,correlated_sybil,9,2,8,3,0.8,1.0,3001,91.62885,1.0407455
flanders_fedavg,correlated_sybil,10,2,8,3,0.8,1.0,3001,86.64754,0.9841663
flanders_fedavg,correlated_sybil,11,2,8,3,0.8,1.0,3001,88.02047,0.9997605
flanders_fedavg,correlated_sybil,12,2,8,3,0.8,1.0,3001,86.64754,0.9841663
flanders_fedavg,correlated_sybil,13,2,8,3,0.8,1.0,3001,91.62885,1.0407455
flanders_fedavg,correlated_sybil,14,2,8,3,0.8,1.0,3001,91.62885,1.0407455
flanders_fedavg,correlated_sybil,15,2,8,3,0.8,1.0,3001,91.62885,1.0407455
flanders_fedavg,correlated_sybil,16,2,8,3,0.8,1.0,3001,88.02047,0.9997605
flanders_fedavg,correlated_sybil,17,2,8,3,0.8,1.0,3001,88.02047,0.9997605
flanders_fedavg,correlated_sybil,18,2,8,3,0.8,1.0,3001,91.62885,1.0407455
flanders_fedavg,correlated_sybil,19,2,8,3,0.8,1.0,3001,91.62885,1.0407455
flanders_fedavg,correlated_sybil,0,2,8,3,0.8,1.0,4001,65.5308,0.8003362
flanders_fedavg,correlated_sybil,1,2,8,3,0.8,1.0,4001,79.13459,0.9664811
flanders_fedavg,correlated_sybil,2,2,8,3,0.8,1.0,4001,79.13459,0.9664811
flanders_fedavg,correlated_sybil,3,2,8,3,0.8,1.0,4001,81.708015,0.9979107
flanders_fedavg,correlated_sybil,4,2,8,3,0.8,1.0,4001,81.708015,0.9979107
flanders_fedavg,correlated_sybil,5,2,8,3,0.8,1.0,4001,79.13459,0.9664811
flanders_fedavg,correlated_sybil,6,2,8,3,0.8,1.0,4001,81.708015,0.9979107
flanders_fedavg,correlated_sybil,7,2,8,3,0.8,1.0,4001,79.13459,0.9664811
flanders_fedavg,correlated_sybil,8,2,8,3,0.8,1.0,4001,81.708015,0.9979107
flanders_fedavg,correlated_sybil,9,2,8,3,0.8,1.0,4001,82.85415,1.0119085
flanders_fedavg,correlated_sybil,10,2,8,3,0.8,1.0,4001,81.708015,0.9979107
flanders_fedavg,correlated_sybil,11,2,8,3,0.8,1.0,4001,81.708015,0.9979107
flanders_fedavg,correlated_sybil,12,2,8,3,0.8,1.0,4001,81.708015,0.9979107
flanders_fedavg,correlated_sybil,13,2,8,3,0.8,1.0,4001,81.708015,0.9979107
flanders_fedavg,correlated_sybil,14,2,8,3,0.8,1.0,4001,81.708015,0.9979107
flanders_fedavg,correlated_sybil,15,2,8,3,0.8,1.0,4001,82.85415,1.0119085
flanders_fedavg,correlated_sybil,16,2,8,3,0.8,1.0,4001,82.85415,1.0119085
flanders_fedavg,correlated_sybil,17,2,8,3,0.8,1.0,4001,79.13459,0.9664811
flanders_fedavg,correlated_sybil,18,2,8,3,0.8,1.0,4001,81.708015,0.9979107
flanders_fedavg,correlated_sybil,19,2,8,3,0.8,1.0,4001,81.708015,0.9979107
foolsgold,correlated_sybil,0,2,8,3,0.8,1.0,1,5.1658964,0.06332306
foolsgold,correlated_sybil,1,2,8,3,0.8,1.0,1,7.939658,0.09732357
foolsgold,correlated_sybil,2,2,8,3,0.8,1.0,1,7.939658,0.09732357
foolsgold,correlated_sybil,3,2,8,3,0.8,1.0,1,16.359953,0.20053872
foolsgold,correlated_sybil,4,2,8,3,0.8,1.0,1,16.359953,0.20053872
foolsgold,correlated_sybil,5,2,8,3,0.8,1.0,1,16.359953,0.20053872
foolsgold,correlated_sybil,6,2,8,3,0.8,1.0,1,16.359953,0.20053872
foolsgold,correlated_sybil,7,2,8,3,0.8,1.0,1,16.359953,0.20053872
foolsgold,correlated_sybil,8,2,8,3,0.8,1.0,1,16.359953,0.20053872
foolsgold,correlated_sybil,9,2,8,3,0.8,1.0,1,16.359953,0.20053872
foolsgold,correlated_sybil,10,2,8,3,0.8,1.0,1,16.359953,0.20053872
foolsgold,correlated_sybil,11,2,8,3,0.8,1.0,1,16.359953,0.20053872
foolsgold,correlated_sybil,12,2,8,3,0.8,1.0,1,16.359953,0.20053872
foolsgold,correlated_sybil,13,2,8,3,0.8,1.0,1,16.359953,0.20053872
foolsgold,correlated_sybil,14,2,8,3,0.8,1.0,1,16.359953,0.20053872
foolsgold,correlated_sybil,15,2,8,3,0.8,1.0,1,16.359953,0.20053872
foolsgold,correlated_sybil,16,2,8,3,0.8,1.0,1,16.359953,0.20053872
foolsgold,correlated_sybil,17,2,8,3,0.8,1.0,1,16.359953,0.20053872
foolsgold,correlated_sybil,18,2,8,3,0.8,1.0,1,16.359953,0.20053872
foolsgold,correlated_sybil,19,2,8,3,0.8,1.0,1,16.359953,0.20053872
foolsgold,correlated_sybil,0,2,8,3,0.8,1.0,1001,26.117605,0.3193564
foolsgold,correlated_sybil,1,2,8,3,0.8,1.0,1001,26.426401,0.32313225
foolsgold,correlated_sybil,2,2,8,3,0.8,1.0,1001,1.0946262,0.013384684
foolsgold,correlated_sybil,3,2,8,3,0.8,1.0,1001,5.970614,0.07300646
foolsgold,correlated_sybil,4,2,8,3,0.8,1.0,1001,0.0946871,0.0011577988
foolsgold,correlated_sybil,5,2,8,3,0.8,1.0,1001,5.862073,0.07167926
foolsgold,correlated_sybil,6,2,8,3,0.8,1.0,1001,18.819117,0.2301132
foolsgold,correlated_sybil,7,2,8,3,0.8,1.0,1001,26.164833,0.3199339
foolsgold,correlated_sybil,8,2,8,3,0.8,1.0,1001,26.62922,0.32561225
foolsgold,correlated_sybil,9,2,8,3,0.8,1.0,1001,24.599672,0.30079567
foolsgold,correlated_sybil,10,2,8,3,0.8,1.0,1001,25.325447,0.30967018
foolsgold,correlated_sybil,11,2,8,3,0.8,1.0,1001,26.78095,0.32746756
foolsgold,correlated_sybil,12,2,8,3,0.8,1.0,1001,25.29062,0.30924436
foolsgold,correlated_sybil,13,2,8,3,0.8,1.0,1001,15.68087,0.19173987
foolsgold,correlated_sybil,14,2,8,3,0.8,1.0,1001,15.047498,0.18399523
foolsgold,correlated_sybil,15,2,8,3,0.8,1.0,1001,15.58638,0.19058448
foolsgold,correlated_sybil,16,2,8,3,0.8,1.0,1001,14.949083,0.18279186
foolsgold,correlated_sybil,17,2,8,3,0.8,1.0,1001,13.5043545,0.16512625
foolsgold,correlated_sybil,18,2,8,3,0.8,1.0,1001,14.413548,0.17624354
foolsgold,correlated_sybil,19,2,8,3,0.8,1.0,1001,14.914014,0.18236305
foolsgold,correlated_sybil,0,2,8,3,0.8,1.0,2001,1.4099432,0.016945709
foolsgold,correlated_sybil,1,2,8,3,0.8,1.0,2001,28.119112,0.33795562
foolsgold,correlated_sybil,2,2,8,3,0.8,1.0,2001,23.347178,0.2806031
foolsgold,correlated_sybil,3,2,8,3,0.8,1.0,2001,23.168343,0.27845374
foolsgold,correlated_sybil,4,2,8,3,0.8,1.0,2001,23.493265,0.28235888
foolsgold,correlated_sybil,5,2,8,3,0.8,1.0,2001,23.49697,0.2824034
foolsgold,correlated_sybil,6,2,8,3,0.8,1.0,2001,23.559492,0.28315485
foolsgold,correlated_sybil,7,2,8,3,0.8,1.0,2001,13.548897,0.16284035
foolsgold,correlated_sybil,8,2,8,3,0.8,1.0,2001,23.527231,0.28276712
foolsgold,correlated_sybil,9,2,8,3,0.8,1.0,2001,23.484333,0.28225154
foolsgold,correlated_sybil,10,2,8,3,0.8,1.0,2001,23.440933,0.28172994
foolsgold,correlated_sybil,11,2,8,3,0.8,1.0,2001,23.461746,0.28198007
foolsgold,correlated_sybil,12,2,8,3,0.8,1.0,2001,24.344717,0.29259226
foolsgold,correlated_sybil,13,2,8,3,0.8,1.0,2001,26.494408,0.31842878
foolsgold,correlated_sybil,14,2,8,3,0.8,1.0,2001,23.335207,0.28045923
foolsgold,correlated_sybil,15,2,8,3,0.8,1.0,2001,23.314508,0.28021047
foolsgold,correlated_sybil,16,2,8,3,0.8,1.0,2001,25.164555,0.30244565
foolsgold,correlated_sybil,17,2,8,3,0.8,1.0,2001,23.530449,0.2828058
foolsgold,correlated_sybil,18,2,8,3,0.8,1.0,2001,23.454708,0.2818955
foolsgold,correlated_sybil,19,2,8,3,0.8,1.0,2001,23.315712,0.28022492
foolsgold,correlated_sybil,0,2,8,3,0.8,1.0,3001,7.7198596,0.087684266
foolsgold,correlated_sybil,1,2,8,3,0.8,1.0,3001,9.7007065,0.11018327
foolsgold,correlated_sybil,2,2,8,3,0.8,1.0,3001,14.163502,0.1608729
foolsgold,correlated_sybil,3,2,8,3,0.8,1.0,3001,10.658593,0.1210632
foolsgold,correlated_sybil,4,2,8,3,0.8,1.0,3001,8.514762,0.096712984
foolsgold,correlated_sybil,5,2,8,3,0.8,1.0,3001,8.424154,0.09568384
foolsgold,correlated_sybil,6,2,8,3,0.8,1.0,3001,8.316666,0.09446295
foolsgold,correlated_sybil,7,2,8,3,0.8,1.0,3001,7.8191676,0.08881224
foolsgold,correlated_sybil,8,2,8,3,0.8,1.0,3001,7.3646317,0.083649494
foolsgold,correlated_sybil,9,2,8,3,0.8,1.0,3001,5.2198644,0.059288643
foolsgold,correlated_sybil,10,2,8,3,0.8,1.0,3001,5.2198644,0.059288643
foolsgold,correlated_sybil,11,2,8,3,0.8,1.0,3001,9.389646,0.10665015
foolsgold,correlated_sybil,12,2,8,3,0.8,1.0,3001,14.163502,0.1608729
foolsgold,correlated_sybil,13,2,8,3,0.8,1.0,3001,14.163502,0.1608729
foolsgold,correlated_sybil,14,2,8,3,0.8,1.0,3001,9.172018,0.10417828
foolsgold,correlated_sybil,15,2,8,3,0.8,1.0,3001,8.197593,0.093110494
foolsgold,correlated_sybil,16,2,8,3,0.8,1.0,3001,10.708059,0.12162506
foolsgold,correlated_sybil,17,2,8,3,0.8,1.0,3001,10.814908,0.122838676
foolsgold,correlated_sybil,18,2,8,3,0.8,1.0,3001,11.257903,0.12787034
foolsgold,correlated_sybil,19,2,8,3,0.8,1.0,3001,10.026538,0.11388415
foolsgold,correlated_sybil,0,2,8,3,0.8,1.0,4001,1.5453326,0.018873349
foolsgold,correlated_sybil,1,2,8,3,0.8,1.0,4001,0.87176305,0.010646956
foolsgold,correlated_sybil,2,2,8,3,0.8,1.0,4001,1.5726107,0.0192065
foolsgold,correlated_sybil,3,2,8,3,0.8,1.0,4001,1.5529376,0.01896623
foolsgold,correlated_sybil,4,2,8,3,0.8,1.0,4001,0.6063229,0.0074051004
foolsgold,correlated_sybil,5,2,8,3,0.8,1.0,4001,17.746313,0.21673803
foolsgold,correlated_sybil,6,2,8,3,0.8,1.0,4001,9.187339,0.11220617
foolsgold,correlated_sybil,7,2,8,3,0.8,1.0,4001,8.903804,0.10874332
foolsgold,correlated_sybil,8,2,8,3,0.8,1.0,4001,8.894007,0.10862366
foolsgold,correlated_sybil,9,2,8,3,0.8,1.0,4001,8.894007,0.10862366
foolsgold,correlated_sybil,10,2,8,3,0.8,1.0,4001,8.8950615,0.10863654
foolsgold,correlated_sybil,11,2,8,3,0.8,1.0,4001,8.894007,0.10862366
foolsgold,correlated_sybil,12,2,8,3,0.8,1.0,4001,8.894007,0.10862366
foolsgold,correlated_sybil,13,2,8,3,0.8,1.0,4001,8.894007,0.10862366
foolsgold,correlated_sybil,14,2,8,3,0.8,1.0,4001,8.894007,0.10862366
foolsgold,correlated_sybil,15,2,8,3,0.8,1.0,4001,8.894007,0.10862366
foolsgold,correlated_sybil,16,2,8,3,0.8,1.0,4001,8.894007,0.10862366
foolsgold,correlated_sybil,17,2,8,3,0.8,1.0,4001,8.894007,0.10862366
foolsgold,correlated_sybil,18,2,8,3,0.8,1.0,4001,8.894007,0.10862366
foolsgold,correlated_sybil,19,2,8,3,0.8,1.0,4001,8.894007,0.10862366
