aggregator,shift,seed,client_group,client_index,leave_one_out_influence
fedavg,0.0,1,majority,0,0.074970335
fedavg,0.0,1,majority,1,0.1005389
fedavg,0.0,1,majority,2,0.00818713
fedavg,0.0,1,majority,3,0.05166134
fedavg,0.0,1,majority,4,0.08310084
fedavg,0.0,1,majority,5,0.055610687
fedavg,0.0,1,minority,0,0.07066458
fedavg,0.0,1,minority,1,0.1272703
fedavg,0.0,2,majority,0,0.1012357
fedavg,0.0,2,majority,1,0.041983597
fedavg,0.0,2,majority,2,0.074644245
fedavg,0.0,2,majority,3,0.044388242
fedavg,0.0,2,majority,4,0.018255303
fedavg,0.0,2,majority,5,0.063572735
fedavg,0.0,2,minority,0,0.053087268
fedavg,0.0,2,minority,1,0.11595879
fedavg,0.0,3,majority,0,0.05719394
fedavg,0.0,3,majority,1,0.03848692
fedavg,0.0,3,majority,2,0.044890236
fedavg,0.0,3,majority,3,0.027408138
fedavg,0.0,3,majority,4,0.081928864
fedavg,0.0,3,majority,5,0.0431136
fedavg,0.0,3,minority,0,0.046011835
fedavg,0.0,3,minority,1,0.07762144
fedavg,0.0,4,majority,0,0.03752218
fedavg,0.0,4,majority,1,0.07038555
fedavg,0.0,4,majority,2,0.0630832
fedavg,0.0,4,majority,3,0.08605077
fedavg,0.0,4,majority,4,0.027428826
fedavg,0.0,4,majority,5,0.16613029
fedavg,0.0,4,minority,0,0.039685775
fedavg,0.0,4,minority,1,0.05139671
fedavg,0.0,5,majority,0,0.04722661
fedavg,0.0,5,majority,1,0.07731046
fedavg,0.0,5,majority,2,0.047830854
fedavg,0.0,5,majority,3,0.06527902
fedavg,0.0,5,majority,4,0.07600069
fedavg,0.0,5,majority,5,0.05410317
fedavg,0.0,5,minority,0,0.074692495
fedavg,0.0,5,minority,1,0.08273823
fedavg,0.0,6,majority,0,0.0951761
fedavg,0.0,6,majority,1,0.06193148
fedavg,0.0,6,majority,2,0.080142654
fedavg,0.0,6,majority,3,0.1082556
fedavg,0.0,6,majority,4,0.040440116
fedavg,0.0,6,majority,5,0.035000034
fedavg,0.0,6,minority,0,0.08724465
fedavg,0.0,6,minority,1,0.025777934
fedavg,0.0,7,majority,0,0.047362342
fedavg,0.0,7,majority,1,0.04794201
fedavg,0.0,7,majority,2,0.045561448
fedavg,0.0,7,majority,3,0.12705077
fedavg,0.0,7,majority,4,0.0429133
fedavg,0.0,7,majority,5,0.054618813
fedavg,0.0,7,minority,0,0.026042333
fedavg,0.0,7,minority,1,0.08552175
fedavg,0.0,8,majority,0,0.05234507
fedavg,0.0,8,majority,1,0.043490633
fedavg,0.0,8,majority,2,0.08910719
fedavg,0.0,8,majority,3,0.085635245
fedavg,0.0,8,majority,4,0.11854933
fedavg,0.0,8,majority,5,0.09295782
fedavg,0.0,8,minority,0,0.0796396
fedavg,0.0,8,minority,1,0.06909462
fedavg,0.0,9,majority,0,0.042654797
fedavg,0.0,9,majority,1,0.013374023
fedavg,0.0,9,majority,2,0.10620025
fedavg,0.0,9,majority,3,0.079821415
fedavg,0.0,9,majority,4,0.030699112
fedavg,0.0,9,majority,5,0.09471059
fedavg,0.0,9,minority,0,0.08090646
fedavg,0.0,9,minority,1,0.07030424
fedavg,0.0,10,majority,0,0.044062354
fedavg,0.0,10,majority,1,0.076429635
fedavg,0.0,10,majority,2,0.10219462
fedavg,0.0,10,majority,3,0.066390425
fedavg,0.0,10,majority,4,0.06466311
fedavg,0.0,10,majority,5,0.11274195
fedavg,0.0,10,minority,0,0.022742445
fedavg,0.0,10,minority,1,0.05319889
fedavg,0.0,11,majority,0,0.06858502
fedavg,0.0,11,majority,1,0.05875922
fedavg,0.0,11,majority,2,0.08451625
fedavg,0.0,11,majority,3,0.09430322
fedavg,0.0,11,majority,4,0.06273924
fedavg,0.0,11,majority,5,0.055063847
fedavg,0.0,11,minority,0,0.072782464
fedavg,0.0,11,minority,1,0.056393646
fedavg,0.0,12,majority,0,0.07865908
fedavg,0.0,12,majority,1,0.13395344
fedavg,0.0,12,majority,2,0.053891655
fedavg,0.0,12,majority,3,0.055578087
fedavg,0.0,12,majority,4,0.08929964
fedavg,0.0,12,majority,5,0.06855584
fedavg,0.0,12,minority,0,0.06724493
fedavg,0.0,12,minority,1,0.0474816
fedavg,0.0,13,majority,0,0.048165914
fedavg,0.0,13,majority,1,0.021763388
fedavg,0.0,13,majority,2,0.09018774
fedavg,0.0,13,majority,3,0.040155143
fedavg,0.0,13,majority,4,0.095628425
fedavg,0.0,13,majority,5,0.067824304
fedavg,0.0,13,minority,0,0.085489996
fedavg,0.0,13,minority,1,0.115258425
fedavg,0.0,14,majority,0,0.025899012
fedavg,0.0,14,majority,1,0.09540469
fedavg,0.0,14,majority,2,0.03559799
fedavg,0.0,14,majority,3,0.07335498
fedavg,0.0,14,majority,4,0.097546026
fedavg,0.0,14,majority,5,0.04388315
fedavg,0.0,14,minority,0,0.09649958
fedavg,0.0,14,minority,1,0.09283336
fedavg,0.0,15,majority,0,0.037548456
fedavg,0.0,15,majority,1,0.04616224
fedavg,0.0,15,majority,2,0.091729894
fedavg,0.0,15,majority,3,0.116224304
fedavg,0.0,15,majority,4,0.116493635
fedavg,0.0,15,majority,5,0.049567252
fedavg,0.0,15,minority,0,0.038653776
fedavg,0.0,15,minority,1,0.082375735
fedavg,0.0,16,majority,0,0.12222281
fedavg,0.0,16,majority,1,0.09184502
fedavg,0.0,16,majority,2,0.057144377
fedavg,0.0,16,majority,3,0.042261083
fedavg,0.0,16,majority,4,0.11879505
fedavg,0.0,16,majority,5,0.037104275
fedavg,0.0,16,minority,0,0.10260978
fedavg,0.0,16,minority,1,0.054570388
fedavg,0.0,17,majority,0,0.04884314
fedavg,0.0,17,majority,1,0.10440914
fedavg,0.0,17,majority,2,0.0727918
fedavg,0.0,17,majority,3,0.0803196
fedavg,0.0,17,majority,4,0.052429814
fedavg,0.0,17,majority,5,0.09399516
fedavg,0.0,17,minority,0,0.063230515
fedavg,0.0,17,minority,1,0.039457444
fedavg,0.0,18,majority,0,0.07055964
fedavg,0.0,18,majority,1,0.05670618
fedavg,0.0,18,majority,2,0.090888
fedavg,0.0,18,majority,3,0.047309835
fedavg,0.0,18,majority,4,0.023186378
fedavg,0.0,18,majority,5,0.020945868
fedavg,0.0,18,minority,0,0.024270264
fedavg,0.0,18,minority,1,0.059715882
fedavg,0.0,19,majority,0,0.101361394
fedavg,0.0,19,majority,1,0.054424085
fedavg,0.0,19,majority,2,0.034481853
fedavg,0.0,19,majority,3,0.083134905
fedavg,0.0,19,majority,4,0.02728125
fedavg,0.0,19,majority,5,0.07149739
fedavg,0.0,19,minority,0,0.061709408
fedavg,0.0,19,minority,1,0.07838012
fedavg,0.0,20,majority,0,0.08142286
fedavg,0.0,20,majority,1,0.05233324
fedavg,0.0,20,majority,2,0.0635259
fedavg,0.0,20,majority,3,0.03291211
fedavg,0.0,20,majority,4,0.052631296
fedavg,0.0,20,majority,5,0.0257073
fedavg,0.0,20,minority,0,0.08653609
fedavg,0.0,20,minority,1,0.023191506
fedavg,0.5,1,majority,0,0.05791471
fedavg,0.5,1,majority,1,0.10642633
fedavg,0.5,1,majority,2,0.02411417
fedavg,0.5,1,majority,3,0.05655812
fedavg,0.5,1,majority,4,0.0797687
fedavg,0.5,1,majority,5,0.072048075
fedavg,0.5,1,minority,0,0.11209556
fedavg,0.5,1,minority,1,0.115247935
fedavg,0.5,2,majority,0,0.110899925
fedavg,0.5,2,majority,1,0.04833762
fedavg,0.5,2,majority,2,0.063947834
fedavg,0.5,2,majority,3,0.061396062
fedavg,0.5,2,majority,4,0.02297028
fedavg,0.5,2,majority,5,0.05558534
fedavg,0.5,2,minority,0,0.084591135
fedavg,0.5,2,minority,1,0.12513591
fedavg,0.5,3,majority,0,0.072452836
fedavg,0.5,3,majority,1,0.053242967
fedavg,0.5,3,majority,2,0.060871016
fedavg,0.5,3,majority,3,0.014248547
fedavg,0.5,3,majority,4,0.07602229
fedavg,0.5,3,majority,5,0.052936587
fedavg,0.5,3,minority,0,0.07768505
fedavg,0.5,3,minority,1,0.124740034
fedavg,0.5,4,majority,0,0.048526302
fedavg,0.5,4,majority,1,0.074177176
fedavg,0.5,4,majority,2,0.07907281
fedavg,0.5,4,majority,3,0.09297701
fedavg,0.5,4,majority,4,0.0340959
fedavg,0.5,4,majority,5,0.15437801
fedavg,0.5,4,minority,0,0.06552127
fedavg,0.5,4,minority,1,0.069842584
fedavg,0.5,5,majority,0,0.056203693
fedavg,0.5,5,majority,1,0.080200255
fedavg,0.5,5,majority,2,0.049339883
fedavg,0.5,5,majority,3,0.055351205
fedavg,0.5,5,majority,4,0.064568326
fedavg,0.5,5,majority,5,0.06517941
fedavg,0.5,5,minority,0,0.055561267
fedavg,0.5,5,minority,1,0.09735587
fedavg,0.5,6,majority,0,0.10479374
fedavg,0.5,6,majority,1,0.055608805
fedavg,0.5,6,majority,2,0.08442388
fedavg,0.5,6,majority,3,0.119243145
fedavg,0.5,6,majority,4,0.02445178
fedavg,0.5,6,majority,5,0.052756187
fedavg,0.5,6,minority,0,0.13393801
fedavg,0.5,6,minority,1,0.07107534
fedavg,0.5,7,majority,0,0.062193617
fedavg,0.5,7,majority,1,0.046346188
fedavg,0.5,7,majority,2,0.05523377
fedavg,0.5,7,majority,3,0.12255412
fedavg,0.5,7,majority,4,0.05489599
fedavg,0.5,7,majority,5,0.046506856
fedavg,0.5,7,minority,0,0.06664409
fedavg,0.5,7,minority,1,0.09266371
fedavg,0.5,8,majority,0,0.057407763
fedavg,0.5,8,majority,1,0.048408043
fedavg,0.5,8,majority,2,0.091678195
fedavg,0.5,8,majority,3,0.08649098
fedavg,0.5,8,majority,4,0.12827343
fedavg,0.5,8,majority,5,0.10100772
fedavg,0.5,8,minority,0,0.11454009
fedavg,0.5,8,minority,1,0.121411346
fedavg,0.5,9,majority,0,0.046820186
fedavg,0.5,9,majority,1,0.013964932
fedavg,0.5,9,majority,2,0.09639473
fedavg,0.5,9,majority,3,0.0958817
fedavg,0.5,9,majority,4,0.017404614
fedavg,0.5,9,majority,5,0.0938963
fedavg,0.5,9,minority,0,0.06988881
fedavg,0.5,9,minority,1,0.088866085
fedavg,0.5,10,majority,0,0.048277475
fedavg,0.5,10,majority,1,0.09395163
fedavg,0.5,10,majority,2,0.11172913
fedavg,0.5,10,majority,3,0.07397986
fedavg,0.5,10,majority,4,0.07073163
fedavg,0.5,10,majority,5,0.09579938
fedavg,0.5,10,minority,0,0.059585687
fedavg,0.5,10,minority,1,0.10536134
fedavg,0.5,11,majority,0,0.08308533
fedavg,0.5,11,majority,1,0.07588381
fedavg,0.5,11,majority,2,0.076606646
fedavg,0.5,11,majority,3,0.09231984
fedavg,0.5,11,majority,4,0.07368969
fedavg,0.5,11,majority,5,0.043782853
fedavg,0.5,11,minority,0,0.10777364
fedavg,0.5,11,minority,1,0.08111788
fedavg,0.5,12,majority,0,0.080901675
fedavg,0.5,12,majority,1,0.1198547
fedavg,0.5,12,majority,2,0.043062583
fedavg,0.5,12,majority,3,0.05878234
fedavg,0.5,12,majority,4,0.10359216
fedavg,0.5,12,majority,5,0.06408314
fedavg,0.5,12,minority,0,0.035151985
fedavg,0.5,12,minority,1,0.017877191
fedavg,0.5,13,majority,0,0.046516772
fedavg,0.5,13,majority,1,0.015431235
fedavg,0.5,13,majority,2,0.07381647
fedavg,0.5,13,majority,3,0.05420538
fedavg,0.5,13,majority,4,0.093767166
fedavg,0.5,13,majority,5,0.076790616
fedavg,0.5,13,minority,0,0.10262401
fedavg,0.5,13,minority,1,0.087414615
fedavg,0.5,14,majority,0,0.027409695
fedavg,0.5,14,majority,1,0.11156396
fedavg,0.5,14,majority,2,0.045408063
fedavg,0.5,14,majority,3,0.07882756
fedavg,0.5,14,majority,4,0.08267494
fedavg,0.5,14,majority,5,0.05093104
fedavg,0.5,14,minority,0,0.11724705
fedavg,0.5,14,minority,1,0.11534854
fedavg,0.5,15,majority,0,0.046467982
fedavg,0.5,15,majority,1,0.030624438
fedavg,0.5,15,majority,2,0.10948432
fedavg,0.5,15,majority,3,0.13332114
fedavg,0.5,15,majority,4,0.10111429
fedavg,0.5,15,majority,5,0.052171472
fedavg,0.5,15,minority,0,0.057388242
fedavg,0.5,15,minority,1,0.13389067
fedavg,0.5,16,majority,0,0.11107964
fedavg,0.5,16,majority,1,0.09428506
fedavg,0.5,16,majority,2,0.06929954
fedavg,0.5,16,majority,3,0.051093403
fedavg,0.5,16,majority,4,0.13351305
fedavg,0.5,16,majority,5,0.043234352
fedavg,0.5,16,minority,0,0.12801704
fedavg,0.5,16,minority,1,0.10190099
fedavg,0.5,17,majority,0,0.037918586
fedavg,0.5,17,majority,1,0.09751889
fedavg,0.5,17,majority,2,0.08704839
fedavg,0.5,17,majority,3,0.093873955
fedavg,0.5,17,majority,4,0.057006363
fedavg,0.5,17,majority,5,0.08267137
fedavg,0.5,17,minority,0,0.081639424
fedavg,0.5,17,minority,1,0.035957675
fedavg,0.5,18,majority,0,0.0553788
fedavg,0.5,18,majority,1,0.061498698
fedavg,0.5,18,majority,2,0.096076414
fedavg,0.5,18,majority,3,0.05197654
fedavg,0.5,18,majority,4,0.030392153
fedavg,0.5,18,majority,5,0.01771568
fedavg,0.5,18,minority,0,0.03889297
fedavg,0.5,18,minority,1,0.060744848
fedavg,0.5,19,majority,0,0.10588878
fedavg,0.5,19,majority,1,0.057367068
fedavg,0.5,19,majority,2,0.022120189
fedavg,0.5,19,majority,3,0.08729789
fedavg,0.5,19,majority,4,0.039194398
fedavg,0.5,19,majority,5,0.08566219
fedavg,0.5,19,minority,0,0.094606586
fedavg,0.5,19,minority,1,0.11784128
fedavg,0.5,20,majority,0,0.08285076
fedavg,0.5,20,majority,1,0.052550603
fedavg,0.5,20,majority,2,0.076925956
fedavg,0.5,20,majority,3,0.04913513
fedavg,0.5,20,majority,4,0.056390624
fedavg,0.5,20,majority,5,0.02927298
fedavg,0.5,20,minority,0,0.13607422
fedavg,0.5,20,minority,1,0.04170458
fedavg,1.0,1,majority,0,0.04153836
fedavg,1.0,1,majority,1,0.114816345
fedavg,1.0,1,majority,2,0.041637916
fedavg,1.0,1,majority,3,0.06607955
fedavg,1.0,1,majority,4,0.080362305
fedavg,1.0,1,majority,5,0.08903386
fedavg,1.0,1,minority,0,0.16086365
fedavg,1.0,1,minority,1,0.12691036
fedavg,1.0,2,majority,0,0.12241995
fedavg,1.0,2,majority,1,0.059566658
fedavg,1.0,2,majority,2,0.056961797
fedavg,1.0,2,majority,3,0.07878056
fedavg,1.0,2,majority,4,0.036874957
fedavg,1.0,2,majority,5,0.052685153
fedavg,1.0,2,minority,0,0.13127401
fedavg,1.0,2,minority,1,0.15365979
fedavg,1.0,3,majority,0,0.08868725
fedavg,1.0,3,majority,1,0.0694704
fedavg,1.0,3,majority,2,0.07767348
fedavg,1.0,3,majority,3,0.017105578
fedavg,1.0,3,majority,4,0.074055426
fedavg,1.0,3,majority,5,0.06620818
fedavg,1.0,3,minority,0,0.12527019
fedavg,1.0,3,minority,1,0.17559864
fedavg,1.0,4,majority,0,0.062764935
fedavg,1.0,4,majority,1,0.081780985
fedavg,1.0,4,majority,2,0.09572506
fedavg,1.0,4,majority,3,0.102579
fedavg,1.0,4,majority,4,0.047015727
fedavg,1.0,4,majority,5,0.14388761
fedavg,1.0,4,minority,0,0.11291995
fedavg,1.0,4,minority,1,0.11337616
fedavg,1.0,5,majority,0,0.068739496
fedavg,1.0,5,majority,1,0.08674679
fedavg,1.0,5,majority,2,0.056734554
fedavg,1.0,5,majority,3,0.050039142
fedavg,1.0,5,majority,4,0.056566723
fedavg,1.0,5,majority,5,0.07878652
fedavg,1.0,5,minority,0,0.07959227
fedavg,1.0,5,minority,1,0.13360575
fedavg,1.0,6,majority,0,0.11637326
fedavg,1.0,6,majority,1,0.05465272
fedavg,1.0,6,majority,2,0.092030905
fedavg,1.0,6,majority,3,0.13174342
fedavg,1.0,6,majority,4,0.014076062
fedavg,1.0,6,majority,5,0.07056341
fedavg,1.0,6,minority,0,0.18440975
fedavg,1.0,6,minority,1,0.123201914
fedavg,1.0,7,majority,0,0.07829843
fedavg,1.0,7,majority,1,0.05133476
fedavg,1.0,7,majority,2,0.0682895
fedavg,1.0,7,majority,3,0.12056071
fedavg,1.0,7,majority,4,0.06945036
fedavg,1.0,7,majority,5,0.044500694
fedavg,1.0,7,minority,0,0.118086584
fedavg,1.0,7,minority,1,0.124895714
fedavg,1.0,8,majority,0,0.06700043
fedavg,1.0,8,majority,1,0.058591742
fedavg,1.0,8,majority,2,0.09750616
fedavg,1.0,8,majority,3,0.090916134
fedavg,1.0,8,majority,4,0.13961363
fedavg,1.0,8,majority,5,0.11136299
fedavg,1.0,8,minority,0,0.16011308
fedavg,1.0,8,minority,1,0.17449115
fedavg,1.0,9,majority,0,0.056591403
fedavg,1.0,9,majority,1,0.029136384
fedavg,1.0,9,majority,2,0.08912434
fedavg,1.0,9,majority,3,0.11248509
fedavg,1.0,9,majority,4,0.01735372
fedavg,1.0,9,majority,5,0.0964401
fedavg,1.0,9,minority,0,0.09467224
fedavg,1.0,9,minority,1,0.1288079
fedavg,1.0,10,majority,0,0.057945676
fedavg,1.0,10,majority,1,0.11157984
fedavg,1.0,10,majority,2,0.12312926
fedavg,1.0,10,majority,3,0.08471193
fedavg,1.0,10,majority,4,0.080388784
fedavg,1.0,10,majority,5,0.079259515
fedavg,1.0,10,minority,0,0.11101117
fedavg,1.0,10,minority,1,0.1584667
fedavg,1.0,11,majority,0,0.09869227
fedavg,1.0,11,majority,1,0.09328355
fedavg,1.0,11,majority,2,0.07233202
fedavg,1.0,11,majority,3,0.09375803
fedavg,1.0,11,majority,4,0.086959116
fedavg,1.0,11,majority,5,0.037942167
fedavg,1.0,11,minority,0,0.15385978
fedavg,1.0,11,minority,1,0.12537844
fedavg,1.0,12,majority,0,0.086836986
fedavg,1.0,12,majority,1,0.10688556
fedavg,1.0,12,majority,2,0.037976593
fedavg,1.0,12,majority,3,0.06677995
fedavg,1.0,12,majority,4,0.11885293
fedavg,1.0,12,majority,5,0.06442942
fedavg,1.0,12,minority,0,0.060739167
fedavg,1.0,12,minority,1,0.06422207
fedavg,1.0,13,majority,0,0.05143368
fedavg,1.0,13,majority,1,0.025305329
fedavg,1.0,13,majority,2,0.05832387
fedavg,1.0,13,majority,3,0.07001264
fedavg,1.0,13,majority,4,0.095276035
fedavg,1.0,13,majority,5,0.08849418
fedavg,1.0,13,minority,0,0.13962321
fedavg,1.0,13,minority,1,0.08796533
fedavg,1.0,14,majority,0,0.038335044
fedavg,1.0,14,majority,1,0.12817453
fedavg,1.0,14,majority,2,0.05911272
fedavg,1.0,14,majority,3,0.087660484
fedavg,1.0,14,majority,4,0.0692303
fedavg,1.0,14,majority,5,0.062449653
fedavg,1.0,14,minority,0,0.15466538
fedavg,1.0,14,minority,1,0.15405305
fedavg,1.0,15,majority,0,0.05955179
fedavg,1.0,15,majority,1,0.019558344
fedavg,1.0,15,majority,2,0.12726742
fedavg,1.0,15,majority,3,0.15059467
fedavg,1.0,15,majority,4,0.086690344
fedavg,1.0,15,majority,5,0.06020441
fedavg,1.0,15,minority,0,0.10407932
fedavg,1.0,15,minority,1,0.18656754
fedavg,1.0,16,majority,0,0.101866215
fedavg,1.0,16,majority,1,0.0999079
fedavg,1.0,16,majority,2,0.08352912
fedavg,1.0,16,majority,3,0.06381864
fedavg,1.0,16,majority,4,0.1489192
fedavg,1.0,16,majority,5,0.05476715
fedavg,1.0,16,minority,0,0.16729543
fedavg,1.0,16,minority,1,0.15339331
fedavg,1.0,17,majority,0,0.0335819
fedavg,1.0,17,majority,1,0.0935754
fedavg,1.0,17,majority,2,0.10244011
fedavg,1.0,17,majority,3,0.10867926
fedavg,1.0,17,majority,4,0.066244505
fedavg,1.0,17,majority,5,0.07397142
fedavg,1.0,17,minority,0,0.12276683
fedavg,1.0,17,minority,1,0.08227269
fedavg,1.0,18,majority,0,0.0423405
fedavg,1.0,18,majority,1,0.07061408
fedavg,1.0,18,majority,2,0.10410804
fedavg,1.0,18,majority,3,0.061665706
fedavg,1.0,18,majority,4,0.044130683
fedavg,1.0,18,majority,5,0.028752783
fedavg,1.0,18,minority,0,0.09042168
fedavg,1.0,18,minority,1,0.097742945
fedavg,1.0,19,majority,0,0.113086164
fedavg,1.0,19,majority,1,0.06525128
fedavg,1.0,19,majority,2,0.020672753
fedavg,1.0,19,majority,3,0.094700456
fedavg,1.0,19,majority,4,0.05446005
fedavg,1.0,19,majority,5,0.10100454
fedavg,1.0,19,minority,0,0.14082815
fedavg,1.0,19,minority,1,0.16543731
fedavg,1.0,20,majority,0,0.087957814
fedavg,1.0,20,majority,1,0.0584989
fedavg,1.0,20,majority,2,0.09185545
fedavg,1.0,20,majority,3,0.06620479
fedavg,1.0,20,majority,4,0.06501931
fedavg,1.0,20,majority,5,0.04111813
fedavg,1.0,20,minority,0,0.18783955
fedavg,1.0,20,minority,1,0.09316909
fedavg,1.5,1,majority,0,0.02710204
fedavg,1.5,1,majority,1,0.12520693
fedavg,1.5,1,majority,2,0.059360623
fedavg,1.5,1,majority,3,0.07856168
fedavg,1.5,1,majority,4,0.084799215
fedavg,1.5,1,majority,5,0.1063056
fedavg,1.5,1,minority,0,0.21196377
fedavg,1.5,1,minority,1,0.15706748
fedavg,1.5,2,majority,0,0.13532276
fedavg,1.5,2,majority,1,0.07346831
fedavg,1.5,2,majority,2,0.055115562
fedavg,1.5,2,majority,3,0.09633833
fedavg,1.5,2,majority,4,0.053194597
fedavg,1.5,2,majority,5,0.05567297
fedavg,1.5,2,minority,0,0.18179613
fedavg,1.5,2,minority,1,0.19314109
fedavg,1.5,3,majority,0,0.10544751
fedavg,1.5,3,majority,1,0.08634348
fedavg,1.5,3,majority,2,0.09486228
fedavg,1.5,3,majority,3,0.031936377
fedavg,1.5,3,majority,4,0.076333314
fedavg,1.5,3,majority,5,0.08125586
fedavg,1.5,3,minority,0,0.17632383
fedavg,1.5,3,minority,1,0.22770472
fedavg,1.5,4,majority,0,0.07849738
fedavg,1.5,4,majority,1,0.09225918
fedavg,1.5,4,majority,2,0.11274661
fedavg,1.5,4,majority,3,0.11418383
fedavg,1.5,4,majority,4,0.06241933
fedavg,1.5,4,majority,5,0.13495353
fedavg,1.5,4,minority,0,0.16416016
fedavg,1.5,4,minority,1,0.16300333
fedavg,1.5,5,majority,0,0.08324146
fedavg,1.5,5,majority,1,0.09620651
fedavg,1.5,5,majority,2,0.06812448
fedavg,1.5,5,majority,3,0.050811753
fedavg,1.5,5,majority,4,0.05355623
fedavg,1.5,5,majority,5,0.09382973
fedavg,1.5,5,minority,0,0.12378453
fedavg,1.5,5,minority,1,0.17878099
fedavg,1.5,6,majority,0,0.12938896
fedavg,1.5,6,majority,1,0.059323374
fedavg,1.5,6,majority,2,0.10222408
fedavg,1.5,6,majority,3,0.1453669
fedavg,1.5,6,majority,4,0.020883854
fedavg,1.5,6,majority,5,0.088390805
fedavg,1.5,6,minority,0,0.23625045
fedavg,1.5,6,minority,1,0.17619728
fedavg,1.5,7,majority,0,0.095031515
fedavg,1.5,7,majority,1,0.061321247
fedavg,1.5,7,majority,2,0.083149776
fedavg,1.5,7,majority,3,0.12119412
fedavg,1.5,7,majority,4,0.085269436
fedavg,1.5,7,majority,5,0.049350675
fedavg,1.5,7,minority,0,0.17084281
fedavg,1.5,7,minority,1,0.16837794
fedavg,1.5,8,majority,0,0.07949973
fedavg,1.5,8,majority,1,0.071835995
fedavg,1.5,8,majority,2,0.10605544
fedavg,1.5,8,majority,3,0.098430395
fedavg,1.5,8,majority,4,0.15220904
fedavg,1.5,8,majority,5,0.12344491
fedavg,1.5,8,minority,0,0.2095059
fedavg,1.5,8,minority,1,0.22780128
fedavg,1.5,9,majority,0,0.0696477
fedavg,1.5,9,majority,1,0.046266705
fedavg,1.5,9,majority,2,0.085041754
fedavg,1.5,9,majority,3,0.12942283
fedavg,1.5,9,majority,4,0.03061287
fedavg,1.5,9,majority,5,0.102091275
fedavg,1.5,9,minority,0,0.13704379
fedavg,1.5,9,minority,1,0.17614056
fedavg,1.5,10,majority,0,0.07086912
fedavg,1.5,10,majority,1,0.12927102
fedavg,1.5,10,majority,2,0.13592632
fedavg,1.5,10,majority,3,0.09755482
fedavg,1.5,10,majority,4,0.09251766
fedavg,1.5,10,majority,5,0.06343782
fedavg,1.5,10,minority,0,0.16381788
fedavg,1.5,10,minority,1,0.21180697
fedavg,1.5,11,majority,0,0.114956215
fedavg,1.5,11,majority,1,0.11082879
fedavg,1.5,11,majority,2,0.07233961
fedavg,1.5,11,majority,3,0.09846793
fedavg,1.5,11,majority,4,0.10164322
fedavg,1.5,11,majority,5,0.040000416
fedavg,1.5,11,minority,0,0.20364249
fedavg,1.5,11,minority,1,0.17492631
fedavg,1.5,12,majority,0,0.0957811
fedavg,1.5,12,majority,1,0.09550735
fedavg,1.5,12,majority,2,0.040838886
fedavg,1.5,12,majority,3,0.07811222
fedavg,1.5,12,majority,4,0.13475333
fedavg,1.5,12,majority,5,0.06952273
fedavg,1.5,12,minority,0,0.10900738
fedavg,1.5,12,minority,1,0.11691518
fedavg,1.5,13,majority,0,0.061357852
fedavg,1.5,13,majority,1,0.040992025
fedavg,1.5,13,majority,2,0.044634547
fedavg,1.5,13,majority,3,0.086620286
fedavg,1.5,13,majority,4,0.10000266
fedavg,1.5,13,majority,5,0.10199696
fedavg,1.5,13,minority,0,0.18492527
fedavg,1.5,13,minority,1,0.116508745
fedavg,1.5,14,majority,0,0.05315647
fedavg,1.5,14,majority,1,0.14508165
fedavg,1.5,14,majority,2,0.07459548
fedavg,1.5,14,majority,3,0.098958015
fedavg,1.5,14,majority,4,0.058208816
fedavg,1.5,14,majority,5,0.07644418
fedavg,1.5,14,minority,0,0.19958879
fedavg,1.5,14,minority,1,0.19974774
fedavg,1.5,15,majority,0,0.074641146
fedavg,1.5,15,majority,1,0.021562872
fedavg,1.5,15,majority,2,0.1450686
fedavg,1.5,15,majority,3,0.16799009
fedavg,1.5,15,majority,4,0.073784165
fedavg,1.5,15,majority,5,0.0718682
fedavg,1.5,15,minority,0,0.15527846
fedavg,1.5,15,minority,1,0.23964141
fedavg,1.5,16,majority,0,0.095144674
fedavg,1.5,16,majority,1,0.1082186
fedavg,1.5,16,majority,2,0.09894228
fedavg,1.5,16,majority,3,0.07856761
fedavg,1.5,16,majority,4,0.16482083
fedavg,1.5,16,majority,5,0.069046624
fedavg,1.5,16,minority,0,0.2129013
fedavg,1.5,16,minority,1,0.20594902
fedavg,1.5,17,majority,0,0.038150072
fedavg,1.5,17,majority,1,0.092954494
fedavg,1.5,17,majority,2,0.118525304
fedavg,1.5,17,majority,3,0.124289006
fedavg,1.5,17,majority,4,0.07851549
fedavg,1.5,17,majority,5,0.06889673
fedavg,1.5,17,minority,0,0.1709332
fedavg,1.5,17,minority,1,0.13410611
fedavg,1.5,18,majority,0,0.034005668
fedavg,1.5,18,majority,1,0.08263383
fedavg,1.5,18,majority,2,0.11438547
fedavg,1.5,18,majority,3,0.07444128
fedavg,1.5,18,majority,4,0.060075864
fedavg,1.5,18,majority,5,0.044467375
fedavg,1.5,18,minority,0,0.14345486
fedavg,1.5,18,minority,1,0.14545526
fedavg,1.5,19,majority,0,0.12248379
fedavg,1.5,19,majority,1,0.07656528
fedavg,1.5,19,majority,2,0.03167304
fedavg,1.5,19,majority,3,0.10465752
fedavg,1.5,19,majority,4,0.07094612
fedavg,1.5,19,majority,5,0.11706231
fedavg,1.5,19,minority,0,0.19093071
fedavg,1.5,19,minority,1,0.21585236
fedavg,1.5,20,majority,0,0.0961595
fedavg,1.5,20,majority,1,0.068705425
fedavg,1.5,20,majority,2,0.107679985
fedavg,1.5,20,majority,3,0.083603986
fedavg,1.5,20,majority,4,0.07689515
fedavg,1.5,20,majority,5,0.056233834
fedavg,1.5,20,minority,0,0.24039748
fedavg,1.5,20,minority,1,0.14615573
fedavg,2.0,1,majority,0,0.01952833
fedavg,2.0,1,majority,1,0.1371441
fedavg,2.0,1,majority,2,0.07714532
fedavg,2.0,1,majority,3,0.092817664
fedavg,2.0,1,majority,4,0.09252817
fedavg,2.0,1,majority,5,0.12374362
fedavg,2.0,1,minority,0,0.26404527
fedavg,2.0,1,minority,1,0.19741811
fedavg,2.0,2,majority,0,0.14925022
fedavg,2.0,2,majority,1,0.08879621
fedavg,2.0,2,majority,2,0.058894478
fedavg,2.0,2,majority,3,0.113988966
fedavg,2.0,2,majority,4,0.07026595
fedavg,2.0,2,majority,5,0.06372592
fedavg,2.0,2,minority,0,0.23368062
fedavg,2.0,2,minority,1,0.2381919
fedavg,2.0,3,majority,0,0.12251819
fedavg,2.0,3,majority,1,0.103547245
fedavg,2.0,3,majority,2,0.112259746
fedavg,2.0,3,majority,3,0.048836716
fedavg,2.0,3,majority,4,0.08250516
fedavg,2.0,3,majority,5,0.09725882
fedavg,2.0,3,minority,0,0.22853309
fedavg,2.0,3,minority,1,0.28036377
fedavg,2.0,4,majority,0,0.0949842
fedavg,2.0,4,majority,1,0.104752906
fedavg,2.0,4,majority,2,0.12999265
fedavg,2.0,4,majority,3,0.12724465
fedavg,2.0,4,majority,4,0.07886466
fedavg,2.0,4,majority,5,0.1279024
fedavg,2.0,4,minority,0,0.21653183
fedavg,2.0,4,minority,1,0.21453635
fedavg,2.0,5,majority,0,0.098847866
fedavg,2.0,5,majority,1,0.1078153
fedavg,2.0,5,majority,2,0.08185881
fedavg,2.0,5,majority,3,0.0574239
fedavg,2.0,5,majority,4,0.056342702
fedavg,2.0,5,majority,5,0.10971995
fedavg,2.0,5,minority,0,0.17334951
fedavg,2.0,5,minority,1,0.22762819
fedavg,2.0,6,majority,0,0.14345035
fedavg,2.0,6,majority,1,0.068478845
fedavg,2.0,6,majority,2,0.11431346
fedavg,2.0,6,majority,3,0.15982631
fedavg,2.0,6,majority,4,0.03621997
fedavg,2.0,6,majority,5,0.10622808
fedavg,2.0,6,minority,0,0.2887238
fedavg,2.0,6,minority,1,0.2294604
fedavg,2.0,7,majority,0,0.112112164
fedavg,2.0,7,majority,1,0.07431754
fedavg,2.0,7,majority,2,0.099005476
fedavg,2.0,7,majority,3,0.12441419
fedavg,2.0,7,majority,4,0.10176528
fedavg,2.0,7,majority,5,0.05940056
fedavg,2.0,7,minority,0,0.22398637
fedavg,2.0,7,minority,1,0.2164326
fedavg,2.0,8,majority,0,0.093750335
fedavg,2.0,8,majority,1,0.08675014
fedavg,2.0,8,majority,2,0.11672965
fedavg,2.0,8,majority,3,0.10839331
fedavg,2.0,8,majority,4,0.16577393
fedavg,2.0,8,majority,5,0.13679668
fedavg,2.0,8,minority,0,0.26055536
fedavg,2.0,8,minority,1,0.2812106
fedavg,2.0,9,majority,0,0.084479444
fedavg,2.0,9,majority,1,0.06379674
fedavg,2.0,9,majority,2,0.084609754
fedavg,2.0,9,majority,3,0.1465791
fedavg,2.0,9,majority,4,0.0470201
fedavg,2.0,9,majority,5,0.1103735
fedavg,2.0,9,minority,0,0.1853077
fedavg,2.0,9,minority,1,0.2262728
fedavg,2.0,10,majority,0,0.0855857
fedavg,2.0,10,majority,1,0.14700222
fedavg,2.0,10,majority,2,0.1497627
fedavg,2.0,10,majority,3,0.11178348
fedavg,2.0,10,majority,4,0.106275275
fedavg,2.0,10,majority,5,0.049034707
fedavg,2.0,10,minority,0,0.21699983
fedavg,2.0,10,minority,1,0.26524046
fedavg,2.0,11,majority,0,0.13163379
fedavg,2.0,11,majority,1,0.12846011
fedavg,2.0,11,majority,2,0.07662811
fedavg,2.0,11,majority,3,0.106014386
fedavg,2.0,11,majority,4,0.11721166
fedavg,2.0,11,majority,5,0.048971586
fedavg,2.0,11,minority,0,0.25496575
fedavg,2.0,11,minority,1,0.226315
fedavg,2.0,12,majority,0,0.10698182
fedavg,2.0,12,majority,1,0.08635134
fedavg,2.0,12,majority,2,0.050310627
fedavg,2.0,12,majority,3,0.091548994
fedavg,2.0,12,majority,4,0.15109146
fedavg,2.0,12,majority,5,0.07844372
fedavg,2.0,12,minority,0,0.16067292
fedavg,2.0,12,minority,1,0.17015772
fedavg,2.0,13,majority,0,0.07430957
fedavg,2.0,13,majority,1,0.05794908
fedavg,2.0,13,majority,2,0.034936488
fedavg,2.0,13,majority,3,0.10364429
fedavg,2.0,13,majority,4,0.107523404
fedavg,2.0,13,majority,5,0.11667611
fedavg,2.0,13,minority,0,0.23375179
fedavg,2.0,13,minority,1,0.15858893
fedavg,2.0,14,majority,0,0.06942209
fedavg,2.0,14,majority,1,0.16219254
fedavg,2.0,14,majority,2,0.090953
fedavg,2.0,14,majority,3,0.11197682
fedavg,2.0,14,majority,4,0.051200163
fedavg,2.0,14,majority,5,0.09178903
fedavg,2.0,14,minority,0,0.24797127
fedavg,2.0,14,minority,1,0.24860774
fedavg,2.0,15,majority,0,0.09074115
fedavg,2.0,15,majority,1,0.03442591
fedavg,2.0,15,majority,2,0.16288215
fedavg,2.0,15,majority,3,0.1854735
fedavg,2.0,15,majority,4,0.063330345
fedavg,2.0,15,majority,5,0.08569275
fedavg,2.0,15,minority,0,0.20767789
fedavg,2.0,15,minority,1,0.2928964
fedavg,2.0,16,majority,0,0.091466114
fedavg,2.0,16,majority,1,0.11865371
fedavg,2.0,16,majority,2,0.1150643
fedavg,2.0,16,majority,3,0.09439628
fedavg,2.0,16,majority,4,0.1810874
fedavg,2.0,16,majority,5,0.0846947
fedavg,2.0,16,minority,0,0.26154524
fedavg,2.0,16,minority,1,0.2589213
fedavg,2.0,17,majority,0,0.049202256
fedavg,2.0,17,majority,1,0.095720805
fedavg,2.0,17,majority,2,0.13505654
fedavg,2.0,17,majority,3,0.14043534
fedavg,2.0,17,majority,4,0.09262171
fedavg,2.0,17,majority,5,0.06826052
fedavg,2.0,17,minority,0,0.22159524
fedavg,2.0,17,minority,1,0.1869222
fedavg,2.0,18,majority,0,0.034026507
fedavg,2.0,18,majority,1,0.09647851
fedavg,2.0,18,majority,2,0.12636192
fedavg,2.0,18,majority,3,0.08898369
fedavg,2.0,18,majority,4,0.0768664
fedavg,2.0,18,majority,5,0.061365485
fedavg,2.0,18,minority,0,0.19677977
fedavg,2.0,18,minority,1,0.19621567
fedavg,2.0,19,majority,0,0.13361837
fedavg,2.0,19,majority,1,0.090025075
fedavg,2.0,19,majority,2,0.04708236
fedavg,2.0,19,majority,3,0.116515994
fedavg,2.0,19,majority,4,0.087969
fedavg,2.0,19,majority,5,0.13357762
fedavg,2.0,19,minority,0,0.24252073
fedavg,2.0,19,minority,1,0.26749727
fedavg,2.0,20,majority,0,0.10674491
fedavg,2.0,20,majority,1,0.08158734
fedavg,2.0,20,majority,2,0.1240576
fedavg,2.0,20,majority,3,0.101163
fedavg,2.0,20,majority,4,0.09075223
fedavg,2.0,20,majority,5,0.07260558
fedavg,2.0,20,minority,0,0.29332244
fedavg,2.0,20,minority,1,0.19945495
fedavg,3.0,1,majority,0,0.039853405
fedavg,3.0,1,majority,1,0.16427197
fedavg,3.0,1,majority,2,0.1127836
fedavg,3.0,1,majority,3,0.12415629
fedavg,3.0,1,majority,4,0.11496029
fedavg,3.0,1,majority,5,0.15889938
fedavg,3.0,1,minority,0,0.36948878
fedavg,3.0,1,minority,1,0.2912058
fedavg,3.0,2,majority,0,0.17920835
fedavg,3.0,2,majority,1,0.12154163
fedavg,3.0,2,majority,2,0.07901576
fedavg,3.0,2,majority,3,0.1494377
fedavg,3.0,2,majority,4,0.10519448
fedavg,3.0,2,majority,5,0.08886663
fedavg,3.0,2,minority,0,0.33902737
fedavg,3.0,2,minority,1,0.3358849
fedavg,3.0,3,majority,0,0.1571845
fedavg,3.0,3,majority,1,0.13845184
fedavg,3.0,3,majority,2,0.14738497
fedavg,3.0,3,majority,3,0.08383583
fedavg,3.0,3,majority,4,0.10334899
fedavg,3.0,3,majority,5,0.13071351
fedavg,3.0,3,minority,0,0.33424753
fedavg,3.0,3,minority,1,0.38643506
fedavg,3.0,4,majority,0,0.12905644
fedavg,3.0,4,majority,1,0.1334513
fedavg,3.0,4,majority,2,0.16487543
fedavg,3.0,4,majority,3,0.15623985
fedavg,3.0,4,majority,4,0.11304781
fedavg,3.0,4,majority,5,0.12068738
fedavg,3.0,4,minority,0,0.3224598
fedavg,3.0,4,minority,1,0.31961975
fedavg,3.0,5,majority,0,0.13178657
fedavg,3.0,5,majority,1,0.1351824
fedavg,3.0,5,majority,2,0.112844706
fedavg,3.0,5,majority,3,0.081499144
fedavg,3.0,5,majority,4,0.075499915
fedavg,3.0,5,majority,5,0.14290096
fedavg,3.0,5,minority,0,0.2769917
fedavg,3.0,5,minority,1,0.32975417
fedavg,3.0,6,majority,0,0.17367879
fedavg,3.0,6,majority,1,0.09456658
fedavg,3.0,6,majority,2,0.14218478
fedavg,3.0,6,majority,3,0.19048266
fedavg,3.0,6,majority,4,0.070545524
fedavg,3.0,6,majority,5,0.14191781
fedavg,3.0,6,minority,0,0.39455667
fedavg,3.0,6,minority,1,0.33628044
fedavg,3.0,7,majority,0,0.14682859
fedavg,3.0,7,majority,1,0.10469946
fedavg,3.0,7,majority,2,0.13225643
fedavg,3.0,7,majority,3,0.13774595
fedavg,3.0,7,majority,4,0.13579412
fedavg,3.0,7,majority,5,0.087336004
fedavg,3.0,7,minority,0,0.3306879
fedavg,3.0,7,minority,1,0.3178779
fedavg,3.0,8,majority,0,0.12506095
fedavg,3.0,8,majority,1,0.119034514
fedavg,3.0,8,majority,2,0.14246139
fedavg,3.0,8,majority,3,0.13335486
fedavg,3.0,8,majority,4,0.19498996
fedavg,3.0,8,majority,5,0.16606016
fedavg,3.0,8,minority,0,0.36483026
fedavg,3.0,8,minority,1,0.3881634
fedavg,3.0,9,majority,0,0.11671345
fedavg,3.0,9,majority,1,0.09920763
fedavg,3.0,9,majority,2,0.094474934
fedavg,3.0,9,majority,3,0.18129817
fedavg,3.0,9,majority,4,0.08168025
fedavg,3.0,9,majority,5,0.13272147
fedavg,3.0,9,minority,0,0.28753126
fedavg,3.0,9,minority,1,0.3297976
fedavg,3.0,10,majority,0,0.11765703
fedavg,3.0,10,majority,1,0.18253838
fedavg,3.0,10,majority,2,0.17957726
fedavg,3.0,10,majority,3,0.1427095
fedavg,3.0,10,majority,4,0.13666582
fedavg,3.0,10,majority,5,0.032829404
fedavg,3.0,10,minority,0,0.3237493
fedavg,3.0,10,minority,1,0.3722263
fedavg,3.0,11,majority,0,0.16572781
fedavg,3.0,11,majority,1,0.16386957
fedavg,3.0,11,majority,2,0.095198974
fedavg,3.0,11,majority,3,0.12743066
fedavg,3.0,11,majority,4,0.14988767
fedavg,3.0,11,majority,5,0.07686249
fedavg,3.0,11,minority,0,0.35958505
fedavg,3.0,11,minority,1,0.3311742
fedavg,3.0,12,majority,0,0.1337929
fedavg,3.0,12,majority,1,0.07771488
fedavg,3.0,12,majority,2,0.078556344
fedavg,3.0,12,majority,3,0.12187665
fedavg,3.0,12,majority,4,0.18461391
fedavg,3.0,12,majority,5,0.1034733
fedavg,3.0,12,minority,0,0.26627344
fedavg,3.0,12,minority,1,0.2770234
fedavg,3.0,13,majority,0,0.10463947
fedavg,3.0,13,majority,1,0.092880845
fedavg,3.0,13,majority,2,0.039880574
fedavg,3.0,13,majority,3,0.13832381
fedavg,3.0,13,majority,4,0.12882566
fedavg,3.0,13,majority,5,0.14814326
fedavg,3.0,13,minority,0,0.33577433
fedavg,3.0,13,minority,1,0.25597307
fedavg,3.0,14,majority,0,0.10353893
fedavg,3.0,14,majority,1,0.1968124
fedavg,3.0,14,majority,2,0.124906436
fedavg,3.0,14,majority,3,0.14122425
fedavg,3.0,14,majority,4,0.054782424
fedavg,3.0,14,majority,5,0.12450501
fedavg,3.0,14,minority,0,0.3493097
fedavg,3.0,14,minority,1,0.35048315
fedavg,3.0,15,majority,0,0.12438845
fedavg,3.0,15,majority,1,0.06737032
fedavg,3.0,15,majority,2,0.1985325
fedavg,3.0,15,majority,3,0.22061965
fedavg,3.0,15,majority,4,0.055292554
fedavg,3.0,15,majority,5,0.116674624
fedavg,3.0,15,minority,0,0.31366688
fedavg,3.0,15,minority,1,0.39966038
fedavg,3.0,16,majority,0,0.09437369
fedavg,3.0,16,majority,1,0.14396796
fedavg,3.0,16,majority,2,0.14850388
fedavg,3.0,16,majority,3,0.12766954
fedavg,3.0,16,majority,4,0.2143811
fedavg,3.0,16,majority,5,0.11788957
fedavg,3.0,16,minority,0,0.36301982
fedavg,3.0,16,minority,1,0.3653905
fedavg,3.0,17,majority,0,0.079151735
fedavg,3.0,17,majority,1,0.110089086
fedavg,3.0,17,majority,2,0.16893087
fedavg,3.0,17,majority,3,0.17373562
fedavg,3.0,17,majority,4,0.123775125
fedavg,3.0,17,majority,5,0.079989046
fedavg,3.0,17,minority,0,0.3257244
fedavg,3.0,17,minority,1,0.29337716
fedavg,3.0,18,majority,0,0.05544286
fedavg,3.0,18,majority,1,0.12720421
fedavg,3.0,18,majority,2,0.1537766
fedavg,3.0,18,majority,3,0.12076668
fedavg,3.0,18,majority,4,0.11144692
fedavg,3.0,18,majority,5,0.09620679
fedavg,3.0,18,minority,0,0.30369014
fedavg,3.0,18,minority,1,0.30067694
fedavg,3.0,19,majority,0,0.15959387
fedavg,3.0,19,majority,1,0.120425425
fedavg,3.0,19,majority,2,0.08097625
fedavg,3.0,19,majority,3,0.14399569
fedavg,3.0,19,majority,4,0.1227282
fedavg,3.0,19,majority,5,0.16743673
fedavg,3.0,19,minority,0,0.34750444
fedavg,3.0,19,minority,1,0.3724234
fedavg,3.0,20,majority,0,0.13267799
fedavg,3.0,20,majority,1,0.1115433
fedavg,3.0,20,majority,2,0.15777914
fedavg,3.0,20,majority,3,0.13651317
fedavg,3.0,20,majority,4,0.12163677
fedavg,3.0,20,majority,5,0.106786944
fedavg,3.0,20,minority,0,0.39968947
fedavg,3.0,20,minority,1,0.30633855
krum,0.0,1,majority,0,0.40020156
krum,0.0,1,majority,1,0.0
krum,0.0,1,majority,2,0.40020156
krum,0.0,1,majority,3,0.0
krum,0.0,1,majority,4,0.0
krum,0.0,1,majority,5,0.40020156
krum,0.0,1,minority,0,0.0
krum,0.0,1,minority,1,0.0
krum,0.0,2,majority,0,0.0
krum,0.0,2,majority,1,0.0
krum,0.0,2,majority,2,0.41174048
krum,0.0,2,majority,3,0.0
krum,0.0,2,majority,4,0.41174048
krum,0.0,2,majority,5,0.41174048
krum,0.0,2,minority,0,0.0
krum,0.0,2,minority,1,0.41174048
krum,0.0,3,majority,0,0.41728544
krum,0.0,3,majority,1,0.43476412
krum,0.0,3,majority,2,0.0
krum,0.0,3,majority,3,0.0
krum,0.0,3,majority,4,0.0
krum,0.0,3,majority,5,0.0
krum,0.0,3,minority,0,0.0
krum,0.0,3,minority,1,0.0
krum,0.0,4,majority,0,0.2512104
krum,0.0,4,majority,1,0.21559429
krum,0.0,4,majority,2,0.2512104
krum,0.0,4,majority,3,0.2512104
krum,0.0,4,majority,4,0.0
krum,0.0,4,majority,5,0.2512104
krum,0.0,4,minority,0,0.37784013
krum,0.0,4,minority,1,0.0
krum,0.0,5,majority,0,0.0
krum,0.0,5,majority,1,0.0
krum,0.0,5,majority,2,0.43370658
krum,0.0,5,majority,3,0.0
krum,0.0,5,majority,4,0.43370658
krum,0.0,5,majority,5,0.43370658
krum,0.0,5,minority,0,0.0
krum,0.0,5,minority,1,0.0
krum,0.0,6,majority,0,0.0
krum,0.0,6,majority,1,0.21518831
krum,0.0,6,majority,2,0.0
krum,0.0,6,majority,3,0.0
krum,0.0,6,majority,4,0.21518831
krum,0.0,6,majority,5,0.0
krum,0.0,6,minority,0,0.21518831
krum,0.0,6,minority,1,0.0
krum,0.0,7,majority,0,0.0
krum,0.0,7,majority,1,0.4323052
krum,0.0,7,majority,2,0.0
krum,0.0,7,majority,3,0.0
krum,0.0,7,majority,4,0.4323052
krum,0.0,7,majority,5,0.0
krum,0.0,7,minority,0,0.0
krum,0.0,7,minority,1,0.4323052
krum,0.0,8,majority,0,0.49025768
krum,0.0,8,majority,1,0.0
krum,0.0,8,majority,2,0.0
krum,0.0,8,majority,3,0.35206002
krum,0.0,8,majority,4,0.35206002
krum,0.0,8,majority,5,0.35206002
krum,0.0,8,minority,0,0.49025768
krum,0.0,8,minority,1,0.0
krum,0.0,9,majority,0,0.0
krum,0.0,9,majority,1,0.35318452
krum,0.0,9,majority,2,0.0
krum,0.0,9,majority,3,0.0
krum,0.0,9,majority,4,0.0
krum,0.0,9,majority,5,0.0
krum,0.0,9,minority,0,0.0
krum,0.0,9,minority,1,0.0
krum,0.0,10,majority,0,0.0
krum,0.0,10,majority,1,0.0
krum,0.0,10,majority,2,0.44193342
krum,0.0,10,majority,3,0.0
krum,0.0,10,majority,4,0.44193342
krum,0.0,10,majority,5,0.44193342
krum,0.0,10,minority,0,0.44193342
krum,0.0,10,minority,1,0.0
krum,0.0,11,majority,0,0.80870247
krum,0.0,11,majority,1,0.0
krum,0.0,11,majority,2,0.80870247
krum,0.0,11,majority,3,0.0
krum,0.0,11,majority,4,0.80870247
krum,0.0,11,majority,5,0.0
krum,0.0,11,minority,0,0.0
krum,0.0,11,minority,1,0.0
krum,0.0,12,majority,0,0.0
krum,0.0,12,majority,1,0.0
krum,0.0,12,majority,2,0.34874636
krum,0.0,12,majority,3,0.34874636
krum,0.0,12,majority,4,0.0
krum,0.0,12,majority,5,0.0
krum,0.0,12,minority,0,0.0
krum,0.0,12,minority,1,0.34874636
krum,0.0,13,majority,0,0.0
krum,0.0,13,majority,1,0.42219144
krum,0.0,13,majority,2,0.0
krum,0.0,13,majority,3,0.0
krum,0.0,13,majority,4,0.0
krum,0.0,13,majority,5,0.0
krum,0.0,13,minority,0,0.0
krum,0.0,13,minority,1,0.0
krum,0.0,14,majority,0,0.0
krum,0.0,14,majority,1,0.27096295
krum,0.0,14,majority,2,0.27096295
krum,0.0,14,majority,3,0.13323297
krum,0.0,14,majority,4,0.0
krum,0.0,14,majority,5,0.0
krum,0.0,14,minority,0,0.0
krum,0.0,14,minority,1,0.0
krum,0.0,15,majority,0,0.0
krum,0.0,15,majority,1,0.53446573
krum,0.0,15,majority,2,0.0
krum,0.0,15,majority,3,0.53446573
krum,0.0,15,majority,4,0.53446573
krum,0.0,15,majority,5,0.0
krum,0.0,15,minority,0,0.0
krum,0.0,15,minority,1,0.53446573
krum,0.0,16,majority,0,0.5773411
krum,0.0,16,majority,1,0.0
krum,0.0,16,majority,2,0.0
krum,0.0,16,majority,3,0.5086593
krum,0.0,16,majority,4,0.5773411
krum,0.0,16,majority,5,0.0
krum,0.0,16,minority,0,0.5773411
krum,0.0,16,minority,1,0.0
krum,0.0,17,majority,0,0.0
krum,0.0,17,majority,1,0.25867945
krum,0.0,17,majority,2,0.25867945
krum,0.0,17,majority,3,0.25867945
krum,0.0,17,majority,4,0.0
krum,0.0,17,majority,5,0.0
krum,0.0,17,minority,0,0.0
krum,0.0,17,minority,1,0.4622339
krum,0.0,18,majority,0,0.15178463
krum,0.0,18,majority,1,0.15178463
krum,0.0,18,majority,2,0.15178463
krum,0.0,18,majority,3,0.0
krum,0.0,18,majority,4,0.15178463
krum,0.0,18,majority,5,0.15178463
krum,0.0,18,minority,0,0.0
krum,0.0,18,minority,1,0.0
krum,0.0,19,majority,0,0.33951098
krum,0.0,19,majority,1,0.2961529
krum,0.0,19,majority,2,0.0
krum,0.0,19,majority,3,0.33951098
krum,0.0,19,majority,4,0.2961529
krum,0.0,19,majority,5,0.33951098
krum,0.0,19,minority,0,0.0
krum,0.0,19,minority,1,0.0
krum,0.0,20,majority,0,0.0
krum,0.0,20,majority,1,0.12775776
krum,0.0,20,majority,2,0.0
krum,0.0,20,majority,3,0.0
krum,0.0,20,majority,4,0.0
krum,0.0,20,majority,5,0.0
krum,0.0,20,minority,0,0.0
krum,0.0,20,minority,1,0.12775776
krum,0.5,1,majority,0,0.0
krum,0.5,1,majority,1,0.0
krum,0.5,1,majority,2,0.40020156
krum,0.5,1,majority,3,0.0
krum,0.5,1,majority,4,0.0
krum,0.5,1,majority,5,0.0
krum,0.5,1,minority,0,0.0
krum,0.5,1,minority,1,0.0
krum,0.5,2,majority,0,0.0
krum,0.5,2,majority,1,0.0
krum,0.5,2,majority,2,0.0
krum,0.5,2,majority,3,0.0
krum,0.5,2,majority,4,0.41174048
krum,0.5,2,majority,5,0.41174048
krum,0.5,2,minority,0,0.0
krum,0.5,2,minority,1,0.0
krum,0.5,3,majority,0,0.24937968
krum,0.5,3,majority,1,0.0
krum,0.5,3,majority,2,0.46310732
krum,0.5,3,majority,3,0.0
krum,0.5,3,majority,4,0.34610045
krum,0.5,3,majority,5,0.0
krum,0.5,3,minority,0,0.34610045
krum,0.5,3,minority,1,0.34610045
krum,0.5,4,majority,0,0.0
krum,0.5,4,majority,1,0.0
krum,0.5,4,majority,2,0.0
krum,0.5,4,majority,3,0.0
krum,0.5,4,majority,4,0.4192356
krum,0.5,4,majority,5,0.0
krum,0.5,4,minority,0,0.0
krum,0.5,4,minority,1,0.0
krum,0.5,5,majority,0,0.0
krum,0.5,5,majority,1,0.0
krum,0.5,5,majority,2,0.43370658
krum,0.5,5,majority,3,0.0
krum,0.5,5,majority,4,0.43370658
krum,0.5,5,majority,5,0.0
krum,0.5,5,minority,0,0.0
krum,0.5,5,minority,1,0.0
krum,0.5,6,majority,0,0.0
krum,0.5,6,majority,1,0.51565766
krum,0.5,6,majority,2,0.0
krum,0.5,6,majority,3,0.0
krum,0.5,6,majority,4,0.51565766
krum,0.5,6,majority,5,0.0
krum,0.5,6,minority,0,0.0
krum,0.5,6,minority,1,0.51565766
krum,0.5,7,majority,0,0.0
krum,0.5,7,majority,1,0.27704746
krum,0.5,7,majority,2,0.0
krum,0.5,7,majority,3,0.27704746
krum,0.5,7,majority,4,0.0
krum,0.5,7,majority,5,0.0
krum,0.5,7,minority,0,0.27704746
krum,0.5,7,minority,1,0.27704746
krum,0.5,8,majority,0,0.49025768
krum,0.5,8,majority,1,0.0
krum,0.5,8,majority,2,0.93143266
krum,0.5,8,majority,3,0.0
krum,0.5,8,majority,4,0.0
krum,0.5,8,majority,5,0.49025768
krum,0.5,8,minority,0,0.49025768
krum,0.5,8,minority,1,0.0
krum,0.5,9,majority,0,0.0
krum,0.5,9,majority,1,0.0
krum,0.5,9,majority,2,0.0
krum,0.5,9,majority,3,0.0
krum,0.5,9,majority,4,0.3652984
krum,0.5,9,majority,5,0.0
krum,0.5,9,minority,0,0.0
krum,0.5,9,minority,1,0.14615352
krum,0.5,10,majority,0,0.6853935
krum,0.5,10,majority,1,0.6853935
krum,0.5,10,majority,2,0.0
krum,0.5,10,majority,3,0.6853935
krum,0.5,10,majority,4,0.0
krum,0.5,10,majority,5,0.0
krum,0.5,10,minority,0,0.0
krum,0.5,10,minority,1,0.0
krum,0.5,11,majority,0,0.0
krum,0.5,11,majority,1,0.0
krum,0.5,11,majority,2,0.7295826
krum,0.5,11,majority,3,0.6412317
krum,0.5,11,majority,4,0.0
krum,0.5,11,majority,5,0.6412317
krum,0.5,11,minority,0,0.6412317
krum,0.5,11,minority,1,0.6412317
krum,0.5,12,majority,0,0.0
krum,0.5,12,majority,1,0.0
krum,0.5,12,majority,2,0.34874636
krum,0.5,12,majority,3,0.34874636
krum,0.5,12,majority,4,0.0
krum,0.5,12,majority,5,0.0
krum,0.5,12,minority,0,0.0
krum,0.5,12,minority,1,0.34874636
krum,0.5,13,majority,0,0.0
krum,0.5,13,majority,1,0.42537513
krum,0.5,13,majority,2,0.0
krum,0.5,13,majority,3,0.0
krum,0.5,13,majority,4,0.0
krum,0.5,13,majority,5,0.0
krum,0.5,13,minority,0,0.0
krum,0.5,13,minority,1,0.0
krum,0.5,14,majority,0,0.0
krum,0.5,14,majority,1,0.0
krum,0.5,14,majority,2,0.13323297
krum,0.5,14,majority,3,0.13323297
krum,0.5,14,majority,4,0.0
krum,0.5,14,majority,5,0.0
krum,0.5,14,minority,0,0.0
krum,0.5,14,minority,1,0.0
krum,0.5,15,majority,0,0.0
krum,0.5,15,majority,1,0.53446573
krum,0.5,15,majority,2,0.0
krum,0.5,15,majority,3,0.53446573
krum,0.5,15,majority,4,0.53446573
krum,0.5,15,majority,5,0.0
krum,0.5,15,minority,0,0.53446573
krum,0.5,15,minority,1,0.53446573
krum,0.5,16,majority,0,0.43246812
krum,0.5,16,majority,1,0.5086593
krum,0.5,16,majority,2,0.0
krum,0.5,16,majority,3,0.0
krum,0.5,16,majority,4,0.0
krum,0.5,16,majority,5,0.5086593
krum,0.5,16,minority,0,0.0
krum,0.5,16,minority,1,0.0
krum,0.5,17,majority,0,0.10315801
krum,0.5,17,majority,1,0.0
krum,0.5,17,majority,2,0.0
krum,0.5,17,majority,3,0.0
krum,0.5,17,majority,4,0.10315801
krum,0.5,17,majority,5,0.0
krum,0.5,17,minority,0,0.10315801
krum,0.5,17,minority,1,0.0
krum,0.5,18,majority,0,0.0
krum,0.5,18,majority,1,0.39881372
krum,0.5,18,majority,2,0.0
krum,0.5,18,majority,3,0.39881372
krum,0.5,18,majority,4,0.39881372
krum,0.5,18,majority,5,0.39881372
krum,0.5,18,minority,0,0.0
krum,0.5,18,minority,1,0.0
krum,0.5,19,majority,0,0.2961529
krum,0.5,19,majority,1,0.0
krum,0.5,19,majority,2,0.740133
krum,0.5,19,majority,3,0.0
krum,0.5,19,majority,4,0.0
krum,0.5,19,majority,5,0.0
krum,0.5,19,minority,0,0.2961529
krum,0.5,19,minority,1,0.2961529
krum,0.5,20,majority,0,0.34237254
krum,0.5,20,majority,1,0.0
krum,0.5,20,majority,2,0.0
krum,0.5,20,majority,3,0.0
krum,0.5,20,majority,4,0.0
krum,0.5,20,majority,5,0.34237254
krum,0.5,20,minority,0,0.0
krum,0.5,20,minority,1,0.34237254
krum,1.0,1,majority,0,0.0
krum,1.0,1,majority,1,0.0
krum,1.0,1,majority,2,0.40020156
krum,1.0,1,majority,3,0.0
krum,1.0,1,majority,4,0.0
krum,1.0,1,majority,5,0.0
krum,1.0,1,minority,0,0.0
krum,1.0,1,minority,1,0.0
krum,1.0,2,majority,0,0.0
krum,1.0,2,majority,1,0.0
krum,1.0,2,majority,2,0.0
krum,1.0,2,majority,3,0.0
krum,1.0,2,majority,4,0.41174048
krum,1.0,2,majority,5,0.41174048
krum,1.0,2,minority,0,0.0
krum,1.0,2,minority,1,0.0
krum,1.0,3,majority,0,0.24937968
krum,1.0,3,majority,1,0.0
krum,1.0,3,majority,2,0.46310732
krum,1.0,3,majority,3,0.0
krum,1.0,3,majority,4,0.34610045
krum,1.0,3,majority,5,0.0
krum,1.0,3,minority,0,0.34610045
krum,1.0,3,minority,1,0.34610045
krum,1.0,4,majority,0,0.0
krum,1.0,4,majority,1,0.0
krum,1.0,4,majority,2,0.0
krum,1.0,4,majority,3,0.0
krum,1.0,4,majority,4,0.4192356
krum,1.0,4,majority,5,0.0
krum,1.0,4,minority,0,0.0
krum,1.0,4,minority,1,0.0
krum,1.0,5,majority,0,0.0
krum,1.0,5,majority,1,0.0
krum,1.0,5,majority,2,0.43370658
krum,1.0,5,majority,3,0.0
krum,1.0,5,majority,4,0.43370658
krum,1.0,5,majority,5,0.43354324
krum,1.0,5,minority,0,0.0
krum,1.0,5,minority,1,0.0
krum,1.0,6,majority,0,0.0
krum,1.0,6,majority,1,0.0
krum,1.0,6,majority,2,0.0
krum,1.0,6,majority,3,0.0
krum,1.0,6,majority,4,0.0
krum,1.0,6,majority,5,0.51565766
krum,1.0,6,minority,0,0.0
krum,1.0,6,minority,1,0.0
krum,1.0,7,majority,0,0.0
krum,1.0,7,majority,1,0.5578625
krum,1.0,7,majority,2,0.0
krum,1.0,7,majority,3,0.27704746
krum,1.0,7,majority,4,0.5578625
krum,1.0,7,majority,5,0.5578625
krum,1.0,7,minority,0,0.27704746
krum,1.0,7,minority,1,0.27704746
krum,1.0,8,majority,0,0.0
krum,1.0,8,majority,1,0.7879787
krum,1.0,8,majority,2,0.7879787
krum,1.0,8,majority,3,0.0
krum,1.0,8,majority,4,0.0
krum,1.0,8,majority,5,0.0
krum,1.0,8,minority,0,0.0
krum,1.0,8,minority,1,0.0
krum,1.0,9,majority,0,0.0
krum,1.0,9,majority,1,0.14615352
krum,1.0,9,majority,2,0.0
krum,1.0,9,majority,3,0.14615352
krum,1.0,9,majority,4,0.0
krum,1.0,9,majority,5,0.35318452
krum,1.0,9,minority,0,0.0
krum,1.0,9,minority,1,0.0
krum,1.0,10,majority,0,0.7126869
krum,1.0,10,majority,1,0.77586716
krum,1.0,10,majority,2,0.0
krum,1.0,10,majority,3,0.7126869
krum,1.0,10,majority,4,0.0
krum,1.0,10,majority,5,0.5623255
krum,1.0,10,minority,0,0.0
krum,1.0,10,minority,1,0.0
krum,1.0,11,majority,0,0.6412317
krum,1.0,11,majority,1,0.6412317
krum,1.0,11,majority,2,0.5244098
krum,1.0,11,majority,3,0.0
krum,1.0,11,majority,4,0.6412317
krum,1.0,11,majority,5,0.0
krum,1.0,11,minority,0,0.0
krum,1.0,11,minority,1,0.0
krum,1.0,12,majority,0,0.4564682
krum,1.0,12,majority,1,0.0
krum,1.0,12,majority,2,0.4564682
krum,1.0,12,majority,3,0.4564682
krum,1.0,12,majority,4,0.4564682
krum,1.0,12,majority,5,0.4564682
krum,1.0,12,minority,0,0.0
krum,1.0,12,minority,1,0.0
krum,1.0,13,majority,0,0.0
krum,1.0,13,majority,1,0.42537513
krum,1.0,13,majority,2,0.0
krum,1.0,13,majority,3,0.0
krum,1.0,13,majority,4,0.0
krum,1.0,13,majority,5,0.0
krum,1.0,13,minority,0,0.0
krum,1.0,13,minority,1,0.0
krum,1.0,14,majority,0,0.0
krum,1.0,14,majority,1,0.0
krum,1.0,14,majority,2,0.13323297
krum,1.0,14,majority,3,0.13323297
krum,1.0,14,majority,4,0.0
krum,1.0,14,majority,5,0.0
krum,1.0,14,minority,0,0.0
krum,1.0,14,minority,1,0.0
krum,1.0,15,majority,0,0.0
krum,1.0,15,majority,1,0.53446573
krum,1.0,15,majority,2,0.0
krum,1.0,15,majority,3,0.0
krum,1.0,15,majority,4,0.53446573
krum,1.0,15,majority,5,0.0
krum,1.0,15,minority,0,0.53446573
krum,1.0,15,minority,1,0.0
krum,1.0,16,majority,0,0.43246812
krum,1.0,16,majority,1,0.0
krum,1.0,16,majority,2,0.0
krum,1.0,16,majority,3,0.0
krum,1.0,16,majority,4,0.0
krum,1.0,16,majority,5,0.43246812
krum,1.0,16,minority,0,0.0
krum,1.0,16,minority,1,0.0
krum,1.0,17,majority,0,0.5546376
krum,1.0,17,majority,1,0.0
krum,1.0,17,majority,2,0.0
krum,1.0,17,majority,3,0.0
krum,1.0,17,majority,4,0.5546376
krum,1.0,17,majority,5,0.0
krum,1.0,17,minority,0,0.0
krum,1.0,17,minority,1,0.0
krum,1.0,18,majority,0,0.0
krum,1.0,18,majority,1,0.0
krum,1.0,18,majority,2,0.0
krum,1.0,18,majority,3,0.0
krum,1.0,18,majority,4,0.0
krum,1.0,18,majority,5,0.26393232
krum,1.0,18,minority,0,0.0
krum,1.0,18,minority,1,0.0
krum,1.0,19,majority,0,0.0
krum,1.0,19,majority,1,0.57253176
krum,1.0,19,majority,2,0.57253176
krum,1.0,19,majority,3,0.0
krum,1.0,19,majority,4,0.57253176
krum,1.0,19,majority,5,0.0
krum,1.0,19,minority,0,0.0
krum,1.0,19,minority,1,0.0
krum,1.0,20,majority,0,0.34237254
krum,1.0,20,majority,1,0.0
krum,1.0,20,majority,2,0.0
krum,1.0,20,majority,3,0.0
krum,1.0,20,majority,4,0.0
krum,1.0,20,majority,5,0.34237254
krum,1.0,20,minority,0,0.34237254
krum,1.0,20,minority,1,0.34237254
krum,1.5,1,majority,0,0.0
krum,1.5,1,majority,1,0.0
krum,1.5,1,majority,2,0.40020156
krum,1.5,1,majority,3,0.0
krum,1.5,1,majority,4,0.0
krum,1.5,1,majority,5,0.0
krum,1.5,1,minority,0,0.0
krum,1.5,1,minority,1,0.0
krum,1.5,2,majority,0,0.0
krum,1.5,2,majority,1,0.0
krum,1.5,2,majority,2,0.0
krum,1.5,2,majority,3,0.0
krum,1.5,2,majority,4,0.41174048
krum,1.5,2,majority,5,0.41174048
krum,1.5,2,minority,0,0.0
krum,1.5,2,minority,1,0.0
krum,1.5,3,majority,0,0.24937968
krum,1.5,3,majority,1,0.0
krum,1.5,3,majority,2,0.46310732
krum,1.5,3,majority,3,0.0
krum,1.5,3,majority,4,0.34610045
krum,1.5,3,majority,5,0.0
krum,1.5,3,minority,0,0.34610045
krum,1.5,3,minority,1,0.34610045
krum,1.5,4,majority,0,0.0
krum,1.5,4,majority,1,0.0
krum,1.5,4,majority,2,0.0
krum,1.5,4,majority,3,0.4192356
krum,1.5,4,majority,4,0.4192356
krum,1.5,4,majority,5,0.0
krum,1.5,4,minority,0,0.0
krum,1.5,4,minority,1,0.0
krum,1.5,5,majority,0,0.0
krum,1.5,5,majority,1,0.0
krum,1.5,5,majority,2,0.43370658
krum,1.5,5,majority,3,0.0
krum,1.5,5,majority,4,0.43370658
krum,1.5,5,majority,5,0.43354324
krum,1.5,5,minority,0,0.0
krum,1.5,5,minority,1,0.0
krum,1.5,6,majority,0,0.0
krum,1.5,6,majority,1,0.0
krum,1.5,6,majority,2,0.0
krum,1.5,6,majority,3,0.0
krum,1.5,6,majority,4,0.0
krum,1.5,6,majority,5,0.51565766
krum,1.5,6,minority,0,0.0
krum,1.5,6,minority,1,0.0
krum,1.5,7,majority,0,0.0
krum,1.5,7,majority,1,0.0
krum,1.5,7,majority,2,0.15245643
krum,1.5,7,majority,3,0.48431596
krum,1.5,7,majority,4,0.0
krum,1.5,7,majority,5,0.0
krum,1.5,7,minority,0,0.48431596
krum,1.5,7,minority,1,0.48431596
krum,1.5,8,majority,0,0.0
krum,1.5,8,majority,1,0.7879787
krum,1.5,8,majority,2,0.7879787
krum,1.5,8,majority,3,0.0
krum,1.5,8,majority,4,0.0
krum,1.5,8,majority,5,0.0
krum,1.5,8,minority,0,0.0
krum,1.5,8,minority,1,0.0
krum,1.5,9,majority,0,0.0
krum,1.5,9,majority,1,0.14615352
krum,1.5,9,majority,2,0.0
krum,1.5,9,majority,3,0.14615352
krum,1.5,9,majority,4,0.0
krum,1.5,9,majority,5,0.35318452
krum,1.5,9,minority,0,0.0
krum,1.5,9,minority,1,0.0
krum,1.5,10,majority,0,0.7126869
krum,1.5,10,majority,1,0.0
krum,1.5,10,majority,2,0.0
krum,1.5,10,majority,3,0.7126869
krum,1.5,10,majority,4,0.0
krum,1.5,10,majority,5,0.5623255
krum,1.5,10,minority,0,0.0
krum,1.5,10,minority,1,0.0
krum,1.5,11,majority,0,0.6412317
krum,1.5,11,majority,1,0.6412317
krum,1.5,11,majority,2,0.5244098
krum,1.5,11,majority,3,0.0
krum,1.5,11,majority,4,0.6412317
krum,1.5,11,majority,5,0.0
krum,1.5,11,minority,0,0.0
krum,1.5,11,minority,1,0.0
krum,1.5,12,majority,0,0.0
krum,1.5,12,majority,1,0.6489106
krum,1.5,12,majority,2,0.6489106
krum,1.5,12,majority,3,0.0
krum,1.5,12,majority,4,0.0
krum,1.5,12,majority,5,0.6489106
krum,1.5,12,minority,0,0.0
krum,1.5,12,minority,1,0.0
krum,1.5,13,majority,0,0.0
krum,1.5,13,majority,1,0.44891623
krum,1.5,13,majority,2,0.0
krum,1.5,13,majority,3,0.0
krum,1.5,13,majority,4,0.0
krum,1.5,13,majority,5,0.0
krum,1.5,13,minority,0,0.0
krum,1.5,13,minority,1,0.0
krum,1.5,14,majority,0,0.0
krum,1.5,14,majority,1,0.0
krum,1.5,14,majority,2,0.13323297
krum,1.5,14,majority,3,0.13323297
krum,1.5,14,majority,4,0.0
krum,1.5,14,majority,5,0.0
krum,1.5,14,minority,0,0.0
krum,1.5,14,minority,1,0.0
krum,1.5,15,majority,0,0.53446573
krum,1.5,15,majority,1,0.0
krum,1.5,15,majority,2,0.53446573
krum,1.5,15,majority,3,0.0
krum,1.5,15,majority,4,0.0
krum,1.5,15,majority,5,0.0
krum,1.5,15,minority,0,0.0
krum,1.5,15,minority,1,0.0
krum,1.5,16,majority,0,0.43246812
krum,1.5,16,majority,1,0.0
krum,1.5,16,majority,2,0.0
krum,1.5,16,majority,3,0.0
krum,1.5,16,majority,4,0.0
krum,1.5,16,majority,5,0.43246812
krum,1.5,16,minority,0,0.0
krum,1.5,16,minority,1,0.0
krum,1.5,17,majority,0,0.84700185
krum,1.5,17,majority,1,0.31312427
krum,1.5,17,majority,2,0.0
krum,1.5,17,majority,3,0.0
krum,1.5,17,majority,4,0.0
krum,1.5,17,majority,5,0.84700185
krum,1.5,17,minority,0,0.31312427
krum,1.5,17,minority,1,0.31312427
krum,1.5,18,majority,0,0.0
krum,1.5,18,majority,1,0.0
krum,1.5,18,majority,2,0.0
krum,1.5,18,majority,3,0.0
krum,1.5,18,majority,4,0.0
krum,1.5,18,majority,5,0.26393232
krum,1.5,18,minority,0,0.0
krum,1.5,18,minority,1,0.0
krum,1.5,19,majority,0,0.0
krum,1.5,19,majority,1,0.57253176
krum,1.5,19,majority,2,0.57253176
krum,1.5,19,majority,3,0.0
krum,1.5,19,majority,4,0.57253176
krum,1.5,19,majority,5,0.0
krum,1.5,19,minority,0,0.0
krum,1.5,19,minority,1,0.0
krum,1.5,20,majority,0,0.34237254
krum,1.5,20,majority,1,0.0
krum,1.5,20,majority,2,0.0
krum,1.5,20,majority,3,0.0
krum,1.5,20,majority,4,0.0
krum,1.5,20,majority,5,0.34237254
krum,1.5,20,minority,0,0.34237254
krum,1.5,20,minority,1,0.34237254
krum,2.0,1,majority,0,0.0
krum,2.0,1,majority,1,0.0
krum,2.0,1,majority,2,0.40020156
krum,2.0,1,majority,3,0.0
krum,2.0,1,majority,4,0.0
krum,2.0,1,majority,5,0.0
krum,2.0,1,minority,0,0.0
krum,2.0,1,minority,1,0.0
krum,2.0,2,majority,0,0.0
krum,2.0,2,majority,1,0.0
krum,2.0,2,majority,2,0.0
krum,2.0,2,majority,3,0.0
krum,2.0,2,majority,4,0.41174048
krum,2.0,2,majority,5,0.41174048
krum,2.0,2,minority,0,0.0
krum,2.0,2,minority,1,0.0
krum,2.0,3,majority,0,0.24937968
krum,2.0,3,majority,1,0.0
krum,2.0,3,majority,2,0.46310732
krum,2.0,3,majority,3,0.0
krum,2.0,3,majority,4,0.34610045
krum,2.0,3,majority,5,0.0
krum,2.0,3,minority,0,0.34610045
krum,2.0,3,minority,1,0.34610045
krum,2.0,4,majority,0,0.0
krum,2.0,4,majority,1,0.0
krum,2.0,4,majority,2,0.0
krum,2.0,4,majority,3,0.4192356
krum,2.0,4,majority,4,0.4192356
krum,2.0,4,majority,5,0.0
krum,2.0,4,minority,0,0.0
krum,2.0,4,minority,1,0.0
krum,2.0,5,majority,0,0.0
krum,2.0,5,majority,1,0.0
krum,2.0,5,majority,2,0.43370658
krum,2.0,5,majority,3,0.0
krum,2.0,5,majority,4,0.43370658
krum,2.0,5,majority,5,0.43354324
krum,2.0,5,minority,0,0.0
krum,2.0,5,minority,1,0.0
krum,2.0,6,majority,0,0.0
krum,2.0,6,majority,1,0.0
krum,2.0,6,majority,2,0.0
krum,2.0,6,majority,3,0.0
krum,2.0,6,majority,4,0.0
krum,2.0,6,majority,5,0.51565766
krum,2.0,6,minority,0,0.0
krum,2.0,6,minority,1,0.0
krum,2.0,7,majority,0,0.0
krum,2.0,7,majority,1,0.0
krum,2.0,7,majority,2,0.15245643
krum,2.0,7,majority,3,0.48431596
krum,2.0,7,majority,4,0.0
krum,2.0,7,majority,5,0.0
krum,2.0,7,minority,0,0.48431596
krum,2.0,7,minority,1,0.48431596
krum,2.0,8,majority,0,0.0
krum,2.0,8,majority,1,0.7879787
krum,2.0,8,majority,2,0.7879787
krum,2.0,8,majority,3,0.0
krum,2.0,8,majority,4,0.0
krum,2.0,8,majority,5,0.0
krum,2.0,8,minority,0,0.0
krum,2.0,8,minority,1,0.0
krum,2.0,9,majority,0,0.0
krum,2.0,9,majority,1,0.14615352
krum,2.0,9,majority,2,0.0
krum,2.0,9,majority,3,0.14615352
krum,2.0,9,majority,4,0.0
krum,2.0,9,majority,5,0.35318452
krum,2.0,9,minority,0,0.0
krum,2.0,9,minority,1,0.0
krum,2.0,10,majority,0,0.7126869
krum,2.0,10,majority,1,0.0
krum,2.0,10,majority,2,0.0
krum,2.0,10,majority,3,0.7126869
krum,2.0,10,majority,4,0.0
krum,2.0,10,majority,5,0.5623255
krum,2.0,10,minority,0,0.0
krum,2.0,10,minority,1,0.0
krum,2.0,11,majority,0,0.6412317
krum,2.0,11,majority,1,0.6412317
krum,2.0,11,majority,2,0.5244098
krum,2.0,11,majority,3,0.0
krum,2.0,11,majority,4,0.6412317
krum,2.0,11,majority,5,0.0
krum,2.0,11,minority,0,0.0
krum,2.0,11,minority,1,0.0
krum,2.0,12,majority,0,0.0
krum,2.0,12,majority,1,0.6489106
krum,2.0,12,majority,2,0.6489106
krum,2.0,12,majority,3,0.0
krum,2.0,12,majority,4,0.0
krum,2.0,12,majority,5,0.6489106
krum,2.0,12,minority,0,0.0
krum,2.0,12,minority,1,0.0
krum,2.0,13,majority,0,0.0
krum,2.0,13,majority,1,0.44891623
krum,2.0,13,majority,2,0.0
krum,2.0,13,majority,3,0.0
krum,2.0,13,majority,4,0.0
krum,2.0,13,majority,5,0.0
krum,2.0,13,minority,0,0.0
krum,2.0,13,minority,1,0.0
krum,2.0,14,majority,0,0.0
krum,2.0,14,majority,1,0.0
krum,2.0,14,majority,2,0.13323297
krum,2.0,14,majority,3,0.13323297
krum,2.0,14,majority,4,0.0
krum,2.0,14,majority,5,0.0
krum,2.0,14,minority,0,0.0
krum,2.0,14,minority,1,0.0
krum,2.0,15,majority,0,0.53446573
krum,2.0,15,majority,1,0.0
krum,2.0,15,majority,2,0.53446573
krum,2.0,15,majority,3,0.0
krum,2.0,15,majority,4,0.0
krum,2.0,15,majority,5,0.0
krum,2.0,15,minority,0,0.0
krum,2.0,15,minority,1,0.0
krum,2.0,16,majority,0,0.43246812
krum,2.0,16,majority,1,0.0
krum,2.0,16,majority,2,0.0
krum,2.0,16,majority,3,0.0
krum,2.0,16,majority,4,0.0
krum,2.0,16,majority,5,0.43246812
krum,2.0,16,minority,0,0.0
krum,2.0,16,minority,1,0.0
krum,2.0,17,majority,0,0.84700185
krum,2.0,17,majority,1,0.31312427
krum,2.0,17,majority,2,0.0
krum,2.0,17,majority,3,0.0
krum,2.0,17,majority,4,0.0
krum,2.0,17,majority,5,0.84700185
krum,2.0,17,minority,0,0.31312427
krum,2.0,17,minority,1,0.31312427
krum,2.0,18,majority,0,0.0
krum,2.0,18,majority,1,0.0
krum,2.0,18,majority,2,0.0
krum,2.0,18,majority,3,0.0
krum,2.0,18,majority,4,0.0
krum,2.0,18,majority,5,0.26393232
krum,2.0,18,minority,0,0.0
krum,2.0,18,minority,1,0.0
krum,2.0,19,majority,0,0.0
krum,2.0,19,majority,1,0.57253176
krum,2.0,19,majority,2,0.57253176
krum,2.0,19,majority,3,0.0
krum,2.0,19,majority,4,0.57253176
krum,2.0,19,majority,5,0.0
krum,2.0,19,minority,0,0.0
krum,2.0,19,minority,1,0.0
krum,2.0,20,majority,0,0.34237254
krum,2.0,20,majority,1,0.0
krum,2.0,20,majority,2,0.0
krum,2.0,20,majority,3,0.0
krum,2.0,20,majority,4,0.0
krum,2.0,20,majority,5,0.34237254
krum,2.0,20,minority,0,0.34237254
krum,2.0,20,minority,1,0.34237254
krum,3.0,1,majority,0,0.0
krum,3.0,1,majority,1,0.0
krum,3.0,1,majority,2,0.40020156
krum,3.0,1,majority,3,0.0
krum,3.0,1,majority,4,0.0
krum,3.0,1,majority,5,0.0
krum,3.0,1,minority,0,0.0
krum,3.0,1,minority,1,0.0
krum,3.0,2,majority,0,0.0
krum,3.0,2,majority,1,0.0
krum,3.0,2,majority,2,0.0
krum,3.0,2,majority,3,0.0
krum,3.0,2,majority,4,0.41174048
krum,3.0,2,majority,5,0.41174048
krum,3.0,2,minority,0,0.0
krum,3.0,2,minority,1,0.0
krum,3.0,3,majority,0,0.24937968
krum,3.0,3,majority,1,0.0
krum,3.0,3,majority,2,0.46310732
krum,3.0,3,majority,3,0.0
krum,3.0,3,majority,4,0.34610045
krum,3.0,3,majority,5,0.0
krum,3.0,3,minority,0,0.34610045
krum,3.0,3,minority,1,0.34610045
krum,3.0,4,majority,0,0.0
krum,3.0,4,majority,1,0.0
krum,3.0,4,majority,2,0.0
krum,3.0,4,majority,3,0.4192356
krum,3.0,4,majority,4,0.4192356
krum,3.0,4,majority,5,0.0
krum,3.0,4,minority,0,0.0
krum,3.0,4,minority,1,0.0
krum,3.0,5,majority,0,0.0
krum,3.0,5,majority,1,0.0
krum,3.0,5,majority,2,0.43370658
krum,3.0,5,majority,3,0.0
krum,3.0,5,majority,4,0.43370658
krum,3.0,5,majority,5,0.43354324
krum,3.0,5,minority,0,0.0
krum,3.0,5,minority,1,0.0
krum,3.0,6,majority,0,0.0
krum,3.0,6,majority,1,0.0
krum,3.0,6,majority,2,0.0
krum,3.0,6,majority,3,0.0
krum,3.0,6,majority,4,0.0
krum,3.0,6,majority,5,0.51565766
krum,3.0,6,minority,0,0.0
krum,3.0,6,minority,1,0.0
krum,3.0,7,majority,0,0.0
krum,3.0,7,majority,1,0.0
krum,3.0,7,majority,2,0.15245643
krum,3.0,7,majority,3,0.48431596
krum,3.0,7,majority,4,0.0
krum,3.0,7,majority,5,0.0
krum,3.0,7,minority,0,0.48431596
krum,3.0,7,minority,1,0.48431596
krum,3.0,8,majority,0,0.0
krum,3.0,8,majority,1,0.7879787
krum,3.0,8,majority,2,0.7879787
krum,3.0,8,majority,3,0.0
krum,3.0,8,majority,4,0.0
krum,3.0,8,majority,5,0.0
krum,3.0,8,minority,0,0.0
krum,3.0,8,minority,1,0.0
krum,3.0,9,majority,0,0.0
krum,3.0,9,majority,1,0.14615352
krum,3.0,9,majority,2,0.0
krum,3.0,9,majority,3,0.14615352
krum,3.0,9,majority,4,0.0
krum,3.0,9,majority,5,0.35318452
krum,3.0,9,minority,0,0.0
krum,3.0,9,minority,1,0.0
krum,3.0,10,majority,0,0.7126869
krum,3.0,10,majority,1,0.0
krum,3.0,10,majority,2,0.0
krum,3.0,10,majority,3,0.7126869
krum,3.0,10,majority,4,0.0
krum,3.0,10,majority,5,0.5623255
krum,3.0,10,minority,0,0.0
krum,3.0,10,minority,1,0.0
krum,3.0,11,majority,0,0.6412317
krum,3.0,11,majority,1,0.6412317
krum,3.0,11,majority,2,0.5244098
krum,3.0,11,majority,3,0.0
krum,3.0,11,majority,4,0.6412317
krum,3.0,11,majority,5,0.0
krum,3.0,11,minority,0,0.0
krum,3.0,11,minority,1,0.0
krum,3.0,12,majority,0,0.0
krum,3.0,12,majority,1,0.6489106
krum,3.0,12,majority,2,0.6489106
krum,3.0,12,majority,3,0.0
krum,3.0,12,majority,4,0.0
krum,3.0,12,majority,5,0.6489106
krum,3.0,12,minority,0,0.0
krum,3.0,12,minority,1,0.0
krum,3.0,13,majority,0,0.0
krum,3.0,13,majority,1,0.44891623
krum,3.0,13,majority,2,0.0
krum,3.0,13,majority,3,0.0
krum,3.0,13,majority,4,0.0
krum,3.0,13,majority,5,0.0
krum,3.0,13,minority,0,0.0
krum,3.0,13,minority,1,0.0
krum,3.0,14,majority,0,0.0
krum,3.0,14,majority,1,0.0
krum,3.0,14,majority,2,0.13323297
krum,3.0,14,majority,3,0.13323297
krum,3.0,14,majority,4,0.0
krum,3.0,14,majority,5,0.0
krum,3.0,14,minority,0,0.0
krum,3.0,14,minority,1,0.0
krum,3.0,15,majority,0,0.53446573
krum,3.0,15,majority,1,0.0
krum,3.0,15,majority,2,0.53446573
krum,3.0,15,majority,3,0.0
krum,3.0,15,majority,4,0.0
krum,3.0,15,majority,5,0.0
krum,3.0,15,minority,0,0.0
krum,3.0,15,minority,1,0.0
krum,3.0,16,majority,0,0.43246812
krum,3.0,16,majority,1,0.0
krum,3.0,16,majority,2,0.0
krum,3.0,16,majority,3,0.0
krum,3.0,16,majority,4,0.0
krum,3.0,16,majority,5,0.43246812
krum,3.0,16,minority,0,0.0
krum,3.0,16,minority,1,0.0
krum,3.0,17,majority,0,0.84700185
krum,3.0,17,majority,1,0.31312427
krum,3.0,17,majority,2,0.0
krum,3.0,17,majority,3,0.0
krum,3.0,17,majority,4,0.0
krum,3.0,17,majority,5,0.84700185
krum,3.0,17,minority,0,0.31312427
krum,3.0,17,minority,1,0.31312427
krum,3.0,18,majority,0,0.0
krum,3.0,18,majority,1,0.0
krum,3.0,18,majority,2,0.0
krum,3.0,18,majority,3,0.0
krum,3.0,18,majority,4,0.0
krum,3.0,18,majority,5,0.26393232
krum,3.0,18,minority,0,0.0
krum,3.0,18,minority,1,0.0
krum,3.0,19,majority,0,0.0
krum,3.0,19,majority,1,0.57253176
krum,3.0,19,majority,2,0.57253176
krum,3.0,19,majority,3,0.0
krum,3.0,19,majority,4,0.57253176
krum,3.0,19,majority,5,0.0
krum,3.0,19,minority,0,0.0
krum,3.0,19,minority,1,0.0
krum,3.0,20,majority,0,0.34237254
krum,3.0,20,majority,1,0.0
krum,3.0,20,majority,2,0.0
krum,3.0,20,majority,3,0.0
krum,3.0,20,majority,4,0.0
krum,3.0,20,majority,5,0.34237254
krum,3.0,20,minority,0,0.34237254
krum,3.0,20,minority,1,0.34237254
multi_krum,0.0,1,majority,0,0.08592696
multi_krum,0.0,1,majority,1,0.1135077
multi_krum,0.0,1,majority,2,0.03032707
multi_krum,0.0,1,majority,3,0.04748056
multi_krum,0.0,1,majority,4,0.089455865
multi_krum,0.0,1,majority,5,0.08121549
multi_krum,0.0,1,minority,0,0.06594179
multi_krum,0.0,1,minority,1,0.1135077
multi_krum,0.0,2,majority,0,0.10295057
multi_krum,0.0,2,majority,1,0.03433689
multi_krum,0.0,2,majority,2,0.09831952
multi_krum,0.0,2,majority,3,0.058016915
multi_krum,0.0,2,majority,4,0.035345014
multi_krum,0.0,2,majority,5,0.07539722
multi_krum,0.0,2,minority,0,0.045228437
multi_krum,0.0,2,minority,1,0.10295057
multi_krum,0.0,3,majority,0,0.059076365
multi_krum,0.0,3,majority,1,0.14426473
multi_krum,0.0,3,majority,2,0.05508017
multi_krum,0.0,3,majority,3,0.03964783
multi_krum,0.0,3,majority,4,0.0918661
multi_krum,0.0,3,majority,5,0.054073118
multi_krum,0.0,3,minority,0,0.1653647
multi_krum,0.0,3,minority,1,0.0918661
multi_krum,0.0,4,majority,0,0.0459417
multi_krum,0.0,4,majority,1,0.06312075
multi_krum,0.0,4,majority,2,0.07119308
multi_krum,0.0,4,majority,3,0.099764384
multi_krum,0.0,4,majority,4,0.028977074
multi_krum,0.0,4,majority,5,0.099764384
multi_krum,0.0,4,minority,0,0.04276943
multi_krum,0.0,4,minority,1,0.042026497
multi_krum,0.0,5,majority,0,0.043905463
multi_krum,0.0,5,majority,1,0.0960849
multi_krum,0.0,5,majority,2,0.049516037
multi_krum,0.0,5,majority,3,0.06605833
multi_krum,0.0,5,majority,4,0.08820197
multi_krum,0.0,5,majority,5,0.057221927
multi_krum,0.0,5,minority,0,0.09572999
multi_krum,0.0,5,minority,1,0.0960849
multi_krum,0.0,6,majority,0,0.1046773
multi_krum,0.0,6,majority,1,0.06248914
multi_krum,0.0,6,majority,2,0.09361734
multi_krum,0.0,6,majority,3,0.1046773
multi_krum,0.0,6,majority,4,0.044370405
multi_krum,0.0,6,majority,5,0.054533675
multi_krum,0.0,6,minority,0,0.09476784
multi_krum,0.0,6,minority,1,0.040269893
multi_krum,0.0,7,majority,0,0.06142103
multi_krum,0.0,7,majority,1,0.04168141
multi_krum,0.0,7,majority,2,0.06543916
multi_krum,0.0,7,majority,3,0.07903856
multi_krum,0.0,7,majority,4,0.030295448
multi_krum,0.0,7,majority,5,0.06607134
multi_krum,0.0,7,minority,0,0.044623133
multi_krum,0.0,7,minority,1,0.07903856
multi_krum,0.0,8,majority,0,0.04692436
multi_krum,0.0,8,majority,1,0.054367844
multi_krum,0.0,8,majority,2,0.0971
multi_krum,0.0,8,majority,3,0.115718514
multi_krum,0.0,8,majority,4,0.11519555
multi_krum,0.0,8,majority,5,0.11519555
multi_krum,0.0,8,minority,0,0.073448166
multi_krum,0.0,8,minority,1,0.067904
multi_krum,0.0,9,majority,0,0.06405028
multi_krum,0.0,9,majority,1,0.025422357
multi_krum,0.0,9,majority,2,0.100207165
multi_krum,0.0,9,majority,3,0.08720509
multi_krum,0.0,9,majority,4,0.04939552
multi_krum,0.0,9,majority,5,0.100207165
multi_krum,0.0,9,minority,0,0.2531092
multi_krum,0.0,9,minority,1,0.07554337
multi_krum,0.0,10,majority,0,0.058786996
multi_krum,0.0,10,majority,1,0.28114277
multi_krum,0.0,10,majority,2,0.1068514
multi_krum,0.0,10,majority,3,0.07893523
multi_krum,0.0,10,majority,4,0.27197254
multi_krum,0.0,10,majority,5,0.1068514
multi_krum,0.0,10,minority,0,0.030923583
multi_krum,0.0,10,minority,1,0.080766864
multi_krum,0.0,11,majority,0,0.16675802
multi_krum,0.0,11,majority,1,0.072065234
multi_krum,0.0,11,majority,2,0.18997559
multi_krum,0.0,11,majority,3,0.088550836
multi_krum,0.0,11,majority,4,0.23676133
multi_krum,0.0,11,majority,5,0.066915676
multi_krum,0.0,11,minority,0,0.088550836
multi_krum,0.0,11,minority,1,0.081419066
multi_krum,0.0,12,majority,0,0.092750914
multi_krum,0.0,12,majority,1,0.092750914
multi_krum,0.0,12,majority,2,0.08102819
multi_krum,0.0,12,majority,3,0.07378656
multi_krum,0.0,12,majority,4,0.08527058
multi_krum,0.0,12,majority,5,0.080305524
multi_krum,0.0,12,minority,0,0.056267686
multi_krum,0.0,12,minority,1,0.045449715
multi_krum,0.0,13,majority,0,0.06767685
multi_krum,0.0,13,majority,1,0.011273628
multi_krum,0.0,13,majority,2,0.08863718
multi_krum,0.0,13,majority,3,0.060762033
multi_krum,0.0,13,majority,4,0.102635674
multi_krum,0.0,13,majority,5,0.078912005
multi_krum,0.0,13,minority,0,0.1006189
multi_krum,0.0,13,minority,1,0.08863718
multi_krum,0.0,14,majority,0,0.15945303
multi_krum,0.0,14,majority,1,0.17563432
multi_krum,0.0,14,majority,2,0.04037737
multi_krum,0.0,14,majority,3,0.24444832
multi_krum,0.0,14,majority,4,0.11816124
multi_krum,0.0,14,majority,5,0.054735135
multi_krum,0.0,14,minority,0,0.2160928
multi_krum,0.0,14,minority,1,0.2160928
multi_krum,0.0,15,majority,0,0.048781004
multi_krum,0.0,15,majority,1,0.290325
multi_krum,0.0,15,majority,2,0.12555432
multi_krum,0.0,15,majority,3,0.120824896
multi_krum,0.0,15,majority,4,0.120824896
multi_krum,0.0,15,majority,5,0.057937182
multi_krum,0.0,15,minority,0,0.048153028
multi_krum,0.0,15,minority,1,0.3289048
multi_krum,0.0,16,majority,0,0.12452444
multi_krum,0.0,16,majority,1,0.10873375
multi_krum,0.0,16,majority,2,0.059845388
multi_krum,0.0,16,majority,3,0.28304577
multi_krum,0.0,16,majority,4,0.12452444
multi_krum,0.0,16,majority,5,0.05820962
multi_krum,0.0,16,minority,0,0.116995
multi_krum,0.0,16,minority,1,0.07310259
multi_krum,0.0,17,majority,0,0.054768242
multi_krum,0.0,17,majority,1,0.1002642
multi_krum,0.0,17,majority,2,0.09031266
multi_krum,0.0,17,majority,3,0.1002642
multi_krum,0.0,17,majority,4,0.04547633
multi_krum,0.0,17,majority,5,0.10912331
multi_krum,0.0,17,minority,0,0.065484725
multi_krum,0.0,17,minority,1,0.031229518
multi_krum,0.0,18,majority,0,0.08379178
multi_krum,0.0,18,majority,1,0.06989687
multi_krum,0.0,18,majority,2,0.08379178
multi_krum,0.0,18,majority,3,0.04284788
multi_krum,0.0,18,majority,4,0.018336771
multi_krum,0.0,18,majority,5,0.035767287
multi_krum,0.0,18,minority,0,0.024550196
multi_krum,0.0,18,minority,1,0.060142443
multi_krum,0.0,19,majority,0,0.10415502
multi_krum,0.0,19,majority,1,0.061335783
multi_krum,0.0,19,majority,2,0.030992594
multi_krum,0.0,19,majority,3,0.10415502
multi_krum,0.0,19,majority,4,0.022458224
multi_krum,0.0,19,majority,5,0.097064756
multi_krum,0.0,19,minority,0,0.056650043
multi_krum,0.0,19,minority,1,0.0766115
multi_krum,0.0,20,majority,0,0.089612514
multi_krum,0.0,20,majority,1,0.06752551
multi_krum,0.0,20,majority,2,0.22543196
multi_krum,0.0,20,majority,3,0.032268856
multi_krum,0.0,20,majority,4,0.06882652
multi_krum,0.0,20,majority,5,0.17894346
multi_krum,0.0,20,minority,0,0.089612514
multi_krum,0.0,20,minority,1,0.02744925
multi_krum,0.5,1,majority,0,0.07568779
multi_krum,0.5,1,majority,1,0.11806647
multi_krum,0.5,1,majority,2,0.03778698
multi_krum,0.5,1,majority,3,0.23874006
multi_krum,0.5,1,majority,4,0.23997144
multi_krum,0.5,1,majority,5,0.09130165
multi_krum,0.5,1,minority,0,0.12441437
multi_krum,0.5,1,minority,1,0.12441437
multi_krum,0.5,2,majority,0,0.11005184
multi_krum,0.5,2,majority,1,0.039286673
multi_krum,0.5,2,majority,2,0.09182466
multi_krum,0.5,2,majority,3,0.068435095
multi_krum,0.5,2,majority,4,0.036311183
multi_krum,0.5,2,majority,5,0.069731854
multi_krum,0.5,2,minority,0,0.096355446
multi_krum,0.5,2,minority,1,0.11005184
multi_krum,0.5,3,majority,0,0.07267641
multi_krum,0.5,3,majority,1,0.05039139
multi_krum,0.5,3,majority,2,0.050901536
multi_krum,0.5,3,majority,3,0.028317012
multi_krum,0.5,3,majority,4,0.090977676
multi_krum,0.5,3,majority,5,0.044304382
multi_krum,0.5,3,minority,0,0.10834508
multi_krum,0.5,3,minority,1,0.10834508
multi_krum,0.5,4,majority,0,0.05240722
multi_krum,0.5,4,majority,1,0.06324413
multi_krum,0.5,4,majority,2,0.08813166
multi_krum,0.5,4,majority,3,0.10509392
multi_krum,0.5,4,majority,4,0.025311975
multi_krum,0.5,4,majority,5,0.10509392
multi_krum,0.5,4,minority,0,0.086286105
multi_krum,0.5,4,minority,1,0.08220612
multi_krum,0.5,5,majority,0,0.050520863
multi_krum,0.5,5,majority,1,0.09741062
multi_krum,0.5,5,majority,2,0.04968281
multi_krum,0.5,5,majority,3,0.057747185
multi_krum,0.5,5,majority,4,0.08020076
multi_krum,0.5,5,majority,5,0.064841665
multi_krum,0.5,5,minority,0,0.07663506
multi_krum,0.5,5,minority,1,0.09741062
multi_krum,0.5,6,majority,0,0.30069837
multi_krum,0.5,6,majority,1,0.07910187
multi_krum,0.5,6,majority,2,0.29990682
multi_krum,0.5,6,majority,3,0.12656808
multi_krum,0.5,6,majority,4,0.04983849
multi_krum,0.5,6,majority,5,0.30276364
multi_krum,0.5,6,minority,0,0.12656808
multi_krum,0.5,6,minority,1,0.10248661
multi_krum,0.5,7,majority,0,0.07778594
multi_krum,0.5,7,majority,1,0.035409845
multi_krum,0.5,7,majority,2,0.07449433
multi_krum,0.5,7,majority,3,0.08656235
multi_krum,0.5,7,majority,4,0.049915224
multi_krum,0.5,7,majority,5,0.05329104
multi_krum,0.5,7,minority,0,0.08656235
multi_krum,0.5,7,minority,1,0.092305474
multi_krum,0.5,8,majority,0,0.06442696
multi_krum,0.5,8,majority,1,0.050503235
multi_krum,0.5,8,majority,2,0.10521333
multi_krum,0.5,8,majority,3,0.3236172
multi_krum,0.5,8,majority,4,0.13594767
multi_krum,0.5,8,majority,5,0.32334593
multi_krum,0.5,8,minority,0,0.15155785
multi_krum,0.5,8,minority,1,0.15155785
multi_krum,0.5,9,majority,0,0.062691145
multi_krum,0.5,9,majority,1,0.03100432
multi_krum,0.5,9,majority,2,0.108094476
multi_krum,0.5,9,majority,3,0.098822296
multi_krum,0.5,9,majority,4,0.024122896
multi_krum,0.5,9,majority,5,0.21688437
multi_krum,0.5,9,minority,0,0.22443295
multi_krum,0.5,9,minority,1,0.098822296
multi_krum,0.5,10,majority,0,0.049895436
multi_krum,0.5,10,majority,1,0.11981093
multi_krum,0.5,10,majority,2,0.09891585
multi_krum,0.5,10,majority,3,0.08305006
multi_krum,0.5,10,majority,4,0.09891585
multi_krum,0.5,10,majority,5,0.32739037
multi_krum,0.5,10,minority,0,0.26795763
multi_krum,0.5,10,minority,1,0.32739037
multi_krum,0.5,11,majority,0,0.08620481
multi_krum,0.5,11,majority,1,0.22226815
multi_krum,0.5,11,majority,2,0.09274331
multi_krum,0.5,11,majority,3,0.11006248
multi_krum,0.5,11,majority,4,0.075646475
multi_krum,0.5,11,majority,5,0.052173875
multi_krum,0.5,11,minority,0,0.11006248
multi_krum,0.5,11,minority,1,0.10625625
multi_krum,0.5,12,majority,0,0.09145577
multi_krum,0.5,12,majority,1,0.103751734
multi_krum,0.5,12,majority,2,0.06432069
multi_krum,0.5,12,majority,3,0.07224457
multi_krum,0.5,12,majority,4,0.103751734
multi_krum,0.5,12,majority,5,0.068781845
multi_krum,0.5,12,minority,0,0.029902108
multi_krum,0.5,12,minority,1,0.039312158
multi_krum,0.5,13,majority,0,0.19299355
multi_krum,0.5,13,majority,1,0.017028129
multi_krum,0.5,13,majority,2,0.09798177
multi_krum,0.5,13,majority,3,0.064629845
multi_krum,0.5,13,majority,4,0.09877072
multi_krum,0.5,13,majority,5,0.2769087
multi_krum,0.5,13,minority,0,0.09798177
multi_krum,0.5,13,minority,1,0.100150175
multi_krum,0.5,14,majority,0,0.032906696
multi_krum,0.5,14,majority,1,0.113839395
multi_krum,0.5,14,majority,2,0.035110433
multi_krum,0.5,14,majority,3,0.08565407
multi_krum,0.5,14,majority,4,0.1619899
multi_krum,0.5,14,majority,5,0.04031707
multi_krum,0.5,14,minority,0,0.15266617
multi_krum,0.5,14,minority,1,0.15266617
multi_krum,0.5,15,majority,0,0.067032635
multi_krum,0.5,15,majority,1,0.31080306
multi_krum,0.5,15,majority,2,0.14922836
multi_krum,0.5,15,majority,3,0.14922836
multi_krum,0.5,15,majority,4,0.38711292
multi_krum,0.5,15,majority,5,0.06868003
multi_krum,0.5,15,minority,0,0.33528486
multi_krum,0.5,15,minority,1,0.13690719
multi_krum,0.5,16,majority,0,0.131637
multi_krum,0.5,16,majority,1,0.09442039
multi_krum,0.5,16,majority,2,0.2806466
multi_krum,0.5,16,majority,3,0.06725144
multi_krum,0.5,16,majority,4,0.15443422
multi_krum,0.5,16,majority,5,0.24784246
multi_krum,0.5,16,minority,0,0.15443422
multi_krum,0.5,16,minority,1,0.12999701
multi_krum,0.5,17,majority,0,0.034870744
multi_krum,0.5,17,majority,1,0.115829654
multi_krum,0.5,17,majority,2,0.10673308
multi_krum,0.5,17,majority,3,0.115829654
multi_krum,0.5,17,majority,4,0.05037846
multi_krum,0.5,17,majority,5,0.09212367
multi_krum,0.5,17,minority,0,0.09229467
multi_krum,0.5,17,minority,1,0.037498146
multi_krum,0.5,18,majority,0,0.065288916
multi_krum,0.5,18,majority,1,0.07734558
multi_krum,0.5,18,majority,2,0.07734558
multi_krum,0.5,18,majority,3,0.05265202
multi_krum,0.5,18,majority,4,0.033946313
multi_krum,0.5,18,majority,5,0.036063682
multi_krum,0.5,18,minority,0,0.035512
multi_krum,0.5,18,minority,1,0.056911334
multi_krum,0.5,19,majority,0,0.10871918
multi_krum,0.5,19,majority,1,0.06800627
multi_krum,0.5,19,majority,2,0.044085976
multi_krum,0.5,19,majority,3,0.29073605
multi_krum,0.5,19,majority,4,0.043076493
multi_krum,0.5,19,majority,5,0.3243051
multi_krum,0.5,19,minority,0,0.12975502
multi_krum,0.5,19,minority,1,0.12975502
multi_krum,0.5,20,majority,0,0.08834259
multi_krum,0.5,20,majority,1,0.06456778
multi_krum,0.5,20,majority,2,0.069144845
multi_krum,0.5,20,majority,3,0.04084247
multi_krum,0.5,20,majority,4,0.06817205
multi_krum,0.5,20,majority,5,0.023686277
multi_krum,0.5,20,minority,0,0.08834259
multi_krum,0.5,20,minority,1,0.07122451
multi_krum,1.0,1,majority,0,0.06938099
multi_krum,1.0,1,majority,1,0.13016185
multi_krum,1.0,1,majority,2,0.024059828
multi_krum,1.0,1,majority,3,0.067904286
multi_krum,1.0,1,majority,4,0.09154949
multi_krum,1.0,1,majority,5,0.07715188
multi_krum,1.0,1,minority,0,0.15422666
multi_krum,1.0,1,minority,1,0.15422666
multi_krum,1.0,2,majority,0,0.11792974
multi_krum,1.0,2,majority,1,0.046811387
multi_krum,1.0,2,majority,2,0.086488575
multi_krum,1.0,2,majority,3,0.07927291
multi_krum,1.0,2,majority,4,0.040880047
multi_krum,1.0,2,majority,5,0.06575546
multi_krum,1.0,2,minority,0,0.16348468
multi_krum,1.0,2,minority,1,0.16348468
multi_krum,1.0,3,majority,0,0.08216328
multi_krum,1.0,3,majority,1,0.059349492
multi_krum,1.0,3,majority,2,0.061934028
multi_krum,1.0,3,majority,3,0.017486703
multi_krum,1.0,3,majority,4,0.08649628
multi_krum,1.0,3,majority,5,0.051254284
multi_krum,1.0,3,minority,0,0.17365518
multi_krum,1.0,3,minority,1,0.17365518
multi_krum,1.0,4,majority,0,0.06720264
multi_krum,1.0,4,majority,1,0.07175799
multi_krum,1.0,4,majority,2,0.10770211
multi_krum,1.0,4,majority,3,0.11519695
multi_krum,1.0,4,majority,4,0.0396928
multi_krum,1.0,4,majority,5,0.14194176
multi_krum,1.0,4,minority,0,0.14194176
multi_krum,1.0,4,minority,1,0.13724287
multi_krum,1.0,5,majority,0,0.058825742
multi_krum,1.0,5,majority,1,0.100143865
multi_krum,1.0,5,majority,2,0.05261531
multi_krum,1.0,5,majority,3,0.050884403
multi_krum,1.0,5,majority,4,0.073268004
multi_krum,1.0,5,majority,5,0.07360692
multi_krum,1.0,5,minority,0,0.11307399
multi_krum,1.0,5,minority,1,0.11307399
multi_krum,1.0,6,majority,0,0.11547378
multi_krum,1.0,6,majority,1,0.07469954
multi_krum,1.0,6,majority,2,0.08772219
multi_krum,1.0,6,majority,3,0.13365854
multi_krum,1.0,6,majority,4,0.039722223
multi_krum,1.0,6,majority,5,0.05353651
multi_krum,1.0,6,minority,0,0.17270544
multi_krum,1.0,6,minority,1,0.17270544
multi_krum,1.0,7,majority,0,0.25136408
multi_krum,1.0,7,majority,1,0.16526861
multi_krum,1.0,7,majority,2,0.2445635
multi_krum,1.0,7,majority,3,0.14445835
multi_krum,1.0,7,majority,4,0.16910255
multi_krum,1.0,7,majority,5,0.05676336
multi_krum,1.0,7,minority,0,0.15968847
multi_krum,1.0,7,minority,1,0.15968847
multi_krum,1.0,8,majority,0,0.06706204
multi_krum,1.0,8,majority,1,0.05306949
multi_krum,1.0,8,majority,2,0.106516056
multi_krum,1.0,8,majority,3,0.09734221
multi_krum,1.0,8,majority,4,0.14234768
multi_krum,1.0,8,majority,5,0.114149325
multi_krum,1.0,8,minority,0,0.21431422
multi_krum,1.0,8,minority,1,0.21431422
multi_krum,1.0,9,majority,0,0.04850542
multi_krum,1.0,9,majority,1,0.027325595
multi_krum,1.0,9,majority,2,0.105494104
multi_krum,1.0,9,majority,3,0.11774039
multi_krum,1.0,9,majority,4,0.026909057
multi_krum,1.0,9,majority,5,0.1127594
multi_krum,1.0,9,minority,0,0.11857698
multi_krum,1.0,9,minority,1,0.11857698
multi_krum,1.0,10,majority,0,0.056996625
multi_krum,1.0,10,majority,1,0.10471349
multi_krum,1.0,10,majority,2,0.1249196
multi_krum,1.0,10,majority,3,0.08552107
multi_krum,1.0,10,majority,4,0.0783931
multi_krum,1.0,10,majority,5,0.11777995
multi_krum,1.0,10,minority,0,0.15494071
multi_krum,1.0,10,minority,1,0.15494071
multi_krum,1.0,11,majority,0,0.09587103
multi_krum,1.0,11,majority,1,0.086496525
multi_krum,1.0,11,majority,2,0.08751894
multi_krum,1.0,11,majority,3,0.10897392
multi_krum,1.0,11,majority,4,0.08326944
multi_krum,1.0,11,majority,5,0.043638036
multi_krum,1.0,11,minority,0,0.16789022
multi_krum,1.0,11,minority,1,0.16789022
multi_krum,1.0,12,majority,0,0.10488092
multi_krum,1.0,12,majority,1,0.10857992
multi_krum,1.0,12,majority,2,0.05065275
multi_krum,1.0,12,majority,3,0.08219624
multi_krum,1.0,12,majority,4,0.10488092
multi_krum,1.0,12,majority,5,0.08864187
multi_krum,1.0,12,minority,0,0.06323234
multi_krum,1.0,12,minority,1,0.3016552
multi_krum,1.0,13,majority,0,0.05896917
multi_krum,1.0,13,majority,1,0.016457291
multi_krum,1.0,13,majority,2,0.087613896
multi_krum,1.0,13,majority,3,0.073295705
multi_krum,1.0,13,majority,4,0.09821175
multi_krum,1.0,13,majority,5,0.08316316
multi_krum,1.0,13,minority,0,0.11032706
multi_krum,1.0,13,minority,1,0.11032706
multi_krum,1.0,14,majority,0,0.035430703
multi_krum,1.0,14,majority,1,0.12518181
multi_krum,1.0,14,majority,2,0.04427947
multi_krum,1.0,14,majority,3,0.08996792
multi_krum,1.0,14,majority,4,0.15598576
multi_krum,1.0,14,majority,5,0.047487453
multi_krum,1.0,14,minority,0,0.2035953
multi_krum,1.0,14,minority,1,0.2035953
multi_krum,1.0,15,majority,0,0.044474058
multi_krum,1.0,15,majority,1,0.04636516
multi_krum,1.0,15,majority,2,0.11788614
multi_krum,1.0,15,majority,3,0.14741029
multi_krum,1.0,15,majority,4,0.1277403
multi_krum,1.0,15,majority,5,0.05528988
multi_krum,1.0,15,minority,0,0.1492358
multi_krum,1.0,15,minority,1,0.1492358
multi_krum,1.0,16,majority,0,0.12398675
multi_krum,1.0,16,majority,1,0.09661712
multi_krum,1.0,16,majority,2,0.07261848
multi_krum,1.0,16,majority,3,0.07232204
multi_krum,1.0,16,majority,4,0.16372104
multi_krum,1.0,16,majority,5,0.040747106
multi_krum,1.0,16,minority,0,0.19981426
multi_krum,1.0,16,minority,1,0.19981426
multi_krum,1.0,17,majority,0,0.049805164
multi_krum,1.0,17,majority,1,0.29659513
multi_krum,1.0,17,majority,2,0.35857266
multi_krum,1.0,17,majority,3,0.29659513
multi_krum,1.0,17,majority,4,0.07403586
multi_krum,1.0,17,majority,5,0.09369523
multi_krum,1.0,17,minority,0,0.10683659
multi_krum,1.0,17,minority,1,0.11416958
multi_krum,1.0,18,majority,0,0.21327096
multi_krum,1.0,18,majority,1,0.09062496
multi_krum,1.0,18,majority,2,0.09973397
multi_krum,1.0,18,majority,3,0.06958679
multi_krum,1.0,18,majority,4,0.055697806
multi_krum,1.0,18,majority,5,0.049554534
multi_krum,1.0,18,minority,0,0.3024967
multi_krum,1.0,18,minority,1,0.3024967
multi_krum,1.0,19,majority,0,0.112010315
multi_krum,1.0,19,majority,1,0.06983838
multi_krum,1.0,19,majority,2,0.037363485
multi_krum,1.0,19,majority,3,0.09672295
multi_krum,1.0,19,majority,4,0.049680907
multi_krum,1.0,19,majority,5,0.09045349
multi_krum,1.0,19,minority,0,0.19173
multi_krum,1.0,19,minority,1,0.19173
multi_krum,1.0,20,majority,0,0.08866719
multi_krum,1.0,20,majority,1,0.06373183
multi_krum,1.0,20,majority,2,0.07822951
multi_krum,1.0,20,majority,3,0.050777856
multi_krum,1.0,20,majority,4,0.069578834
multi_krum,1.0,20,majority,5,0.024259659
multi_krum,1.0,20,minority,0,0.1399874
multi_krum,1.0,20,minority,1,0.1399874
multi_krum,1.5,1,majority,0,0.05777012
multi_krum,1.5,1,majority,1,0.1348194
multi_krum,1.5,1,majority,2,0.03557344
multi_krum,1.5,1,majority,3,0.07286709
multi_krum,1.5,1,majority,4,0.09080561
multi_krum,1.5,1,majority,5,0.08871826
multi_krum,1.5,1,minority,0,0.20332544
multi_krum,1.5,1,minority,1,0.20332544
multi_krum,1.5,2,majority,0,0.27950972
multi_krum,1.5,2,majority,1,0.21903901
multi_krum,1.5,2,majority,2,0.0825361
multi_krum,1.5,2,majority,3,0.18138029
multi_krum,1.5,2,majority,4,0.048034437
multi_krum,1.5,2,majority,5,0.06378451
multi_krum,1.5,2,minority,0,0.23318267
multi_krum,1.5,2,minority,1,0.23318267
multi_krum,1.5,3,majority,0,0.09221259
multi_krum,1.5,3,majority,1,0.06920165
multi_krum,1.5,3,majority,2,0.073240004
multi_krum,1.5,3,majority,3,0.0096523585
multi_krum,1.5,3,majority,4,0.083484925
multi_krum,1.5,3,majority,5,0.059787568
multi_krum,1.5,3,minority,0,0.24244116
multi_krum,1.5,3,minority,1,0.24244116
multi_krum,1.5,4,majority,0,0.25849625
multi_krum,1.5,4,majority,1,0.10050535
multi_krum,1.5,4,majority,2,0.30662125
multi_krum,1.5,4,majority,3,0.28500706
multi_krum,1.5,4,majority,4,0.05401711
multi_krum,1.5,4,majority,5,0.19590911
multi_krum,1.5,4,minority,0,0.2181149
multi_krum,1.5,4,minority,1,0.2181149
multi_krum,1.5,5,majority,0,0.06820583
multi_krum,1.5,5,majority,1,0.10417396
multi_krum,1.5,5,majority,2,0.057894833
multi_krum,1.5,5,majority,3,0.046121024
multi_krum,1.5,5,majority,4,0.06773236
multi_krum,1.5,5,majority,5,0.08315635
multi_krum,1.5,5,minority,0,0.17292364
multi_krum,1.5,5,minority,1,0.17292364
multi_krum,1.5,6,majority,0,0.12253337
multi_krum,1.5,6,majority,1,0.072016545
multi_krum,1.5,6,majority,2,0.091801666
multi_krum,1.5,6,majority,3,0.14139718
multi_krum,1.5,6,majority,4,0.030907838
multi_krum,1.5,6,majority,5,0.06528759
multi_krum,1.5,6,minority,0,0.24362874
multi_krum,1.5,6,minority,1,0.24362874
multi_krum,1.5,7,majority,0,0.08390854
multi_krum,1.5,7,majority,1,0.16813663
multi_krum,1.5,7,majority,2,0.07302715
multi_krum,1.5,7,majority,3,0.14290823
multi_krum,1.5,7,majority,4,0.17487279
multi_krum,1.5,7,majority,5,0.054877643
multi_krum,1.5,7,minority,0,0.22073609
multi_krum,1.5,7,minority,1,0.22073609
multi_krum,1.5,8,majority,0,0.07160479
multi_krum,1.5,8,majority,1,0.058013923
multi_krum,1.5,8,majority,2,0.10910979
multi_krum,1.5,8,majority,3,0.098933466
multi_krum,1.5,8,majority,4,0.14942351
multi_krum,1.5,8,majority,5,0.120175995
multi_krum,1.5,8,minority,0,0.28123915
multi_krum,1.5,8,minority,1,0.28123915
multi_krum,1.5,9,majority,0,0.055678602
multi_krum,1.5,9,majority,1,0.03488143
multi_krum,1.5,9,majority,2,0.10020672
multi_krum,1.5,9,majority,3,0.1285107
multi_krum,1.5,9,majority,4,0.02615639
multi_krum,1.5,9,majority,5,0.11424838
multi_krum,1.5,9,minority,0,0.18039086
multi_krum,1.5,9,minority,1,0.18039086
multi_krum,1.5,10,majority,0,0.06174063
multi_krum,1.5,10,majority,1,0.11639354
multi_krum,1.5,10,majority,2,0.13210554
multi_krum,1.5,10,majority,3,0.09166789
multi_krum,1.5,10,majority,4,0.0839351
multi_krum,1.5,10,majority,5,0.10669874
multi_krum,1.5,10,minority,0,0.22576782
multi_krum,1.5,10,minority,1,0.22576782
multi_krum,1.5,11,majority,0,0.10599371
multi_krum,1.5,11,majority,1,0.0980197
multi_krum,1.5,11,majority,2,0.08367349
multi_krum,1.5,11,majority,3,0.10918024
multi_krum,1.5,11,majority,4,0.091807716
multi_krum,1.5,11,majority,5,0.037011996
multi_krum,1.5,11,minority,0,0.23513398
multi_krum,1.5,11,minority,1,0.23513398
multi_krum,1.5,12,majority,0,0.1201534
multi_krum,1.5,12,majority,1,0.35463458
multi_krum,1.5,12,majority,2,0.06174713
multi_krum,1.5,12,majority,3,0.101026975
multi_krum,1.5,12,majority,4,0.1201534
multi_krum,1.5,12,majority,5,0.09906948
multi_krum,1.5,12,minority,0,0.37879238
multi_krum,1.5,12,minority,1,0.37879238
multi_krum,1.5,13,majority,0,0.061671983
multi_krum,1.5,13,majority,1,0.023133824
multi_krum,1.5,13,majority,2,0.07768801
multi_krum,1.5,13,majority,3,0.08277039
multi_krum,1.5,13,majority,4,0.09909029
multi_krum,1.5,13,majority,5,0.09149937
multi_krum,1.5,13,minority,0,0.15658277
multi_krum,1.5,13,minority,1,0.15658277
multi_krum,1.5,14,majority,0,0.041367415
multi_krum,1.5,14,majority,1,0.13661994
multi_krum,1.5,14,majority,2,0.054516412
multi_krum,1.5,14,majority,3,0.09557862
multi_krum,1.5,14,majority,4,0.15068454
multi_krum,1.5,14,majority,5,0.056285787
multi_krum,1.5,14,minority,0,0.2641955
multi_krum,1.5,14,minority,1,0.2641955
multi_krum,1.5,15,majority,0,0.05210625
multi_krum,1.5,15,majority,1,0.03709493
multi_krum,1.5,15,majority,2,0.12973034
multi_krum,1.5,15,majority,3,0.15875256
multi_krum,1.5,15,majority,4,0.117766365
multi_krum,1.5,15,majority,5,0.058457695
multi_krum,1.5,15,minority,0,0.21898444
multi_krum,1.5,15,minority,1,0.21898444
multi_krum,1.5,16,majority,0,0.11704944
multi_krum,1.5,16,majority,1,0.10018971
multi_krum,1.5,16,majority,2,0.08257545
multi_krum,1.5,16,majority,3,0.07887748
multi_krum,1.5,16,majority,4,0.17332833
multi_krum,1.5,16,majority,5,0.04892075
multi_krum,1.5,16,minority,0,0.27047426
multi_krum,1.5,16,minority,1,0.27047426
multi_krum,1.5,17,majority,0,0.047026314
multi_krum,1.5,17,majority,1,0.1039232
multi_krum,1.5,17,majority,2,0.11301754
multi_krum,1.5,17,majority,3,0.11873849
multi_krum,1.5,17,majority,4,0.07961761
multi_krum,1.5,17,majority,5,0.08769813
multi_krum,1.5,17,minority,0,0.18337107
multi_krum,1.5,17,minority,1,0.18337107
multi_krum,1.5,18,majority,0,0.050574675
multi_krum,1.5,18,majority,1,0.08041112
multi_krum,1.5,18,majority,2,0.11765447
multi_krum,1.5,18,majority,3,0.11610406
multi_krum,1.5,18,majority,4,0.050242536
multi_krum,1.5,18,majority,5,0.029729445
multi_krum,1.5,18,minority,0,0.19276235
multi_krum,1.5,18,minority,1,0.19276235
multi_krum,1.5,19,majority,0,0.11643114
multi_krum,1.5,19,majority,1,0.073575795
multi_krum,1.5,19,majority,2,0.03364417
multi_krum,1.5,19,majority,3,0.10093206
multi_krum,1.5,19,majority,4,0.058002207
multi_krum,1.5,19,majority,5,0.10096237
multi_krum,1.5,19,minority,0,0.2586281
multi_krum,1.5,19,minority,1,0.2586281
multi_krum,1.5,20,majority,0,0.09056917
multi_krum,1.5,20,majority,1,0.06509946
multi_krum,1.5,20,majority,2,0.087989405
multi_krum,1.5,20,majority,3,0.061417405
multi_krum,1.5,20,majority,4,0.07292766
multi_krum,1.5,20,majority,5,0.029991122
multi_krum,1.5,20,minority,0,0.21053298
multi_krum,1.5,20,minority,1,0.21053298
multi_krum,2.0,1,majority,0,0.04630899
multi_krum,2.0,1,majority,1,0.1403348
multi_krum,2.0,1,majority,2,0.047280993
multi_krum,2.0,1,majority,3,0.07932006
multi_krum,2.0,1,majority,4,0.0916158
multi_krum,2.0,1,majority,5,0.10036359
multi_krum,2.0,1,minority,0,0.26287016
multi_krum,2.0,1,minority,1,0.26287016
multi_krum,2.0,2,majority,0,0.15027496
multi_krum,2.0,2,majority,1,0.07810942
multi_krum,2.0,2,majority,2,0.23122738
multi_krum,2.0,2,majority,3,0.09604635
multi_krum,2.0,2,majority,4,0.20741747
multi_krum,2.0,2,majority,5,0.05919397
multi_krum,2.0,2,minority,0,0.3083238
multi_krum,2.0,2,minority,1,0.3083238
multi_krum,2.0,3,majority,0,0.10265963
multi_krum,2.0,3,majority,1,0.079616696
multi_krum,2.0,3,majority,2,0.08471039
multi_krum,2.0,3,majority,3,0.01280603
multi_krum,2.0,3,majority,4,0.0821054
multi_krum,2.0,3,majority,5,0.06932223
multi_krum,2.0,3,minority,0,0.31241536
multi_krum,2.0,3,minority,1,0.31241536
multi_krum,2.0,4,majority,0,0.081237294
multi_krum,2.0,4,majority,1,0.13197292
multi_krum,2.0,4,majority,2,0.117477566
multi_krum,2.0,4,majority,3,0.11911962
multi_krum,2.0,4,majority,4,0.091464214
multi_krum,2.0,4,majority,5,0.16157866
multi_krum,2.0,4,minority,0,0.285945
multi_krum,2.0,4,minority,1,0.285945
multi_krum,2.0,5,majority,0,0.0782755
multi_krum,2.0,5,majority,1,0.10935759
multi_krum,2.0,5,majority,2,0.064951465
multi_krum,2.0,5,majority,3,0.0441421
multi_krum,2.0,5,majority,4,0.06395774
multi_krum,2.0,5,majority,5,0.093249165
multi_krum,2.0,5,minority,0,0.23921439
multi_krum,2.0,5,minority,1,0.23921439
multi_krum,2.0,6,majority,0,0.13030006
multi_krum,2.0,6,majority,1,0.07124738
multi_krum,2.0,6,majority,2,0.09717697
multi_krum,2.0,6,majority,3,0.14968354
multi_krum,2.0,6,majority,4,0.02482275
multi_krum,2.0,6,majority,5,0.07708603
multi_krum,2.0,6,minority,0,0.31478053
multi_krum,2.0,6,minority,1,0.31478053
multi_krum,2.0,7,majority,0,0.09494928
multi_krum,2.0,7,majority,1,0.059657693
multi_krum,2.0,7,majority,2,0.082475506
multi_krum,2.0,7,majority,3,0.14234029
multi_krum,2.0,7,majority,4,0.084042735
multi_krum,2.0,7,majority,5,0.055538118
multi_krum,2.0,7,minority,0,0.28662258
multi_krum,2.0,7,minority,1,0.28662258
multi_krum,2.0,8,majority,0,0.07772141
multi_krum,2.0,8,majority,1,0.06479421
multi_krum,2.0,8,majority,2,0.1129055
multi_krum,2.0,8,majority,3,0.10189995
multi_krum,2.0,8,majority,4,0.1570839
multi_krum,2.0,8,majority,5,0.12703496
multi_krum,2.0,8,minority,0,0.34994927
multi_krum,2.0,8,minority,1,0.34994927
multi_krum,2.0,9,majority,0,0.06427208
multi_krum,2.0,9,majority,1,0.044386867
multi_krum,2.0,9,majority,2,0.09611031
multi_krum,2.0,9,majority,3,0.13946576
multi_krum,2.0,9,majority,4,0.030457523
multi_krum,2.0,9,majority,5,0.11693655
multi_krum,2.0,9,minority,0,0.24743743
multi_krum,2.0,9,minority,1,0.24743743
multi_krum,2.0,10,majority,0,0.0682543
multi_krum,2.0,10,majority,1,0.12811507
multi_krum,2.0,10,majority,2,0.13993667
multi_krum,2.0,10,majority,3,0.098871686
multi_krum,2.0,10,majority,4,0.09070922
multi_krum,2.0,10,majority,5,0.09581531
multi_krum,2.0,10,minority,0,0.29688326
multi_krum,2.0,10,minority,1,0.29688326
multi_krum,2.0,11,majority,0,0.11645395
multi_krum,2.0,11,majority,1,0.10962444
multi_krum,2.0,11,majority,2,0.08140261
multi_krum,2.0,11,majority,3,0.110674225
multi_krum,2.0,11,majority,4,0.10102958
multi_krum,2.0,11,majority,5,0.033450574
multi_krum,2.0,11,minority,0,0.30429077
multi_krum,2.0,11,minority,1,0.30429077
multi_krum,2.0,12,majority,0,0.106344976
multi_krum,2.0,12,majority,1,0.11763922
multi_krum,2.0,12,majority,2,0.04754499
multi_krum,2.0,12,majority,3,0.08601717
multi_krum,2.0,12,majority,4,0.1503424
multi_krum,2.0,12,majority,5,0.12670034
multi_krum,2.0,12,minority,0,0.21473102
multi_krum,2.0,12,minority,1,0.21473102
multi_krum,2.0,13,majority,0,0.066430025
multi_krum,2.0,13,majority,1,0.0329082
multi_krum,2.0,13,majority,2,0.068396665
multi_krum,2.0,13,majority,3,0.09280658
multi_krum,2.0,13,majority,4,0.101369
multi_krum,2.0,13,majority,5,0.100556575
multi_krum,2.0,13,minority,0,0.21695237
multi_krum,2.0,13,minority,1,0.21695237
multi_krum,2.0,14,majority,0,0.0495039
multi_krum,2.0,14,majority,1,0.14813173
multi_krum,2.0,14,majority,2,0.06532114
multi_krum,2.0,14,majority,3,0.10227298
multi_krum,2.0,14,majority,4,0.074619725
multi_krum,2.0,14,majority,5,0.066064864
multi_krum,2.0,14,minority,0,0.3291679
multi_krum,2.0,14,minority,1,0.3291679
multi_krum,2.0,15,majority,0,0.061119717
multi_krum,2.0,15,majority,1,0.029762337
multi_krum,2.0,15,majority,2,0.1415845
multi_krum,2.0,15,majority,3,0.17017166
multi_krum,2.0,15,majority,4,0.108183615
multi_krum,2.0,15,majority,5,0.06372665
multi_krum,2.0,15,minority,0,0.28955343
multi_krum,2.0,15,minority,1,0.28955343
multi_krum,2.0,16,majority,0,0.11095892
multi_krum,2.0,16,majority,1,0.104997754
multi_krum,2.0,16,majority,2,0.09299145
multi_krum,2.0,16,majority,3,0.086581014
multi_krum,2.0,16,majority,4,0.18320549
multi_krum,2.0,16,majority,5,0.05839171
multi_krum,2.0,16,minority,0,0.34145433
multi_krum,2.0,16,minority,1,0.34145433
multi_krum,2.0,17,majority,0,0.047178797
multi_krum,2.0,17,majority,1,0.102320336
multi_krum,2.0,17,majority,2,0.12368062
multi_krum,2.0,17,majority,3,0.1291773
multi_krum,2.0,17,majority,4,0.08648745
multi_krum,2.0,17,majority,5,0.08298527
multi_krum,2.0,17,minority,0,0.25380948
multi_krum,2.0,17,minority,1,0.25380948
multi_krum,2.0,18,majority,0,0.043438874
multi_krum,2.0,18,majority,1,0.08787878
multi_krum,2.0,18,majority,2,0.124149814
multi_krum,2.0,18,majority,3,0.079772905
multi_krum,2.0,18,majority,4,0.06033836
multi_krum,2.0,18,majority,5,0.040035408
multi_krum,2.0,18,minority,0,0.2610894
multi_krum,2.0,18,minority,1,0.2610894
multi_krum,2.0,19,majority,0,0.121858716
multi_krum,2.0,19,majority,1,0.07894838
multi_krum,2.0,19,majority,2,0.033930525
multi_krum,2.0,19,majority,3,0.10631408
multi_krum,2.0,19,majority,4,0.067407496
multi_krum,2.0,19,majority,5,0.111751474
multi_krum,2.0,19,minority,0,0.32744566
multi_krum,2.0,19,minority,1,0.32744566
multi_krum,2.0,20,majority,0,0.09395277
multi_krum,2.0,20,majority,1,0.06853892
multi_krum,2.0,20,majority,2,0.098223515
multi_krum,2.0,20,majority,3,0.07245189
multi_krum,2.0,20,majority,4,0.07796876
multi_krum,2.0,20,majority,5,0.038650334
multi_krum,2.0,20,minority,0,0.28152412
multi_krum,2.0,20,minority,1,0.28152412
multi_krum,3.0,1,majority,0,0.024679784
multi_krum,3.0,1,majority,1,0.15355594
multi_krum,3.0,1,majority,2,0.07089373
multi_krum,3.0,1,majority,3,0.0954261
multi_krum,3.0,1,majority,4,0.0976698
multi_krum,3.0,1,majority,5,0.12380275
multi_krum,3.0,1,minority,0,0.39399472
multi_krum,3.0,1,minority,1,0.39399472
multi_krum,3.0,2,majority,0,0.16733596
multi_krum,3.0,2,majority,1,0.09603921
multi_krum,3.0,2,majority,2,0.0619516
multi_krum,3.0,2,majority,3,0.119387135
multi_krum,3.0,2,majority,4,0.06672985
multi_krum,3.0,2,majority,5,0.06521608
multi_krum,3.0,2,minority,0,0.44239303
multi_krum,3.0,2,minority,1,0.44239303
multi_krum,3.0,3,majority,0,0.12434228
multi_krum,3.0,3,majority,1,0.10143508
multi_krum,3.0,3,majority,2,0.10793369
multi_krum,3.0,3,majority,3,0.033999853
multi_krum,3.0,3,majority,4,0.08446757
multi_krum,3.0,3,majority,5,0.09009961
multi_krum,3.0,3,minority,0,0.45372564
multi_krum,3.0,3,minority,1,0.45372564
multi_krum,3.0,4,majority,0,0.10208866
multi_krum,3.0,4,majority,1,0.11716491
multi_krum,3.0,4,majority,2,0.14030835
multi_krum,3.0,4,majority,3,0.13589704
multi_krum,3.0,4,majority,4,0.08071979
multi_krum,3.0,4,majority,5,0.15032648
multi_krum,3.0,4,minority,0,0.42634135
multi_krum,3.0,4,minority,1,0.42634135
multi_krum,3.0,5,majority,0,0.099636324
multi_krum,3.0,5,majority,1,0.1225689
multi_krum,3.0,5,majority,2,0.08247911
multi_krum,3.0,5,majority,3,0.049412735
multi_krum,3.0,5,majority,4,0.062823415
multi_krum,3.0,5,majority,5,0.11448417
multi_krum,3.0,5,minority,0,0.37746218
multi_krum,3.0,5,minority,1,0.37746218
multi_krum,3.0,6,majority,0,0.14749855
multi_krum,3.0,6,majority,1,0.07553899
multi_krum,3.0,6,majority,2,0.111019365
multi_krum,3.0,6,majority,3,0.16756947
multi_krum,3.0,6,majority,4,0.028075986
multi_krum,3.0,6,majority,5,0.1007578
multi_krum,3.0,6,minority,0,0.45734316
multi_krum,3.0,6,minority,1,0.45734316
multi_krum,3.0,7,majority,0,0.11753807
multi_krum,3.0,7,majority,1,0.0748148
multi_krum,3.0,7,majority,2,0.102912724
multi_krum,3.0,7,majority,3,0.14417729
multi_krum,3.0,7,majority,4,0.10563425
multi_krum,3.0,7,majority,5,0.06388019
multi_krum,3.0,7,minority,0,0.42381704
multi_krum,3.0,7,minority,1,0.42381704
multi_krum,3.0,8,majority,0,0.093368694
multi_krum,3.0,8,majority,1,0.08193903
multi_krum,3.0,8,majority,2,0.12362616
multi_krum,3.0,8,majority,3,0.111469656
multi_krum,3.0,8,majority,4,0.17384374
multi_krum,3.0,8,majority,5,0.14275679
multi_krum,3.0,8,minority,0,0.48970884
multi_krum,3.0,8,minority,1,0.48970884
multi_krum,3.0,9,majority,0,0.083921514
multi_krum,3.0,9,majority,1,0.06578366
multi_krum,3.0,9,majority,2,0.09208231
multi_krum,3.0,9,majority,3,0.16177891
multi_krum,3.0,9,majority,4,0.047592238
multi_krum,3.0,9,majority,5,0.12556839
multi_krum,3.0,9,minority,0,0.38627234
multi_krum,3.0,9,minority,1,0.38627234
multi_krum,3.0,10,majority,0,0.0848673
multi_krum,3.0,10,majority,1,0.15164359
multi_krum,3.0,10,majority,2,0.15714145
multi_krum,3.0,10,majority,3,0.11563363
multi_krum,3.0,10,majority,4,0.10697963
multi_krum,3.0,10,majority,5,0.0749855
multi_krum,3.0,10,minority,0,0.43941903
multi_krum,3.0,10,minority,1,0.43941903
multi_krum,3.0,11,majority,0,0.13807824
multi_krum,3.0,11,majority,1,0.1329932
multi_krum,3.0,11,majority,2,0.08201824
multi_krum,3.0,11,majority,3,0.117286116
multi_krum,3.0,11,majority,4,0.12088803
multi_krum,3.0,11,majority,5,0.038306504
multi_krum,3.0,11,minority,0,0.44476396
multi_krum,3.0,11,minority,1,0.44476396
multi_krum,3.0,12,majority,0,0.120665684
multi_krum,3.0,12,majority,1,0.10472338
multi_krum,3.0,12,majority,2,0.05763385
multi_krum,3.0,12,majority,3,0.10326329
multi_krum,3.0,12,majority,4,0.17200494
multi_krum,3.0,12,majority,5,0.08824872
multi_krum,3.0,12,minority,0,0.35617757
multi_krum,3.0,12,minority,1,0.35617757
multi_krum,3.0,13,majority,0,0.08051296
multi_krum,3.0,13,majority,1,0.055035084
multi_krum,3.0,13,majority,2,0.05304506
multi_krum,3.0,13,majority,3,0.11396354
multi_krum,3.0,13,majority,4,0.109725066
multi_krum,3.0,13,majority,5,0.120170414
multi_krum,3.0,13,minority,0,0.35040098
multi_krum,3.0,13,minority,1,0.35040098
multi_krum,3.0,14,majority,0,0.06913559
multi_krum,3.0,14,majority,1,0.17131634
multi_krum,3.0,14,majority,2,0.08778855
multi_krum,3.0,14,majority,3,0.11814861
multi_krum,3.0,14,majority,4,0.060024396
multi_krum,3.0,14,majority,5,0.08722311
multi_krum,3.0,14,minority,0,0.4648315
multi_krum,3.0,14,minority,1,0.4648315
multi_krum,3.0,15,majority,0,0.08140692
multi_krum,3.0,15,majority,1,0.027489046
multi_krum,3.0,15,majority,2,0.16531503
multi_krum,3.0,15,majority,3,0.19318599
multi_krum,3.0,15,majority,4,0.090683915
multi_krum,3.0,15,majority,5,0.078733586
multi_krum,3.0,15,minority,0,0.4315406
multi_krum,3.0,15,minority,1,0.4315406
multi_krum,3.0,16,majority,0,0.10190599
multi_krum,3.0,16,majority,1,0.23614037
multi_krum,3.0,16,majority,2,0.11469604
multi_krum,3.0,16,majority,3,0.104383215
multi_krum,3.0,16,majority,4,0.20361167
multi_krum,3.0,16,majority,5,0.079326205
multi_krum,3.0,16,minority,0,0.48381054
multi_krum,3.0,16,minority,1,0.48381054
multi_krum,3.0,17,majority,0,0.05572171
multi_krum,3.0,17,majority,1,0.10324063
multi_krum,3.0,17,majority,2,0.14558546
multi_krum,3.0,17,majority,3,0.15070845
multi_krum,3.0,17,majority,4,0.10301757
multi_krum,3.0,17,majority,5,0.078282125
multi_krum,3.0,17,minority,0,0.39575264
multi_krum,3.0,17,minority,1,0.39575264
multi_krum,3.0,18,majority,0,0.037357006
multi_krum,3.0,18,majority,1,0.105292425
multi_krum,3.0,18,majority,2,0.1393009
multi_krum,3.0,18,majority,3,0.09781136
multi_krum,3.0,18,majority,4,0.081999265
multi_krum,3.0,18,majority,5,0.062379237
multi_krum,3.0,18,minority,0,0.40099943
multi_krum,3.0,18,minority,1,0.40099943
multi_krum,3.0,19,majority,0,0.13522778
multi_krum,3.0,19,majority,1,0.093391985
multi_krum,3.0,19,majority,2,0.04516979
multi_krum,3.0,19,majority,3,0.11993248
multi_krum,3.0,19,majority,4,0.08805175
multi_krum,3.0,19,majority,5,0.13389812
multi_krum,3.0,19,minority,0,0.4674371
multi_krum,3.0,19,minority,1,0.4674371
multi_krum,3.0,20,majority,0,0.10452836
multi_krum,3.0,20,majority,1,0.08041897
multi_krum,3.0,20,majority,2,0.119623125
multi_krum,3.0,20,majority,3,0.0951523
multi_krum,3.0,20,majority,4,0.0919284
multi_krum,3.0,20,majority,5,0.059438787
multi_krum,3.0,20,minority,0,0.42394748
multi_krum,3.0,20,minority,1,0.42394748
trimmed_mean,0.0,1,majority,0,0.07761289
trimmed_mean,0.0,1,majority,1,0.07301367
trimmed_mean,0.0,1,majority,2,0.023131317
trimmed_mean,0.0,1,majority,3,0.060448144
trimmed_mean,0.0,1,majority,4,0.05989534
trimmed_mean,0.0,1,majority,5,0.080801286
trimmed_mean,0.0,1,minority,0,0.09323193
trimmed_mean,0.0,1,minority,1,0.08210265
trimmed_mean,0.0,2,majority,0,0.08650001
trimmed_mean,0.0,2,majority,1,0.0509068
trimmed_mean,0.0,2,majority,2,0.088858955
trimmed_mean,0.0,2,majority,3,0.061665438
trimmed_mean,0.0,2,majority,4,0.03266877
trimmed_mean,0.0,2,majority,5,0.058527123
trimmed_mean,0.0,2,minority,0,0.066879325
trimmed_mean,0.0,2,minority,1,0.07004619
trimmed_mean,0.0,3,majority,0,0.06508451
trimmed_mean,0.0,3,majority,1,0.046070863
trimmed_mean,0.0,3,majority,2,0.06432568
trimmed_mean,0.0,3,majority,3,0.043351423
trimmed_mean,0.0,3,majority,4,0.06851317
trimmed_mean,0.0,3,majority,5,0.053430133
trimmed_mean,0.0,3,minority,0,0.05311532
trimmed_mean,0.0,3,minority,1,0.07414265
trimmed_mean,0.0,4,majority,0,0.0526277
trimmed_mean,0.0,4,majority,1,0.0687985
trimmed_mean,0.0,4,majority,2,0.06031584
trimmed_mean,0.0,4,majority,3,0.11258968
trimmed_mean,0.0,4,majority,4,0.031431433
trimmed_mean,0.0,4,majority,5,0.11472309
trimmed_mean,0.0,4,minority,0,0.05310732
trimmed_mean,0.0,4,minority,1,0.06030352
trimmed_mean,0.0,5,majority,0,0.059482697
trimmed_mean,0.0,5,majority,1,0.079633415
trimmed_mean,0.0,5,majority,2,0.060640994
trimmed_mean,0.0,5,majority,3,0.084528424
trimmed_mean,0.0,5,majority,4,0.0915012
trimmed_mean,0.0,5,majority,5,0.06937438
trimmed_mean,0.0,5,minority,0,0.09393682
trimmed_mean,0.0,5,minority,1,0.070129976
trimmed_mean,0.0,6,majority,0,0.08334742
trimmed_mean,0.0,6,majority,1,0.08095032
trimmed_mean,0.0,6,majority,2,0.073360965
trimmed_mean,0.0,6,majority,3,0.07960006
trimmed_mean,0.0,6,majority,4,0.05806501
trimmed_mean,0.0,6,majority,5,0.04737825
trimmed_mean,0.0,6,minority,0,0.089435466
trimmed_mean,0.0,6,minority,1,0.03893816
trimmed_mean,0.0,7,majority,0,0.056696832
trimmed_mean,0.0,7,majority,1,0.059073035
trimmed_mean,0.0,7,majority,2,0.063817285
trimmed_mean,0.0,7,majority,3,0.0727589
trimmed_mean,0.0,7,majority,4,0.052531738
trimmed_mean,0.0,7,majority,5,0.06057466
trimmed_mean,0.0,7,minority,0,0.042403538
trimmed_mean,0.0,7,minority,1,0.053854894
trimmed_mean,0.0,8,majority,0,0.073034294
trimmed_mean,0.0,8,majority,1,0.0535203
trimmed_mean,0.0,8,majority,2,0.10722369
trimmed_mean,0.0,8,majority,3,0.1243078
trimmed_mean,0.0,8,majority,4,0.14409484
trimmed_mean,0.0,8,majority,5,0.0931864
trimmed_mean,0.0,8,minority,0,0.11036801
trimmed_mean,0.0,8,minority,1,0.06010103
trimmed_mean,0.0,9,majority,0,0.06080912
trimmed_mean,0.0,9,majority,1,0.013751145
trimmed_mean,0.0,9,majority,2,0.08335821
trimmed_mean,0.0,9,majority,3,0.07555641
trimmed_mean,0.0,9,majority,4,0.03845369
trimmed_mean,0.0,9,majority,5,0.12689537
trimmed_mean,0.0,9,minority,0,0.12104016
trimmed_mean,0.0,9,minority,1,0.084556326
trimmed_mean,0.0,10,majority,0,0.050598487
trimmed_mean,0.0,10,majority,1,0.06172892
trimmed_mean,0.0,10,majority,2,0.09543271
trimmed_mean,0.0,10,majority,3,0.0570856
trimmed_mean,0.0,10,majority,4,0.07540156
trimmed_mean,0.0,10,majority,5,0.08660919
trimmed_mean,0.0,10,minority,0,0.04192253
trimmed_mean,0.0,10,minority,1,0.079516925
trimmed_mean,0.0,11,majority,0,0.096704185
trimmed_mean,0.0,11,majority,1,0.08174857
trimmed_mean,0.0,11,majority,2,0.08845499
trimmed_mean,0.0,11,majority,3,0.08676112
trimmed_mean,0.0,11,majority,4,0.08568602
trimmed_mean,0.0,11,majority,5,0.056944
trimmed_mean,0.0,11,minority,0,0.05488586
trimmed_mean,0.0,11,minority,1,0.08238309
trimmed_mean,0.0,12,majority,0,0.08234513
trimmed_mean,0.0,12,majority,1,0.075912386
trimmed_mean,0.0,12,majority,2,0.082037546
trimmed_mean,0.0,12,majority,3,0.0872586
trimmed_mean,0.0,12,majority,4,0.09847012
trimmed_mean,0.0,12,majority,5,0.08241637
trimmed_mean,0.0,12,minority,0,0.08156235
trimmed_mean,0.0,12,minority,1,0.0599307
trimmed_mean,0.0,13,majority,0,0.06227061
trimmed_mean,0.0,13,majority,1,0.03656682
trimmed_mean,0.0,13,majority,2,0.05565225
trimmed_mean,0.0,13,majority,3,0.05086268
trimmed_mean,0.0,13,majority,4,0.09999266
trimmed_mean,0.0,13,majority,5,0.10138019
trimmed_mean,0.0,13,minority,0,0.08337304
trimmed_mean,0.0,13,minority,1,0.0893506
trimmed_mean,0.0,14,majority,0,0.038112767
trimmed_mean,0.0,14,majority,1,0.054404046
trimmed_mean,0.0,14,majority,2,0.040795863
trimmed_mean,0.0,14,majority,3,0.03885635
trimmed_mean,0.0,14,majority,4,0.06880094
trimmed_mean,0.0,14,majority,5,0.04916264
trimmed_mean,0.0,14,minority,0,0.102852
trimmed_mean,0.0,14,minority,1,0.09122166
trimmed_mean,0.0,15,majority,0,0.05230115
trimmed_mean,0.0,15,majority,1,0.06343204
trimmed_mean,0.0,15,majority,2,0.13011467
trimmed_mean,0.0,15,majority,3,0.13431965
trimmed_mean,0.0,15,majority,4,0.10948849
trimmed_mean,0.0,15,majority,5,0.03631048
trimmed_mean,0.0,15,minority,0,0.04196801
trimmed_mean,0.0,15,minority,1,0.11388426
trimmed_mean,0.0,16,majority,0,0.0898441
trimmed_mean,0.0,16,majority,1,0.08762642
trimmed_mean,0.0,16,majority,2,0.087377004
trimmed_mean,0.0,16,majority,3,0.057363026
trimmed_mean,0.0,16,majority,4,0.10813546
trimmed_mean,0.0,16,majority,5,0.051680982
trimmed_mean,0.0,16,minority,0,0.10197839
trimmed_mean,0.0,16,minority,1,0.07888558
trimmed_mean,0.0,17,majority,0,0.06964733
trimmed_mean,0.0,17,majority,1,0.10683118
trimmed_mean,0.0,17,majority,2,0.100536995
trimmed_mean,0.0,17,majority,3,0.10898318
trimmed_mean,0.0,17,majority,4,0.07318603
trimmed_mean,0.0,17,majority,5,0.088337794
trimmed_mean,0.0,17,minority,0,0.048880674
trimmed_mean,0.0,17,minority,1,0.053944275
trimmed_mean,0.0,18,majority,0,0.04686897
trimmed_mean,0.0,18,majority,1,0.052361965
trimmed_mean,0.0,18,majority,2,0.058884066
trimmed_mean,0.0,18,majority,3,0.058612898
trimmed_mean,0.0,18,majority,4,0.033461783
trimmed_mean,0.0,18,majority,5,0.040572427
trimmed_mean,0.0,18,minority,0,0.024803968
trimmed_mean,0.0,18,minority,1,0.061268978
trimmed_mean,0.0,19,majority,0,0.08714798
trimmed_mean,0.0,19,majority,1,0.044322778
trimmed_mean,0.0,19,majority,2,0.041771214
trimmed_mean,0.0,19,majority,3,0.05315576
trimmed_mean,0.0,19,majority,4,0.030555325
trimmed_mean,0.0,19,majority,5,0.08136994
trimmed_mean,0.0,19,minority,0,0.07577904
trimmed_mean,0.0,19,minority,1,0.07294775
trimmed_mean,0.0,20,majority,0,0.068114266
trimmed_mean,0.0,20,majority,1,0.036893338
trimmed_mean,0.0,20,majority,2,0.07452263
trimmed_mean,0.0,20,majority,3,0.036272205
trimmed_mean,0.0,20,majority,4,0.058411222
trimmed_mean,0.0,20,majority,5,0.041227844
trimmed_mean,0.0,20,minority,0,0.056461543
trimmed_mean,0.0,20,minority,1,0.02474906
trimmed_mean,0.5,1,majority,0,0.09295537
trimmed_mean,0.5,1,majority,1,0.084937334
trimmed_mean,0.5,1,majority,2,0.034426074
trimmed_mean,0.5,1,majority,3,0.065811574
trimmed_mean,0.5,1,majority,4,0.048843414
trimmed_mean,0.5,1,majority,5,0.07131586
trimmed_mean,0.5,1,minority,0,0.1063444
trimmed_mean,0.5,1,minority,1,0.04995569
trimmed_mean,0.5,2,majority,0,0.10500131
trimmed_mean,0.5,2,majority,1,0.060910076
trimmed_mean,0.5,2,majority,2,0.08642653
trimmed_mean,0.5,2,majority,3,0.085706756
trimmed_mean,0.5,2,majority,4,0.03787864
trimmed_mean,0.5,2,majority,5,0.039051794
trimmed_mean,0.5,2,minority,0,0.092340976
trimmed_mean,0.5,2,minority,1,0.09633187
trimmed_mean,0.5,3,majority,0,0.07863251
trimmed_mean,0.5,3,majority,1,0.06024796
trimmed_mean,0.5,3,majority,2,0.07800559
trimmed_mean,0.5,3,majority,3,0.030028313
trimmed_mean,0.5,3,majority,4,0.05668911
trimmed_mean,0.5,3,majority,5,0.06185666
trimmed_mean,0.5,3,minority,0,0.11251804
trimmed_mean,0.5,3,minority,1,0.11338329
trimmed_mean,0.5,4,majority,0,0.067776136
trimmed_mean,0.5,4,majority,1,0.07426357
trimmed_mean,0.5,4,majority,2,0.07891703
trimmed_mean,0.5,4,majority,3,0.123556994
trimmed_mean,0.5,4,majority,4,0.037540816
trimmed_mean,0.5,4,majority,5,0.13855702
trimmed_mean,0.5,4,minority,0,0.09411189
trimmed_mean,0.5,4,minority,1,0.093989044
trimmed_mean,0.5,5,majority,0,0.07265074
trimmed_mean,0.5,5,majority,1,0.08465894
trimmed_mean,0.5,5,majority,2,0.06250608
trimmed_mean,0.5,5,majority,3,0.069124654
trimmed_mean,0.5,5,majority,4,0.086079285
trimmed_mean,0.5,5,majority,5,0.07488619
trimmed_mean,0.5,5,minority,0,0.08596065
trimmed_mean,0.5,5,minority,1,0.087137066
trimmed_mean,0.5,6,majority,0,0.09620012
trimmed_mean,0.5,6,majority,1,0.073324755
trimmed_mean,0.5,6,majority,2,0.078083865
trimmed_mean,0.5,6,majority,3,0.09297227
trimmed_mean,0.5,6,majority,4,0.04255017
trimmed_mean,0.5,6,majority,5,0.063838996
trimmed_mean,0.5,6,minority,0,0.12654182
trimmed_mean,0.5,6,minority,1,0.10998769
trimmed_mean,0.5,7,majority,0,0.073273055
trimmed_mean,0.5,7,majority,1,0.05604806
trimmed_mean,0.5,7,majority,2,0.07651185
trimmed_mean,0.5,7,majority,3,0.065765075
trimmed_mean,0.5,7,majority,4,0.07009988
trimmed_mean,0.5,7,majority,5,0.04531479
trimmed_mean,0.5,7,minority,0,0.06901023
trimmed_mean,0.5,7,minority,1,0.07498577
trimmed_mean,0.5,8,majority,0,0.07654572
trimmed_mean,0.5,8,majority,1,0.057044804
trimmed_mean,0.5,8,majority,2,0.10910291
trimmed_mean,0.5,8,majority,3,0.12427425
trimmed_mean,0.5,8,majority,4,0.15034212
trimmed_mean,0.5,8,majority,5,0.10258234
trimmed_mean,0.5,8,minority,0,0.16716409
trimmed_mean,0.5,8,minority,1,0.13919365
trimmed_mean,0.5,9,majority,0,0.07005236
trimmed_mean,0.5,9,majority,1,0.022735596
trimmed_mean,0.5,9,majority,2,0.09456774
trimmed_mean,0.5,9,majority,3,0.057181485
trimmed_mean,0.5,9,majority,4,0.013599776
trimmed_mean,0.5,9,majority,5,0.12653252
trimmed_mean,0.5,9,minority,0,0.105137154
trimmed_mean,0.5,9,minority,1,0.10227585
trimmed_mean,0.5,10,majority,0,0.056253895
trimmed_mean,0.5,10,majority,1,0.09113615
trimmed_mean,0.5,10,majority,2,0.11663079
trimmed_mean,0.5,10,majority,3,0.073871866
trimmed_mean,0.5,10,majority,4,0.08549366
trimmed_mean,0.5,10,majority,5,0.133884
trimmed_mean,0.5,10,minority,0,0.08960619
trimmed_mean,0.5,10,minority,1,0.1294091
trimmed_mean,0.5,11,majority,0,0.11278224
trimmed_mean,0.5,11,majority,1,0.1002545
trimmed_mean,0.5,11,majority,2,0.081071556
trimmed_mean,0.5,11,majority,3,0.08339053
trimmed_mean,0.5,11,majority,4,0.0981236
trimmed_mean,0.5,11,majority,5,0.039067984
trimmed_mean,0.5,11,minority,0,0.09163226
trimmed_mean,0.5,11,minority,1,0.11813887
trimmed_mean,0.5,12,majority,0,0.085779116
trimmed_mean,0.5,12,majority,1,0.051585913
trimmed_mean,0.5,12,majority,2,0.060237646
trimmed_mean,0.5,12,majority,3,0.0906306
trimmed_mean,0.5,12,majority,4,0.07298844
trimmed_mean,0.5,12,majority,5,0.06988776
trimmed_mean,0.5,12,minority,0,0.04053001
trimmed_mean,0.5,12,minority,1,0.030597974
trimmed_mean,0.5,13,majority,0,0.05909372
trimmed_mean,0.5,13,majority,1,0.028610582
trimmed_mean,0.5,13,majority,2,0.097250186
trimmed_mean,0.5,13,majority,3,0.06744914
trimmed_mean,0.5,13,majority,4,0.0963532
trimmed_mean,0.5,13,majority,5,0.11102551
trimmed_mean,0.5,13,minority,0,0.11844814
trimmed_mean,0.5,13,minority,1,0.08662503
trimmed_mean,0.5,14,majority,0,0.043630667
trimmed_mean,0.5,14,majority,1,0.072911166
trimmed_mean,0.5,14,majority,2,0.062641025
trimmed_mean,0.5,14,majority,3,0.062177595
trimmed_mean,0.5,14,majority,4,0.10685034
trimmed_mean,0.5,14,majority,5,0.066002734
trimmed_mean,0.5,14,minority,0,0.1338148
trimmed_mean,0.5,14,minority,1,0.12451735
trimmed_mean,0.5,15,majority,0,0.06397196
trimmed_mean,0.5,15,majority,1,0.04402902
trimmed_mean,0.5,15,majority,2,0.15260825
trimmed_mean,0.5,15,majority,3,0.15620887
trimmed_mean,0.5,15,majority,4,0.12215283
trimmed_mean,0.5,15,majority,5,0.04262669
trimmed_mean,0.5,15,minority,0,0.07280849
trimmed_mean,0.5,15,minority,1,0.12610793
trimmed_mean,0.5,16,majority,0,0.11053713
trimmed_mean,0.5,16,majority,1,0.09371229
trimmed_mean,0.5,16,majority,2,0.104562484
trimmed_mean,0.5,16,majority,3,0.071728125
trimmed_mean,0.5,16,majority,4,0.12244121
trimmed_mean,0.5,16,majority,5,0.062066182
trimmed_mean,0.5,16,minority,0,0.14570053
trimmed_mean,0.5,16,minority,1,0.12325084
trimmed_mean,0.5,17,majority,0,0.050702855
trimmed_mean,0.5,17,majority,1,0.08950511
trimmed_mean,0.5,17,majority,2,0.12644742
trimmed_mean,0.5,17,majority,3,0.13326138
trimmed_mean,0.5,17,majority,4,0.082100056
trimmed_mean,0.5,17,majority,5,0.08197351
trimmed_mean,0.5,17,minority,0,0.0777509
trimmed_mean,0.5,17,minority,1,0.046863586
trimmed_mean,0.5,18,majority,0,0.06464661
trimmed_mean,0.5,18,majority,1,0.061734445
trimmed_mean,0.5,18,majority,2,0.06520169
trimmed_mean,0.5,18,majority,3,0.06518589
trimmed_mean,0.5,18,majority,4,0.041736923
trimmed_mean,0.5,18,majority,5,0.031657882
trimmed_mean,0.5,18,minority,0,0.054678082
trimmed_mean,0.5,18,minority,1,0.07181179
trimmed_mean,0.5,19,majority,0,0.09350681
trimmed_mean,0.5,19,majority,1,0.04813637
trimmed_mean,0.5,19,majority,2,0.027445717
trimmed_mean,0.5,19,majority,3,0.060624596
trimmed_mean,0.5,19,majority,4,0.043487247
trimmed_mean,0.5,19,majority,5,0.08814658
trimmed_mean,0.5,19,minority,0,0.13163528
trimmed_mean,0.5,19,minority,1,0.12740502
trimmed_mean,0.5,20,majority,0,0.06749369
trimmed_mean,0.5,20,majority,1,0.031626757
trimmed_mean,0.5,20,majority,2,0.083079554
trimmed_mean,0.5,20,majority,3,0.05161649
trimmed_mean,0.5,20,majority,4,0.059638493
trimmed_mean,0.5,20,majority,5,0.039563116
trimmed_mean,0.5,20,minority,0,0.08714096
trimmed_mean,0.5,20,minority,1,0.07198763
trimmed_mean,1.0,1,majority,0,0.07837143
trimmed_mean,1.0,1,majority,1,0.09627759
trimmed_mean,1.0,1,majority,2,0.04816906
trimmed_mean,1.0,1,majority,3,0.07407073
trimmed_mean,1.0,1,majority,4,0.046253745
trimmed_mean,1.0,1,majority,5,0.0845043
trimmed_mean,1.0,1,minority,0,0.1114212
trimmed_mean,1.0,1,minority,1,0.10246112
trimmed_mean,1.0,2,majority,0,0.11858887
trimmed_mean,1.0,2,majority,1,0.07174321
trimmed_mean,1.0,2,majority,2,0.078864776
trimmed_mean,1.0,2,majority,3,0.10190041
trimmed_mean,1.0,2,majority,4,0.048743583
trimmed_mean,1.0,2,majority,5,0.031121703
trimmed_mean,1.0,2,minority,0,0.16302201
trimmed_mean,1.0,2,minority,1,0.1653153
trimmed_mean,1.0,3,majority,0,0.0931972
trimmed_mean,1.0,3,majority,1,0.075449854
trimmed_mean,1.0,3,majority,2,0.09266886
trimmed_mean,1.0,3,majority,3,0.02189995
trimmed_mean,1.0,3,majority,4,0.047841467
trimmed_mean,1.0,3,majority,5,0.073166035
trimmed_mean,1.0,3,minority,0,0.19075702
trimmed_mean,1.0,3,minority,1,0.19126867
trimmed_mean,1.0,4,majority,0,0.08776827
trimmed_mean,1.0,4,majority,1,0.08820391
trimmed_mean,1.0,4,majority,2,0.09979228
trimmed_mean,1.0,4,majority,3,0.13782936
trimmed_mean,1.0,4,majority,4,0.058154438
trimmed_mean,1.0,4,majority,5,0.16109562
trimmed_mean,1.0,4,minority,0,0.15423116
trimmed_mean,1.0,4,minority,1,0.15720715
trimmed_mean,1.0,5,majority,0,0.08451953
trimmed_mean,1.0,5,majority,1,0.091728255
trimmed_mean,1.0,5,majority,2,0.06892596
trimmed_mean,1.0,5,majority,3,0.06217347
trimmed_mean,1.0,5,majority,4,0.07721378
trimmed_mean,1.0,5,majority,5,0.08644861
trimmed_mean,1.0,5,minority,0,0.12396848
trimmed_mean,1.0,5,minority,1,0.11371398
trimmed_mean,1.0,6,majority,0,0.11008045
trimmed_mean,1.0,6,majority,1,0.068961225
trimmed_mean,1.0,6,majority,2,0.08583643
trimmed_mean,1.0,6,majority,3,0.10727108
trimmed_mean,1.0,6,majority,4,0.028373284
trimmed_mean,1.0,6,majority,5,0.08038465
trimmed_mean,1.0,6,minority,0,0.20120348
trimmed_mean,1.0,6,minority,1,0.1912258
trimmed_mean,1.0,7,majority,0,0.08681374
trimmed_mean,1.0,7,majority,1,0.05984144
trimmed_mean,1.0,7,majority,2,0.088114716
trimmed_mean,1.0,7,majority,3,0.0591159
trimmed_mean,1.0,7,majority,4,0.08415271
trimmed_mean,1.0,7,majority,5,0.040221278
trimmed_mean,1.0,7,minority,0,0.14498049
trimmed_mean,1.0,7,minority,1,0.14791821
trimmed_mean,1.0,8,majority,0,0.083306916
trimmed_mean,1.0,8,majority,1,0.064802326
trimmed_mean,1.0,8,majority,2,0.11342631
trimmed_mean,1.0,8,majority,3,0.12645672
trimmed_mean,1.0,8,majority,4,0.15810674
trimmed_mean,1.0,8,majority,5,0.11365794
trimmed_mean,1.0,8,minority,0,0.23999058
trimmed_mean,1.0,8,minority,1,0.22141932
trimmed_mean,1.0,9,majority,0,0.079686426
trimmed_mean,1.0,9,majority,1,0.03864748
trimmed_mean,1.0,9,majority,2,0.085457094
trimmed_mean,1.0,9,majority,3,0.068646304
trimmed_mean,1.0,9,majority,4,0.017462017
trimmed_mean,1.0,9,majority,5,0.1294813
trimmed_mean,1.0,9,minority,0,0.13901173
trimmed_mean,1.0,9,minority,1,0.12443259
trimmed_mean,1.0,10,majority,0,0.06540951
trimmed_mean,1.0,10,majority,1,0.10759299
trimmed_mean,1.0,10,majority,2,0.12989686
trimmed_mean,1.0,10,majority,3,0.08633879
trimmed_mean,1.0,10,majority,4,0.09480551
trimmed_mean,1.0,10,majority,5,0.11795543
trimmed_mean,1.0,10,minority,0,0.16815205
trimmed_mean,1.0,10,minority,1,0.16372038
trimmed_mean,1.0,11,majority,0,0.12724993
trimmed_mean,1.0,11,majority,1,0.11629132
trimmed_mean,1.0,11,majority,2,0.07420528
trimmed_mean,1.0,11,majority,3,0.08407962
trimmed_mean,1.0,11,majority,4,0.1103602
trimmed_mean,1.0,11,majority,5,0.025851874
trimmed_mean,1.0,11,minority,0,0.17167422
trimmed_mean,1.0,11,minority,1,0.18716934
trimmed_mean,1.0,12,majority,0,0.10078498
trimmed_mean,1.0,12,majority,1,0.09046058
trimmed_mean,1.0,12,majority,2,0.052432895
trimmed_mean,1.0,12,majority,3,0.10505222
trimmed_mean,1.0,12,majority,4,0.09027389
trimmed_mean,1.0,12,majority,5,0.0720997
trimmed_mean,1.0,12,minority,0,0.074309
trimmed_mean,1.0,12,minority,1,0.08467389
trimmed_mean,1.0,13,majority,0,0.06253344
trimmed_mean,1.0,13,majority,1,0.033460137
trimmed_mean,1.0,13,majority,2,0.09233269
trimmed_mean,1.0,13,majority,3,0.084352866
trimmed_mean,1.0,13,majority,4,0.09701549
trimmed_mean,1.0,13,majority,5,0.122035585
trimmed_mean,1.0,13,minority,0,0.114445135
trimmed_mean,1.0,13,minority,1,0.09472171
trimmed_mean,1.0,14,majority,0,0.054336958
trimmed_mean,1.0,14,majority,1,0.08571985
trimmed_mean,1.0,14,majority,2,0.076849915
trimmed_mean,1.0,14,majority,3,0.07679785
trimmed_mean,1.0,14,majority,4,0.09412065
trimmed_mean,1.0,14,majority,5,0.07856949
trimmed_mean,1.0,14,minority,0,0.19877788
trimmed_mean,1.0,14,minority,1,0.19264168
trimmed_mean,1.0,15,majority,0,0.075812384
trimmed_mean,1.0,15,majority,1,0.032488905
trimmed_mean,1.0,15,majority,2,0.16921309
trimmed_mean,1.0,15,majority,3,0.17246743
trimmed_mean,1.0,15,majority,4,0.10594498
trimmed_mean,1.0,15,majority,5,0.05328365
trimmed_mean,1.0,15,minority,0,0.15002201
trimmed_mean,1.0,15,minority,1,0.15059932
trimmed_mean,1.0,16,majority,0,0.0982249
trimmed_mean,1.0,16,majority,1,0.10100533
trimmed_mean,1.0,16,majority,2,0.117338106
trimmed_mean,1.0,16,majority,3,0.08395808
trimmed_mean,1.0,16,majority,4,0.13351692
trimmed_mean,1.0,16,majority,5,0.07295455
trimmed_mean,1.0,16,minority,0,0.21569191
trimmed_mean,1.0,16,minority,1,0.20120916
trimmed_mean,1.0,17,majority,0,0.04699391
trimmed_mean,1.0,17,majority,1,0.08407913
trimmed_mean,1.0,17,majority,2,0.14086407
trimmed_mean,1.0,17,majority,3,0.14701134
trimmed_mean,1.0,17,majority,4,0.09094512
trimmed_mean,1.0,17,majority,5,0.070581704
trimmed_mean,1.0,17,minority,0,0.1221381
trimmed_mean,1.0,17,minority,1,0.11792932
trimmed_mean,1.0,18,majority,0,0.06001907
trimmed_mean,1.0,18,majority,1,0.073458485
trimmed_mean,1.0,18,majority,2,0.076395474
trimmed_mean,1.0,18,majority,3,0.0753794
trimmed_mean,1.0,18,majority,4,0.05532519
trimmed_mean,1.0,18,majority,5,0.039591864
trimmed_mean,1.0,18,minority,0,0.12364262
trimmed_mean,1.0,18,minority,1,0.1357312
trimmed_mean,1.0,19,majority,0,0.10221454
trimmed_mean,1.0,19,majority,1,0.05679142
trimmed_mean,1.0,19,majority,2,0.0178119
trimmed_mean,1.0,19,majority,3,0.07127893
trimmed_mean,1.0,19,majority,4,0.05834555
trimmed_mean,1.0,19,majority,5,0.097335026
trimmed_mean,1.0,19,minority,0,0.20688678
trimmed_mean,1.0,19,minority,1,0.20422128
trimmed_mean,1.0,20,majority,0,0.07089992
trimmed_mean,1.0,20,majority,1,0.034567963
trimmed_mean,1.0,20,majority,2,0.09384216
trimmed_mean,1.0,20,majority,3,0.06758996
trimmed_mean,1.0,20,majority,4,0.06524709
trimmed_mean,1.0,20,majority,5,0.044567958
trimmed_mean,1.0,20,minority,0,0.16140679
trimmed_mean,1.0,20,minority,1,0.15375572
trimmed_mean,1.5,1,majority,0,0.06479996
trimmed_mean,1.5,1,majority,1,0.10899513
trimmed_mean,1.5,1,majority,2,0.06333175
trimmed_mean,1.5,1,majority,3,0.084837094
trimmed_mean,1.5,1,majority,4,0.049484313
trimmed_mean,1.5,1,majority,5,0.0987499
trimmed_mean,1.5,1,minority,0,0.18521959
trimmed_mean,1.5,1,minority,1,0.17997193
trimmed_mean,1.5,2,majority,0,0.13287945
trimmed_mean,1.5,2,majority,1,0.0844968
trimmed_mean,1.5,2,majority,2,0.07433244
trimmed_mean,1.5,2,majority,3,0.11822573
trimmed_mean,1.5,2,majority,4,0.06223047
trimmed_mean,1.5,2,majority,5,0.031106887
trimmed_mean,1.5,2,minority,0,0.24189742
trimmed_mean,1.5,2,minority,1,0.24344884
trimmed_mean,1.5,3,majority,0,0.10836936
trimmed_mean,1.5,3,majority,1,0.09116516
trimmed_mean,1.5,3,majority,2,0.10791533
trimmed_mean,1.5,3,majority,3,0.02476026
trimmed_mean,1.5,3,majority,4,0.04381233
trimmed_mean,1.5,3,majority,5,0.08623125
trimmed_mean,1.5,3,minority,0,0.2720388
trimmed_mean,1.5,3,minority,1,0.2723978
trimmed_mean,1.5,4,majority,0,0.10173168
trimmed_mean,1.5,4,majority,1,0.099523626
trimmed_mean,1.5,4,majority,2,0.11396289
trimmed_mean,1.5,4,majority,3,0.1484115
trimmed_mean,1.5,4,majority,4,0.07298444
trimmed_mean,1.5,4,majority,5,0.14979586
trimmed_mean,1.5,4,minority,0,0.2344075
trimmed_mean,1.5,4,minority,1,0.23637621
trimmed_mean,1.5,5,majority,0,0.0977985
trimmed_mean,1.5,5,majority,1,0.10107709
trimmed_mean,1.5,5,majority,2,0.07842271
trimmed_mean,1.5,5,majority,3,0.059231892
trimmed_mean,1.5,5,majority,4,0.071202844
trimmed_mean,1.5,5,majority,5,0.09947038
trimmed_mean,1.5,5,minority,0,0.1929663
trimmed_mean,1.5,5,minority,1,0.18654403
trimmed_mean,1.5,6,majority,0,0.12464561
trimmed_mean,1.5,6,majority,1,0.06848604
trimmed_mean,1.5,6,majority,2,0.09588677
trimmed_mean,1.5,6,majority,3,0.12217163
trimmed_mean,1.5,6,majority,4,0.0188447
trimmed_mean,1.5,6,majority,5,0.09697175
trimmed_mean,1.5,6,minority,0,0.28078762
trimmed_mean,1.5,6,minority,1,0.27372643
trimmed_mean,1.5,7,majority,0,0.10129093
trimmed_mean,1.5,7,majority,1,0.06764741
trimmed_mean,1.5,7,majority,2,0.1011429
trimmed_mean,1.5,7,majority,3,0.05674406
trimmed_mean,1.5,7,majority,4,0.09901972
trimmed_mean,1.5,7,majority,5,0.041684948
trimmed_mean,1.5,7,minority,0,0.22619712
trimmed_mean,1.5,7,minority,1,0.2280912
trimmed_mean,1.5,8,majority,0,0.0926088
trimmed_mean,1.5,8,majority,1,0.07549924
trimmed_mean,1.5,8,majority,2,0.119929835
trimmed_mean,1.5,8,majority,3,0.1307443
trimmed_mean,1.5,8,majority,4,0.16717741
trimmed_mean,1.5,8,majority,5,0.1259709
trimmed_mean,1.5,8,minority,0,0.3180189
trimmed_mean,1.5,8,minority,1,0.30424836
trimmed_mean,1.5,9,majority,0,0.09136785
trimmed_mean,1.5,9,majority,1,0.055008207
trimmed_mean,1.5,9,majority,2,0.07885629
trimmed_mean,1.5,9,majority,3,0.081917465
trimmed_mean,1.5,9,majority,4,0.031312052
trimmed_mean,1.5,9,majority,5,0.13444658
trimmed_mean,1.5,9,minority,0,0.20367523
trimmed_mean,1.5,9,minority,1,0.19401756
trimmed_mean,1.5,10,majority,0,0.077122234
trimmed_mean,1.5,10,majority,1,0.1241058
trimmed_mean,1.5,10,majority,2,0.14387214
trimmed_mean,1.5,10,majority,3,0.10003637
trimmed_mean,1.5,10,majority,4,0.10593649
trimmed_mean,1.5,10,majority,5,0.102262475
trimmed_mean,1.5,10,minority,0,0.24981965
trimmed_mean,1.5,10,minority,1,0.24685848
trimmed_mean,1.5,11,majority,0,0.14220005
trimmed_mean,1.5,11,majority,1,0.13248391
trimmed_mean,1.5,11,majority,2,0.070680924
trimmed_mean,1.5,11,majority,3,0.0879792
trimmed_mean,1.5,11,majority,4,0.12363697
trimmed_mean,1.5,11,majority,5,0.019127928
trimmed_mean,1.5,11,minority,0,0.25384334
trimmed_mean,1.5,11,minority,1,0.264569
trimmed_mean,1.5,12,majority,0,0.11308397
trimmed_mean,1.5,12,majority,1,0.08719852
trimmed_mean,1.5,12,majority,2,0.057043977
trimmed_mean,1.5,12,majority,3,0.11695873
trimmed_mean,1.5,12,majority,4,0.10388817
trimmed_mean,1.5,12,majority,5,0.07995436
trimmed_mean,1.5,12,minority,0,0.1487338
trimmed_mean,1.5,12,minority,1,0.14578491
trimmed_mean,1.5,13,majority,0,0.06980165
trimmed_mean,1.5,13,majority,1,0.044471297
trimmed_mean,1.5,13,majority,2,0.07863115
trimmed_mean,1.5,13,majority,3,0.099877864
trimmed_mean,1.5,13,majority,4,0.100584574
trimmed_mean,1.5,13,majority,5,0.13323988
trimmed_mean,1.5,13,minority,0,0.15682806
trimmed_mean,1.5,13,minority,1,0.15552033
trimmed_mean,1.5,14,majority,0,0.06750493
trimmed_mean,1.5,14,majority,1,0.09967606
trimmed_mean,1.5,14,majority,2,0.09188839
trimmed_mean,1.5,14,majority,3,0.092115864
trimmed_mean,1.5,14,majority,4,0.082800545
trimmed_mean,1.5,14,majority,5,0.092442
trimmed_mean,1.5,14,minority,0,0.27387553
trimmed_mean,1.5,14,minority,1,0.26945496
trimmed_mean,1.5,15,majority,0,0.089208774
trimmed_mean,1.5,15,majority,1,0.026982382
trimmed_mean,1.5,15,majority,2,0.18582945
trimmed_mean,1.5,15,majority,3,0.18879758
trimmed_mean,1.5,15,majority,4,0.089904904
trimmed_mean,1.5,15,majority,5,0.0664593
trimmed_mean,1.5,15,minority,0,0.23151883
trimmed_mean,1.5,15,minority,1,0.23189335
trimmed_mean,1.5,16,majority,0,0.08736911
trimmed_mean,1.5,16,majority,1,0.11035268
trimmed_mean,1.5,16,majority,2,0.13099113
trimmed_mean,1.5,16,majority,3,0.0975117
trimmed_mean,1.5,16,majority,4,0.1456613
trimmed_mean,1.5,16,majority,5,0.08572092
trimmed_mean,1.5,16,minority,0,0.29275632
trimmed_mean,1.5,16,minority,1,0.2822559
trimmed_mean,1.5,17,majority,0,0.049006462
trimmed_mean,1.5,17,majority,1,0.08174961
trimmed_mean,1.5,17,majority,2,0.15573058
trimmed_mean,1.5,17,majority,3,0.1613123
trimmed_mean,1.5,17,majority,4,0.10177007
trimmed_mean,1.5,17,majority,5,0.061639648
trimmed_mean,1.5,17,minority,0,0.2012901
trimmed_mean,1.5,17,minority,1,0.19876449
trimmed_mean,1.5,18,majority,0,0.048574094
trimmed_mean,1.5,18,majority,1,0.08597497
trimmed_mean,1.5,18,majority,2,0.088497534
trimmed_mean,1.5,18,majority,3,0.0868493
trimmed_mean,1.5,18,majority,4,0.06943107
trimmed_mean,1.5,18,majority,5,0.05157176
trimmed_mean,1.5,18,minority,0,0.20643204
trimmed_mean,1.5,18,minority,1,0.2138917
trimmed_mean,1.5,19,majority,0,0.112728275
trimmed_mean,1.5,19,majority,1,0.06847601
trimmed_mean,1.5,19,majority,2,0.020900112
trimmed_mean,1.5,19,majority,3,0.083914205
trimmed_mean,1.5,19,majority,4,0.07397851
trimmed_mean,1.5,19,majority,5,0.1083234
trimmed_mean,1.5,19,minority,0,0.28664497
trimmed_mean,1.5,19,minority,1,0.2847271
trimmed_mean,1.5,20,majority,0,0.07780588
trimmed_mean,1.5,20,majority,1,0.04410432
trimmed_mean,1.5,20,majority,2,0.106141545
trimmed_mean,1.5,20,majority,3,0.083833635
trimmed_mean,1.5,20,majority,4,0.07425073
trimmed_mean,1.5,20,majority,5,0.054432712
trimmed_mean,1.5,20,minority,0,0.24166021
trimmed_mean,1.5,20,minority,1,0.23661853
trimmed_mean,2.0,1,majority,0,0.053023983
trimmed_mean,2.0,1,majority,1,0.12266238
trimmed_mean,2.0,1,majority,2,0.07910194
trimmed_mean,2.0,1,majority,3,0.09728178
trimmed_mean,2.0,1,majority,4,0.057563353
trimmed_mean,2.0,1,majority,5,0.113655895
trimmed_mean,2.0,1,minority,0,0.26473916
trimmed_mean,2.0,1,minority,1,0.26109463
trimmed_mean,2.0,2,majority,0,0.14766891
trimmed_mean,2.0,2,majority,1,0.098427
trimmed_mean,2.0,2,majority,2,0.073393
trimmed_mean,2.0,2,majority,3,0.13463463
trimmed_mean,2.0,2,majority,4,0.07697325
trimmed_mean,2.0,2,majority,5,0.03901629
trimmed_mean,2.0,2,minority,0,0.32301933
trimmed_mean,2.0,2,minority,1,0.32418275
trimmed_mean,2.0,3,majority,0,0.12392607
trimmed_mean,2.0,3,majority,1,0.10716831
trimmed_mean,2.0,3,majority,2,0.12352924
trimmed_mean,2.0,3,majority,3,0.03608445
trimmed_mean,2.0,3,majority,4,0.04588883
trimmed_mean,2.0,3,majority,5,0.100369096
trimmed_mean,2.0,3,minority,0,0.3542751
trimmed_mean,2.0,3,minority,1,0.35455087
trimmed_mean,2.0,4,majority,0,0.11640868
trimmed_mean,2.0,4,majority,1,0.112185344
trimmed_mean,2.0,4,majority,2,0.12873292
trimmed_mean,2.0,4,majority,3,0.16003312
trimmed_mean,2.0,4,majority,4,0.08847086
trimmed_mean,2.0,4,majority,5,0.13957556
trimmed_mean,2.0,4,minority,0,0.31622037
trimmed_mean,2.0,4,minority,1,0.31768247
trimmed_mean,2.0,5,majority,0,0.11198707
trimmed_mean,2.0,5,majority,1,0.11213673
trimmed_mean,2.0,5,majority,2,0.09002791
trimmed_mean,2.0,5,majority,3,0.060883958
trimmed_mean,2.0,5,majority,4,0.06879882
trimmed_mean,2.0,5,majority,5,0.11345005
trimmed_mean,2.0,5,minority,0,0.27017155
trimmed_mean,2.0,5,minority,1,0.2656226
trimmed_mean,2.0,6,majority,0,0.13968137
trimmed_mean,2.0,6,majority,1,0.071976215
trimmed_mean,2.0,6,majority,2,0.107592724
trimmed_mean,2.0,6,majority,3,0.13747822
trimmed_mean,2.0,6,majority,4,0.021465365
trimmed_mean,2.0,6,majority,5,0.11358214
trimmed_mean,2.0,6,minority,0,0.36206284
trimmed_mean,2.0,6,minority,1,0.3566146
trimmed_mean,2.0,7,majority,0,0.11635563
trimmed_mean,2.0,7,majority,1,0.0782745
trimmed_mean,2.0,7,majority,2,0.115113534
trimmed_mean,2.0,7,majority,3,0.059166227
trimmed_mean,2.0,7,majority,4,0.114383936
trimmed_mean,2.0,7,majority,5,0.04912305
trimmed_mean,2.0,7,minority,0,0.30854478
trimmed_mean,2.0,7,minority,1,0.30993602
trimmed_mean,2.0,8,majority,0,0.10377047
trimmed_mean,2.0,8,majority,1,0.08807098
trimmed_mean,2.0,8,majority,2,0.12828232
trimmed_mean,2.0,8,majority,3,0.13693942
trimmed_mean,2.0,8,majority,4,0.1773539
trimmed_mean,2.0,8,majority,5,0.13919336
trimmed_mean,2.0,8,minority,0,0.3982027
trimmed_mean,2.0,8,minority,1,0.38729373
trimmed_mean,2.0,9,majority,0,0.10441176
trimmed_mean,2.0,9,majority,1,0.07151037
trimmed_mean,2.0,9,majority,2,0.07542723
trimmed_mean,2.0,9,majority,3,0.09625073
trimmed_mean,2.0,9,majority,4,0.047026936
trimmed_mean,2.0,9,majority,5,0.14121592
trimmed_mean,2.0,9,minority,0,0.2784453
trimmed_mean,2.0,9,minority,1,0.27146086
trimmed_mean,2.0,10,majority,0,0.09040375
trimmed_mean,2.0,10,majority,1,0.14065503
trimmed_mean,2.0,10,majority,2,0.15836912
trimmed_mean,2.0,10,majority,3,0.114523984
trimmed_mean,2.0,10,majority,4,0.118374765
trimmed_mean,2.0,10,majority,5,0.086932614
trimmed_mean,2.0,10,minority,0,0.33231527
trimmed_mean,2.0,10,minority,1,0.33009496
trimmed_mean,2.0,11,majority,0,0.15749519
trimmed_mean,2.0,11,majority,1,0.14878127
trimmed_mean,2.0,11,majority,2,0.07099805
trimmed_mean,2.0,11,majority,3,0.09469346
trimmed_mean,2.0,11,majority,4,0.13765304
trimmed_mean,2.0,11,majority,5,0.024879599
trimmed_mean,2.0,11,minority,0,0.3365855
trimmed_mean,2.0,11,minority,1,0.34474647
trimmed_mean,2.0,12,majority,0,0.12515223
trimmed_mean,2.0,12,majority,1,0.07304343
trimmed_mean,2.0,12,majority,2,0.065495364
trimmed_mean,2.0,12,majority,3,0.1287078
trimmed_mean,2.0,12,majority,4,0.116957694
trimmed_mean,2.0,12,majority,5,0.089582615
trimmed_mean,2.0,12,minority,0,0.23005968
trimmed_mean,2.0,12,minority,1,0.22816433
trimmed_mean,2.0,13,majority,0,0.079935275
trimmed_mean,2.0,13,majority,1,0.058235403
trimmed_mean,2.0,13,majority,2,0.06630192
trimmed_mean,2.0,13,majority,3,0.11572079
trimmed_mean,2.0,13,majority,4,0.10666798
trimmed_mean,2.0,13,majority,5,0.14549427
trimmed_mean,2.0,13,minority,0,0.23172899
trimmed_mean,2.0,13,minority,1,0.23084596
trimmed_mean,2.0,14,majority,0,0.081956744
trimmed_mean,2.0,14,majority,1,0.11436048
trimmed_mean,2.0,14,majority,2,0.10740866
trimmed_mean,2.0,14,majority,3,0.10783476
trimmed_mean,2.0,14,majority,4,0.073543936
trimmed_mean,2.0,14,majority,5,0.107114226
trimmed_mean,2.0,14,minority,0,0.3526922
trimmed_mean,2.0,14,minority,1,0.34927058
trimmed_mean,2.0,15,majority,0,0.10355885
trimmed_mean,2.0,15,majority,1,0.03092126
trimmed_mean,2.0,15,majority,2,0.20245387
trimmed_mean,2.0,15,majority,3,0.20518164
trimmed_mean,2.0,15,majority,4,0.07414174
trimmed_mean,2.0,15,majority,5,0.08093253
trimmed_mean,2.0,15,minority,0,0.31398132
trimmed_mean,2.0,15,minority,1,0.31425756
trimmed_mean,2.0,16,majority,0,0.07857568
trimmed_mean,2.0,16,majority,1,0.121280365
trimmed_mean,2.0,16,majority,2,0.14527467
trimmed_mean,2.0,16,majority,3,0.11190933
trimmed_mean,2.0,16,majority,4,0.15862934
trimmed_mean,2.0,16,majority,5,0.09964618
trimmed_mean,2.0,16,minority,0,0.37252963
trimmed_mean,2.0,16,minority,1,0.36433563
trimmed_mean,2.0,17,majority,0,0.056128368
trimmed_mean,2.0,17,majority,1,0.082778335
trimmed_mean,2.0,17,majority,2,0.17092942
trimmed_mean,2.0,17,majority,3,0.17602986
trimmed_mean,2.0,17,majority,4,0.11401243
trimmed_mean,2.0,17,majority,5,0.05632655
trimmed_mean,2.0,17,minority,0,0.2828544
trimmed_mean,2.0,17,minority,1,0.2810627
trimmed_mean,2.0,18,majority,0,0.040892076
trimmed_mean,2.0,18,majority,1,0.09971351
trimmed_mean,2.0,18,majority,2,0.101896524
trimmed_mean,2.0,18,majority,3,0.09979525
trimmed_mean,2.0,18,majority,4,0.08447493
trimmed_mean,2.0,18,majority,5,0.065630265
trimmed_mean,2.0,18,minority,0,0.2895338
trimmed_mean,2.0,18,minority,1,0.29489878
trimmed_mean,2.0,19,majority,0,0.12459171
trimmed_mean,2.0,19,majority,1,0.081903845
trimmed_mean,2.0,19,majority,2,0.033345465
trimmed_mean,2.0,19,majority,3,0.097765416
trimmed_mean,2.0,19,majority,4,0.089983396
trimmed_mean,2.0,19,majority,5,0.12062085
trimmed_mean,2.0,19,minority,0,0.36799094
trimmed_mean,2.0,19,minority,1,0.36649904
trimmed_mean,2.0,20,majority,0,0.08738572
trimmed_mean,2.0,20,majority,1,0.057017475
trimmed_mean,2.0,20,majority,2,0.11950437
trimmed_mean,2.0,20,majority,3,0.10021649
trimmed_mean,2.0,20,majority,4,0.085584626
trimmed_mean,2.0,20,majority,5,0.06704544
trimmed_mean,2.0,20,minority,0,0.32347488
trimmed_mean,2.0,20,minority,1,0.31972593
trimmed_mean,3.0,1,majority,0,0.041270122
trimmed_mean,3.0,1,majority,1,0.15180568
trimmed_mean,3.0,1,majority,2,0.11142798
trimmed_mean,3.0,1,majority,3,0.12515284
trimmed_mean,3.0,1,majority,4,0.08191391
trimmed_mean,3.0,1,majority,5,0.1446256
trimmed_mean,3.0,1,minority,0,0.42815238
trimmed_mean,3.0,1,minority,1,0.4259085
trimmed_mean,3.0,2,majority,0,0.17824458
trimmed_mean,3.0,2,majority,1,0.12826093
trimmed_mean,3.0,2,majority,2,0.08231426
trimmed_mean,3.0,2,majority,3,0.1676052
trimmed_mean,3.0,2,majority,4,0.108148366
trimmed_mean,3.0,2,majority,5,0.065560766
trimmed_mean,3.0,2,minority,0,0.4875062
trimmed_mean,3.0,2,minority,1,0.48827788
trimmed_mean,3.0,3,majority,0,0.15573016
trimmed_mean,3.0,3,majority,1,0.13964108
trimmed_mean,3.0,3,majority,2,0.15541454
trimmed_mean,3.0,3,majority,3,0.06593015
trimmed_mean,3.0,3,majority,4,0.064381585
trimmed_mean,3.0,3,majority,5,0.13044895
trimmed_mean,3.0,3,minority,0,0.519797
trimmed_mean,3.0,3,minority,1,0.519985
trimmed_mean,3.0,4,majority,0,0.14704034
trimmed_mean,3.0,4,majority,1,0.14004767
trimmed_mean,3.0,4,majority,2,0.15939885
trimmed_mean,3.0,4,majority,3,0.18559748
trimmed_mean,3.0,4,majority,4,0.12039269
trimmed_mean,3.0,4,majority,5,0.12342256
trimmed_mean,3.0,4,minority,0,0.48141357
trimmed_mean,3.0,4,minority,1,0.48237523
trimmed_mean,3.0,5,majority,0,0.14198877
trimmed_mean,3.0,5,majority,1,0.13768592
trimmed_mean,3.0,5,majority,2,0.11696782
trimmed_mean,3.0,5,majority,3,0.075963065
trimmed_mean,3.0,5,majority,4,0.07567572
trimmed_mean,3.0,5,majority,5,0.14314546
trimmed_mean,3.0,5,minority,0,0.4314775
trimmed_mean,3.0,5,minority,1,0.4286438
trimmed_mean,3.0,6,majority,0,0.17066415
trimmed_mean,3.0,6,majority,1,0.08847447
trimmed_mean,3.0,6,majority,2,0.13418916
trimmed_mean,3.0,6,majority,3,0.16886573
trimmed_mean,3.0,6,majority,4,0.04836004
trimmed_mean,3.0,6,majority,5,0.1468413
trimmed_mean,3.0,6,minority,0,0.5265469
trimmed_mean,3.0,6,minority,1,0.5228156
trimmed_mean,3.0,7,majority,0,0.1475224
trimmed_mean,3.0,7,majority,1,0.10437916
trimmed_mean,3.0,7,majority,2,0.1447766
trimmed_mean,3.0,7,majority,3,0.075688995
trimmed_mean,3.0,7,majority,4,0.1459723
trimmed_mean,3.0,7,majority,5,0.07369272
trimmed_mean,3.0,7,minority,0,0.4742741
trimmed_mean,3.0,7,minority,1,0.4751804
trimmed_mean,3.0,8,majority,0,0.12968718
trimmed_mean,3.0,8,majority,1,0.11634372
trimmed_mean,3.0,8,majority,2,0.14922944
trimmed_mean,3.0,8,majority,3,0.15406395
trimmed_mean,3.0,8,majority,4,0.20033291
trimmed_mean,3.0,8,majority,5,0.16749226
trimmed_mean,3.0,8,minority,0,0.5613296
trimmed_mean,3.0,8,minority,1,0.5536443
trimmed_mean,3.0,9,majority,0,0.13295077
trimmed_mean,3.0,9,majority,1,0.10467106
trimmed_mean,3.0,9,majority,2,0.07935896
trimmed_mean,3.0,9,majority,3,0.12664239
trimmed_mean,3.0,9,majority,4,0.07962625
trimmed_mean,3.0,9,majority,5,0.15918756
trimmed_mean,3.0,9,minority,0,0.43737274
trimmed_mean,3.0,9,minority,1,0.43295974
trimmed_mean,3.0,10,majority,0,0.1195387
trimmed_mean,3.0,10,majority,1,0.17382053
trimmed_mean,3.0,10,majority,2,0.18844235
trimmed_mean,3.0,10,majority,3,0.14491124
trimmed_mean,3.0,10,majority,4,0.1458057
trimmed_mean,3.0,10,majority,5,0.058509234
trimmed_mean,3.0,10,minority,0,0.49814397
trimmed_mean,3.0,10,minority,1,0.49666554
trimmed_mean,3.0,11,majority,0,0.18878318
trimmed_mean,3.0,11,majority,1,0.18157704
trimmed_mean,3.0,11,majority,2,0.08244547
trimmed_mean,3.0,11,majority,3,0.1143964
trimmed_mean,3.0,11,majority,4,0.16715138
trimmed_mean,3.0,11,majority,5,0.052838355
trimmed_mean,3.0,11,minority,0,0.50265604
trimmed_mean,3.0,11,minority,1,0.5081569
trimmed_mean,3.0,12,majority,0,0.15192072
trimmed_mean,3.0,12,majority,1,0.049654514
trimmed_mean,3.0,12,majority,2,0.0895965
trimmed_mean,3.0,12,majority,3,0.15493555
trimmed_mean,3.0,12,majority,4,0.14532182
trimmed_mean,3.0,12,majority,5,0.11382599
trimmed_mean,3.0,12,minority,0,0.39522865
trimmed_mean,3.0,12,minority,1,0.39412835
trimmed_mean,3.0,13,majority,0,0.10531431
trimmed_mean,3.0,13,majority,1,0.08879965
trimmed_mean,3.0,13,majority,2,0.049887646
trimmed_mean,3.0,13,majority,3,0.14795078
trimmed_mean,3.0,13,majority,4,0.12476506
trimmed_mean,3.0,13,majority,5,0.17224027
trimmed_mean,3.0,13,minority,0,0.391882
trimmed_mean,3.0,13,minority,1,0.3913605
trimmed_mean,3.0,14,majority,0,0.11270993
trimmed_mean,3.0,14,majority,1,0.1450205
trimmed_mean,3.0,14,majority,2,0.13924618
trimmed_mean,3.0,14,majority,3,0.13993199
trimmed_mean,3.0,14,majority,4,0.06466034
trimmed_mean,3.0,14,majority,5,0.1378257
trimmed_mean,3.0,14,minority,0,0.514613
trimmed_mean,3.0,14,minority,1,0.512274
trimmed_mean,3.0,15,majority,0,0.13387889
trimmed_mean,3.0,15,majority,1,0.05548828
trimmed_mean,3.0,15,majority,2,0.2357206
trimmed_mean,3.0,15,majority,3,0.23806752
trimmed_mean,3.0,15,majority,4,0.04463023
trimmed_mean,3.0,15,majority,5,0.11172841
trimmed_mean,3.0,15,minority,0,0.4798098
trimmed_mean,3.0,15,minority,1,0.47999063
trimmed_mean,3.0,16,majority,0,0.07015965
trimmed_mean,3.0,16,majority,1,0.14641716
trimmed_mean,3.0,16,majority,2,0.1751098
trimmed_mean,3.0,16,majority,3,0.14219956
trimmed_mean,3.0,16,majority,4,0.18633835
trimmed_mean,3.0,16,majority,5,0.12945487
trimmed_mean,3.0,16,minority,0,0.53534025
trimmed_mean,3.0,16,minority,1,0.52967095
trimmed_mean,3.0,17,majority,0,0.07946442
trimmed_mean,3.0,17,majority,1,0.09411394
trimmed_mean,3.0,17,majority,2,0.20202297
trimmed_mean,3.0,17,majority,3,0.2063563
trimmed_mean,3.0,17,majority,4,0.14124069
trimmed_mean,3.0,17,majority,5,0.05988169
trimmed_mean,3.0,17,minority,0,0.44794092
trimmed_mean,3.0,17,minority,1,0.44681168
trimmed_mean,3.0,18,majority,0,0.04432002
trimmed_mean,3.0,18,majority,1,0.12927355
trimmed_mean,3.0,18,majority,2,0.13096477
trimmed_mean,3.0,18,majority,3,0.12829004
trimmed_mean,3.0,18,majority,4,0.115902476
trimmed_mean,3.0,18,majority,5,0.09627766
trimmed_mean,3.0,18,minority,0,0.45599088
trimmed_mean,3.0,18,minority,1,0.4594161
trimmed_mean,3.0,19,majority,0,0.15106481
trimmed_mean,3.0,19,majority,1,0.11141569
trimmed_mean,3.0,19,majority,2,0.06425581
trimmed_mean,3.0,19,majority,3,0.12750557
trimmed_mean,3.0,19,majority,4,0.122523695
trimmed_mean,3.0,19,majority,5,0.14780687
trimmed_mean,3.0,19,minority,0,0.53253
trimmed_mean,3.0,19,minority,1,0.53150016
trimmed_mean,3.0,20,majority,0,0.11165996
trimmed_mean,3.0,20,majority,1,0.0867713
trimmed_mean,3.0,20,majority,2,0.14825132
trimmed_mean,3.0,20,majority,3,0.1331935
trimmed_mean,3.0,20,majority,4,0.11231412
trimmed_mean,3.0,20,majority,5,0.09605258
trimmed_mean,3.0,20,minority,0,0.48864657
trimmed_mean,3.0,20,minority,1,0.48617294
median,0.0,1,majority,0,0.09534887
median,0.0,1,majority,1,0.09534895
median,0.0,1,majority,2,0.09534889
median,0.0,1,majority,3,0.09534893
median,0.0,1,majority,4,0.09534893
median,0.0,1,majority,5,0.09534887
median,0.0,1,minority,0,0.09534895
median,0.0,1,minority,1,0.09534889
median,0.0,2,majority,0,0.09994197
median,0.0,2,majority,1,0.09994202
median,0.0,2,majority,2,0.099941954
median,0.0,2,majority,3,0.09994199
median,0.0,2,majority,4,0.0999419
median,0.0,2,majority,5,0.09994193
median,0.0,2,minority,0,0.09994198
median,0.0,2,minority,1,0.09994194
median,0.0,3,majority,0,0.13332349
median,0.0,3,majority,1,0.13332349
median,0.0,3,majority,2,0.13332352
median,0.0,3,majority,3,0.13332361
median,0.0,3,majority,4,0.13332361
median,0.0,3,majority,5,0.13332352
median,0.0,3,minority,0,0.13332357
median,0.0,3,minority,1,0.13332357
median,0.0,4,majority,0,0.13879791
median,0.0,4,majority,1,0.13879791
median,0.0,4,majority,2,0.13879791
median,0.0,4,majority,3,0.13879791
median,0.0,4,majority,4,0.13879791
median,0.0,4,majority,5,0.13879791
median,0.0,4,minority,0,0.13879791
median,0.0,4,minority,1,0.13879791
median,0.0,5,majority,0,0.05524962
median,0.0,5,majority,1,0.05524962
median,0.0,5,majority,2,0.05524973
median,0.0,5,majority,3,0.05524973
median,0.0,5,majority,4,0.05524973
median,0.0,5,majority,5,0.055249736
median,0.0,5,minority,0,0.05524962
median,0.0,5,minority,1,0.055249613
median,0.0,6,majority,0,0.0923154
median,0.0,6,majority,1,0.09231551
median,0.0,6,majority,2,0.09231541
median,0.0,6,majority,3,0.09231541
median,0.0,6,majority,4,0.09231551
median,0.0,6,majority,5,0.09231541
median,0.0,6,minority,0,0.09231551
median,0.0,6,minority,1,0.092315525
median,0.0,7,majority,0,0.12523605
median,0.0,7,majority,1,0.1252361
median,0.0,7,majority,2,0.12523605
median,0.0,7,majority,3,0.12523606
median,0.0,7,majority,4,0.1252361
median,0.0,7,majority,5,0.12523611
median,0.0,7,minority,0,0.12523606
median,0.0,7,minority,1,0.12523611
median,0.0,8,majority,0,0.050344132
median,0.0,8,majority,1,0.050344076
median,0.0,8,majority,2,0.050344076
median,0.0,8,majority,3,0.050344035
median,0.0,8,majority,4,0.050344035
median,0.0,8,majority,5,0.05034409
median,0.0,8,minority,0,0.050344132
median,0.0,8,minority,1,0.05034409
median,0.0,9,majority,0,0.03630155
median,0.0,9,majority,1,0.036301523
median,0.0,9,majority,2,0.036301464
median,0.0,9,majority,3,0.036301613
median,0.0,9,majority,4,0.036301464
median,0.0,9,majority,5,0.036301523
median,0.0,9,minority,0,0.03630155
median,0.0,9,minority,1,0.036301613
median,0.0,10,majority,0,0.051235568
median,0.0,10,majority,1,0.051235486
median,0.0,10,majority,2,0.051235486
median,0.0,10,majority,3,0.05123552
median,0.0,10,majority,4,0.051235486
median,0.0,10,majority,5,0.051235568
median,0.0,10,minority,0,0.051235568
median,0.0,10,minority,1,0.051235534
median,0.0,11,majority,0,0.105314076
median,0.0,11,majority,1,0.10531397
median,0.0,11,majority,2,0.105314076
median,0.0,11,majority,3,0.10531397
median,0.0,11,majority,4,0.105314076
median,0.0,11,majority,5,0.105314076
median,0.0,11,minority,0,0.10531397
median,0.0,11,minority,1,0.10531397
median,0.0,12,majority,0,0.117814906
median,0.0,12,majority,1,0.117814906
median,0.0,12,majority,2,0.117814906
median,0.0,12,majority,3,0.117814906
median,0.0,12,majority,4,0.117814906
median,0.0,12,majority,5,0.117814906
median,0.0,12,minority,0,0.117814906
median,0.0,12,minority,1,0.117814906
median,0.0,13,majority,0,0.1383471
median,0.0,13,majority,1,0.13834715
median,0.0,13,majority,2,0.13834715
median,0.0,13,majority,3,0.1383471
median,0.0,13,majority,4,0.13834716
median,0.0,13,majority,5,0.13834718
median,0.0,13,minority,0,0.1383471
median,0.0,13,minority,1,0.13834712
median,0.0,14,majority,0,0.10711167
median,0.0,14,majority,1,0.107111745
median,0.0,14,majority,2,0.107111745
median,0.0,14,majority,3,0.1071117
median,0.0,14,majority,4,0.107111685
median,0.0,14,majority,5,0.10711171
median,0.0,14,minority,0,0.10711163
median,0.0,14,minority,1,0.10711163
median,0.0,15,majority,0,0.08884119
median,0.0,15,majority,1,0.088841066
median,0.0,15,majority,2,0.088841215
median,0.0,15,majority,3,0.08884112
median,0.0,15,majority,4,0.08884104
median,0.0,15,majority,5,0.08884114
median,0.0,15,minority,0,0.08884119
median,0.0,15,minority,1,0.088841066
median,0.0,16,majority,0,0.06841679
median,0.0,16,majority,1,0.06841679
median,0.0,16,majority,2,0.06841679
median,0.0,16,majority,3,0.06841675
median,0.0,16,majority,4,0.06841675
median,0.0,16,majority,5,0.06841679
median,0.0,16,minority,0,0.06841675
median,0.0,16,minority,1,0.06841675
median,0.0,17,majority,0,0.11765363
median,0.0,17,majority,1,0.11765357
median,0.0,17,majority,2,0.11765357
median,0.0,17,majority,3,0.11765357
median,0.0,17,majority,4,0.11765363
median,0.0,17,majority,5,0.11765357
median,0.0,17,minority,0,0.11765363
median,0.0,17,minority,1,0.11765363
median,0.0,18,majority,0,0.05780471
median,0.0,18,majority,1,0.05780472
median,0.0,18,majority,2,0.05780472
median,0.0,18,majority,3,0.05780471
median,0.0,18,majority,4,0.05780471
median,0.0,18,majority,5,0.05780471
median,0.0,18,minority,0,0.05780472
median,0.0,18,minority,1,0.05780472
median,0.0,19,majority,0,0.08308611
median,0.0,19,majority,1,0.08308611
median,0.0,19,majority,2,0.083086014
median,0.0,19,majority,3,0.08308611
median,0.0,19,majority,4,0.083086014
median,0.0,19,majority,5,0.08308611
median,0.0,19,minority,0,0.083086014
median,0.0,19,minority,1,0.083086014
median,0.0,20,majority,0,0.048962433
median,0.0,20,majority,1,0.048962433
median,0.0,20,majority,2,0.048962433
median,0.0,20,majority,3,0.04896244
median,0.0,20,majority,4,0.04896244
median,0.0,20,majority,5,0.048962433
median,0.0,20,minority,0,0.04896244
median,0.0,20,minority,1,0.04896244
median,0.5,1,majority,0,0.12456666
median,0.5,1,majority,1,0.124566674
median,0.5,1,majority,2,0.12456663
median,0.5,1,majority,3,0.12456666
median,0.5,1,majority,4,0.124566704
median,0.5,1,majority,5,0.124566615
median,0.5,1,minority,0,0.12456671
median,0.5,1,minority,1,0.12456667
median,0.5,2,majority,0,0.14652812
median,0.5,2,majority,1,0.14652815
median,0.5,2,majority,2,0.14652824
median,0.5,2,majority,3,0.14652815
median,0.5,2,majority,4,0.14652811
median,0.5,2,majority,5,0.14652821
median,0.5,2,minority,0,0.14652824
median,0.5,2,minority,1,0.1465282
median,0.5,3,majority,0,0.1733055
median,0.5,3,majority,1,0.1733055
median,0.5,3,majority,2,0.17330553
median,0.5,3,majority,3,0.17330563
median,0.5,3,majority,4,0.17330563
median,0.5,3,majority,5,0.17330553
median,0.5,3,minority,0,0.1733056
median,0.5,3,minority,1,0.1733056
median,0.5,4,majority,0,0.13944335
median,0.5,4,majority,1,0.13944335
median,0.5,4,majority,2,0.13944335
median,0.5,4,majority,3,0.13944335
median,0.5,4,majority,4,0.13944337
median,0.5,4,majority,5,0.13944337
median,0.5,4,minority,0,0.13944337
median,0.5,4,minority,1,0.13944337
median,0.5,5,majority,0,0.07988331
median,0.5,5,majority,1,0.07988331
median,0.5,5,majority,2,0.07988338
median,0.5,5,majority,3,0.0798833
median,0.5,5,majority,4,0.0798833
median,0.5,5,majority,5,0.07988338
median,0.5,5,minority,0,0.07988322
median,0.5,5,minority,1,0.07988322
median,0.5,6,majority,0,0.1449798
median,0.5,6,majority,1,0.14497992
median,0.5,6,majority,2,0.1449798
median,0.5,6,majority,3,0.1449798
median,0.5,6,majority,4,0.14497992
median,0.5,6,majority,5,0.1449798
median,0.5,6,minority,0,0.14497992
median,0.5,6,minority,1,0.14497992
median,0.5,7,majority,0,0.115645654
median,0.5,7,majority,1,0.1156457
median,0.5,7,majority,2,0.115645654
median,0.5,7,majority,3,0.11564566
median,0.5,7,majority,4,0.1156457
median,0.5,7,majority,5,0.11564571
median,0.5,7,minority,0,0.11564566
median,0.5,7,minority,1,0.11564571
median,0.5,8,majority,0,0.050344132
median,0.5,8,majority,1,0.050344076
median,0.5,8,majority,2,0.050344076
median,0.5,8,majority,3,0.050344035
median,0.5,8,majority,4,0.050344035
median,0.5,8,majority,5,0.05034409
median,0.5,8,minority,0,0.050344132
median,0.5,8,minority,1,0.05034409
median,0.5,9,majority,0,0.053496644
median,0.5,9,majority,1,0.053496685
median,0.5,9,majority,2,0.053496752
median,0.5,9,majority,3,0.053496685
median,0.5,9,majority,4,0.053496752
median,0.5,9,majority,5,0.053496685
median,0.5,9,minority,0,0.053496752
median,0.5,9,minority,1,0.05349679
median,0.5,10,majority,0,0.051235568
median,0.5,10,majority,1,0.051235486
median,0.5,10,majority,2,0.051235486
median,0.5,10,majority,3,0.05123552
median,0.5,10,majority,4,0.051235486
median,0.5,10,majority,5,0.051235568
median,0.5,10,minority,0,0.051235568
median,0.5,10,minority,1,0.051235534
median,0.5,11,majority,0,0.11789625
median,0.5,11,majority,1,0.11789616
median,0.5,11,majority,2,0.11789625
median,0.5,11,majority,3,0.11789616
median,0.5,11,majority,4,0.11789625
median,0.5,11,majority,5,0.11789625
median,0.5,11,minority,0,0.11789616
median,0.5,11,minority,1,0.11789616
median,0.5,12,majority,0,0.1245751
median,0.5,12,majority,1,0.1245751
median,0.5,12,majority,2,0.1245751
median,0.5,12,majority,3,0.1245751
median,0.5,12,majority,4,0.1245751
median,0.5,12,majority,5,0.1245751
median,0.5,12,minority,0,0.1245751
median,0.5,12,minority,1,0.1245751
median,0.5,13,majority,0,0.1340693
median,0.5,13,majority,1,0.13406934
median,0.5,13,majority,2,0.13406934
median,0.5,13,majority,3,0.13406928
median,0.5,13,majority,4,0.13406935
median,0.5,13,majority,5,0.13406935
median,0.5,13,minority,0,0.13406928
median,0.5,13,minority,1,0.1340693
median,0.5,14,majority,0,0.10711167
median,0.5,14,majority,1,0.107111745
median,0.5,14,majority,2,0.107111745
median,0.5,14,majority,3,0.1071117
median,0.5,14,majority,4,0.107111685
median,0.5,14,majority,5,0.10711171
median,0.5,14,minority,0,0.10711163
median,0.5,14,minority,1,0.10711163
median,0.5,15,majority,0,0.16336717
median,0.5,15,majority,1,0.16336712
median,0.5,15,majority,2,0.16336718
median,0.5,15,majority,3,0.16336712
median,0.5,15,majority,4,0.16336711
median,0.5,15,majority,5,0.16336717
median,0.5,15,minority,0,0.16336717
median,0.5,15,minority,1,0.16336712
median,0.5,16,majority,0,0.06841679
median,0.5,16,majority,1,0.06841679
median,0.5,16,majority,2,0.06841679
median,0.5,16,majority,3,0.06841675
median,0.5,16,majority,4,0.06841675
median,0.5,16,majority,5,0.06841679
median,0.5,16,minority,0,0.06841675
median,0.5,16,minority,1,0.06841675
median,0.5,17,majority,0,0.11945178
median,0.5,17,majority,1,0.119451724
median,0.5,17,majority,2,0.119451724
median,0.5,17,majority,3,0.119451724
median,0.5,17,majority,4,0.11945178
median,0.5,17,majority,5,0.119451724
median,0.5,17,minority,0,0.11945178
median,0.5,17,minority,1,0.11945178
median,0.5,18,majority,0,0.07580626
median,0.5,18,majority,1,0.0758063
median,0.5,18,majority,2,0.0758063
median,0.5,18,majority,3,0.0758063
median,0.5,18,majority,4,0.0758063
median,0.5,18,majority,5,0.07580626
median,0.5,18,minority,0,0.07580626
median,0.5,18,minority,1,0.07580626
median,0.5,19,majority,0,0.08308611
median,0.5,19,majority,1,0.08308611
median,0.5,19,majority,2,0.083086014
median,0.5,19,majority,3,0.08308611
median,0.5,19,majority,4,0.083086014
median,0.5,19,majority,5,0.08308611
median,0.5,19,minority,0,0.083086014
median,0.5,19,minority,1,0.083086014
median,0.5,20,majority,0,0.04600549
median,0.5,20,majority,1,0.04600549
median,0.5,20,majority,2,0.04600549
median,0.5,20,majority,3,0.0460055
median,0.5,20,majority,4,0.0460055
median,0.5,20,majority,5,0.04600549
median,0.5,20,minority,0,0.0460055
median,0.5,20,minority,1,0.0460055
median,1.0,1,majority,0,0.14079252
median,1.0,1,majority,1,0.14079252
median,1.0,1,majority,2,0.14079249
median,1.0,1,majority,3,0.1407925
median,1.0,1,majority,4,0.14079255
median,1.0,1,majority,5,0.14079247
median,1.0,1,minority,0,0.14079256
median,1.0,1,minority,1,0.14079253
median,1.0,2,majority,0,0.14652812
median,1.0,2,majority,1,0.14652815
median,1.0,2,majority,2,0.14652824
median,1.0,2,majority,3,0.14652815
median,1.0,2,majority,4,0.14652811
median,1.0,2,majority,5,0.14652821
median,1.0,2,minority,0,0.14652824
median,1.0,2,minority,1,0.1465282
median,1.0,3,majority,0,0.1733055
median,1.0,3,majority,1,0.1733055
median,1.0,3,majority,2,0.17330553
median,1.0,3,majority,3,0.17330563
median,1.0,3,majority,4,0.17330563
median,1.0,3,majority,5,0.17330553
median,1.0,3,minority,0,0.1733056
median,1.0,3,minority,1,0.1733056
median,1.0,4,majority,0,0.13944335
median,1.0,4,majority,1,0.13944335
median,1.0,4,majority,2,0.13944335
median,1.0,4,majority,3,0.13944335
median,1.0,4,majority,4,0.13944337
median,1.0,4,majority,5,0.13944337
median,1.0,4,minority,0,0.13944337
median,1.0,4,minority,1,0.13944337
median,1.0,5,majority,0,0.14274102
median,1.0,5,majority,1,0.14274102
median,1.0,5,majority,2,0.14274108
median,1.0,5,majority,3,0.14274108
median,1.0,5,majority,4,0.14274108
median,1.0,5,majority,5,0.14274108
median,1.0,5,minority,0,0.14274102
median,1.0,5,minority,1,0.14274102
median,1.0,6,majority,0,0.1449798
median,1.0,6,majority,1,0.14497992
median,1.0,6,majority,2,0.1449798
median,1.0,6,majority,3,0.1449798
median,1.0,6,majority,4,0.14497992
median,1.0,6,majority,5,0.1449798
median,1.0,6,minority,0,0.14497992
median,1.0,6,minority,1,0.14497992
median,1.0,7,majority,0,0.115645654
median,1.0,7,majority,1,0.1156457
median,1.0,7,majority,2,0.115645654
median,1.0,7,majority,3,0.11564566
median,1.0,7,majority,4,0.1156457
median,1.0,7,majority,5,0.11564571
median,1.0,7,minority,0,0.11564566
median,1.0,7,minority,1,0.11564571
median,1.0,8,majority,0,0.050344132
median,1.0,8,majority,1,0.050344076
median,1.0,8,majority,2,0.050344076
median,1.0,8,majority,3,0.050344035
median,1.0,8,majority,4,0.050344035
median,1.0,8,majority,5,0.05034409
median,1.0,8,minority,0,0.050344132
median,1.0,8,minority,1,0.05034409
median,1.0,9,majority,0,0.053496644
median,1.0,9,majority,1,0.053496685
median,1.0,9,majority,2,0.053496752
median,1.0,9,majority,3,0.053496685
median,1.0,9,majority,4,0.053496752
median,1.0,9,majority,5,0.053496685
median,1.0,9,minority,0,0.053496752
median,1.0,9,minority,1,0.05349679
median,1.0,10,majority,0,0.051235568
median,1.0,10,majority,1,0.051235486
median,1.0,10,majority,2,0.051235486
median,1.0,10,majority,3,0.05123552
median,1.0,10,majority,4,0.051235486
median,1.0,10,majority,5,0.051235568
median,1.0,10,minority,0,0.051235568
median,1.0,10,minority,1,0.051235534
median,1.0,11,majority,0,0.11789625
median,1.0,11,majority,1,0.11789616
median,1.0,11,majority,2,0.11789625
median,1.0,11,majority,3,0.11789616
median,1.0,11,majority,4,0.11789625
median,1.0,11,majority,5,0.11789625
median,1.0,11,minority,0,0.11789616
median,1.0,11,minority,1,0.11789616
median,1.0,12,majority,0,0.12602586
median,1.0,12,majority,1,0.12602586
median,1.0,12,majority,2,0.12602586
median,1.0,12,majority,3,0.12602586
median,1.0,12,majority,4,0.12602586
median,1.0,12,majority,5,0.12602586
median,1.0,12,minority,0,0.12602586
median,1.0,12,minority,1,0.12602586
median,1.0,13,majority,0,0.13433358
median,1.0,13,majority,1,0.13433363
median,1.0,13,majority,2,0.13433364
median,1.0,13,majority,3,0.13433357
median,1.0,13,majority,4,0.13433366
median,1.0,13,majority,5,0.13433364
median,1.0,13,minority,0,0.13433358
median,1.0,13,minority,1,0.13433358
median,1.0,14,majority,0,0.10711167
median,1.0,14,majority,1,0.107111745
median,1.0,14,majority,2,0.107111745
median,1.0,14,majority,3,0.1071117
median,1.0,14,majority,4,0.107111685
median,1.0,14,majority,5,0.10711171
median,1.0,14,minority,0,0.10711163
median,1.0,14,minority,1,0.10711163
median,1.0,15,majority,0,0.16336717
median,1.0,15,majority,1,0.16336712
median,1.0,15,majority,2,0.16336718
median,1.0,15,majority,3,0.16336712
median,1.0,15,majority,4,0.16336711
median,1.0,15,majority,5,0.16336717
median,1.0,15,minority,0,0.16336717
median,1.0,15,minority,1,0.16336712
median,1.0,16,majority,0,0.06841679
median,1.0,16,majority,1,0.06841679
median,1.0,16,majority,2,0.06841679
median,1.0,16,majority,3,0.06841675
median,1.0,16,majority,4,0.06841675
median,1.0,16,majority,5,0.06841679
median,1.0,16,minority,0,0.06841675
median,1.0,16,minority,1,0.06841675
median,1.0,17,majority,0,0.12492381
median,1.0,17,majority,1,0.12492375
median,1.0,17,majority,2,0.12492375
median,1.0,17,majority,3,0.12492375
median,1.0,17,majority,4,0.12492381
median,1.0,17,majority,5,0.12492375
median,1.0,17,minority,0,0.12492381
median,1.0,17,minority,1,0.12492381
median,1.0,18,majority,0,0.07580626
median,1.0,18,majority,1,0.0758063
median,1.0,18,majority,2,0.0758063
median,1.0,18,majority,3,0.0758063
median,1.0,18,majority,4,0.0758063
median,1.0,18,majority,5,0.07580626
median,1.0,18,minority,0,0.07580626
median,1.0,18,minority,1,0.07580626
median,1.0,19,majority,0,0.08308611
median,1.0,19,majority,1,0.08308611
median,1.0,19,majority,2,0.083086014
median,1.0,19,majority,3,0.08308611
median,1.0,19,majority,4,0.083086014
median,1.0,19,majority,5,0.08308611
median,1.0,19,minority,0,0.083086014
median,1.0,19,minority,1,0.083086014
median,1.0,20,majority,0,0.04600549
median,1.0,20,majority,1,0.04600549
median,1.0,20,majority,2,0.04600549
median,1.0,20,majority,3,0.0460055
median,1.0,20,majority,4,0.0460055
median,1.0,20,majority,5,0.04600549
median,1.0,20,minority,0,0.0460055
median,1.0,20,minority,1,0.0460055
median,1.5,1,majority,0,0.14079252
median,1.5,1,majority,1,0.14079252
median,1.5,1,majority,2,0.14079249
median,1.5,1,majority,3,0.1407925
median,1.5,1,majority,4,0.14079255
median,1.5,1,majority,5,0.14079247
median,1.5,1,minority,0,0.14079256
median,1.5,1,minority,1,0.14079253
median,1.5,2,majority,0,0.14652812
median,1.5,2,majority,1,0.14652815
median,1.5,2,majority,2,0.14652824
median,1.5,2,majority,3,0.14652815
median,1.5,2,majority,4,0.14652811
median,1.5,2,majority,5,0.14652821
median,1.5,2,minority,0,0.14652824
median,1.5,2,minority,1,0.1465282
median,1.5,3,majority,0,0.1733055
median,1.5,3,majority,1,0.1733055
median,1.5,3,majority,2,0.17330553
median,1.5,3,majority,3,0.17330563
median,1.5,3,majority,4,0.17330563
median,1.5,3,majority,5,0.17330553
median,1.5,3,minority,0,0.1733056
median,1.5,3,minority,1,0.1733056
median,1.5,4,majority,0,0.13944335
median,1.5,4,majority,1,0.13944335
median,1.5,4,majority,2,0.13944335
median,1.5,4,majority,3,0.13944335
median,1.5,4,majority,4,0.13944337
median,1.5,4,majority,5,0.13944337
median,1.5,4,minority,0,0.13944337
median,1.5,4,minority,1,0.13944337
median,1.5,5,majority,0,0.14274102
median,1.5,5,majority,1,0.14274102
median,1.5,5,majority,2,0.14274108
median,1.5,5,majority,3,0.14274108
median,1.5,5,majority,4,0.14274108
median,1.5,5,majority,5,0.14274108
median,1.5,5,minority,0,0.14274102
median,1.5,5,minority,1,0.14274102
median,1.5,6,majority,0,0.1449798
median,1.5,6,majority,1,0.14497992
median,1.5,6,majority,2,0.1449798
median,1.5,6,majority,3,0.1449798
median,1.5,6,majority,4,0.14497992
median,1.5,6,majority,5,0.1449798
median,1.5,6,minority,0,0.14497992
median,1.5,6,minority,1,0.14497992
median,1.5,7,majority,0,0.115645654
median,1.5,7,majority,1,0.1156457
median,1.5,7,majority,2,0.115645654
median,1.5,7,majority,3,0.11564566
median,1.5,7,majority,4,0.1156457
median,1.5,7,majority,5,0.11564571
median,1.5,7,minority,0,0.11564566
median,1.5,7,minority,1,0.11564571
median,1.5,8,majority,0,0.050344132
median,1.5,8,majority,1,0.050344076
median,1.5,8,majority,2,0.050344076
median,1.5,8,majority,3,0.050344035
median,1.5,8,majority,4,0.050344035
median,1.5,8,majority,5,0.05034409
median,1.5,8,minority,0,0.050344132
median,1.5,8,minority,1,0.05034409
median,1.5,9,majority,0,0.053496644
median,1.5,9,majority,1,0.053496685
median,1.5,9,majority,2,0.053496752
median,1.5,9,majority,3,0.053496685
median,1.5,9,majority,4,0.053496752
median,1.5,9,majority,5,0.053496685
median,1.5,9,minority,0,0.053496752
median,1.5,9,minority,1,0.05349679
median,1.5,10,majority,0,0.051235568
median,1.5,10,majority,1,0.051235486
median,1.5,10,majority,2,0.051235486
median,1.5,10,majority,3,0.05123552
median,1.5,10,majority,4,0.051235486
median,1.5,10,majority,5,0.051235568
median,1.5,10,minority,0,0.051235568
median,1.5,10,minority,1,0.051235534
median,1.5,11,majority,0,0.11789625
median,1.5,11,majority,1,0.11789616
median,1.5,11,majority,2,0.11789625
median,1.5,11,majority,3,0.11789616
median,1.5,11,majority,4,0.11789625
median,1.5,11,majority,5,0.11789625
median,1.5,11,minority,0,0.11789616
median,1.5,11,minority,1,0.11789616
median,1.5,12,majority,0,0.12602586
median,1.5,12,majority,1,0.12602586
median,1.5,12,majority,2,0.12602586
median,1.5,12,majority,3,0.12602586
median,1.5,12,majority,4,0.12602586
median,1.5,12,majority,5,0.12602586
median,1.5,12,minority,0,0.12602586
median,1.5,12,minority,1,0.12602586
median,1.5,13,majority,0,0.13433358
median,1.5,13,majority,1,0.13433363
median,1.5,13,majority,2,0.13433364
median,1.5,13,majority,3,0.13433357
median,1.5,13,majority,4,0.13433366
median,1.5,13,majority,5,0.13433364
median,1.5,13,minority,0,0.13433358
median,1.5,13,minority,1,0.13433358
median,1.5,14,majority,0,0.10711167
median,1.5,14,majority,1,0.107111745
median,1.5,14,majority,2,0.107111745
median,1.5,14,majority,3,0.1071117
median,1.5,14,majority,4,0.107111685
median,1.5,14,majority,5,0.10711171
median,1.5,14,minority,0,0.10711163
median,1.5,14,minority,1,0.10711163
median,1.5,15,majority,0,0.16336717
median,1.5,15,majority,1,0.16336712
median,1.5,15,majority,2,0.16336718
median,1.5,15,majority,3,0.16336712
median,1.5,15,majority,4,0.16336711
median,1.5,15,majority,5,0.16336717
median,1.5,15,minority,0,0.16336717
median,1.5,15,minority,1,0.16336712
median,1.5,16,majority,0,0.06841679
median,1.5,16,majority,1,0.06841679
median,1.5,16,majority,2,0.06841679
median,1.5,16,majority,3,0.06841675
median,1.5,16,majority,4,0.06841675
median,1.5,16,majority,5,0.06841679
median,1.5,16,minority,0,0.06841675
median,1.5,16,minority,1,0.06841675
median,1.5,17,majority,0,0.12492381
median,1.5,17,majority,1,0.12492375
median,1.5,17,majority,2,0.12492375
median,1.5,17,majority,3,0.12492375
median,1.5,17,majority,4,0.12492381
median,1.5,17,majority,5,0.12492375
median,1.5,17,minority,0,0.12492381
median,1.5,17,minority,1,0.12492381
median,1.5,18,majority,0,0.07580626
median,1.5,18,majority,1,0.0758063
median,1.5,18,majority,2,0.0758063
median,1.5,18,majority,3,0.0758063
median,1.5,18,majority,4,0.0758063
median,1.5,18,majority,5,0.07580626
median,1.5,18,minority,0,0.07580626
median,1.5,18,minority,1,0.07580626
median,1.5,19,majority,0,0.08308611
median,1.5,19,majority,1,0.08308611
median,1.5,19,majority,2,0.083086014
median,1.5,19,majority,3,0.08308611
median,1.5,19,majority,4,0.083086014
median,1.5,19,majority,5,0.08308611
median,1.5,19,minority,0,0.083086014
median,1.5,19,minority,1,0.083086014
median,1.5,20,majority,0,0.04600549
median,1.5,20,majority,1,0.04600549
median,1.5,20,majority,2,0.04600549
median,1.5,20,majority,3,0.0460055
median,1.5,20,majority,4,0.0460055
median,1.5,20,majority,5,0.04600549
median,1.5,20,minority,0,0.0460055
median,1.5,20,minority,1,0.0460055
median,2.0,1,majority,0,0.14079252
median,2.0,1,majority,1,0.14079252
median,2.0,1,majority,2,0.14079249
median,2.0,1,majority,3,0.1407925
median,2.0,1,majority,4,0.14079255
median,2.0,1,majority,5,0.14079247
median,2.0,1,minority,0,0.14079256
median,2.0,1,minority,1,0.14079253
median,2.0,2,majority,0,0.14652812
median,2.0,2,majority,1,0.14652815
median,2.0,2,majority,2,0.14652824
median,2.0,2,majority,3,0.14652815
median,2.0,2,majority,4,0.14652811
median,2.0,2,majority,5,0.14652821
median,2.0,2,minority,0,0.14652824
median,2.0,2,minority,1,0.1465282
median,2.0,3,majority,0,0.1733055
median,2.0,3,majority,1,0.1733055
median,2.0,3,majority,2,0.17330553
median,2.0,3,majority,3,0.17330563
median,2.0,3,majority,4,0.17330563
median,2.0,3,majority,5,0.17330553
median,2.0,3,minority,0,0.1733056
median,2.0,3,minority,1,0.1733056
median,2.0,4,majority,0,0.13944335
median,2.0,4,majority,1,0.13944335
median,2.0,4,majority,2,0.13944335
median,2.0,4,majority,3,0.13944335
median,2.0,4,majority,4,0.13944337
median,2.0,4,majority,5,0.13944337
median,2.0,4,minority,0,0.13944337
median,2.0,4,minority,1,0.13944337
median,2.0,5,majority,0,0.14274102
median,2.0,5,majority,1,0.14274102
median,2.0,5,majority,2,0.14274108
median,2.0,5,majority,3,0.14274108
median,2.0,5,majority,4,0.14274108
median,2.0,5,majority,5,0.14274108
median,2.0,5,minority,0,0.14274102
median,2.0,5,minority,1,0.14274102
median,2.0,6,majority,0,0.1449798
median,2.0,6,majority,1,0.14497992
median,2.0,6,majority,2,0.1449798
median,2.0,6,majority,3,0.1449798
median,2.0,6,majority,4,0.14497992
median,2.0,6,majority,5,0.1449798
median,2.0,6,minority,0,0.14497992
median,2.0,6,minority,1,0.14497992
median,2.0,7,majority,0,0.115645654
median,2.0,7,majority,1,0.1156457
median,2.0,7,majority,2,0.115645654
median,2.0,7,majority,3,0.11564566
median,2.0,7,majority,4,0.1156457
median,2.0,7,majority,5,0.11564571
median,2.0,7,minority,0,0.11564566
median,2.0,7,minority,1,0.11564571
median,2.0,8,majority,0,0.050344132
median,2.0,8,majority,1,0.050344076
median,2.0,8,majority,2,0.050344076
median,2.0,8,majority,3,0.050344035
median,2.0,8,majority,4,0.050344035
median,2.0,8,majority,5,0.05034409
median,2.0,8,minority,0,0.050344132
median,2.0,8,minority,1,0.05034409
median,2.0,9,majority,0,0.053496644
median,2.0,9,majority,1,0.053496685
median,2.0,9,majority,2,0.053496752
median,2.0,9,majority,3,0.053496685
median,2.0,9,majority,4,0.053496752
median,2.0,9,majority,5,0.053496685
median,2.0,9,minority,0,0.053496752
median,2.0,9,minority,1,0.05349679
median,2.0,10,majority,0,0.051235568
median,2.0,10,majority,1,0.051235486
median,2.0,10,majority,2,0.051235486
median,2.0,10,majority,3,0.05123552
median,2.0,10,majority,4,0.051235486
median,2.0,10,majority,5,0.051235568
median,2.0,10,minority,0,0.051235568
median,2.0,10,minority,1,0.051235534
median,2.0,11,majority,0,0.11789625
median,2.0,11,majority,1,0.11789616
median,2.0,11,majority,2,0.11789625
median,2.0,11,majority,3,0.11789616
median,2.0,11,majority,4,0.11789625
median,2.0,11,majority,5,0.11789625
median,2.0,11,minority,0,0.11789616
median,2.0,11,minority,1,0.11789616
median,2.0,12,majority,0,0.12602586
median,2.0,12,majority,1,0.12602586
median,2.0,12,majority,2,0.12602586
median,2.0,12,majority,3,0.12602586
median,2.0,12,majority,4,0.12602586
median,2.0,12,majority,5,0.12602586
median,2.0,12,minority,0,0.12602586
median,2.0,12,minority,1,0.12602586
median,2.0,13,majority,0,0.13433358
median,2.0,13,majority,1,0.13433363
median,2.0,13,majority,2,0.13433364
median,2.0,13,majority,3,0.13433357
median,2.0,13,majority,4,0.13433366
median,2.0,13,majority,5,0.13433364
median,2.0,13,minority,0,0.13433358
median,2.0,13,minority,1,0.13433358
median,2.0,14,majority,0,0.10711167
median,2.0,14,majority,1,0.107111745
median,2.0,14,majority,2,0.107111745
median,2.0,14,majority,3,0.1071117
median,2.0,14,majority,4,0.107111685
median,2.0,14,majority,5,0.10711171
median,2.0,14,minority,0,0.10711163
median,2.0,14,minority,1,0.10711163
median,2.0,15,majority,0,0.16336717
median,2.0,15,majority,1,0.16336712
median,2.0,15,majority,2,0.16336718
median,2.0,15,majority,3,0.16336712
median,2.0,15,majority,4,0.16336711
median,2.0,15,majority,5,0.16336717
median,2.0,15,minority,0,0.16336717
median,2.0,15,minority,1,0.16336712
median,2.0,16,majority,0,0.06841679
median,2.0,16,majority,1,0.06841679
median,2.0,16,majority,2,0.06841679
median,2.0,16,majority,3,0.06841675
median,2.0,16,majority,4,0.06841675
median,2.0,16,majority,5,0.06841679
median,2.0,16,minority,0,0.06841675
median,2.0,16,minority,1,0.06841675
median,2.0,17,majority,0,0.12492381
median,2.0,17,majority,1,0.12492375
median,2.0,17,majority,2,0.12492375
median,2.0,17,majority,3,0.12492375
median,2.0,17,majority,4,0.12492381
median,2.0,17,majority,5,0.12492375
median,2.0,17,minority,0,0.12492381
median,2.0,17,minority,1,0.12492381
median,2.0,18,majority,0,0.07580626
median,2.0,18,majority,1,0.0758063
median,2.0,18,majority,2,0.0758063
median,2.0,18,majority,3,0.0758063
median,2.0,18,majority,4,0.0758063
median,2.0,18,majority,5,0.07580626
median,2.0,18,minority,0,0.07580626
median,2.0,18,minority,1,0.07580626
median,2.0,19,majority,0,0.08308611
median,2.0,19,majority,1,0.08308611
median,2.0,19,majority,2,0.083086014
median,2.0,19,majority,3,0.08308611
median,2.0,19,majority,4,0.083086014
median,2.0,19,majority,5,0.08308611
median,2.0,19,minority,0,0.083086014
median,2.0,19,minority,1,0.083086014
median,2.0,20,majority,0,0.04600549
median,2.0,20,majority,1,0.04600549
median,2.0,20,majority,2,0.04600549
median,2.0,20,majority,3,0.0460055
median,2.0,20,majority,4,0.0460055
median,2.0,20,majority,5,0.04600549
median,2.0,20,minority,0,0.0460055
median,2.0,20,minority,1,0.0460055
median,3.0,1,majority,0,0.14079252
median,3.0,1,majority,1,0.14079252
median,3.0,1,majority,2,0.14079249
median,3.0,1,majority,3,0.1407925
median,3.0,1,majority,4,0.14079255
median,3.0,1,majority,5,0.14079247
median,3.0,1,minority,0,0.14079256
median,3.0,1,minority,1,0.14079253
median,3.0,2,majority,0,0.14652812
median,3.0,2,majority,1,0.14652815
median,3.0,2,majority,2,0.14652824
median,3.0,2,majority,3,0.14652815
median,3.0,2,majority,4,0.14652811
median,3.0,2,majority,5,0.14652821
median,3.0,2,minority,0,0.14652824
median,3.0,2,minority,1,0.1465282
median,3.0,3,majority,0,0.1733055
median,3.0,3,majority,1,0.1733055
median,3.0,3,majority,2,0.17330553
median,3.0,3,majority,3,0.17330563
median,3.0,3,majority,4,0.17330563
median,3.0,3,majority,5,0.17330553
median,3.0,3,minority,0,0.1733056
median,3.0,3,minority,1,0.1733056
median,3.0,4,majority,0,0.13944335
median,3.0,4,majority,1,0.13944335
median,3.0,4,majority,2,0.13944335
median,3.0,4,majority,3,0.13944335
median,3.0,4,majority,4,0.13944337
median,3.0,4,majority,5,0.13944337
median,3.0,4,minority,0,0.13944337
median,3.0,4,minority,1,0.13944337
median,3.0,5,majority,0,0.14274102
median,3.0,5,majority,1,0.14274102
median,3.0,5,majority,2,0.14274108
median,3.0,5,majority,3,0.14274108
median,3.0,5,majority,4,0.14274108
median,3.0,5,majority,5,0.14274108
median,3.0,5,minority,0,0.14274102
median,3.0,5,minority,1,0.14274102
median,3.0,6,majority,0,0.1449798
median,3.0,6,majority,1,0.14497992
median,3.0,6,majority,2,0.1449798
median,3.0,6,majority,3,0.1449798
median,3.0,6,majority,4,0.14497992
median,3.0,6,majority,5,0.1449798
median,3.0,6,minority,0,0.14497992
median,3.0,6,minority,1,0.14497992
median,3.0,7,majority,0,0.115645654
median,3.0,7,majority,1,0.1156457
median,3.0,7,majority,2,0.115645654
median,3.0,7,majority,3,0.11564566
median,3.0,7,majority,4,0.1156457
median,3.0,7,majority,5,0.11564571
median,3.0,7,minority,0,0.11564566
median,3.0,7,minority,1,0.11564571
median,3.0,8,majority,0,0.050344132
median,3.0,8,majority,1,0.050344076
median,3.0,8,majority,2,0.050344076
median,3.0,8,majority,3,0.050344035
median,3.0,8,majority,4,0.050344035
median,3.0,8,majority,5,0.05034409
median,3.0,8,minority,0,0.050344132
median,3.0,8,minority,1,0.05034409
median,3.0,9,majority,0,0.053496644
median,3.0,9,majority,1,0.053496685
median,3.0,9,majority,2,0.053496752
median,3.0,9,majority,3,0.053496685
median,3.0,9,majority,4,0.053496752
median,3.0,9,majority,5,0.053496685
median,3.0,9,minority,0,0.053496752
median,3.0,9,minority,1,0.05349679
median,3.0,10,majority,0,0.051235568
median,3.0,10,majority,1,0.051235486
median,3.0,10,majority,2,0.051235486
median,3.0,10,majority,3,0.05123552
median,3.0,10,majority,4,0.051235486
median,3.0,10,majority,5,0.051235568
median,3.0,10,minority,0,0.051235568
median,3.0,10,minority,1,0.051235534
median,3.0,11,majority,0,0.11789625
median,3.0,11,majority,1,0.11789616
median,3.0,11,majority,2,0.11789625
median,3.0,11,majority,3,0.11789616
median,3.0,11,majority,4,0.11789625
median,3.0,11,majority,5,0.11789625
median,3.0,11,minority,0,0.11789616
median,3.0,11,minority,1,0.11789616
median,3.0,12,majority,0,0.12602586
median,3.0,12,majority,1,0.12602586
median,3.0,12,majority,2,0.12602586
median,3.0,12,majority,3,0.12602586
median,3.0,12,majority,4,0.12602586
median,3.0,12,majority,5,0.12602586
median,3.0,12,minority,0,0.12602586
median,3.0,12,minority,1,0.12602586
median,3.0,13,majority,0,0.13433358
median,3.0,13,majority,1,0.13433363
median,3.0,13,majority,2,0.13433364
median,3.0,13,majority,3,0.13433357
median,3.0,13,majority,4,0.13433366
median,3.0,13,majority,5,0.13433364
median,3.0,13,minority,0,0.13433358
median,3.0,13,minority,1,0.13433358
median,3.0,14,majority,0,0.10711167
median,3.0,14,majority,1,0.107111745
median,3.0,14,majority,2,0.107111745
median,3.0,14,majority,3,0.1071117
median,3.0,14,majority,4,0.107111685
median,3.0,14,majority,5,0.10711171
median,3.0,14,minority,0,0.10711163
median,3.0,14,minority,1,0.10711163
median,3.0,15,majority,0,0.16336717
median,3.0,15,majority,1,0.16336712
median,3.0,15,majority,2,0.16336718
median,3.0,15,majority,3,0.16336712
median,3.0,15,majority,4,0.16336711
median,3.0,15,majority,5,0.16336717
median,3.0,15,minority,0,0.16336717
median,3.0,15,minority,1,0.16336712
median,3.0,16,majority,0,0.06841679
median,3.0,16,majority,1,0.06841679
median,3.0,16,majority,2,0.06841679
median,3.0,16,majority,3,0.06841675
median,3.0,16,majority,4,0.06841675
median,3.0,16,majority,5,0.06841679
median,3.0,16,minority,0,0.06841675
median,3.0,16,minority,1,0.06841675
median,3.0,17,majority,0,0.12492381
median,3.0,17,majority,1,0.12492375
median,3.0,17,majority,2,0.12492375
median,3.0,17,majority,3,0.12492375
median,3.0,17,majority,4,0.12492381
median,3.0,17,majority,5,0.12492375
median,3.0,17,minority,0,0.12492381
median,3.0,17,minority,1,0.12492381
median,3.0,18,majority,0,0.07580626
median,3.0,18,majority,1,0.0758063
median,3.0,18,majority,2,0.0758063
median,3.0,18,majority,3,0.0758063
median,3.0,18,majority,4,0.0758063
median,3.0,18,majority,5,0.07580626
median,3.0,18,minority,0,0.07580626
median,3.0,18,minority,1,0.07580626
median,3.0,19,majority,0,0.08308611
median,3.0,19,majority,1,0.08308611
median,3.0,19,majority,2,0.083086014
median,3.0,19,majority,3,0.08308611
median,3.0,19,majority,4,0.083086014
median,3.0,19,majority,5,0.08308611
median,3.0,19,minority,0,0.083086014
median,3.0,19,minority,1,0.083086014
median,3.0,20,majority,0,0.04600549
median,3.0,20,majority,1,0.04600549
median,3.0,20,majority,2,0.04600549
median,3.0,20,majority,3,0.0460055
median,3.0,20,majority,4,0.0460055
median,3.0,20,majority,5,0.04600549
median,3.0,20,minority,0,0.0460055
median,3.0,20,minority,1,0.0460055
faba,0.0,1,majority,0,0.08592696
faba,0.0,1,majority,1,0.1135077
faba,0.0,1,majority,2,0.03032707
faba,0.0,1,majority,3,0.04748056
faba,0.0,1,majority,4,0.089455865
faba,0.0,1,majority,5,0.08121549
faba,0.0,1,minority,0,0.06594179
faba,0.0,1,minority,1,0.1135077
faba,0.0,2,majority,0,0.10295057
faba,0.0,2,majority,1,0.03433689
faba,0.0,2,majority,2,0.09831952
faba,0.0,2,majority,3,0.058016915
faba,0.0,2,majority,4,0.035345014
faba,0.0,2,majority,5,0.07539722
faba,0.0,2,minority,0,0.045228437
faba,0.0,2,minority,1,0.10295057
faba,0.0,3,majority,0,0.059076365
faba,0.0,3,majority,1,0.033199117
faba,0.0,3,majority,2,0.05508017
faba,0.0,3,majority,3,0.03964783
faba,0.0,3,majority,4,0.0918661
faba,0.0,3,majority,5,0.054073118
faba,0.0,3,minority,0,0.1653647
faba,0.0,3,minority,1,0.0918661
faba,0.0,4,majority,0,0.0459417
faba,0.0,4,majority,1,0.06312075
faba,0.0,4,majority,2,0.07119308
faba,0.0,4,majority,3,0.099764384
faba,0.0,4,majority,4,0.028977074
faba,0.0,4,majority,5,0.099764384
faba,0.0,4,minority,0,0.04276943
faba,0.0,4,minority,1,0.042026497
faba,0.0,5,majority,0,0.14371526
faba,0.0,5,majority,1,0.0960849
faba,0.0,5,majority,2,0.17750388
faba,0.0,5,majority,3,0.19628522
faba,0.0,5,majority,4,0.08820197
faba,0.0,5,majority,5,0.057221927
faba,0.0,5,minority,0,0.09572999
faba,0.0,5,minority,1,0.0960849
faba,0.0,6,majority,0,0.1046773
faba,0.0,6,majority,1,0.06248914
faba,0.0,6,majority,2,0.09361734
faba,0.0,6,majority,3,0.1046773
faba,0.0,6,majority,4,0.044370405
faba,0.0,6,majority,5,0.054533675
faba,0.0,6,minority,0,0.09476784
faba,0.0,6,minority,1,0.040269893
faba,0.0,7,majority,0,0.06142103
faba,0.0,7,majority,1,0.04168141
faba,0.0,7,majority,2,0.06543916
faba,0.0,7,majority,3,0.07903856
faba,0.0,7,majority,4,0.030295448
faba,0.0,7,majority,5,0.06607134
faba,0.0,7,minority,0,0.044623133
faba,0.0,7,minority,1,0.07903856
faba,0.0,8,majority,0,0.04692436
faba,0.0,8,majority,1,0.054367844
faba,0.0,8,majority,2,0.0971
faba,0.0,8,majority,3,0.115718514
faba,0.0,8,majority,4,0.115718514
faba,0.0,8,majority,5,0.11519555
faba,0.0,8,minority,0,0.073448166
faba,0.0,8,minority,1,0.067904
faba,0.0,9,majority,0,0.06405028
faba,0.0,9,majority,1,0.025422357
faba,0.0,9,majority,2,0.100207165
faba,0.0,9,majority,3,0.08720509
faba,0.0,9,majority,4,0.04939552
faba,0.0,9,majority,5,0.100207165
faba,0.0,9,minority,0,0.08824188
faba,0.0,9,minority,1,0.07554337
faba,0.0,10,majority,0,0.058786996
faba,0.0,10,majority,1,0.28114277
faba,0.0,10,majority,2,0.1068514
faba,0.0,10,majority,3,0.07893523
faba,0.0,10,majority,4,0.27197254
faba,0.0,10,majority,5,0.1068514
faba,0.0,10,minority,0,0.030923583
faba,0.0,10,minority,1,0.080766864
faba,0.0,11,majority,0,0.06846733
faba,0.0,11,majority,1,0.072065234
faba,0.0,11,majority,2,0.08845555
faba,0.0,11,majority,3,0.088550836
faba,0.0,11,majority,4,0.23676133
faba,0.0,11,majority,5,0.066915676
faba,0.0,11,minority,0,0.088550836
faba,0.0,11,minority,1,0.081419066
faba,0.0,12,majority,0,0.092750914
faba,0.0,12,majority,1,0.092750914
faba,0.0,12,majority,2,0.08102819
faba,0.0,12,majority,3,0.07378656
faba,0.0,12,majority,4,0.08527058
faba,0.0,12,majority,5,0.080305524
faba,0.0,12,minority,0,0.056267686
faba,0.0,12,minority,1,0.045449715
faba,0.0,13,majority,0,0.06767685
faba,0.0,13,majority,1,0.011273628
faba,0.0,13,majority,2,0.08863718
faba,0.0,13,majority,3,0.060762033
faba,0.0,13,majority,4,0.102635674
faba,0.0,13,majority,5,0.078912005
faba,0.0,13,minority,0,0.1006189
faba,0.0,13,minority,1,0.102635674
faba,0.0,14,majority,0,0.031176282
faba,0.0,14,majority,1,0.17563432
faba,0.0,14,majority,2,0.21817459
faba,0.0,14,majority,3,0.24444832
faba,0.0,14,majority,4,0.11816124
faba,0.0,14,majority,5,0.21451929
faba,0.0,14,minority,0,0.2160928
faba,0.0,14,minority,1,0.2160928
faba,0.0,15,majority,0,0.25668845
faba,0.0,15,majority,1,0.072761565
faba,0.0,15,majority,2,0.34577748
faba,0.0,15,majority,3,0.34577748
faba,0.0,15,majority,4,0.12047877
faba,0.0,15,majority,5,0.25316107
faba,0.0,15,minority,0,0.25034654
faba,0.0,15,minority,1,0.11409914
faba,0.0,16,majority,0,0.12452444
faba,0.0,16,majority,1,0.10873375
faba,0.0,16,majority,2,0.26888847
faba,0.0,16,majority,3,0.28304577
faba,0.0,16,majority,4,0.12452444
faba,0.0,16,majority,5,0.05820962
faba,0.0,16,minority,0,0.30211392
faba,0.0,16,minority,1,0.07310259
faba,0.0,17,majority,0,0.054768242
faba,0.0,17,majority,1,0.10912331
faba,0.0,17,majority,2,0.09031266
faba,0.0,17,majority,3,0.1002642
faba,0.0,17,majority,4,0.04547633
faba,0.0,17,majority,5,0.10912331
faba,0.0,17,minority,0,0.065484725
faba,0.0,17,minority,1,0.031229518
faba,0.0,18,majority,0,0.08379178
faba,0.0,18,majority,1,0.06989687
faba,0.0,18,majority,2,0.08379178
faba,0.0,18,majority,3,0.04284788
faba,0.0,18,majority,4,0.018336771
faba,0.0,18,majority,5,0.035767287
faba,0.0,18,minority,0,0.024550196
faba,0.0,18,minority,1,0.060142443
faba,0.0,19,majority,0,0.10415502
faba,0.0,19,majority,1,0.061335783
faba,0.0,19,majority,2,0.030992594
faba,0.0,19,majority,3,0.10415502
faba,0.0,19,majority,4,0.022458224
faba,0.0,19,majority,5,0.097064756
faba,0.0,19,minority,0,0.056650043
faba,0.0,19,minority,1,0.0766115
faba,0.0,20,majority,0,0.089612514
faba,0.0,20,majority,1,0.06752551
faba,0.0,20,majority,2,0.22543196
faba,0.0,20,majority,3,0.032268856
faba,0.0,20,majority,4,0.06882652
faba,0.0,20,majority,5,0.028583106
faba,0.0,20,minority,0,0.089612514
faba,0.0,20,minority,1,0.02744925
faba,0.5,1,majority,0,0.07568779
faba,0.5,1,majority,1,0.26535726
faba,0.5,1,majority,2,0.03778698
faba,0.5,1,majority,3,0.23417147
faba,0.5,1,majority,4,0.23997144
faba,0.5,1,majority,5,0.09130165
faba,0.5,1,minority,0,0.12441437
faba,0.5,1,minority,1,0.12441437
faba,0.5,2,majority,0,0.11005184
faba,0.5,2,majority,1,0.039286673
faba,0.5,2,majority,2,0.09182466
faba,0.5,2,majority,3,0.068435095
faba,0.5,2,majority,4,0.036311183
faba,0.5,2,majority,5,0.069731854
faba,0.5,2,minority,0,0.096355446
faba,0.5,2,minority,1,0.11005184
faba,0.5,3,majority,0,0.07267641
faba,0.5,3,majority,1,0.05039139
faba,0.5,3,majority,2,0.050901536
faba,0.5,3,majority,3,0.028317012
faba,0.5,3,majority,4,0.090977676
faba,0.5,3,majority,5,0.044304382
faba,0.5,3,minority,0,0.10834508
faba,0.5,3,minority,1,0.10834508
faba,0.5,4,majority,0,0.05240722
faba,0.5,4,majority,1,0.06324413
faba,0.5,4,majority,2,0.08813166
faba,0.5,4,majority,3,0.10509392
faba,0.5,4,majority,4,0.025311975
faba,0.5,4,majority,5,0.10509392
faba,0.5,4,minority,0,0.086286105
faba,0.5,4,minority,1,0.08220612
faba,0.5,5,majority,0,0.050520863
faba,0.5,5,majority,1,0.09741062
faba,0.5,5,majority,2,0.04968281
faba,0.5,5,majority,3,0.057747185
faba,0.5,5,majority,4,0.08020076
faba,0.5,5,majority,5,0.064841665
faba,0.5,5,minority,0,0.07663506
faba,0.5,5,minority,1,0.09741062
faba,0.5,6,majority,0,0.10925836
faba,0.5,6,majority,1,0.07910187
faba,0.5,6,majority,2,0.08512499
faba,0.5,6,majority,3,0.12656808
faba,0.5,6,majority,4,0.04983849
faba,0.5,6,majority,5,0.041872013
faba,0.5,6,minority,0,0.12656808
faba,0.5,6,minority,1,0.10248661
faba,0.5,7,majority,0,0.07778594
faba,0.5,7,majority,1,0.035409845
faba,0.5,7,majority,2,0.07449433
faba,0.5,7,majority,3,0.092305474
faba,0.5,7,majority,4,0.049915224
faba,0.5,7,majority,5,0.05329104
faba,0.5,7,minority,0,0.08656235
faba,0.5,7,minority,1,0.092305474
faba,0.5,8,majority,0,0.05999664
faba,0.5,8,majority,1,0.06474711
faba,0.5,8,majority,2,0.103367314
faba,0.5,8,majority,3,0.1189675
faba,0.5,8,majority,4,0.12740578
faba,0.5,8,majority,5,0.12740578
faba,0.5,8,minority,0,0.3821602
faba,0.5,8,minority,1,0.3821602
faba,0.5,9,majority,0,0.06512089
faba,0.5,9,majority,1,0.18500124
faba,0.5,9,majority,2,0.10748403
faba,0.5,9,majority,3,0.10748403
faba,0.5,9,majority,4,0.031680275
faba,0.5,9,majority,5,0.23054974
faba,0.5,9,minority,0,0.2364022
faba,0.5,9,minority,1,0.2338982
faba,0.5,10,majority,0,0.049895436
faba,0.5,10,majority,1,0.11981093
faba,0.5,10,majority,2,0.11981093
faba,0.5,10,majority,3,0.08305006
faba,0.5,10,majority,4,0.09891585
faba,0.5,10,majority,5,0.32739037
faba,0.5,10,minority,0,0.26795763
faba,0.5,10,minority,1,0.32739037
faba,0.5,11,majority,0,0.08620481
faba,0.5,11,majority,1,0.075092375
faba,0.5,11,majority,2,0.09274331
faba,0.5,11,majority,3,0.11006248
faba,0.5,11,majority,4,0.075646475
faba,0.5,11,majority,5,0.052173875
faba,0.5,11,minority,0,0.11006248
faba,0.5,11,minority,1,0.10625625
faba,0.5,12,majority,0,0.09145577
faba,0.5,12,majority,1,0.103751734
faba,0.5,12,majority,2,0.06432069
faba,0.5,12,majority,3,0.07224457
faba,0.5,12,majority,4,0.103751734
faba,0.5,12,majority,5,0.068781845
faba,0.5,12,minority,0,0.029902108
faba,0.5,12,minority,1,0.039312158
faba,0.5,13,majority,0,0.05860664
faba,0.5,13,majority,1,0.017028129
faba,0.5,13,majority,2,0.09798177
faba,0.5,13,majority,3,0.064629845
faba,0.5,13,majority,4,0.09877072
faba,0.5,13,majority,5,0.2769087
faba,0.5,13,minority,0,0.100150175
faba,0.5,13,minority,1,0.100150175
faba,0.5,14,majority,0,0.10557191
faba,0.5,14,majority,1,0.1153252
faba,0.5,14,majority,2,0.28609774
faba,0.5,14,majority,3,0.30751613
faba,0.5,14,majority,4,0.1094719
faba,0.5,14,majority,5,0.28594923
faba,0.5,14,minority,0,0.15072551
faba,0.5,14,minority,1,0.15072551
faba,0.5,15,majority,0,0.31758744
faba,0.5,15,majority,1,0.056629155
faba,0.5,15,majority,2,0.40859595
faba,0.5,15,majority,3,0.40859595
faba,0.5,15,majority,4,0.13802062
faba,0.5,15,majority,5,0.30609143
faba,0.5,15,minority,0,0.08241671
faba,0.5,15,minority,1,0.13802062
faba,0.5,16,majority,0,0.29340816
faba,0.5,16,majority,1,0.10601928
faba,0.5,16,majority,2,0.09079617
faba,0.5,16,majority,3,0.08089044
faba,0.5,16,majority,4,0.1480998
faba,0.5,16,majority,5,0.058022767
faba,0.5,16,minority,0,0.1480998
faba,0.5,16,minority,1,0.32358325
faba,0.5,17,majority,0,0.034870744
faba,0.5,17,majority,1,0.115829654
faba,0.5,17,majority,2,0.20458953
faba,0.5,17,majority,3,0.115829654
faba,0.5,17,majority,4,0.16903676
faba,0.5,17,majority,5,0.09212367
faba,0.5,17,minority,0,0.09229467
faba,0.5,17,minority,1,0.037498146
faba,0.5,18,majority,0,0.065288916
faba,0.5,18,majority,1,0.07734558
faba,0.5,18,majority,2,0.07734558
faba,0.5,18,majority,3,0.05265202
faba,0.5,18,majority,4,0.033946313
faba,0.5,18,majority,5,0.036063682
faba,0.5,18,minority,0,0.035512
faba,0.5,18,minority,1,0.056911334
faba,0.5,19,majority,0,0.10871918
faba,0.5,19,majority,1,0.06800627
faba,0.5,19,majority,2,0.044085976
faba,0.5,19,majority,3,0.09384473
faba,0.5,19,majority,4,0.043076493
faba,0.5,19,majority,5,0.3243051
faba,0.5,19,minority,0,0.12975502
faba,0.5,19,minority,1,0.12975502
faba,0.5,20,majority,0,0.08834259
faba,0.5,20,majority,1,0.06456778
faba,0.5,20,majority,2,0.069144845
faba,0.5,20,majority,3,0.04084247
faba,0.5,20,majority,4,0.06817205
faba,0.5,20,majority,5,0.023686277
faba,0.5,20,minority,0,0.08834259
faba,0.5,20,minority,1,0.07122451
faba,1.0,1,majority,0,0.06938099
faba,1.0,1,majority,1,0.13016185
faba,1.0,1,majority,2,0.024059828
faba,1.0,1,majority,3,0.067904286
faba,1.0,1,majority,4,0.09154949
faba,1.0,1,majority,5,0.07715188
faba,1.0,1,minority,0,0.15422666
faba,1.0,1,minority,1,0.15422666
faba,1.0,2,majority,0,0.11792974
faba,1.0,2,majority,1,0.046811387
faba,1.0,2,majority,2,0.086488575
faba,1.0,2,majority,3,0.07927291
faba,1.0,2,majority,4,0.040880047
faba,1.0,2,majority,5,0.06575546
faba,1.0,2,minority,0,0.16348468
faba,1.0,2,minority,1,0.16348468
faba,1.0,3,majority,0,0.08216328
faba,1.0,3,majority,1,0.059349492
faba,1.0,3,majority,2,0.061934028
faba,1.0,3,majority,3,0.017486703
faba,1.0,3,majority,4,0.08649628
faba,1.0,3,majority,5,0.051254284
faba,1.0,3,minority,0,0.17365518
faba,1.0,3,minority,1,0.17365518
faba,1.0,4,majority,0,0.06720264
faba,1.0,4,majority,1,0.07175799
faba,1.0,4,majority,2,0.10770211
faba,1.0,4,majority,3,0.11519695
faba,1.0,4,majority,4,0.0396928
faba,1.0,4,majority,5,0.14194176
faba,1.0,4,minority,0,0.14194176
faba,1.0,4,minority,1,0.13724287
faba,1.0,5,majority,0,0.058825742
faba,1.0,5,majority,1,0.100143865
faba,1.0,5,majority,2,0.05261531
faba,1.0,5,majority,3,0.050884403
faba,1.0,5,majority,4,0.073268004
faba,1.0,5,majority,5,0.07360692
faba,1.0,5,minority,0,0.11307399
faba,1.0,5,minority,1,0.11307399
faba,1.0,6,majority,0,0.11547378
faba,1.0,6,majority,1,0.07469954
faba,1.0,6,majority,2,0.08772219
faba,1.0,6,majority,3,0.13365854
faba,1.0,6,majority,4,0.039722223
faba,1.0,6,majority,5,0.05353651
faba,1.0,6,minority,0,0.17270544
faba,1.0,6,minority,1,0.17270544
faba,1.0,7,majority,0,0.30141556
faba,1.0,7,majority,1,0.06767678
faba,1.0,7,majority,2,0.30060837
faba,1.0,7,majority,3,0.24185297
faba,1.0,7,majority,4,0.07748225
faba,1.0,7,majority,5,0.059898794
faba,1.0,7,minority,0,0.15262501
faba,1.0,7,minority,1,0.15262501
faba,1.0,8,majority,0,0.06706204
faba,1.0,8,majority,1,0.05306949
faba,1.0,8,majority,2,0.106516056
faba,1.0,8,majority,3,0.09734221
faba,1.0,8,majority,4,0.14234768
faba,1.0,8,majority,5,0.114149325
faba,1.0,8,minority,0,0.21431422
faba,1.0,8,minority,1,0.21431422
faba,1.0,9,majority,0,0.04850542
faba,1.0,9,majority,1,0.027325595
faba,1.0,9,majority,2,0.105494104
faba,1.0,9,majority,3,0.11774039
faba,1.0,9,majority,4,0.026909057
faba,1.0,9,majority,5,0.1127594
faba,1.0,9,minority,0,0.11857698
faba,1.0,9,minority,1,0.11857698
faba,1.0,10,majority,0,0.056996625
faba,1.0,10,majority,1,0.10471349
faba,1.0,10,majority,2,0.1249196
faba,1.0,10,majority,3,0.08552107
faba,1.0,10,majority,4,0.0783931
faba,1.0,10,majority,5,0.11777995
faba,1.0,10,minority,0,0.15494071
faba,1.0,10,minority,1,0.15494071
faba,1.0,11,majority,0,0.09587103
faba,1.0,11,majority,1,0.086496525
faba,1.0,11,majority,2,0.08751894
faba,1.0,11,majority,3,0.10897392
faba,1.0,11,majority,4,0.08326944
faba,1.0,11,majority,5,0.043638036
faba,1.0,11,minority,0,0.16789022
faba,1.0,11,minority,1,0.16789022
faba,1.0,12,majority,0,0.10488092
faba,1.0,12,majority,1,0.10857992
faba,1.0,12,majority,2,0.05065275
faba,1.0,12,majority,3,0.08219624
faba,1.0,12,majority,4,0.10857992
faba,1.0,12,majority,5,0.08864187
faba,1.0,12,minority,0,0.06323234
faba,1.0,12,minority,1,0.3016552
faba,1.0,13,majority,0,0.05896917
faba,1.0,13,majority,1,0.016457291
faba,1.0,13,majority,2,0.087613896
faba,1.0,13,majority,3,0.073295705
faba,1.0,13,majority,4,0.09821175
faba,1.0,13,majority,5,0.08316316
faba,1.0,13,minority,0,0.11032706
faba,1.0,13,minority,1,0.11032706
faba,1.0,14,majority,0,0.10612158
faba,1.0,14,majority,1,0.12657145
faba,1.0,14,majority,2,0.04451166
faba,1.0,14,majority,3,0.15545236
faba,1.0,14,majority,4,0.10009397
faba,1.0,14,majority,5,0.05262749
faba,1.0,14,minority,0,0.20297536
faba,1.0,14,minority,1,0.20297536
faba,1.0,15,majority,0,0.044474058
faba,1.0,15,majority,1,0.04636516
faba,1.0,15,majority,2,0.11788614
faba,1.0,15,majority,3,0.14741029
faba,1.0,15,majority,4,0.1277403
faba,1.0,15,majority,5,0.05528988
faba,1.0,15,minority,0,0.1492358
faba,1.0,15,minority,1,0.1492358
faba,1.0,16,majority,0,0.12398675
faba,1.0,16,majority,1,0.09661712
faba,1.0,16,majority,2,0.07261848
faba,1.0,16,majority,3,0.07232204
faba,1.0,16,majority,4,0.16372104
faba,1.0,16,majority,5,0.040747106
faba,1.0,16,minority,0,0.19981426
faba,1.0,16,minority,1,0.19981426
faba,1.0,17,majority,0,0.049805164
faba,1.0,17,majority,1,0.10683659
faba,1.0,17,majority,2,0.35857266
faba,1.0,17,majority,3,0.35857266
faba,1.0,17,majority,4,0.07403586
faba,1.0,17,majority,5,0.09369523
faba,1.0,17,minority,0,0.11416958
faba,1.0,17,minority,1,0.11416958
faba,1.0,18,majority,0,0.051361438
faba,1.0,18,majority,1,0.09062496
faba,1.0,18,majority,2,0.09973397
faba,1.0,18,majority,3,0.06958679
faba,1.0,18,majority,4,0.055697806
faba,1.0,18,majority,5,0.049554534
faba,1.0,18,minority,0,0.3024967
faba,1.0,18,minority,1,0.3024967
faba,1.0,19,majority,0,0.112010315
faba,1.0,19,majority,1,0.06983838
faba,1.0,19,majority,2,0.037363485
faba,1.0,19,majority,3,0.09672295
faba,1.0,19,majority,4,0.049680907
faba,1.0,19,majority,5,0.09045349
faba,1.0,19,minority,0,0.19173
faba,1.0,19,minority,1,0.19173
faba,1.0,20,majority,0,0.08866719
faba,1.0,20,majority,1,0.06373183
faba,1.0,20,majority,2,0.07822951
faba,1.0,20,majority,3,0.050777856
faba,1.0,20,majority,4,0.069578834
faba,1.0,20,majority,5,0.024259659
faba,1.0,20,minority,0,0.1399874
faba,1.0,20,minority,1,0.1399874
faba,1.5,1,majority,0,0.05777012
faba,1.5,1,majority,1,0.1348194
faba,1.5,1,majority,2,0.03557344
faba,1.5,1,majority,3,0.07286709
faba,1.5,1,majority,4,0.09080561
faba,1.5,1,majority,5,0.08871826
faba,1.5,1,minority,0,0.20332544
faba,1.5,1,minority,1,0.20332544
faba,1.5,2,majority,0,0.12643935
faba,1.5,2,majority,1,0.055880353
faba,1.5,2,majority,2,0.0825361
faba,1.5,2,majority,3,0.090379715
faba,1.5,2,majority,4,0.048034437
faba,1.5,2,majority,5,0.06378451
faba,1.5,2,minority,0,0.23318267
faba,1.5,2,minority,1,0.23318267
faba,1.5,3,majority,0,0.09221259
faba,1.5,3,majority,1,0.06920165
faba,1.5,3,majority,2,0.073240004
faba,1.5,3,majority,3,0.0096523585
faba,1.5,3,majority,4,0.083484925
faba,1.5,3,majority,5,0.059787568
faba,1.5,3,minority,0,0.24244116
faba,1.5,3,minority,1,0.24244116
faba,1.5,4,majority,0,0.07150772
faba,1.5,4,majority,1,0.12694874
faba,1.5,4,majority,2,0.10622332
faba,1.5,4,majority,3,0.13908742
faba,1.5,4,majority,4,0.04959061
faba,1.5,4,majority,5,0.16818935
faba,1.5,4,minority,0,0.21695504
faba,1.5,4,minority,1,0.21695504
faba,1.5,5,majority,0,0.06820583
faba,1.5,5,majority,1,0.10417396
faba,1.5,5,majority,2,0.057894833
faba,1.5,5,majority,3,0.046121024
faba,1.5,5,majority,4,0.06773236
faba,1.5,5,majority,5,0.08315635
faba,1.5,5,minority,0,0.17292364
faba,1.5,5,minority,1,0.17292364
faba,1.5,6,majority,0,0.12253337
faba,1.5,6,majority,1,0.072016545
faba,1.5,6,majority,2,0.091801666
faba,1.5,6,majority,3,0.14139718
faba,1.5,6,majority,4,0.030907838
faba,1.5,6,majority,5,0.06528759
faba,1.5,6,minority,0,0.24362874
faba,1.5,6,minority,1,0.24362874
faba,1.5,7,majority,0,0.08390854
faba,1.5,7,majority,1,0.16813663
faba,1.5,7,majority,2,0.07302715
faba,1.5,7,majority,3,0.14290823
faba,1.5,7,majority,4,0.17487279
faba,1.5,7,majority,5,0.054877643
faba,1.5,7,minority,0,0.22073609
faba,1.5,7,minority,1,0.22073609
faba,1.5,8,majority,0,0.07160479
faba,1.5,8,majority,1,0.058013923
faba,1.5,8,majority,2,0.10910979
faba,1.5,8,majority,3,0.098933466
faba,1.5,8,majority,4,0.14942351
faba,1.5,8,majority,5,0.120175995
faba,1.5,8,minority,0,0.28123915
faba,1.5,8,minority,1,0.28123915
faba,1.5,9,majority,0,0.055678602
faba,1.5,9,majority,1,0.03488143
faba,1.5,9,majority,2,0.10020672
faba,1.5,9,majority,3,0.1285107
faba,1.5,9,majority,4,0.02615639
faba,1.5,9,majority,5,0.11424838
faba,1.5,9,minority,0,0.18039086
faba,1.5,9,minority,1,0.18039086
faba,1.5,10,majority,0,0.06174063
faba,1.5,10,majority,1,0.11639354
faba,1.5,10,majority,2,0.13210554
faba,1.5,10,majority,3,0.09166789
faba,1.5,10,majority,4,0.0839351
faba,1.5,10,majority,5,0.10669874
faba,1.5,10,minority,0,0.22576782
faba,1.5,10,minority,1,0.22576782
faba,1.5,11,majority,0,0.10599371
faba,1.5,11,majority,1,0.0980197
faba,1.5,11,majority,2,0.08367349
faba,1.5,11,majority,3,0.10918024
faba,1.5,11,majority,4,0.091807716
faba,1.5,11,majority,5,0.037011996
faba,1.5,11,minority,0,0.23513398
faba,1.5,11,minority,1,0.23513398
faba,1.5,12,majority,0,0.1201534
faba,1.5,12,majority,1,0.35463458
faba,1.5,12,majority,2,0.06174713
faba,1.5,12,majority,3,0.101026975
faba,1.5,12,majority,4,0.1201534
faba,1.5,12,majority,5,0.09906948
faba,1.5,12,minority,0,0.37879238
faba,1.5,12,minority,1,0.37879238
faba,1.5,13,majority,0,0.061671983
faba,1.5,13,majority,1,0.023133824
faba,1.5,13,majority,2,0.07768801
faba,1.5,13,majority,3,0.08277039
faba,1.5,13,majority,4,0.09909029
faba,1.5,13,majority,5,0.09149937
faba,1.5,13,minority,0,0.15658277
faba,1.5,13,minority,1,0.15658277
faba,1.5,14,majority,0,0.041367415
faba,1.5,14,majority,1,0.1654749
faba,1.5,14,majority,2,0.054516412
faba,1.5,14,majority,3,0.09557862
faba,1.5,14,majority,4,0.15068454
faba,1.5,14,majority,5,0.11418474
faba,1.5,14,minority,0,0.2641955
faba,1.5,14,minority,1,0.2641955
faba,1.5,15,majority,0,0.05210625
faba,1.5,15,majority,1,0.03709493
faba,1.5,15,majority,2,0.12973034
faba,1.5,15,majority,3,0.15875256
faba,1.5,15,majority,4,0.117766365
faba,1.5,15,majority,5,0.058457695
faba,1.5,15,minority,0,0.21898444
faba,1.5,15,minority,1,0.21898444
faba,1.5,16,majority,0,0.11704944
faba,1.5,16,majority,1,0.10018971
faba,1.5,16,majority,2,0.08257545
faba,1.5,16,majority,3,0.07887748
faba,1.5,16,majority,4,0.17332833
faba,1.5,16,majority,5,0.04892075
faba,1.5,16,minority,0,0.27047426
faba,1.5,16,minority,1,0.27047426
faba,1.5,17,majority,0,0.047026314
faba,1.5,17,majority,1,0.1039232
faba,1.5,17,majority,2,0.11301754
faba,1.5,17,majority,3,0.11873849
faba,1.5,17,majority,4,0.07961761
faba,1.5,17,majority,5,0.08769813
faba,1.5,17,minority,0,0.18337107
faba,1.5,17,minority,1,0.18337107
faba,1.5,18,majority,0,0.05177345
faba,1.5,18,majority,1,0.077643394
faba,1.5,18,majority,2,0.14491954
faba,1.5,18,majority,3,0.07804808
faba,1.5,18,majority,4,0.05282513
faba,1.5,18,majority,5,0.027671902
faba,1.5,18,minority,0,0.19075307
faba,1.5,18,minority,1,0.19075307
faba,1.5,19,majority,0,0.11643114
faba,1.5,19,majority,1,0.073575795
faba,1.5,19,majority,2,0.03364417
faba,1.5,19,majority,3,0.10093206
faba,1.5,19,majority,4,0.058002207
faba,1.5,19,majority,5,0.10096237
faba,1.5,19,minority,0,0.2586281
faba,1.5,19,minority,1,0.2586281
faba,1.5,20,majority,0,0.09056917
faba,1.5,20,majority,1,0.06509946
faba,1.5,20,majority,2,0.087989405
faba,1.5,20,majority,3,0.061417405
faba,1.5,20,majority,4,0.07292766
faba,1.5,20,majority,5,0.029991122
faba,1.5,20,minority,0,0.21053298
faba,1.5,20,minority,1,0.21053298
faba,2.0,1,majority,0,0.04630899
faba,2.0,1,majority,1,0.1403348
faba,2.0,1,majority,2,0.047280993
faba,2.0,1,majority,3,0.07932006
faba,2.0,1,majority,4,0.0916158
faba,2.0,1,majority,5,0.10036359
faba,2.0,1,minority,0,0.26287016
faba,2.0,1,minority,1,0.26287016
faba,2.0,2,majority,0,0.28273255
faba,2.0,2,majority,1,0.06585868
faba,2.0,2,majority,2,0.080172285
faba,2.0,2,majority,3,0.10166708
faba,2.0,2,majority,4,0.0568055
faba,2.0,2,majority,5,0.06400467
faba,2.0,2,minority,0,0.30368605
faba,2.0,2,minority,1,0.30368605
faba,2.0,3,majority,0,0.10265963
faba,2.0,3,majority,1,0.079616696
faba,2.0,3,majority,2,0.08471039
faba,2.0,3,majority,3,0.01280603
faba,2.0,3,majority,4,0.0821054
faba,2.0,3,majority,5,0.06932223
faba,2.0,3,minority,0,0.31241536
faba,2.0,3,minority,1,0.31241536
faba,2.0,4,majority,0,0.081237294
faba,2.0,4,majority,1,0.10259292
faba,2.0,4,majority,2,0.117477566
faba,2.0,4,majority,3,0.11911962
faba,2.0,4,majority,4,0.059396483
faba,2.0,4,majority,5,0.16157866
faba,2.0,4,minority,0,0.285945
faba,2.0,4,minority,1,0.285945
faba,2.0,5,majority,0,0.0782755
faba,2.0,5,majority,1,0.10935759
faba,2.0,5,majority,2,0.064951465
faba,2.0,5,majority,3,0.0441421
faba,2.0,5,majority,4,0.06395774
faba,2.0,5,majority,5,0.093249165
faba,2.0,5,minority,0,0.23921439
faba,2.0,5,minority,1,0.23921439
faba,2.0,6,majority,0,0.13030006
faba,2.0,6,majority,1,0.07124738
faba,2.0,6,majority,2,0.09717697
faba,2.0,6,majority,3,0.14968354
faba,2.0,6,majority,4,0.02482275
faba,2.0,6,majority,5,0.07708603
faba,2.0,6,minority,0,0.31478053
faba,2.0,6,minority,1,0.31478053
faba,2.0,7,majority,0,0.09494928
faba,2.0,7,majority,1,0.059657693
faba,2.0,7,majority,2,0.082475506
faba,2.0,7,majority,3,0.14234029
faba,2.0,7,majority,4,0.084042735
faba,2.0,7,majority,5,0.055538118
faba,2.0,7,minority,0,0.28662258
faba,2.0,7,minority,1,0.28662258
faba,2.0,8,majority,0,0.07772141
faba,2.0,8,majority,1,0.06479421
faba,2.0,8,majority,2,0.1129055
faba,2.0,8,majority,3,0.10189995
faba,2.0,8,majority,4,0.1570839
faba,2.0,8,majority,5,0.12703496
faba,2.0,8,minority,0,0.34994927
faba,2.0,8,minority,1,0.34994927
faba,2.0,9,majority,0,0.06427208
faba,2.0,9,majority,1,0.044386867
faba,2.0,9,majority,2,0.09611031
faba,2.0,9,majority,3,0.13946576
faba,2.0,9,majority,4,0.030457523
faba,2.0,9,majority,5,0.11693655
faba,2.0,9,minority,0,0.24743743
faba,2.0,9,minority,1,0.24743743
faba,2.0,10,majority,0,0.0682543
faba,2.0,10,majority,1,0.12811507
faba,2.0,10,majority,2,0.13993667
faba,2.0,10,majority,3,0.098871686
faba,2.0,10,majority,4,0.09070922
faba,2.0,10,majority,5,0.09581531
faba,2.0,10,minority,0,0.29688326
faba,2.0,10,minority,1,0.29688326
faba,2.0,11,majority,0,0.11645395
faba,2.0,11,majority,1,0.10962444
faba,2.0,11,majority,2,0.08140261
faba,2.0,11,majority,3,0.110674225
faba,2.0,11,majority,4,0.10102958
faba,2.0,11,majority,5,0.033450574
faba,2.0,11,minority,0,0.30429077
faba,2.0,11,minority,1,0.30429077
faba,2.0,12,majority,0,0.106344976
faba,2.0,12,majority,1,0.11763922
faba,2.0,12,majority,2,0.04754499
faba,2.0,12,majority,3,0.08601717
faba,2.0,12,majority,4,0.1503424
faba,2.0,12,majority,5,0.07756505
faba,2.0,12,minority,0,0.21473102
faba,2.0,12,minority,1,0.21473102
faba,2.0,13,majority,0,0.066430025
faba,2.0,13,majority,1,0.0329082
faba,2.0,13,majority,2,0.068396665
faba,2.0,13,majority,3,0.09280658
faba,2.0,13,majority,4,0.101369
faba,2.0,13,majority,5,0.100556575
faba,2.0,13,minority,0,0.21695237
faba,2.0,13,minority,1,0.21695237
faba,2.0,14,majority,0,0.0495039
faba,2.0,14,majority,1,0.14813173
faba,2.0,14,majority,2,0.06532114
faba,2.0,14,majority,3,0.10227298
faba,2.0,14,majority,4,0.1461627
faba,2.0,14,majority,5,0.11958311
faba,2.0,14,minority,0,0.3291679
faba,2.0,14,minority,1,0.3291679
faba,2.0,15,majority,0,0.061119717
faba,2.0,15,majority,1,0.029762337
faba,2.0,15,majority,2,0.1415845
faba,2.0,15,majority,3,0.17017166
faba,2.0,15,majority,4,0.108183615
faba,2.0,15,majority,5,0.06372665
faba,2.0,15,minority,0,0.28955343
faba,2.0,15,minority,1,0.28955343
faba,2.0,16,majority,0,0.11095892
faba,2.0,16,majority,1,0.23182021
faba,2.0,16,majority,2,0.09299145
faba,2.0,16,majority,3,0.086581014
faba,2.0,16,majority,4,0.18320549
faba,2.0,16,majority,5,0.05839171
faba,2.0,16,minority,0,0.34145433
faba,2.0,16,minority,1,0.34145433
faba,2.0,17,majority,0,0.047178797
faba,2.0,17,majority,1,0.102320336
faba,2.0,17,majority,2,0.12368062
faba,2.0,17,majority,3,0.1291773
faba,2.0,17,majority,4,0.08648745
faba,2.0,17,majority,5,0.08298527
faba,2.0,17,minority,0,0.25380948
faba,2.0,17,minority,1,0.25380948
faba,2.0,18,majority,0,0.043438874
faba,2.0,18,majority,1,0.08787878
faba,2.0,18,majority,2,0.124149814
faba,2.0,18,majority,3,0.12191783
faba,2.0,18,majority,4,0.087602876
faba,2.0,18,majority,5,0.040035408
faba,2.0,18,minority,0,0.2610894
faba,2.0,18,minority,1,0.2610894
faba,2.0,19,majority,0,0.121858716
faba,2.0,19,majority,1,0.07894838
faba,2.0,19,majority,2,0.033930525
faba,2.0,19,majority,3,0.10631408
faba,2.0,19,majority,4,0.067407496
faba,2.0,19,majority,5,0.111751474
faba,2.0,19,minority,0,0.32744566
faba,2.0,19,minority,1,0.32744566
faba,2.0,20,majority,0,0.09395277
faba,2.0,20,majority,1,0.06853892
faba,2.0,20,majority,2,0.098223515
faba,2.0,20,majority,3,0.07245189
faba,2.0,20,majority,4,0.07796876
faba,2.0,20,majority,5,0.038650334
faba,2.0,20,minority,0,0.28152412
faba,2.0,20,minority,1,0.28152412
faba,3.0,1,majority,0,0.024679784
faba,3.0,1,majority,1,0.15355594
faba,3.0,1,majority,2,0.07089373
faba,3.0,1,majority,3,0.0954261
faba,3.0,1,majority,4,0.0976698
faba,3.0,1,majority,5,0.12380275
faba,3.0,1,minority,0,0.39399472
faba,3.0,1,minority,1,0.39399472
faba,3.0,2,majority,0,0.16733596
faba,3.0,2,majority,1,0.09603921
faba,3.0,2,majority,2,0.0619516
faba,3.0,2,majority,3,0.119387135
faba,3.0,2,majority,4,0.06672985
faba,3.0,2,majority,5,0.06521608
faba,3.0,2,minority,0,0.44239303
faba,3.0,2,minority,1,0.44239303
faba,3.0,3,majority,0,0.12434228
faba,3.0,3,majority,1,0.10143508
faba,3.0,3,majority,2,0.10793369
faba,3.0,3,majority,3,0.033999853
faba,3.0,3,majority,4,0.08446757
faba,3.0,3,majority,5,0.09009961
faba,3.0,3,minority,0,0.45372564
faba,3.0,3,minority,1,0.45372564
faba,3.0,4,majority,0,0.10208866
faba,3.0,4,majority,1,0.11716491
faba,3.0,4,majority,2,0.14030835
faba,3.0,4,majority,3,0.13589704
faba,3.0,4,majority,4,0.08071979
faba,3.0,4,majority,5,0.15032648
faba,3.0,4,minority,0,0.42634135
faba,3.0,4,minority,1,0.42634135
faba,3.0,5,majority,0,0.099636324
faba,3.0,5,majority,1,0.1225689
faba,3.0,5,majority,2,0.08247911
faba,3.0,5,majority,3,0.049412735
faba,3.0,5,majority,4,0.062823415
faba,3.0,5,majority,5,0.11448417
faba,3.0,5,minority,0,0.37746218
faba,3.0,5,minority,1,0.37746218
faba,3.0,6,majority,0,0.14749855
faba,3.0,6,majority,1,0.07553899
faba,3.0,6,majority,2,0.111019365
faba,3.0,6,majority,3,0.16756947
faba,3.0,6,majority,4,0.028075986
faba,3.0,6,majority,5,0.1007578
faba,3.0,6,minority,0,0.45734316
faba,3.0,6,minority,1,0.45734316
faba,3.0,7,majority,0,0.11753807
faba,3.0,7,majority,1,0.0748148
faba,3.0,7,majority,2,0.102912724
faba,3.0,7,majority,3,0.14417729
faba,3.0,7,majority,4,0.10563425
faba,3.0,7,majority,5,0.06388019
faba,3.0,7,minority,0,0.42381704
faba,3.0,7,minority,1,0.42381704
faba,3.0,8,majority,0,0.093368694
faba,3.0,8,majority,1,0.08193903
faba,3.0,8,majority,2,0.12362616
faba,3.0,8,majority,3,0.111469656
faba,3.0,8,majority,4,0.17384374
faba,3.0,8,majority,5,0.14275679
faba,3.0,8,minority,0,0.48970884
faba,3.0,8,minority,1,0.48970884
faba,3.0,9,majority,0,0.083921514
faba,3.0,9,majority,1,0.06578366
faba,3.0,9,majority,2,0.09208231
faba,3.0,9,majority,3,0.16177891
faba,3.0,9,majority,4,0.047592238
faba,3.0,9,majority,5,0.12556839
faba,3.0,9,minority,0,0.38627234
faba,3.0,9,minority,1,0.38627234
faba,3.0,10,majority,0,0.0848673
faba,3.0,10,majority,1,0.15164359
faba,3.0,10,majority,2,0.15714145
faba,3.0,10,majority,3,0.11563363
faba,3.0,10,majority,4,0.10697963
faba,3.0,10,majority,5,0.0749855
faba,3.0,10,minority,0,0.43941903
faba,3.0,10,minority,1,0.43941903
faba,3.0,11,majority,0,0.13807824
faba,3.0,11,majority,1,0.1329932
faba,3.0,11,majority,2,0.08201824
faba,3.0,11,majority,3,0.117286116
faba,3.0,11,majority,4,0.12088803
faba,3.0,11,majority,5,0.038306504
faba,3.0,11,minority,0,0.44476396
faba,3.0,11,minority,1,0.44476396
faba,3.0,12,majority,0,0.120665684
faba,3.0,12,majority,1,0.10472338
faba,3.0,12,majority,2,0.05763385
faba,3.0,12,majority,3,0.10326329
faba,3.0,12,majority,4,0.17200494
faba,3.0,12,majority,5,0.08824872
faba,3.0,12,minority,0,0.35617757
faba,3.0,12,minority,1,0.35617757
faba,3.0,13,majority,0,0.08051296
faba,3.0,13,majority,1,0.055035084
faba,3.0,13,majority,2,0.05304506
faba,3.0,13,majority,3,0.11396354
faba,3.0,13,majority,4,0.109725066
faba,3.0,13,majority,5,0.120170414
faba,3.0,13,minority,0,0.35040098
faba,3.0,13,minority,1,0.35040098
faba,3.0,14,majority,0,0.06913559
faba,3.0,14,majority,1,0.17131634
faba,3.0,14,majority,2,0.08778855
faba,3.0,14,majority,3,0.11814861
faba,3.0,14,majority,4,0.1397473
faba,3.0,14,majority,5,0.08722311
faba,3.0,14,minority,0,0.4648315
faba,3.0,14,minority,1,0.4648315
faba,3.0,15,majority,0,0.08140692
faba,3.0,15,majority,1,0.027489046
faba,3.0,15,majority,2,0.16531503
faba,3.0,15,majority,3,0.19318599
faba,3.0,15,majority,4,0.090683915
faba,3.0,15,majority,5,0.078733586
faba,3.0,15,minority,0,0.4315406
faba,3.0,15,minority,1,0.4315406
faba,3.0,16,majority,0,0.10846737
faba,3.0,16,majority,1,0.1317346
faba,3.0,16,majority,2,0.119728446
faba,3.0,16,majority,3,0.2072305
faba,3.0,16,majority,4,0.2922325
faba,3.0,16,majority,5,0.08195887
faba,3.0,16,minority,0,0.4814251
faba,3.0,16,minority,1,0.4814251
faba,3.0,17,majority,0,0.05572171
faba,3.0,17,majority,1,0.10324063
faba,3.0,17,majority,2,0.14558546
faba,3.0,17,majority,3,0.15070845
faba,3.0,17,majority,4,0.10301757
faba,3.0,17,majority,5,0.078282125
faba,3.0,17,minority,0,0.39575264
faba,3.0,17,minority,1,0.39575264
faba,3.0,18,majority,0,0.037357006
faba,3.0,18,majority,1,0.105292425
faba,3.0,18,majority,2,0.1393009
faba,3.0,18,majority,3,0.09781136
faba,3.0,18,majority,4,0.081999265
faba,3.0,18,majority,5,0.062379237
faba,3.0,18,minority,0,0.40099943
faba,3.0,18,minority,1,0.40099943
faba,3.0,19,majority,0,0.13522778
faba,3.0,19,majority,1,0.093391985
faba,3.0,19,majority,2,0.04516979
faba,3.0,19,majority,3,0.11993248
faba,3.0,19,majority,4,0.08805175
faba,3.0,19,majority,5,0.13389812
faba,3.0,19,minority,0,0.4674371
faba,3.0,19,minority,1,0.4674371
faba,3.0,20,majority,0,0.10452836
faba,3.0,20,majority,1,0.08041897
faba,3.0,20,majority,2,0.119623125
faba,3.0,20,majority,3,0.0951523
faba,3.0,20,majority,4,0.0919284
faba,3.0,20,majority,5,0.059438787
faba,3.0,20,minority,0,0.42394748
faba,3.0,20,minority,1,0.42394748
bulyan,0.0,1,majority,0,0.25735888
bulyan,0.0,1,majority,1,0.10529935
bulyan,0.0,1,majority,2,0.06600772
bulyan,0.0,1,majority,3,0.09826144
bulyan,0.0,1,majority,4,0.05952335
bulyan,0.0,1,majority,5,0.19211447
bulyan,0.0,1,minority,0,0.10529935
bulyan,0.0,1,minority,1,0.21645737
bulyan,0.0,2,majority,0,0.12196669
bulyan,0.0,2,majority,1,0.04995276
bulyan,0.0,2,majority,2,0.08149278
bulyan,0.0,2,majority,3,0.09432166
bulyan,0.0,2,majority,4,0.08992353
bulyan,0.0,2,majority,5,0.12196669
bulyan,0.0,2,minority,0,0.08928102
bulyan,0.0,2,minority,1,0.12196669
bulyan,0.0,3,majority,0,0.06571892
bulyan,0.0,3,majority,1,0.057656858
bulyan,0.0,3,majority,2,0.07930077
bulyan,0.0,3,majority,3,0.07026503
bulyan,0.0,3,majority,4,0.07930077
bulyan,0.0,3,majority,5,0.070593335
bulyan,0.0,3,minority,0,0.08619511
bulyan,0.0,3,minority,1,0.08619511
bulyan,0.0,4,majority,0,0.077345826
bulyan,0.0,4,majority,1,0.15937342
bulyan,0.0,4,majority,2,0.10224458
bulyan,0.0,4,majority,3,0.10224458
bulyan,0.0,4,majority,4,0.0785688
bulyan,0.0,4,majority,5,0.06906674
bulyan,0.0,4,minority,0,0.04498585
bulyan,0.0,4,minority,1,0.06646269
bulyan,0.0,5,majority,0,0.09676463
bulyan,0.0,5,majority,1,0.13583858
bulyan,0.0,5,majority,2,0.09948742
bulyan,0.0,5,majority,3,0.16609544
bulyan,0.0,5,majority,4,0.14552799
bulyan,0.0,5,majority,5,0.14552799
bulyan,0.0,5,minority,0,0.15928888
bulyan,0.0,5,minority,1,0.13583858
bulyan,0.0,6,majority,0,0.109714516
bulyan,0.0,6,majority,1,0.07304528
bulyan,0.0,6,majority,2,0.082143664
bulyan,0.0,6,majority,3,0.085342556
bulyan,0.0,6,majority,4,0.08753478
bulyan,0.0,6,majority,5,0.085342556
bulyan,0.0,6,minority,0,0.082143664
bulyan,0.0,6,minority,1,0.063615076
bulyan,0.0,7,majority,0,0.08457138
bulyan,0.0,7,majority,1,0.08515928
bulyan,0.0,7,majority,2,0.07870699
bulyan,0.0,7,majority,3,0.08457138
bulyan,0.0,7,majority,4,0.07971421
bulyan,0.0,7,majority,5,0.08681567
bulyan,0.0,7,minority,0,0.08323239
bulyan,0.0,7,minority,1,0.08681567
bulyan,0.0,8,majority,0,0.12112001
bulyan,0.0,8,majority,1,0.10171614
bulyan,0.0,8,majority,2,0.13432671
bulyan,0.0,8,majority,3,0.19656682
bulyan,0.0,8,majority,4,0.32563403
bulyan,0.0,8,majority,5,0.32563403
bulyan,0.0,8,minority,0,0.13432671
bulyan,0.0,8,minority,1,0.08450185
bulyan,0.0,9,majority,0,0.054022465
bulyan,0.0,9,majority,1,0.04974433
bulyan,0.0,9,majority,2,0.20335701
bulyan,0.0,9,majority,3,0.24623497
bulyan,0.0,9,majority,4,0.040763453
bulyan,0.0,9,majority,5,0.045989577
bulyan,0.0,9,minority,0,0.09527235
bulyan,0.0,9,minority,1,0.045989577
bulyan,0.0,10,majority,0,0.07054131
bulyan,0.0,10,majority,1,0.03966348
bulyan,0.0,10,majority,2,0.08352629
bulyan,0.0,10,majority,3,0.07431182
bulyan,0.0,10,majority,4,0.08352629
bulyan,0.0,10,majority,5,0.025875874
bulyan,0.0,10,minority,0,0.082950346
bulyan,0.0,10,minority,1,0.025875874
bulyan,0.0,11,majority,0,0.1186949
bulyan,0.0,11,majority,1,0.1186949
bulyan,0.0,11,majority,2,0.24625474
bulyan,0.0,11,majority,3,0.16222288
bulyan,0.0,11,majority,4,0.13546161
bulyan,0.0,11,majority,5,0.07718988
bulyan,0.0,11,minority,0,0.24396455
bulyan,0.0,11,minority,1,0.15937933
bulyan,0.0,12,majority,0,0.12332844
bulyan,0.0,12,majority,1,0.12332844
bulyan,0.0,12,majority,2,0.120269634
bulyan,0.0,12,majority,3,0.13158758
bulyan,0.0,12,majority,4,0.11654864
bulyan,0.0,12,majority,5,0.1257035
bulyan,0.0,12,minority,0,0.11654864
bulyan,0.0,12,minority,1,0.103725895
bulyan,0.0,13,majority,0,0.10321138
bulyan,0.0,13,majority,1,0.02620902
bulyan,0.0,13,majority,2,0.23452881
bulyan,0.0,13,majority,3,0.1265387
bulyan,0.0,13,majority,4,0.11659921
bulyan,0.0,13,majority,5,0.26066124
bulyan,0.0,13,minority,0,0.11659921
bulyan,0.0,13,minority,1,0.11659921
bulyan,0.0,14,majority,0,0.07025631
bulyan,0.0,14,majority,1,0.10903672
bulyan,0.0,14,majority,2,0.055865366
bulyan,0.0,14,majority,3,0.04387443
bulyan,0.0,14,majority,4,0.09417281
bulyan,0.0,14,majority,5,0.046005752
bulyan,0.0,14,minority,0,0.11102672
bulyan,0.0,14,minority,1,0.11102672
bulyan,0.0,15,majority,0,0.06501101
bulyan,0.0,15,majority,1,0.14010568
bulyan,0.0,15,majority,2,0.17895482
bulyan,0.0,15,majority,3,0.16965032
bulyan,0.0,15,majority,4,0.16230178
bulyan,0.0,15,majority,5,0.16965032
bulyan,0.0,15,minority,0,0.18415996
bulyan,0.0,15,minority,1,0.17844988
bulyan,0.0,16,majority,0,0.23695341
bulyan,0.0,16,majority,1,0.23695341
bulyan,0.0,16,majority,2,0.1177634
bulyan,0.0,16,majority,3,0.1136234
bulyan,0.0,16,majority,4,0.11881352
bulyan,0.0,16,majority,5,0.08578634
bulyan,0.0,16,minority,0,0.11881352
bulyan,0.0,16,minority,1,0.119304016
bulyan,0.0,17,majority,0,0.12835853
bulyan,0.0,17,majority,1,0.16394557
bulyan,0.0,17,majority,2,0.16394557
bulyan,0.0,17,majority,3,0.16394557
bulyan,0.0,17,majority,4,0.08448567
bulyan,0.0,17,majority,5,0.14422369
bulyan,0.0,17,minority,0,0.12036271
bulyan,0.0,17,minority,1,0.0515119
bulyan,0.0,18,majority,0,0.039216284
bulyan,0.0,18,majority,1,0.05772658
bulyan,0.0,18,majority,2,0.039216284
bulyan,0.0,18,majority,3,0.039763562
bulyan,0.0,18,majority,4,0.0416211
bulyan,0.0,18,majority,5,0.054057535
bulyan,0.0,18,minority,0,0.03438758
bulyan,0.0,18,minority,1,0.039216284
bulyan,0.0,19,majority,0,0.12487784
bulyan,0.0,19,majority,1,0.06251458
bulyan,0.0,19,majority,2,0.071870066
bulyan,0.0,19,majority,3,0.12324892
bulyan,0.0,19,majority,4,0.056874834
bulyan,0.0,19,majority,5,0.12324892
bulyan,0.0,19,minority,0,0.09680485
bulyan,0.0,19,minority,1,0.09680485
bulyan,0.0,20,majority,0,0.08221591
bulyan,0.0,20,majority,1,0.055511814
bulyan,0.0,20,majority,2,0.08221591
bulyan,0.0,20,majority,3,0.05077853
bulyan,0.0,20,majority,4,0.17815855
bulyan,0.0,20,majority,5,0.078566775
bulyan,0.0,20,minority,0,0.05077853
bulyan,0.0,20,minority,1,0.029978327
bulyan,0.5,1,majority,0,0.13651733
bulyan,0.5,1,majority,1,0.14316532
bulyan,0.5,1,majority,2,0.078465186
bulyan,0.5,1,majority,3,0.10718522
bulyan,0.5,1,majority,4,0.24063398
bulyan,0.5,1,majority,5,0.09062377
bulyan,0.5,1,minority,0,0.15666427
bulyan,0.5,1,minority,1,0.14316532
bulyan,0.5,2,majority,0,0.12017145
bulyan,0.5,2,majority,1,0.08356222
bulyan,0.5,2,majority,2,0.108675875
bulyan,0.5,2,majority,3,0.10088042
bulyan,0.5,2,majority,4,0.05434064
bulyan,0.5,2,majority,5,0.09936817
bulyan,0.5,2,minority,0,0.09936817
bulyan,0.5,2,minority,1,0.18582904
bulyan,0.5,3,majority,0,0.07186797
bulyan,0.5,3,majority,1,0.06163146
bulyan,0.5,3,majority,2,0.0844668
bulyan,0.5,3,majority,3,0.094660856
bulyan,0.5,3,majority,4,0.070742026
bulyan,0.5,3,majority,5,0.070742026
bulyan,0.5,3,minority,0,0.10701916
bulyan,0.5,3,minority,1,0.10701916
bulyan,0.5,4,majority,0,0.083093025
bulyan,0.5,4,majority,1,0.094996296
bulyan,0.5,4,majority,2,0.16741036
bulyan,0.5,4,majority,3,0.052704267
bulyan,0.5,4,majority,4,0.06391612
bulyan,0.5,4,majority,5,0.052704267
bulyan,0.5,4,minority,0,0.07197707
bulyan,0.5,4,minority,1,0.07197707
bulyan,0.5,5,majority,0,0.09218175
bulyan,0.5,5,majority,1,0.1814073
bulyan,0.5,5,majority,2,0.10289277
bulyan,0.5,5,majority,3,0.22942407
bulyan,0.5,5,majority,4,0.13389371
bulyan,0.5,5,majority,5,0.14158268
bulyan,0.5,5,minority,0,0.1498948
bulyan,0.5,5,minority,1,0.14158268
bulyan,0.5,6,majority,0,0.12022581
bulyan,0.5,6,majority,1,0.05978829
bulyan,0.5,6,majority,2,0.0872628
bulyan,0.5,6,majority,3,0.0872628
bulyan,0.5,6,majority,4,0.091877066
bulyan,0.5,6,majority,5,0.09849021
bulyan,0.5,6,minority,0,0.0872628
bulyan,0.5,6,minority,1,0.092825346
bulyan,0.5,7,majority,0,0.09241283
bulyan,0.5,7,majority,1,0.07915159
bulyan,0.5,7,majority,2,0.08502153
bulyan,0.5,7,majority,3,0.09241283
bulyan,0.5,7,majority,4,0.0879896
bulyan,0.5,7,majority,5,0.104914606
bulyan,0.5,7,minority,0,0.105977625
bulyan,0.5,7,minority,1,0.059711277
bulyan,0.5,8,majority,0,0.079925925
bulyan,0.5,8,majority,1,0.09325624
bulyan,0.5,8,majority,2,0.21215743
bulyan,0.5,8,majority,3,0.15634733
bulyan,0.5,8,majority,4,0.16709505
bulyan,0.5,8,majority,5,0.16709505
bulyan,0.5,8,minority,0,0.11625041
bulyan,0.5,8,minority,1,0.11625041
bulyan,0.5,9,majority,0,0.08223913
bulyan,0.5,9,majority,1,0.06621097
bulyan,0.5,9,majority,2,0.08758603
bulyan,0.5,9,majority,3,0.08758603
bulyan,0.5,9,majority,4,0.06748416
bulyan,0.5,9,majority,5,0.14224243
bulyan,0.5,9,minority,0,0.23774639
bulyan,0.5,9,minority,1,0.1576633
bulyan,0.5,10,majority,0,0.08364114
bulyan,0.5,10,majority,1,0.12520893
bulyan,0.5,10,majority,2,0.27035648
bulyan,0.5,10,majority,3,0.15237051
bulyan,0.5,10,majority,4,0.10414735
bulyan,0.5,10,majority,5,0.18493806
bulyan,0.5,10,minority,0,0.17261097
bulyan,0.5,10,minority,1,0.15956476
bulyan,0.5,11,majority,0,0.13167134
bulyan,0.5,11,majority,1,0.28065082
bulyan,0.5,11,majority,2,0.30796248
bulyan,0.5,11,majority,3,0.16346186
bulyan,0.5,11,majority,4,0.10625838
bulyan,0.5,11,majority,5,0.09793806
bulyan,0.5,11,minority,0,0.1132121
bulyan,0.5,11,minority,1,0.0828097
bulyan,0.5,12,majority,0,0.12940098
bulyan,0.5,12,majority,1,0.12940098
bulyan,0.5,12,majority,2,0.099113785
bulyan,0.5,12,majority,3,0.13733566
bulyan,0.5,12,majority,4,0.10511231
bulyan,0.5,12,majority,5,0.10511231
bulyan,0.5,12,minority,0,0.071795374
bulyan,0.5,12,minority,1,0.053693824
bulyan,0.5,13,majority,0,0.07735169
bulyan,0.5,13,majority,1,0.059336048
bulyan,0.5,13,majority,2,0.14647909
bulyan,0.5,13,majority,3,0.29354534
bulyan,0.5,13,majority,4,0.15361004
bulyan,0.5,13,majority,5,0.1270904
bulyan,0.5,13,minority,0,0.15361004
bulyan,0.5,13,minority,1,0.15361004
bulyan,0.5,14,majority,0,0.072297
bulyan,0.5,14,majority,1,0.09094938
bulyan,0.5,14,majority,2,0.08478
bulyan,0.5,14,majority,3,0.09094938
bulyan,0.5,14,majority,4,0.18750094
bulyan,0.5,14,majority,5,0.07426145
bulyan,0.5,14,minority,0,0.18866512
bulyan,0.5,14,minority,1,0.18866512
bulyan,0.5,15,majority,0,0.065537035
bulyan,0.5,15,majority,1,0.10897847
bulyan,0.5,15,majority,2,0.21523538
bulyan,0.5,15,majority,3,0.2584457
bulyan,0.5,15,majority,4,0.14746463
bulyan,0.5,15,majority,5,0.21629919
bulyan,0.5,15,minority,0,0.15469319
bulyan,0.5,15,minority,1,0.14746463
bulyan,0.5,16,majority,0,0.17883468
bulyan,0.5,16,majority,1,0.092012264
bulyan,0.5,16,majority,2,0.10056387
bulyan,0.5,16,majority,3,0.11472451
bulyan,0.5,16,majority,4,0.092012264
bulyan,0.5,16,majority,5,0.07108169
bulyan,0.5,16,minority,0,0.092012264
bulyan,0.5,16,minority,1,0.17159568
bulyan,0.5,17,majority,0,0.06316353
bulyan,0.5,17,majority,1,0.20710085
bulyan,0.5,17,majority,2,0.15105337
bulyan,0.5,17,majority,3,0.15105337
bulyan,0.5,17,majority,4,0.1349315
bulyan,0.5,17,majority,5,0.06896717
bulyan,0.5,17,minority,0,0.06896717
bulyan,0.5,17,minority,1,0.06311129
bulyan,0.5,18,majority,0,0.1100042
bulyan,0.5,18,majority,1,0.178254
bulyan,0.5,18,majority,2,0.178254
bulyan,0.5,18,majority,3,0.13219336
bulyan,0.5,18,majority,4,0.048427917
bulyan,0.5,18,majority,5,0.07379218
bulyan,0.5,18,minority,0,0.076379396
bulyan,0.5,18,minority,1,0.1100042
bulyan,0.5,19,majority,0,0.124521285
bulyan,0.5,19,majority,1,0.17250083
bulyan,0.5,19,majority,2,0.08209405
bulyan,0.5,19,majority,3,0.06232031
bulyan,0.5,19,majority,4,0.058893546
bulyan,0.5,19,majority,5,0.124521285
bulyan,0.5,19,minority,0,0.104619816
bulyan,0.5,19,minority,1,0.104619816
bulyan,0.5,20,majority,0,0.07920284
bulyan,0.5,20,majority,1,0.06608589
bulyan,0.5,20,majority,2,0.1363778
bulyan,0.5,20,majority,3,0.07873233
bulyan,0.5,20,majority,4,0.06608589
bulyan,0.5,20,majority,5,0.037098676
bulyan,0.5,20,minority,0,0.10513154
bulyan,0.5,20,minority,1,0.06994399
bulyan,1.0,1,majority,0,0.13651733
bulyan,1.0,1,majority,1,0.14316532
bulyan,1.0,1,majority,2,0.078465186
bulyan,1.0,1,majority,3,0.10718522
bulyan,1.0,1,majority,4,0.05519084
bulyan,1.0,1,majority,5,0.09062377
bulyan,1.0,1,minority,0,0.24063398
bulyan,1.0,1,minority,1,0.14316532
bulyan,1.0,2,majority,0,0.07134032
bulyan,1.0,2,majority,1,0.095307395
bulyan,1.0,2,majority,2,0.08278384
bulyan,1.0,2,majority,3,0.07134032
bulyan,1.0,2,majority,4,0.082880385
bulyan,1.0,2,majority,5,0.072735615
bulyan,1.0,2,minority,0,0.25092772
bulyan,1.0,2,minority,1,0.09865414
bulyan,1.0,3,majority,0,0.07186797
bulyan,1.0,3,majority,1,0.06163146
bulyan,1.0,3,majority,2,0.0844668
bulyan,1.0,3,majority,3,0.094660856
bulyan,1.0,3,majority,4,0.094660856
bulyan,1.0,3,majority,5,0.070742026
bulyan,1.0,3,minority,0,0.10701916
bulyan,1.0,3,minority,1,0.10701916
bulyan,1.0,4,majority,0,0.10244145
bulyan,1.0,4,majority,1,0.11921271
bulyan,1.0,4,majority,2,0.1157006
bulyan,1.0,4,majority,3,0.17088932
bulyan,1.0,4,majority,4,0.10740198
bulyan,1.0,4,majority,5,0.2601865
bulyan,1.0,4,minority,0,0.22479579
bulyan,1.0,4,minority,1,0.22479579
bulyan,1.0,5,majority,0,0.1329482
bulyan,1.0,5,majority,1,0.10923372
bulyan,1.0,5,majority,2,0.057423823
bulyan,1.0,5,majority,3,0.09725886
bulyan,1.0,5,majority,4,0.28225544
bulyan,1.0,5,majority,5,0.0964782
bulyan,1.0,5,minority,0,0.11611228
bulyan,1.0,5,minority,1,0.09171575
bulyan,1.0,6,majority,0,0.12022581
bulyan,1.0,6,majority,1,0.05978829
bulyan,1.0,6,majority,2,0.0872628
bulyan,1.0,6,majority,3,0.0872628
bulyan,1.0,6,majority,4,0.091877066
bulyan,1.0,6,majority,5,0.09849021
bulyan,1.0,6,minority,0,0.092825346
bulyan,1.0,6,minority,1,0.092825346
bulyan,1.0,7,majority,0,0.09241283
bulyan,1.0,7,majority,1,0.07915159
bulyan,1.0,7,majority,2,0.08502153
bulyan,1.0,7,majority,3,0.104914606
bulyan,1.0,7,majority,4,0.0879896
bulyan,1.0,7,majority,5,0.104914606
bulyan,1.0,7,minority,0,0.105977625
bulyan,1.0,7,minority,1,0.105977625
bulyan,1.0,8,majority,0,0.079925925
bulyan,1.0,8,majority,1,0.09325624
bulyan,1.0,8,majority,2,0.14230327
bulyan,1.0,8,majority,3,0.15634733
bulyan,1.0,8,majority,4,0.16709505
bulyan,1.0,8,majority,5,0.16709505
bulyan,1.0,8,minority,0,0.11625041
bulyan,1.0,8,minority,1,0.11625041
bulyan,1.0,9,majority,0,0.09045408
bulyan,1.0,9,majority,1,0.066585064
bulyan,1.0,9,majority,2,0.122970544
bulyan,1.0,9,majority,3,0.091337815
bulyan,1.0,9,majority,4,0.037703957
bulyan,1.0,9,majority,5,0.091337815
bulyan,1.0,9,minority,0,0.098767474
bulyan,1.0,9,minority,1,0.122970544
bulyan,1.0,10,majority,0,0.08834505
bulyan,1.0,10,majority,1,0.14449003
bulyan,1.0,10,majority,2,0.27864742
bulyan,1.0,10,majority,3,0.16857304
bulyan,1.0,10,majority,4,0.11316432
bulyan,1.0,10,majority,5,0.24105567
bulyan,1.0,10,minority,0,0.23173326
bulyan,1.0,10,minority,1,0.23173326
bulyan,1.0,11,majority,0,0.13167134
bulyan,1.0,11,majority,1,0.15392953
bulyan,1.0,11,majority,2,0.30187666
bulyan,1.0,11,majority,3,0.12719846
bulyan,1.0,11,majority,4,0.10625838
bulyan,1.0,11,majority,5,0.09793806
bulyan,1.0,11,minority,0,0.0828097
bulyan,1.0,11,minority,1,0.14050277
bulyan,1.0,12,majority,0,0.15173936
bulyan,1.0,12,majority,1,0.12260759
bulyan,1.0,12,majority,2,0.096183315
bulyan,1.0,12,majority,3,0.1585601
bulyan,1.0,12,majority,4,0.10629871
bulyan,1.0,12,majority,5,0.10629871
bulyan,1.0,12,minority,0,0.13363063
bulyan,1.0,12,minority,1,0.12260759
bulyan,1.0,13,majority,0,0.078484915
bulyan,1.0,13,majority,1,0.060337406
bulyan,1.0,13,majority,2,0.16121982
bulyan,1.0,13,majority,3,0.13503112
bulyan,1.0,13,majority,4,0.13178536
bulyan,1.0,13,majority,5,0.13178536
bulyan,1.0,13,minority,0,0.1677252
bulyan,1.0,13,minority,1,0.1677252
bulyan,1.0,14,majority,0,0.072297
bulyan,1.0,14,majority,1,0.09094938
bulyan,1.0,14,majority,2,0.08478
bulyan,1.0,14,majority,3,0.09094938
bulyan,1.0,14,majority,4,0.18750094
bulyan,1.0,14,majority,5,0.07426145
bulyan,1.0,14,minority,0,0.18866512
bulyan,1.0,14,minority,1,0.18866512
bulyan,1.0,15,majority,0,0.07900542
bulyan,1.0,15,majority,1,0.08788249
bulyan,1.0,15,majority,2,0.23903553
bulyan,1.0,15,majority,3,0.28129524
bulyan,1.0,15,majority,4,0.2180871
bulyan,1.0,15,majority,5,0.23999387
bulyan,1.0,15,minority,0,0.22303843
bulyan,1.0,15,minority,1,0.2180871
bulyan,1.0,16,majority,0,0.17883468
bulyan,1.0,16,majority,1,0.092012264
bulyan,1.0,16,majority,2,0.10056387
bulyan,1.0,16,majority,3,0.11472451
bulyan,1.0,16,majority,4,0.092012264
bulyan,1.0,16,majority,5,0.07108169
bulyan,1.0,16,minority,0,0.17159568
bulyan,1.0,16,minority,1,0.17159568
bulyan,1.0,17,majority,0,0.059504546
bulyan,1.0,17,majority,1,0.1394834
bulyan,1.0,17,majority,2,0.16663107
bulyan,1.0,17,majority,3,0.16663107
bulyan,1.0,17,majority,4,0.12674235
bulyan,1.0,17,majority,5,0.31195927
bulyan,1.0,17,minority,0,0.309476
bulyan,1.0,17,minority,1,0.077510856
bulyan,1.0,18,majority,0,0.11179464
bulyan,1.0,18,majority,1,0.08997459
bulyan,1.0,18,majority,2,0.10970483
bulyan,1.0,18,majority,3,0.1901808
bulyan,1.0,18,majority,4,0.060925987
bulyan,1.0,18,majority,5,0.06384725
bulyan,1.0,18,minority,0,0.1378821
bulyan,1.0,18,minority,1,0.1378821
bulyan,1.0,19,majority,0,0.124521285
bulyan,1.0,19,majority,1,0.18214734
bulyan,1.0,19,majority,2,0.08209405
bulyan,1.0,19,majority,3,0.08209405
bulyan,1.0,19,majority,4,0.058893546
bulyan,1.0,19,majority,5,0.124521285
bulyan,1.0,19,minority,0,0.104619816
bulyan,1.0,19,minority,1,0.104619816
bulyan,1.0,20,majority,0,0.07920284
bulyan,1.0,20,majority,1,0.06608589
bulyan,1.0,20,majority,2,0.0970811
bulyan,1.0,20,majority,3,0.07873233
bulyan,1.0,20,majority,4,0.06608589
bulyan,1.0,20,majority,5,0.037098676
bulyan,1.0,20,minority,0,0.06994399
bulyan,1.0,20,minority,1,0.06994399
bulyan,1.5,1,majority,0,0.13651733
bulyan,1.5,1,majority,1,0.09062377
bulyan,1.5,1,majority,2,0.078465186
bulyan,1.5,1,majority,3,0.10718522
bulyan,1.5,1,majority,4,0.05519084
bulyan,1.5,1,majority,5,0.09062377
bulyan,1.5,1,minority,0,0.14316532
bulyan,1.5,1,minority,1,0.14316532
bulyan,1.5,2,majority,0,0.25825417
bulyan,1.5,2,majority,1,0.08265816
bulyan,1.5,2,majority,2,0.14112146
bulyan,1.5,2,majority,3,0.10844132
bulyan,1.5,2,majority,4,0.042572103
bulyan,1.5,2,majority,5,0.092305414
bulyan,1.5,2,minority,0,0.095266126
bulyan,1.5,2,minority,1,0.095266126
bulyan,1.5,3,majority,0,0.07186797
bulyan,1.5,3,majority,1,0.06163146
bulyan,1.5,3,majority,2,0.0844668
bulyan,1.5,3,majority,3,0.094660856
bulyan,1.5,3,majority,4,0.094660856
bulyan,1.5,3,majority,5,0.070742026
bulyan,1.5,3,minority,0,0.10701916
bulyan,1.5,3,minority,1,0.10701916
bulyan,1.5,4,majority,0,0.12567568
bulyan,1.5,4,majority,1,0.17879626
bulyan,1.5,4,majority,2,0.11696766
bulyan,1.5,4,majority,3,0.17879626
bulyan,1.5,4,majority,4,0.091469675
bulyan,1.5,4,majority,5,0.32435545
bulyan,1.5,4,minority,0,0.24433936
bulyan,1.5,4,minority,1,0.24433936
bulyan,1.5,5,majority,0,0.08440352
bulyan,1.5,5,majority,1,0.13567357
bulyan,1.5,5,majority,2,0.09962874
bulyan,1.5,5,majority,3,0.1113596
bulyan,1.5,5,majority,4,0.111993216
bulyan,1.5,5,majority,5,0.111993216
bulyan,1.5,5,minority,0,0.15934971
bulyan,1.5,5,minority,1,0.15934971
bulyan,1.5,6,majority,0,0.12022581
bulyan,1.5,6,majority,1,0.05978829
bulyan,1.5,6,majority,2,0.0872628
bulyan,1.5,6,majority,3,0.0872628
bulyan,1.5,6,majority,4,0.091877066
bulyan,1.5,6,majority,5,0.09849021
bulyan,1.5,6,minority,0,0.092825346
bulyan,1.5,6,minority,1,0.092825346
bulyan,1.5,7,majority,0,0.09836438
bulyan,1.5,7,majority,1,0.08098369
bulyan,1.5,7,majority,2,0.107044384
bulyan,1.5,7,majority,3,0.29439303
bulyan,1.5,7,majority,4,0.19607633
bulyan,1.5,7,majority,5,0.09509075
bulyan,1.5,7,minority,0,0.21684483
bulyan,1.5,7,minority,1,0.21684483
bulyan,1.5,8,majority,0,0.079925925
bulyan,1.5,8,majority,1,0.09325624
bulyan,1.5,8,majority,2,0.14230327
bulyan,1.5,8,majority,3,0.15634733
bulyan,1.5,8,majority,4,0.16709505
bulyan,1.5,8,majority,5,0.16709505
bulyan,1.5,8,minority,0,0.11625041
bulyan,1.5,8,minority,1,0.11625041
bulyan,1.5,9,majority,0,0.09045408
bulyan,1.5,9,majority,1,0.066585064
bulyan,1.5,9,majority,2,0.122970544
bulyan,1.5,9,majority,3,0.091337815
bulyan,1.5,9,majority,4,0.037703957
bulyan,1.5,9,majority,5,0.091337815
bulyan,1.5,9,minority,0,0.098767474
bulyan,1.5,9,minority,1,0.098767474
bulyan,1.5,10,majority,0,0.075906046
bulyan,1.5,10,majority,1,0.09702068
bulyan,1.5,10,majority,2,0.09702068
bulyan,1.5,10,majority,3,0.110093124
bulyan,1.5,10,majority,4,0.11818777
bulyan,1.5,10,majority,5,0.36545548
bulyan,1.5,10,minority,0,0.22690912
bulyan,1.5,10,minority,1,0.3114489
bulyan,1.5,11,majority,0,0.13167134
bulyan,1.5,11,majority,1,0.15392953
bulyan,1.5,11,majority,2,0.30187666
bulyan,1.5,11,majority,3,0.12719846
bulyan,1.5,11,majority,4,0.10625838
bulyan,1.5,11,majority,5,0.09793806
bulyan,1.5,11,minority,0,0.14050277
bulyan,1.5,11,minority,1,0.14050277
bulyan,1.5,12,majority,0,0.16233929
bulyan,1.5,12,majority,1,0.2088217
bulyan,1.5,12,majority,2,0.09316804
bulyan,1.5,12,majority,3,0.15064198
bulyan,1.5,12,majority,4,0.16067792
bulyan,1.5,12,majority,5,0.117327295
bulyan,1.5,12,minority,0,0.15754053
bulyan,1.5,12,minority,1,0.15754053
bulyan,1.5,13,majority,0,0.078484915
bulyan,1.5,13,majority,1,0.060337406
bulyan,1.5,13,majority,2,0.16121982
bulyan,1.5,13,majority,3,0.12010219
bulyan,1.5,13,majority,4,0.13178536
bulyan,1.5,13,majority,5,0.13178536
bulyan,1.5,13,minority,0,0.1677252
bulyan,1.5,13,minority,1,0.1677252
bulyan,1.5,14,majority,0,0.063951865
bulyan,1.5,14,majority,1,0.05871658
bulyan,1.5,14,majority,2,0.028770447
bulyan,1.5,14,majority,3,0.040447276
bulyan,1.5,14,majority,4,0.05871658
bulyan,1.5,14,majority,5,0.061208174
bulyan,1.5,14,minority,0,0.06479482
bulyan,1.5,14,minority,1,0.03210984
bulyan,1.5,15,majority,0,0.120332055
bulyan,1.5,15,majority,1,0.06749906
bulyan,1.5,15,majority,2,0.11047683
bulyan,1.5,15,majority,3,0.11047683
bulyan,1.5,15,majority,4,0.17112629
bulyan,1.5,15,majority,5,0.085321516
bulyan,1.5,15,minority,0,0.1661095
bulyan,1.5,15,minority,1,0.397186
bulyan,1.5,16,majority,0,0.17883468
bulyan,1.5,16,majority,1,0.092012264
bulyan,1.5,16,majority,2,0.10056387
bulyan,1.5,16,majority,3,0.11472451
bulyan,1.5,16,majority,4,0.092012264
bulyan,1.5,16,majority,5,0.07108169
bulyan,1.5,16,minority,0,0.17159568
bulyan,1.5,16,minority,1,0.17159568
bulyan,1.5,17,majority,0,0.12481538
bulyan,1.5,17,majority,1,0.14769027
bulyan,1.5,17,majority,2,0.16601013
bulyan,1.5,17,majority,3,0.17701069
bulyan,1.5,17,majority,4,0.10817724
bulyan,1.5,17,majority,5,0.10817724
bulyan,1.5,17,minority,0,0.18188891
bulyan,1.5,17,minority,1,0.13103391
bulyan,1.5,18,majority,0,0.123094834
bulyan,1.5,18,majority,1,0.08745441
bulyan,1.5,18,majority,2,0.13125148
bulyan,1.5,18,majority,3,0.112605564
bulyan,1.5,18,majority,4,0.08495155
bulyan,1.5,18,majority,5,0.026005378
bulyan,1.5,18,minority,0,0.12648909
bulyan,1.5,18,minority,1,0.12648909
bulyan,1.5,19,majority,0,0.124521285
bulyan,1.5,19,majority,1,0.18214734
bulyan,1.5,19,majority,2,0.08209405
bulyan,1.5,19,majority,3,0.08209405
bulyan,1.5,19,majority,4,0.058893546
bulyan,1.5,19,majority,5,0.124521285
bulyan,1.5,19,minority,0,0.104619816
bulyan,1.5,19,minority,1,0.104619816
bulyan,1.5,20,majority,0,0.07920284
bulyan,1.5,20,majority,1,0.06608589
bulyan,1.5,20,majority,2,0.0970811
bulyan,1.5,20,majority,3,0.07873233
bulyan,1.5,20,majority,4,0.06608589
bulyan,1.5,20,majority,5,0.037098676
bulyan,1.5,20,minority,0,0.06994399
bulyan,1.5,20,minority,1,0.06994399
bulyan,2.0,1,majority,0,0.13651733
bulyan,2.0,1,majority,1,0.09062377
bulyan,2.0,1,majority,2,0.078465186
bulyan,2.0,1,majority,3,0.10718522
bulyan,2.0,1,majority,4,0.05519084
bulyan,2.0,1,majority,5,0.09062377
bulyan,2.0,1,minority,0,0.14316532
bulyan,2.0,1,minority,1,0.14316532
bulyan,2.0,2,majority,0,0.25825417
bulyan,2.0,2,majority,1,0.08265816
bulyan,2.0,2,majority,2,0.14112146
bulyan,2.0,2,majority,3,0.10844132
bulyan,2.0,2,majority,4,0.042572103
bulyan,2.0,2,majority,5,0.092305414
bulyan,2.0,2,minority,0,0.095266126
bulyan,2.0,2,minority,1,0.095266126
bulyan,2.0,3,majority,0,0.07186797
bulyan,2.0,3,majority,1,0.06163146
bulyan,2.0,3,majority,2,0.0844668
bulyan,2.0,3,majority,3,0.094660856
bulyan,2.0,3,majority,4,0.094660856
bulyan,2.0,3,majority,5,0.070742026
bulyan,2.0,3,minority,0,0.10701916
bulyan,2.0,3,minority,1,0.10701916
bulyan,2.0,4,majority,0,0.083093025
bulyan,2.0,4,majority,1,0.094996296
bulyan,2.0,4,majority,2,0.09297466
bulyan,2.0,4,majority,3,0.08998058
bulyan,2.0,4,majority,4,0.06391612
bulyan,2.0,4,majority,5,0.052704267
bulyan,2.0,4,minority,0,0.07197707
bulyan,2.0,4,minority,1,0.31156036
bulyan,2.0,5,majority,0,0.08440352
bulyan,2.0,5,majority,1,0.13567357
bulyan,2.0,5,majority,2,0.09962874
bulyan,2.0,5,majority,3,0.1113596
bulyan,2.0,5,majority,4,0.111993216
bulyan,2.0,5,majority,5,0.111993216
bulyan,2.0,5,minority,0,0.15934971
bulyan,2.0,5,minority,1,0.15934971
bulyan,2.0,6,majority,0,0.12022581
bulyan,2.0,6,majority,1,0.05978829
bulyan,2.0,6,majority,2,0.0872628
bulyan,2.0,6,majority,3,0.0872628
bulyan,2.0,6,majority,4,0.091877066
bulyan,2.0,6,majority,5,0.09849021
bulyan,2.0,6,minority,0,0.092825346
bulyan,2.0,6,minority,1,0.092825346
bulyan,2.0,7,majority,0,0.09836438
bulyan,2.0,7,majority,1,0.08098369
bulyan,2.0,7,majority,2,0.107044384
bulyan,2.0,7,majority,3,0.29439303
bulyan,2.0,7,majority,4,0.19607633
bulyan,2.0,7,majority,5,0.09509075
bulyan,2.0,7,minority,0,0.21684483
bulyan,2.0,7,minority,1,0.21684483
bulyan,2.0,8,majority,0,0.079925925
bulyan,2.0,8,majority,1,0.09325624
bulyan,2.0,8,majority,2,0.14230327
bulyan,2.0,8,majority,3,0.15634733
bulyan,2.0,8,majority,4,0.16709505
bulyan,2.0,8,majority,5,0.16709505
bulyan,2.0,8,minority,0,0.11625041
bulyan,2.0,8,minority,1,0.11625041
bulyan,2.0,9,majority,0,0.09045408
bulyan,2.0,9,majority,1,0.066585064
bulyan,2.0,9,majority,2,0.122970544
bulyan,2.0,9,majority,3,0.091337815
bulyan,2.0,9,majority,4,0.037703957
bulyan,2.0,9,majority,5,0.091337815
bulyan,2.0,9,minority,0,0.098767474
bulyan,2.0,9,minority,1,0.098767474
bulyan,2.0,10,majority,0,0.113610104
bulyan,2.0,10,majority,1,0.07233906
bulyan,2.0,10,majority,2,0.12089324
bulyan,2.0,10,majority,3,0.10444133
bulyan,2.0,10,majority,4,0.10468223
bulyan,2.0,10,majority,5,0.10444133
bulyan,2.0,10,minority,0,0.07201975
bulyan,2.0,10,minority,1,0.22215417
bulyan,2.0,11,majority,0,0.13167134
bulyan,2.0,11,majority,1,0.15392953
bulyan,2.0,11,majority,2,0.30187666
bulyan,2.0,11,majority,3,0.12719846
bulyan,2.0,11,majority,4,0.10625838
bulyan,2.0,11,majority,5,0.09793806
bulyan,2.0,11,minority,0,0.14050277
bulyan,2.0,11,minority,1,0.14050277
bulyan,2.0,12,majority,0,0.16233929
bulyan,2.0,12,majority,1,0.2088217
bulyan,2.0,12,majority,2,0.09316804
bulyan,2.0,12,majority,3,0.15064198
bulyan,2.0,12,majority,4,0.15709804
bulyan,2.0,12,majority,5,0.117327295
bulyan,2.0,12,minority,0,0.15754053
bulyan,2.0,12,minority,1,0.15754053
bulyan,2.0,13,majority,0,0.13373406
bulyan,2.0,13,majority,1,0.040983487
bulyan,2.0,13,majority,2,0.3041562
bulyan,2.0,13,majority,3,0.12666647
bulyan,2.0,13,majority,4,0.22740787
bulyan,2.0,13,majority,5,0.12533124
bulyan,2.0,13,minority,0,0.24271636
bulyan,2.0,13,minority,1,0.24271636
bulyan,2.0,14,majority,0,0.063951865
bulyan,2.0,14,majority,1,0.05871658
bulyan,2.0,14,majority,2,0.028770447
bulyan,2.0,14,majority,3,0.040447276
bulyan,2.0,14,majority,4,0.05871658
bulyan,2.0,14,majority,5,0.061208174
bulyan,2.0,14,minority,0,0.06479482
bulyan,2.0,14,minority,1,0.06479482
bulyan,2.0,15,majority,0,0.060077466
bulyan,2.0,15,majority,1,0.14513175
bulyan,2.0,15,majority,2,0.17920277
bulyan,2.0,15,majority,3,0.18693864
bulyan,2.0,15,majority,4,0.18693864
bulyan,2.0,15,majority,5,0.053913157
bulyan,2.0,15,minority,0,0.14158969
bulyan,2.0,15,minority,1,0.17999716
bulyan,2.0,16,majority,0,0.17883468
bulyan,2.0,16,majority,1,0.092012264
bulyan,2.0,16,majority,2,0.10056387
bulyan,2.0,16,majority,3,0.11472451
bulyan,2.0,16,majority,4,0.092012264
bulyan,2.0,16,majority,5,0.07108169
bulyan,2.0,16,minority,0,0.17159568
bulyan,2.0,16,minority,1,0.17159568
bulyan,2.0,17,majority,0,0.12481538
bulyan,2.0,17,majority,1,0.14769027
bulyan,2.0,17,majority,2,0.16601013
bulyan,2.0,17,majority,3,0.17701069
bulyan,2.0,17,majority,4,0.10817724
bulyan,2.0,17,majority,5,0.10817724
bulyan,2.0,17,minority,0,0.13103391
bulyan,2.0,17,minority,1,0.13103391
bulyan,2.0,18,majority,0,0.123094834
bulyan,2.0,18,majority,1,0.08745441
bulyan,2.0,18,majority,2,0.19626397
bulyan,2.0,18,majority,3,0.08989235
bulyan,2.0,18,majority,4,0.08495155
bulyan,2.0,18,majority,5,0.026005378
bulyan,2.0,18,minority,0,0.12648909
bulyan,2.0,18,minority,1,0.12648909
bulyan,2.0,19,majority,0,0.124521285
bulyan,2.0,19,majority,1,0.18214734
bulyan,2.0,19,majority,2,0.08209405
bulyan,2.0,19,majority,3,0.08209405
bulyan,2.0,19,majority,4,0.058893546
bulyan,2.0,19,majority,5,0.124521285
bulyan,2.0,19,minority,0,0.104619816
bulyan,2.0,19,minority,1,0.104619816
bulyan,2.0,20,majority,0,0.07920284
bulyan,2.0,20,majority,1,0.06608589
bulyan,2.0,20,majority,2,0.0970811
bulyan,2.0,20,majority,3,0.07873233
bulyan,2.0,20,majority,4,0.06608589
bulyan,2.0,20,majority,5,0.037098676
bulyan,2.0,20,minority,0,0.06994399
bulyan,2.0,20,minority,1,0.06994399
bulyan,3.0,1,majority,0,0.13651733
bulyan,3.0,1,majority,1,0.09062377
bulyan,3.0,1,majority,2,0.078465186
bulyan,3.0,1,majority,3,0.10718522
bulyan,3.0,1,majority,4,0.05519084
bulyan,3.0,1,majority,5,0.09062377
bulyan,3.0,1,minority,0,0.14316532
bulyan,3.0,1,minority,1,0.14316532
bulyan,3.0,2,majority,0,0.25825417
bulyan,3.0,2,majority,1,0.08265816
bulyan,3.0,2,majority,2,0.14112146
bulyan,3.0,2,majority,3,0.10844132
bulyan,3.0,2,majority,4,0.042572103
bulyan,3.0,2,majority,5,0.092305414
bulyan,3.0,2,minority,0,0.095266126
bulyan,3.0,2,minority,1,0.095266126
bulyan,3.0,3,majority,0,0.07186797
bulyan,3.0,3,majority,1,0.06163146
bulyan,3.0,3,majority,2,0.0844668
bulyan,3.0,3,majority,3,0.094660856
bulyan,3.0,3,majority,4,0.094660856
bulyan,3.0,3,majority,5,0.070742026
bulyan,3.0,3,minority,0,0.10701916
bulyan,3.0,3,minority,1,0.10701916
bulyan,3.0,4,majority,0,0.083093025
bulyan,3.0,4,majority,1,0.094996296
bulyan,3.0,4,majority,2,0.09297466
bulyan,3.0,4,majority,3,0.08998058
bulyan,3.0,4,majority,4,0.06391612
bulyan,3.0,4,majority,5,0.052704267
bulyan,3.0,4,minority,0,0.07197707
bulyan,3.0,4,minority,1,0.07197707
bulyan,3.0,5,majority,0,0.08440352
bulyan,3.0,5,majority,1,0.13567357
bulyan,3.0,5,majority,2,0.09962874
bulyan,3.0,5,majority,3,0.1113596
bulyan,3.0,5,majority,4,0.111993216
bulyan,3.0,5,majority,5,0.111993216
bulyan,3.0,5,minority,0,0.15934971
bulyan,3.0,5,minority,1,0.15934971
bulyan,3.0,6,majority,0,0.12022581
bulyan,3.0,6,majority,1,0.05978829
bulyan,3.0,6,majority,2,0.0872628
bulyan,3.0,6,majority,3,0.0872628
bulyan,3.0,6,majority,4,0.091877066
bulyan,3.0,6,majority,5,0.09849021
bulyan,3.0,6,minority,0,0.092825346
bulyan,3.0,6,minority,1,0.092825346
bulyan,3.0,7,majority,0,0.09836438
bulyan,3.0,7,majority,1,0.08098369
bulyan,3.0,7,majority,2,0.107044384
bulyan,3.0,7,majority,3,0.29439303
bulyan,3.0,7,majority,4,0.19607633
bulyan,3.0,7,majority,5,0.09509075
bulyan,3.0,7,minority,0,0.21684483
bulyan,3.0,7,minority,1,0.21684483
bulyan,3.0,8,majority,0,0.079925925
bulyan,3.0,8,majority,1,0.09325624
bulyan,3.0,8,majority,2,0.14230327
bulyan,3.0,8,majority,3,0.15634733
bulyan,3.0,8,majority,4,0.16709505
bulyan,3.0,8,majority,5,0.16709505
bulyan,3.0,8,minority,0,0.11625041
bulyan,3.0,8,minority,1,0.11625041
bulyan,3.0,9,majority,0,0.09045408
bulyan,3.0,9,majority,1,0.066585064
bulyan,3.0,9,majority,2,0.122970544
bulyan,3.0,9,majority,3,0.091337815
bulyan,3.0,9,majority,4,0.037703957
bulyan,3.0,9,majority,5,0.091337815
bulyan,3.0,9,minority,0,0.098767474
bulyan,3.0,9,minority,1,0.098767474
bulyan,3.0,10,majority,0,0.113610104
bulyan,3.0,10,majority,1,0.07233906
bulyan,3.0,10,majority,2,0.12089324
bulyan,3.0,10,majority,3,0.10444133
bulyan,3.0,10,majority,4,0.10468223
bulyan,3.0,10,majority,5,0.10444133
bulyan,3.0,10,minority,0,0.07201975
bulyan,3.0,10,minority,1,0.07201975
bulyan,3.0,11,majority,0,0.13167134
bulyan,3.0,11,majority,1,0.15392953
bulyan,3.0,11,majority,2,0.30187666
bulyan,3.0,11,majority,3,0.12719846
bulyan,3.0,11,majority,4,0.10625838
bulyan,3.0,11,majority,5,0.09793806
bulyan,3.0,11,minority,0,0.14050277
bulyan,3.0,11,minority,1,0.14050277
bulyan,3.0,12,majority,0,0.16233929
bulyan,3.0,12,majority,1,0.2088217
bulyan,3.0,12,majority,2,0.09316804
bulyan,3.0,12,majority,3,0.15064198
bulyan,3.0,12,majority,4,0.15709804
bulyan,3.0,12,majority,5,0.117327295
bulyan,3.0,12,minority,0,0.15754053
bulyan,3.0,12,minority,1,0.15754053
bulyan,3.0,13,majority,0,0.13373406
bulyan,3.0,13,majority,1,0.040983487
bulyan,3.0,13,majority,2,0.3041562
bulyan,3.0,13,majority,3,0.12666647
bulyan,3.0,13,majority,4,0.22740787
bulyan,3.0,13,majority,5,0.12533124
bulyan,3.0,13,minority,0,0.24271636
bulyan,3.0,13,minority,1,0.24271636
bulyan,3.0,14,majority,0,0.063951865
bulyan,3.0,14,majority,1,0.05871658
bulyan,3.0,14,majority,2,0.028770447
bulyan,3.0,14,majority,3,0.040447276
bulyan,3.0,14,majority,4,0.05871658
bulyan,3.0,14,majority,5,0.061208174
bulyan,3.0,14,minority,0,0.06479482
bulyan,3.0,14,minority,1,0.06479482
bulyan,3.0,15,majority,0,0.060077466
bulyan,3.0,15,majority,1,0.14513175
bulyan,3.0,15,majority,2,0.17920277
bulyan,3.0,15,majority,3,0.18693864
bulyan,3.0,15,majority,4,0.18693864
bulyan,3.0,15,majority,5,0.053913157
bulyan,3.0,15,minority,0,0.14158969
bulyan,3.0,15,minority,1,0.14158969
bulyan,3.0,16,majority,0,0.17883468
bulyan,3.0,16,majority,1,0.092012264
bulyan,3.0,16,majority,2,0.10056387
bulyan,3.0,16,majority,3,0.11472451
bulyan,3.0,16,majority,4,0.092012264
bulyan,3.0,16,majority,5,0.07108169
bulyan,3.0,16,minority,0,0.17159568
bulyan,3.0,16,minority,1,0.17159568
bulyan,3.0,17,majority,0,0.12481538
bulyan,3.0,17,majority,1,0.14769027
bulyan,3.0,17,majority,2,0.16601013
bulyan,3.0,17,majority,3,0.17701069
bulyan,3.0,17,majority,4,0.10817724
bulyan,3.0,17,majority,5,0.10817724
bulyan,3.0,17,minority,0,0.13103391
bulyan,3.0,17,minority,1,0.13103391
bulyan,3.0,18,majority,0,0.123094834
bulyan,3.0,18,majority,1,0.08745441
bulyan,3.0,18,majority,2,0.19626397
bulyan,3.0,18,majority,3,0.08989235
bulyan,3.0,18,majority,4,0.08495155
bulyan,3.0,18,majority,5,0.026005378
bulyan,3.0,18,minority,0,0.12648909
bulyan,3.0,18,minority,1,0.12648909
bulyan,3.0,19,majority,0,0.124521285
bulyan,3.0,19,majority,1,0.18214734
bulyan,3.0,19,majority,2,0.08209405
bulyan,3.0,19,majority,3,0.08209405
bulyan,3.0,19,majority,4,0.058893546
bulyan,3.0,19,majority,5,0.124521285
bulyan,3.0,19,minority,0,0.104619816
bulyan,3.0,19,minority,1,0.104619816
bulyan,3.0,20,majority,0,0.07920284
bulyan,3.0,20,majority,1,0.06608589
bulyan,3.0,20,majority,2,0.0970811
bulyan,3.0,20,majority,3,0.07873233
bulyan,3.0,20,majority,4,0.06608589
bulyan,3.0,20,majority,5,0.037098676
bulyan,3.0,20,minority,0,0.06994399
bulyan,3.0,20,minority,1,0.06994399
geometric_median,0.0,1,majority,0,0.031171843
geometric_median,0.0,1,majority,1,0.053446632
geometric_median,0.0,1,majority,2,0.119562596
geometric_median,0.0,1,majority,3,0.03597478
geometric_median,0.0,1,majority,4,0.034772407
geometric_median,0.0,1,majority,5,0.099304765
geometric_median,0.0,1,minority,0,0.029225912
geometric_median,0.0,1,minority,1,0.115329556
geometric_median,0.0,2,majority,0,0.07097731
geometric_median,0.0,2,majority,1,0.111159615
geometric_median,0.0,2,majority,2,0.06525655
geometric_median,0.0,2,majority,3,0.057657007
geometric_median,0.0,2,majority,4,0.116894655
geometric_median,0.0,2,majority,5,0.082710065
geometric_median,0.0,2,minority,0,0.097122066
geometric_median,0.0,2,minority,1,0.10616499
geometric_median,0.0,3,majority,0,0.07758608
geometric_median,0.0,3,majority,1,0.07557395
geometric_median,0.0,3,majority,2,0.07056386
geometric_median,0.0,3,majority,3,0.076565675
geometric_median,0.0,3,majority,4,0.06771081
geometric_median,0.0,3,majority,5,0.056517236
geometric_median,0.0,3,minority,0,0.06059119
geometric_median,0.0,3,minority,1,0.06562986
geometric_median,0.0,4,majority,0,0.07572285
geometric_median,0.0,4,majority,1,0.06584344
geometric_median,0.0,4,majority,2,0.058494736
geometric_median,0.0,4,majority,3,0.07168362
geometric_median,0.0,4,majority,4,0.072541885
geometric_median,0.0,4,majority,5,0.051556304
geometric_median,0.0,4,minority,0,0.08446615
geometric_median,0.0,4,minority,1,0.06593574
geometric_median,0.0,5,majority,0,0.070705116
geometric_median,0.0,5,majority,1,0.09439226
geometric_median,0.0,5,majority,2,0.103395805
geometric_median,0.0,5,majority,3,0.07612034
geometric_median,0.0,5,majority,4,0.08504824
geometric_median,0.0,5,majority,5,0.08498385
geometric_median,0.0,5,minority,0,0.08515843
geometric_median,0.0,5,minority,1,0.06915128
geometric_median,0.0,6,majority,0,0.06016097
geometric_median,0.0,6,majority,1,0.059884593
geometric_median,0.0,6,majority,2,0.062187914
geometric_median,0.0,6,majority,3,0.06841482
geometric_median,0.0,6,majority,4,0.10021061
geometric_median,0.0,6,majority,5,0.0745267
geometric_median,0.0,6,minority,0,0.088006124
geometric_median,0.0,6,minority,1,0.076974496
geometric_median,0.0,7,majority,0,0.06683776
geometric_median,0.0,7,majority,1,0.07209963
geometric_median,0.0,7,majority,2,0.06834912
geometric_median,0.0,7,majority,3,0.08971527
geometric_median,0.0,7,majority,4,0.07998032
geometric_median,0.0,7,majority,5,0.0731381
geometric_median,0.0,7,minority,0,0.07801367
geometric_median,0.0,7,minority,1,0.07707906
geometric_median,0.0,8,majority,0,0.09233638
geometric_median,0.0,8,majority,1,0.08914121
geometric_median,0.0,8,majority,2,0.099964336
geometric_median,0.0,8,majority,3,0.089588605
geometric_median,0.0,8,majority,4,0.09648181
geometric_median,0.0,8,majority,5,0.08497357
geometric_median,0.0,8,minority,0,0.103915654
geometric_median,0.0,8,minority,1,0.07671073
geometric_median,0.0,9,majority,0,0.010812378
geometric_median,0.0,9,majority,1,0.07888841
geometric_median,0.0,9,majority,2,0.014260089
geometric_median,0.0,9,majority,3,0.018356577
geometric_median,0.0,9,majority,4,0.052412204
geometric_median,0.0,9,majority,5,0.04822206
geometric_median,0.0,9,minority,0,0.00976068
geometric_median,0.0,9,minority,1,0.070645064
geometric_median,0.0,10,majority,0,0.09324604
geometric_median,0.0,10,majority,1,0.065584
geometric_median,0.0,10,majority,2,0.10484272
geometric_median,0.0,10,majority,3,0.07357886
geometric_median,0.0,10,majority,4,0.093481585
geometric_median,0.0,10,majority,5,0.06974238
geometric_median,0.0,10,minority,0,0.103688695
geometric_median,0.0,10,minority,1,0.06892328
geometric_median,0.0,11,majority,0,0.10768932
geometric_median,0.0,11,majority,1,0.09100142
geometric_median,0.0,11,majority,2,0.09689374
geometric_median,0.0,11,majority,3,0.11543932
geometric_median,0.0,11,majority,4,0.115635134
geometric_median,0.0,11,majority,5,0.08673876
geometric_median,0.0,11,minority,0,0.07414256
geometric_median,0.0,11,minority,1,0.113280945
geometric_median,0.0,12,majority,0,0.07852904
geometric_median,0.0,12,majority,1,0.10312485
geometric_median,0.0,12,majority,2,0.08854821
geometric_median,0.0,12,majority,3,0.08787493
geometric_median,0.0,12,majority,4,0.108705565
geometric_median,0.0,12,majority,5,0.07941161
geometric_median,0.0,12,minority,0,0.10728782
geometric_median,0.0,12,minority,1,0.09769527
geometric_median,0.0,13,majority,0,0.072857216
geometric_median,0.0,13,majority,1,0.12824091
geometric_median,0.0,13,majority,2,0.09943785
geometric_median,0.0,13,majority,3,0.10543542
geometric_median,0.0,13,majority,4,0.12064734
geometric_median,0.0,13,majority,5,0.09139977
geometric_median,0.0,13,minority,0,0.06873686
geometric_median,0.0,13,minority,1,0.102279864
geometric_median,0.0,14,majority,0,0.086469516
geometric_median,0.0,14,majority,1,0.0848974
geometric_median,0.0,14,majority,2,0.09387561
geometric_median,0.0,14,majority,3,0.055671822
geometric_median,0.0,14,majority,4,0.04746594
geometric_median,0.0,14,majority,5,0.099888705
geometric_median,0.0,14,minority,0,0.07391804
geometric_median,0.0,14,minority,1,0.09944023
geometric_median,0.0,15,majority,0,0.14080192
geometric_median,0.0,15,majority,1,0.07587651
geometric_median,0.0,15,majority,2,0.09916583
geometric_median,0.0,15,majority,3,0.066386625
geometric_median,0.0,15,majority,4,0.067099236
geometric_median,0.0,15,majority,5,0.07874988
geometric_median,0.0,15,minority,0,0.11522042
geometric_median,0.0,15,minority,1,0.07282112
geometric_median,0.0,16,majority,0,0.08375692
geometric_median,0.0,16,majority,1,0.11131325
geometric_median,0.0,16,majority,2,0.08324528
geometric_median,0.0,16,majority,3,0.08787819
geometric_median,0.0,16,majority,4,0.08571396
geometric_median,0.0,16,majority,5,0.090564154
geometric_median,0.0,16,minority,0,0.087397754
geometric_median,0.0,16,minority,1,0.07825937
geometric_median,0.0,17,majority,0,0.087716185
geometric_median,0.0,17,majority,1,0.06881333
geometric_median,0.0,17,majority,2,0.08802271
geometric_median,0.0,17,majority,3,0.08768051
geometric_median,0.0,17,majority,4,0.09611343
geometric_median,0.0,17,majority,5,0.078298144
geometric_median,0.0,17,minority,0,0.06585679
geometric_median,0.0,17,minority,1,0.07996617
geometric_median,0.0,18,majority,0,0.039525736
geometric_median,0.0,18,majority,1,0.04325464
geometric_median,0.0,18,majority,2,0.037210654
geometric_median,0.0,18,majority,3,0.058342047
geometric_median,0.0,18,majority,4,0.047386065
geometric_median,0.0,18,majority,5,0.048375234
geometric_median,0.0,18,minority,0,0.06289172
geometric_median,0.0,18,minority,1,0.06638418
geometric_median,0.0,19,majority,0,0.058512837
geometric_median,0.0,19,majority,1,0.05068081
geometric_median,0.0,19,majority,2,0.069914274
geometric_median,0.0,19,majority,3,0.05245912
geometric_median,0.0,19,majority,4,0.07706627
geometric_median,0.0,19,majority,5,0.07814367
geometric_median,0.0,19,minority,0,0.07022643
geometric_median,0.0,19,minority,1,0.06869906
geometric_median,0.0,20,majority,0,0.060003497
geometric_median,0.0,20,majority,1,0.05000586
geometric_median,0.0,20,majority,2,0.044345953
geometric_median,0.0,20,majority,3,0.06704532
geometric_median,0.0,20,majority,4,0.09332672
geometric_median,0.0,20,majority,5,0.06518756
geometric_median,0.0,20,minority,0,0.039191917
geometric_median,0.0,20,minority,1,0.09855898
geometric_median,0.5,1,majority,0,0.0669753
geometric_median,0.5,1,majority,1,0.07904055
geometric_median,0.5,1,majority,2,0.1174427
geometric_median,0.5,1,majority,3,0.052176904
geometric_median,0.5,1,majority,4,0.06749008
geometric_median,0.5,1,majority,5,0.11379592
geometric_median,0.5,1,minority,0,0.072260626
geometric_median,0.5,1,minority,1,0.08388855
geometric_median,0.5,2,majority,0,0.063659035
geometric_median,0.5,2,majority,1,0.06260751
geometric_median,0.5,2,majority,2,0.053217016
geometric_median,0.5,2,majority,3,0.06964811
geometric_median,0.5,2,majority,4,0.08997103
geometric_median,0.5,2,majority,5,0.07639472
geometric_median,0.5,2,minority,0,0.07074898
geometric_median,0.5,2,minority,1,0.08257589
geometric_median,0.5,3,majority,0,0.11456137
geometric_median,0.5,3,majority,1,0.10162382
geometric_median,0.5,3,majority,2,0.10607109
geometric_median,0.5,3,majority,3,0.11478671
geometric_median,0.5,3,majority,4,0.07377573
geometric_median,0.5,3,majority,5,0.067833476
geometric_median,0.5,3,minority,0,0.10586586
geometric_median,0.5,3,minority,1,0.10687354
geometric_median,0.5,4,majority,0,0.06815702
geometric_median,0.5,4,majority,1,0.066040814
geometric_median,0.5,4,majority,2,0.08833079
geometric_median,0.5,4,majority,3,0.092560686
geometric_median,0.5,4,majority,4,0.09283194
geometric_median,0.5,4,majority,5,0.061082967
geometric_median,0.5,4,minority,0,0.07938077
geometric_median,0.5,4,minority,1,0.07287324
geometric_median,0.5,5,majority,0,0.07900265
geometric_median,0.5,5,majority,1,0.08997498
geometric_median,0.5,5,majority,2,0.10960933
geometric_median,0.5,5,majority,3,0.06951719
geometric_median,0.5,5,majority,4,0.08100898
geometric_median,0.5,5,majority,5,0.09639512
geometric_median,0.5,5,minority,0,0.08980709
geometric_median,0.5,5,minority,1,0.07896075
geometric_median,0.5,6,majority,0,0.09981559
geometric_median,0.5,6,majority,1,0.08612744
geometric_median,0.5,6,majority,2,0.07997663
geometric_median,0.5,6,majority,3,0.05724963
geometric_median,0.5,6,majority,4,0.16213751
geometric_median,0.5,6,majority,5,0.09069314
geometric_median,0.5,6,minority,0,0.16711389
geometric_median,0.5,6,minority,1,0.15153387
geometric_median,0.5,7,majority,0,0.09252388
geometric_median,0.5,7,majority,1,0.08540886
geometric_median,0.5,7,majority,2,0.087682545
geometric_median,0.5,7,majority,3,0.08535432
geometric_median,0.5,7,majority,4,0.09017868
geometric_median,0.5,7,majority,5,0.08496009
geometric_median,0.5,7,minority,0,0.08389449
geometric_median,0.5,7,minority,1,0.10451288
geometric_median,0.5,8,majority,0,0.09799421
geometric_median,0.5,8,majority,1,0.113858454
geometric_median,0.5,8,majority,2,0.13090618
geometric_median,0.5,8,majority,3,0.099514514
geometric_median,0.5,8,majority,4,0.10379506
geometric_median,0.5,8,majority,5,0.10327606
geometric_median,0.5,8,minority,0,0.09744387
geometric_median,0.5,8,minority,1,0.08405607
geometric_median,0.5,9,majority,0,0.032756083
geometric_median,0.5,9,majority,1,0.05483779
geometric_median,0.5,9,majority,2,0.05526846
geometric_median,0.5,9,majority,3,0.050374478
geometric_median,0.5,9,majority,4,0.04370868
geometric_median,0.5,9,majority,5,0.044524577
geometric_median,0.5,9,minority,0,0.031214997
geometric_median,0.5,9,minority,1,0.046195567
geometric_median,0.5,10,majority,0,0.13035114
geometric_median,0.5,10,majority,1,0.17360285
geometric_median,0.5,10,majority,2,0.09625094
geometric_median,0.5,10,majority,3,0.12794729
geometric_median,0.5,10,majority,4,0.09315173
geometric_median,0.5,10,majority,5,0.11645108
geometric_median,0.5,10,minority,0,0.12333082
geometric_median,0.5,10,minority,1,0.11637549
geometric_median,0.5,11,majority,0,0.1172469
geometric_median,0.5,11,majority,1,0.103648774
geometric_median,0.5,11,majority,2,0.09885877
geometric_median,0.5,11,majority,3,0.10360707
geometric_median,0.5,11,majority,4,0.11872978
geometric_median,0.5,11,majority,5,0.118287124
geometric_median,0.5,11,minority,0,0.10781272
geometric_median,0.5,11,minority,1,0.14130467
geometric_median,0.5,12,majority,0,0.052309237
geometric_median,0.5,12,majority,1,0.105934955
geometric_median,0.5,12,majority,2,0.092187285
geometric_median,0.5,12,majority,3,0.05560285
geometric_median,0.5,12,majority,4,0.05978479
geometric_median,0.5,12,majority,5,0.0565707
geometric_median,0.5,12,minority,0,0.08589994
geometric_median,0.5,12,minority,1,0.11654221
geometric_median,0.5,13,majority,0,0.060890604
geometric_median,0.5,13,majority,1,0.13745753
geometric_median,0.5,13,majority,2,0.081293665
geometric_median,0.5,13,majority,3,0.048441358
geometric_median,0.5,13,majority,4,0.12569313
geometric_median,0.5,13,majority,5,0.10757335
geometric_median,0.5,13,minority,0,0.039872814
geometric_median,0.5,13,minority,1,0.060267128
geometric_median,0.5,14,majority,0,0.097640246
geometric_median,0.5,14,majority,1,0.077566646
geometric_median,0.5,14,majority,2,0.085103385
geometric_median,0.5,14,majority,3,0.0644316
geometric_median,0.5,14,majority,4,0.051161315
geometric_median,0.5,14,majority,5,0.09882004
geometric_median,0.5,14,minority,0,0.08897598
geometric_median,0.5,14,minority,1,0.11474965
geometric_median,0.5,15,majority,0,0.1624341
geometric_median,0.5,15,majority,1,0.16883314
geometric_median,0.5,15,majority,2,0.12969677
geometric_median,0.5,15,majority,3,0.115885675
geometric_median,0.5,15,majority,4,0.16897067
geometric_median,0.5,15,majority,5,0.15361178
geometric_median,0.5,15,minority,0,0.116914555
geometric_median,0.5,15,minority,1,0.16581494
geometric_median,0.5,16,majority,0,0.095828705
geometric_median,0.5,16,majority,1,0.10327276
geometric_median,0.5,16,majority,2,0.100210436
geometric_median,0.5,16,majority,3,0.09071866
geometric_median,0.5,16,majority,4,0.09424333
geometric_median,0.5,16,majority,5,0.10441303
geometric_median,0.5,16,minority,0,0.09192632
geometric_median,0.5,16,minority,1,0.07973258
geometric_median,0.5,17,majority,0,0.094786175
geometric_median,0.5,17,majority,1,0.043606192
geometric_median,0.5,17,majority,2,0.042107143
geometric_median,0.5,17,majority,3,0.041135218
geometric_median,0.5,17,majority,4,0.039000675
geometric_median,0.5,17,majority,5,0.08217392
geometric_median,0.5,17,minority,0,0.06518041
geometric_median,0.5,17,minority,1,0.09225261
geometric_median,0.5,18,majority,0,0.06337269
geometric_median,0.5,18,majority,1,0.070436254
geometric_median,0.5,18,majority,2,0.06740541
geometric_median,0.5,18,majority,3,0.061339326
geometric_median,0.5,18,majority,4,0.061458237
geometric_median,0.5,18,majority,5,0.07061698
geometric_median,0.5,18,minority,0,0.057300843
geometric_median,0.5,18,minority,1,0.07617561
geometric_median,0.5,19,majority,0,0.09522861
geometric_median,0.5,19,majority,1,0.056291237
geometric_median,0.5,19,majority,2,0.10414424
geometric_median,0.5,19,majority,3,0.05538528
geometric_median,0.5,19,majority,4,0.07481518
geometric_median,0.5,19,majority,5,0.107869215
geometric_median,0.5,19,minority,0,0.10499437
geometric_median,0.5,19,minority,1,0.10506752
geometric_median,0.5,20,majority,0,0.10089731
geometric_median,0.5,20,majority,1,0.08934023
geometric_median,0.5,20,majority,2,0.10364157
geometric_median,0.5,20,majority,3,0.066209935
geometric_median,0.5,20,majority,4,0.1123298
geometric_median,0.5,20,majority,5,0.1029549
geometric_median,0.5,20,minority,0,0.06879097
geometric_median,0.5,20,minority,1,0.0727485
geometric_median,1.0,1,majority,0,0.095776945
geometric_median,1.0,1,majority,1,0.098307274
geometric_median,1.0,1,majority,2,0.13537206
geometric_median,1.0,1,majority,3,0.10716865
geometric_median,1.0,1,majority,4,0.0736676
geometric_median,1.0,1,majority,5,0.13606934
geometric_median,1.0,1,minority,0,0.10504805
geometric_median,1.0,1,minority,1,0.07698438
geometric_median,1.0,2,majority,0,0.084078774
geometric_median,1.0,2,majority,1,0.067649595
geometric_median,1.0,2,majority,2,0.058617733
geometric_median,1.0,2,majority,3,0.090417504
geometric_median,1.0,2,majority,4,0.090829656
geometric_median,1.0,2,majority,5,0.07607704
geometric_median,1.0,2,minority,0,0.073402785
geometric_median,1.0,2,minority,1,0.074886106
geometric_median,1.0,3,majority,0,0.09357281
geometric_median,1.0,3,majority,1,0.081432305
geometric_median,1.0,3,majority,2,0.09720962
geometric_median,1.0,3,majority,3,0.12615053
geometric_median,1.0,3,majority,4,0.07172411
geometric_median,1.0,3,majority,5,0.06526952
geometric_median,1.0,3,minority,0,0.12282352
geometric_median,1.0,3,minority,1,0.12175791
geometric_median,1.0,4,majority,0,0.075685434
geometric_median,1.0,4,majority,1,0.08331002
geometric_median,1.0,4,majority,2,0.09981792
geometric_median,1.0,4,majority,3,0.10310957
geometric_median,1.0,4,majority,4,0.11292177
geometric_median,1.0,4,majority,5,0.07507344
geometric_median,1.0,4,minority,0,0.077492684
geometric_median,1.0,4,minority,1,0.07287066
geometric_median,1.0,5,majority,0,0.09282108
geometric_median,1.0,5,majority,1,0.07535404
geometric_median,1.0,5,majority,2,0.09946974
geometric_median,1.0,5,majority,3,0.068186104
geometric_median,1.0,5,majority,4,0.08153991
geometric_median,1.0,5,majority,5,0.099873826
geometric_median,1.0,5,minority,0,0.093784
geometric_median,1.0,5,minority,1,0.08700457
geometric_median,1.0,6,majority,0,0.096343026
geometric_median,1.0,6,majority,1,0.0889108
geometric_median,1.0,6,majority,2,0.081135586
geometric_median,1.0,6,majority,3,0.059245955
geometric_median,1.0,6,majority,4,0.16677012
geometric_median,1.0,6,majority,5,0.0821192
geometric_median,1.0,6,minority,0,0.17139773
geometric_median,1.0,6,minority,1,0.15861998
geometric_median,1.0,7,majority,0,0.10774224
geometric_median,1.0,7,majority,1,0.09171153
geometric_median,1.0,7,majority,2,0.102338634
geometric_median,1.0,7,majority,3,0.091920614
geometric_median,1.0,7,majority,4,0.101169094
geometric_median,1.0,7,majority,5,0.09283049
geometric_median,1.0,7,minority,0,0.09481452
geometric_median,1.0,7,minority,1,0.11151199
geometric_median,1.0,8,majority,0,0.11119645
geometric_median,1.0,8,majority,1,0.13239712
geometric_median,1.0,8,majority,2,0.15327144
geometric_median,1.0,8,majority,3,0.109459154
geometric_median,1.0,8,majority,4,0.10734235
geometric_median,1.0,8,majority,5,0.113274395
geometric_median,1.0,8,minority,0,0.092952706
geometric_median,1.0,8,minority,1,0.08604128
geometric_median,1.0,9,majority,0,0.029532306
geometric_median,1.0,9,majority,1,0.03903947
geometric_median,1.0,9,majority,2,0.058089957
geometric_median,1.0,9,majority,3,0.042792097
geometric_median,1.0,9,majority,4,0.060643803
geometric_median,1.0,9,majority,5,0.030613082
geometric_median,1.0,9,minority,0,0.032272372
geometric_median,1.0,9,minority,1,0.05860862
geometric_median,1.0,10,majority,0,0.15124108
geometric_median,1.0,10,majority,1,0.20770732
geometric_median,1.0,10,majority,2,0.11732794
geometric_median,1.0,10,majority,3,0.15056321
geometric_median,1.0,10,majority,4,0.10824897
geometric_median,1.0,10,majority,5,0.12165405
geometric_median,1.0,10,minority,0,0.12414976
geometric_median,1.0,10,minority,1,0.12049569
geometric_median,1.0,11,majority,0,0.11504571
geometric_median,1.0,11,majority,1,0.104629524
geometric_median,1.0,11,majority,2,0.101974174
geometric_median,1.0,11,majority,3,0.09827577
geometric_median,1.0,11,majority,4,0.11171693
geometric_median,1.0,11,majority,5,0.1358239
geometric_median,1.0,11,minority,0,0.12722886
geometric_median,1.0,11,minority,1,0.15408821
geometric_median,1.0,12,majority,0,0.07911902
geometric_median,1.0,12,majority,1,0.08939967
geometric_median,1.0,12,majority,2,0.08509233
geometric_median,1.0,12,majority,3,0.077901
geometric_median,1.0,12,majority,4,0.094289616
geometric_median,1.0,12,majority,5,0.08059899
geometric_median,1.0,12,minority,0,0.08184779
geometric_median,1.0,12,minority,1,0.0941313
geometric_median,1.0,13,majority,0,0.05498641
geometric_median,1.0,13,majority,1,0.127136
geometric_median,1.0,13,majority,2,0.0432037
geometric_median,1.0,13,majority,3,0.063489355
geometric_median,1.0,13,majority,4,0.11416461
geometric_median,1.0,13,majority,5,0.12069097
geometric_median,1.0,13,minority,0,0.051799282
geometric_median,1.0,13,minority,1,0.062827185
geometric_median,1.0,14,majority,0,0.08874183
geometric_median,1.0,14,majority,1,0.08495799
geometric_median,1.0,14,majority,2,0.085815296
geometric_median,1.0,14,majority,3,0.070627406
geometric_median,1.0,14,majority,4,0.053931814
geometric_median,1.0,14,majority,5,0.0942667
geometric_median,1.0,14,minority,0,0.093111575
geometric_median,1.0,14,minority,1,0.111800745
geometric_median,1.0,15,majority,0,0.14523374
geometric_median,1.0,15,majority,1,0.2350883
geometric_median,1.0,15,majority,2,0.11756749
geometric_median,1.0,15,majority,3,0.10719821
geometric_median,1.0,15,majority,4,0.23236217
geometric_median,1.0,15,majority,5,0.14763771
geometric_median,1.0,15,minority,0,0.18252616
geometric_median,1.0,15,minority,1,0.22347295
geometric_median,1.0,16,majority,0,0.101115406
geometric_median,1.0,16,majority,1,0.10175958
geometric_median,1.0,16,majority,2,0.112289466
geometric_median,1.0,16,majority,3,0.09150672
geometric_median,1.0,16,majority,4,0.10405605
geometric_median,1.0,16,majority,5,0.109499246
geometric_median,1.0,16,minority,0,0.09067309
geometric_median,1.0,16,minority,1,0.08405024
geometric_median,1.0,17,majority,0,0.1269264
geometric_median,1.0,17,majority,1,0.088538
geometric_median,1.0,17,majority,2,0.063394345
geometric_median,1.0,17,majority,3,0.061505258
geometric_median,1.0,17,majority,4,0.10632988
geometric_median,1.0,17,majority,5,0.09514336
geometric_median,1.0,17,minority,0,0.08972726
geometric_median,1.0,17,minority,1,0.08930511
geometric_median,1.0,18,majority,0,0.06356403
geometric_median,1.0,18,majority,1,0.10115378
geometric_median,1.0,18,majority,2,0.081438854
geometric_median,1.0,18,majority,3,0.054054327
geometric_median,1.0,18,majority,4,0.093353085
geometric_median,1.0,18,majority,5,0.09678986
geometric_median,1.0,18,minority,0,0.061971147
geometric_median,1.0,18,minority,1,0.07543565
geometric_median,1.0,19,majority,0,0.10806664
geometric_median,1.0,19,majority,1,0.062581055
geometric_median,1.0,19,majority,2,0.110008895
geometric_median,1.0,19,majority,3,0.059548162
geometric_median,1.0,19,majority,4,0.06649275
geometric_median,1.0,19,majority,5,0.10696286
geometric_median,1.0,19,minority,0,0.10565866
geometric_median,1.0,19,minority,1,0.10568293
geometric_median,1.0,20,majority,0,0.12253398
geometric_median,1.0,20,majority,1,0.095609255
geometric_median,1.0,20,majority,2,0.11328289
geometric_median,1.0,20,majority,3,0.06345345
geometric_median,1.0,20,majority,4,0.10903955
geometric_median,1.0,20,majority,5,0.12433889
geometric_median,1.0,20,minority,0,0.060934313
geometric_median,1.0,20,minority,1,0.06040047
geometric_median,1.5,1,majority,0,0.10847879
geometric_median,1.5,1,majority,1,0.118162125
geometric_median,1.5,1,majority,2,0.16257392
geometric_median,1.5,1,majority,3,0.16254012
geometric_median,1.5,1,majority,4,0.07897778
geometric_median,1.5,1,majority,5,0.1626254
geometric_median,1.5,1,minority,0,0.119687766
geometric_median,1.5,1,minority,1,0.096769206
geometric_median,1.5,2,majority,0,0.09263638
geometric_median,1.5,2,majority,1,0.0768536
geometric_median,1.5,2,majority,2,0.06214862
geometric_median,1.5,2,majority,3,0.09963994
geometric_median,1.5,2,majority,4,0.09580073
geometric_median,1.5,2,majority,5,0.07871506
geometric_median,1.5,2,minority,0,0.07607768
geometric_median,1.5,2,minority,1,0.0744883
geometric_median,1.5,3,majority,0,0.08350896
geometric_median,1.5,3,majority,1,0.07168019
geometric_median,1.5,3,majority,2,0.092689686
geometric_median,1.5,3,majority,3,0.12736973
geometric_median,1.5,3,majority,4,0.06612997
geometric_median,1.5,3,majority,5,0.06363356
geometric_median,1.5,3,minority,0,0.12651722
geometric_median,1.5,3,minority,1,0.12428571
geometric_median,1.5,4,majority,0,0.0820287
geometric_median,1.5,4,majority,1,0.09609801
geometric_median,1.5,4,majority,2,0.104743466
geometric_median,1.5,4,majority,3,0.10790028
geometric_median,1.5,4,majority,4,0.12381242
geometric_median,1.5,4,majority,5,0.08278825
geometric_median,1.5,4,minority,0,0.07699339
geometric_median,1.5,4,minority,1,0.07347125
geometric_median,1.5,5,majority,0,0.098934956
geometric_median,1.5,5,majority,1,0.073391914
geometric_median,1.5,5,majority,2,0.09555711
geometric_median,1.5,5,majority,3,0.07518893
geometric_median,1.5,5,majority,4,0.08382363
geometric_median,1.5,5,majority,5,0.09827701
geometric_median,1.5,5,minority,0,0.09643309
geometric_median,1.5,5,minority,1,0.090697475
geometric_median,1.5,6,majority,0,0.09837119
geometric_median,1.5,6,majority,1,0.093643084
geometric_median,1.5,6,majority,2,0.080729105
geometric_median,1.5,6,majority,3,0.06267115
geometric_median,1.5,6,majority,4,0.16716085
geometric_median,1.5,6,majority,5,0.08083037
geometric_median,1.5,6,minority,0,0.16850556
geometric_median,1.5,6,minority,1,0.15738584
geometric_median,1.5,7,majority,0,0.11320962
geometric_median,1.5,7,majority,1,0.097708024
geometric_median,1.5,7,majority,2,0.108654216
geometric_median,1.5,7,majority,3,0.097608306
geometric_median,1.5,7,majority,4,0.10800112
geometric_median,1.5,7,majority,5,0.09802332
geometric_median,1.5,7,minority,0,0.09861155
geometric_median,1.5,7,minority,1,0.110908255
geometric_median,1.5,8,majority,0,0.12270876
geometric_median,1.5,8,majority,1,0.14528558
geometric_median,1.5,8,majority,2,0.16825438
geometric_median,1.5,8,majority,3,0.11664355
geometric_median,1.5,8,majority,4,0.10999005
geometric_median,1.5,8,majority,5,0.1191808
geometric_median,1.5,8,minority,0,0.09095667
geometric_median,1.5,8,minority,1,0.086954944
geometric_median,1.5,9,majority,0,0.023317844
geometric_median,1.5,9,majority,1,0.047081757
geometric_median,1.5,9,majority,2,0.048195913
geometric_median,1.5,9,majority,3,0.05157624
geometric_median,1.5,9,majority,4,0.064413935
geometric_median,1.5,9,majority,5,0.02516373
geometric_median,1.5,9,minority,0,0.036331072
geometric_median,1.5,9,minority,1,0.05897553
geometric_median,1.5,10,majority,0,0.16144702
geometric_median,1.5,10,majority,1,0.22028753
geometric_median,1.5,10,majority,2,0.13160723
geometric_median,1.5,10,majority,3,0.1602355
geometric_median,1.5,10,majority,4,0.11848464
geometric_median,1.5,10,majority,5,0.12276946
geometric_median,1.5,10,minority,0,0.12380666
geometric_median,1.5,10,minority,1,0.121176474
geometric_median,1.5,11,majority,0,0.11372493
geometric_median,1.5,11,majority,1,0.10139392
geometric_median,1.5,11,majority,2,0.10171424
geometric_median,1.5,11,majority,3,0.10099927
geometric_median,1.5,11,majority,4,0.1090897
geometric_median,1.5,11,majority,5,0.14376907
geometric_median,1.5,11,minority,0,0.13635333
geometric_median,1.5,11,minority,1,0.15816617
geometric_median,1.5,12,majority,0,0.0954164
geometric_median,1.5,12,majority,1,0.10379266
geometric_median,1.5,12,majority,2,0.110861234
geometric_median,1.5,12,majority,3,0.09382224
geometric_median,1.5,12,majority,4,0.1280693
geometric_median,1.5,12,majority,5,0.10561491
geometric_median,1.5,12,minority,0,0.093752615
geometric_median,1.5,12,minority,1,0.10221272
geometric_median,1.5,13,majority,0,0.053297758
geometric_median,1.5,13,majority,1,0.13655101
geometric_median,1.5,13,majority,2,0.055927422
geometric_median,1.5,13,majority,3,0.10830325
geometric_median,1.5,13,majority,4,0.101628214
geometric_median,1.5,13,majority,5,0.13291575
geometric_median,1.5,13,minority,0,0.07037684
geometric_median,1.5,13,minority,1,0.07490848
geometric_median,1.5,14,majority,0,0.080723606
geometric_median,1.5,14,majority,1,0.093639664
geometric_median,1.5,14,majority,2,0.0907036
geometric_median,1.5,14,majority,3,0.07566725
geometric_median,1.5,14,majority,4,0.056620825
geometric_median,1.5,14,majority,5,0.09265842
geometric_median,1.5,14,minority,0,0.09426824
geometric_median,1.5,14,minority,1,0.1075278
geometric_median,1.5,15,majority,0,0.12256381
geometric_median,1.5,15,majority,1,0.2614327
geometric_median,1.5,15,majority,2,0.099432305
geometric_median,1.5,15,majority,3,0.09144535
geometric_median,1.5,15,majority,4,0.25727692
geometric_median,1.5,15,majority,5,0.12520178
geometric_median,1.5,15,minority,0,0.20461461
geometric_median,1.5,15,minority,1,0.24327178
geometric_median,1.5,16,majority,0,0.103876315
geometric_median,1.5,16,majority,1,0.101478964
geometric_median,1.5,16,majority,2,0.11896648
geometric_median,1.5,16,majority,3,0.09394373
geometric_median,1.5,16,majority,4,0.11156653
geometric_median,1.5,16,majority,5,0.11255756
geometric_median,1.5,16,minority,0,0.0896091
geometric_median,1.5,16,minority,1,0.08582043
geometric_median,1.5,17,majority,0,0.1491519
geometric_median,1.5,17,majority,1,0.10075655
geometric_median,1.5,17,majority,2,0.075055376
geometric_median,1.5,17,majority,3,0.071453534
geometric_median,1.5,17,majority,4,0.12980781
geometric_median,1.5,17,majority,5,0.111479215
geometric_median,1.5,17,minority,0,0.091290474
geometric_median,1.5,17,minority,1,0.08903648
geometric_median,1.5,18,majority,0,0.06128284
geometric_median,1.5,18,majority,1,0.11657913
geometric_median,1.5,18,majority,2,0.08489113
geometric_median,1.5,18,majority,3,0.05677211
geometric_median,1.5,18,majority,4,0.10851344
geometric_median,1.5,18,majority,5,0.108550735
geometric_median,1.5,18,minority,0,0.062822044
geometric_median,1.5,18,minority,1,0.0718564
geometric_median,1.5,19,majority,0,0.11067369
geometric_median,1.5,19,majority,1,0.07160645
geometric_median,1.5,19,majority,2,0.11459797
geometric_median,1.5,19,majority,3,0.063380525
geometric_median,1.5,19,majority,4,0.07166409
geometric_median,1.5,19,majority,5,0.10666187
geometric_median,1.5,19,minority,0,0.10251673
geometric_median,1.5,19,minority,1,0.10268321
geometric_median,1.5,20,majority,0,0.13190098
geometric_median,1.5,20,majority,1,0.09245493
geometric_median,1.5,20,majority,2,0.11768103
geometric_median,1.5,20,majority,3,0.061210126
geometric_median,1.5,20,majority,4,0.100620925
geometric_median,1.5,20,majority,5,0.13342986
geometric_median,1.5,20,minority,0,0.05651193
geometric_median,1.5,20,minority,1,0.055973686
geometric_median,2.0,1,majority,0,0.11504036
geometric_median,2.0,1,majority,1,0.12606795
geometric_median,2.0,1,majority,2,0.17296779
geometric_median,2.0,1,majority,3,0.19241606
geometric_median,2.0,1,majority,4,0.08611578
geometric_median,2.0,1,majority,5,0.17123461
geometric_median,2.0,1,minority,0,0.12687168
geometric_median,2.0,1,minority,1,0.110850945
geometric_median,2.0,2,majority,0,0.09559978
geometric_median,2.0,2,majority,1,0.08157164
geometric_median,2.0,2,majority,2,0.064012244
geometric_median,2.0,2,majority,3,0.10351954
geometric_median,2.0,2,majority,4,0.098150074
geometric_median,2.0,2,majority,5,0.080959074
geometric_median,2.0,2,minority,0,0.07726582
geometric_median,2.0,2,minority,1,0.07504013
geometric_median,2.0,3,majority,0,0.07916437
geometric_median,2.0,3,majority,1,0.06807021
geometric_median,2.0,3,majority,2,0.091553114
geometric_median,2.0,3,majority,3,0.12613486
geometric_median,2.0,3,majority,4,0.063329324
geometric_median,2.0,3,majority,5,0.06366683
geometric_median,2.0,3,minority,0,0.12688142
geometric_median,2.0,3,minority,1,0.12492495
geometric_median,2.0,4,majority,0,0.08688535
geometric_median,2.0,4,majority,1,0.10476914
geometric_median,2.0,4,majority,2,0.10799779
geometric_median,2.0,4,majority,3,0.11071727
geometric_median,2.0,4,majority,4,0.13053939
geometric_median,2.0,4,majority,5,0.08741847
geometric_median,2.0,4,minority,0,0.076954454
geometric_median,2.0,4,minority,1,0.07413248
geometric_median,2.0,5,majority,0,0.10125608
geometric_median,2.0,5,majority,1,0.074120566
geometric_median,2.0,5,majority,2,0.095226824
geometric_median,2.0,5,majority,3,0.08080313
geometric_median,2.0,5,majority,4,0.08499353
geometric_median,2.0,5,majority,5,0.097158775
geometric_median,2.0,5,minority,0,0.097610384
geometric_median,2.0,5,minority,1,0.09270685
geometric_median,2.0,6,majority,0,0.10041121
geometric_median,2.0,6,majority,1,0.09776485
geometric_median,2.0,6,majority,2,0.08173876
geometric_median,2.0,6,majority,3,0.06495727
geometric_median,2.0,6,majority,4,0.1673433
geometric_median,2.0,6,majority,5,0.08075547
geometric_median,2.0,6,minority,0,0.16545483
geometric_median,2.0,6,minority,1,0.15593898
geometric_median,2.0,7,majority,0,0.11572996
geometric_median,2.0,7,majority,1,0.101959966
geometric_median,2.0,7,majority,2,0.11198782
geometric_median,2.0,7,majority,3,0.10135396
geometric_median,2.0,7,majority,4,0.11180445
geometric_median,2.0,7,majority,5,0.101554684
geometric_median,2.0,7,minority,0,0.10015581
geometric_median,2.0,7,minority,1,0.1097096
geometric_median,2.0,8,majority,0,0.13155997
geometric_median,2.0,8,majority,1,0.1543986
geometric_median,2.0,8,majority,2,0.17860511
geometric_median,2.0,8,majority,3,0.12180788
geometric_median,2.0,8,majority,4,0.11201151
geometric_median,2.0,8,majority,5,0.123017654
geometric_median,2.0,8,minority,0,0.09001906
geometric_median,2.0,8,minority,1,0.08751645
geometric_median,2.0,9,majority,0,0.02121286
geometric_median,2.0,9,majority,1,0.055145606
geometric_median,2.0,9,majority,2,0.041951656
geometric_median,2.0,9,majority,3,0.05767039
geometric_median,2.0,9,majority,4,0.067610264
geometric_median,2.0,9,majority,5,0.028534055
geometric_median,2.0,9,minority,0,0.03888741
geometric_median,2.0,9,minority,1,0.056533013
geometric_median,2.0,10,majority,0,0.16850209
geometric_median,2.0,10,majority,1,0.23071262
geometric_median,2.0,10,majority,2,0.1493948
geometric_median,2.0,10,majority,3,0.16642994
geometric_median,2.0,10,majority,4,0.13103585
geometric_median,2.0,10,majority,5,0.12360461
geometric_median,2.0,10,minority,0,0.12396737
geometric_median,2.0,10,minority,1,0.12186213
geometric_median,2.0,11,majority,0,0.113388166
geometric_median,2.0,11,majority,1,0.098869905
geometric_median,2.0,11,majority,2,0.100540675
geometric_median,2.0,11,majority,3,0.1047073
geometric_median,2.0,11,majority,4,0.10854221
geometric_median,2.0,11,majority,5,0.14795421
geometric_median,2.0,11,minority,0,0.14116307
geometric_median,2.0,11,minority,1,0.1594297
geometric_median,2.0,12,majority,0,0.101937994
geometric_median,2.0,12,majority,1,0.1094142
geometric_median,2.0,12,majority,2,0.1241569
geometric_median,2.0,12,majority,3,0.098557785
geometric_median,2.0,12,majority,4,0.14008625
geometric_median,2.0,12,majority,5,0.119297706
geometric_median,2.0,12,minority,0,0.096819475
geometric_median,2.0,12,minority,1,0.10294468
geometric_median,2.0,13,majority,0,0.08014151
geometric_median,2.0,13,majority,1,0.15557088
geometric_median,2.0,13,majority,2,0.07008684
geometric_median,2.0,13,majority,3,0.13381161
geometric_median,2.0,13,majority,4,0.09714732
geometric_median,2.0,13,majority,5,0.14431413
geometric_median,2.0,13,minority,0,0.081286214
geometric_median,2.0,13,minority,1,0.08378019
geometric_median,2.0,14,majority,0,0.076330915
geometric_median,2.0,14,majority,1,0.099897645
geometric_median,2.0,14,majority,2,0.09511178
geometric_median,2.0,14,majority,3,0.08027866
geometric_median,2.0,14,majority,4,0.058503084
geometric_median,2.0,14,majority,5,0.09248413
geometric_median,2.0,14,minority,0,0.09458755
geometric_median,2.0,14,minority,1,0.104464374
geometric_median,2.0,15,majority,0,0.10971396
geometric_median,2.0,15,majority,1,0.27208263
geometric_median,2.0,15,majority,2,0.08961037
geometric_median,2.0,15,majority,3,0.08321771
geometric_median,2.0,15,majority,4,0.27024353
geometric_median,2.0,15,majority,5,0.11214414
geometric_median,2.0,15,minority,0,0.21126708
geometric_median,2.0,15,minority,1,0.2490293
geometric_median,2.0,16,majority,0,0.10546352
geometric_median,2.0,16,majority,1,0.10145958
geometric_median,2.0,16,majority,2,0.12303842
geometric_median,2.0,16,majority,3,0.09647623
geometric_median,2.0,16,majority,4,0.11674771
geometric_median,2.0,16,majority,5,0.114584275
geometric_median,2.0,16,minority,0,0.08893307
geometric_median,2.0,16,minority,1,0.08653728
geometric_median,2.0,17,majority,0,0.16229534
geometric_median,2.0,17,majority,1,0.10618804
geometric_median,2.0,17,majority,2,0.08154158
geometric_median,2.0,17,majority,3,0.077228375
geometric_median,2.0,17,majority,4,0.14166617
geometric_median,2.0,17,majority,5,0.123094164
geometric_median,2.0,17,minority,0,0.09166401
geometric_median,2.0,17,minority,1,0.0895967
geometric_median,2.0,18,majority,0,0.060165785
geometric_median,2.0,18,majority,1,0.12502334
geometric_median,2.0,18,majority,2,0.086351275
geometric_median,2.0,18,majority,3,0.0598833
geometric_median,2.0,18,majority,4,0.11511392
geometric_median,2.0,18,majority,5,0.11449354
geometric_median,2.0,18,minority,0,0.06315475
geometric_median,2.0,18,minority,1,0.06972066
geometric_median,2.0,19,majority,0,0.111938566
geometric_median,2.0,19,majority,1,0.07892686
geometric_median,2.0,19,majority,2,0.11903099
geometric_median,2.0,19,majority,3,0.06613955
geometric_median,2.0,19,majority,4,0.07758144
geometric_median,2.0,19,majority,5,0.106546186
geometric_median,2.0,19,minority,0,0.1002529
geometric_median,2.0,19,minority,1,0.100480564
geometric_median,2.0,20,majority,0,0.1370648
geometric_median,2.0,20,majority,1,0.0885602
geometric_median,2.0,20,majority,2,0.120046385
geometric_median,2.0,20,majority,3,0.05965068
geometric_median,2.0,20,majority,4,0.09421197
geometric_median,2.0,20,majority,5,0.1383205
geometric_median,2.0,20,minority,0,0.05386096
geometric_median,2.0,20,minority,1,0.05367416
geometric_median,3.0,1,majority,0,0.11706204
geometric_median,3.0,1,majority,1,0.12828526
geometric_median,3.0,1,majority,2,0.17043898
geometric_median,3.0,1,majority,3,0.20866385
geometric_median,3.0,1,majority,4,0.09443411
geometric_median,3.0,1,majority,5,0.17099445
geometric_median,3.0,1,minority,0,0.12845753
geometric_median,3.0,1,minority,1,0.11998543
geometric_median,3.0,2,majority,0,0.097351335
geometric_median,3.0,2,majority,1,0.085819274
geometric_median,3.0,2,majority,2,0.06596107
geometric_median,3.0,2,majority,3,0.10644809
geometric_median,3.0,2,majority,4,0.09980214
geometric_median,3.0,2,majority,5,0.08383014
geometric_median,3.0,2,minority,0,0.07802409
geometric_median,3.0,2,minority,1,0.07594721
geometric_median,3.0,3,majority,0,0.07524746
geometric_median,3.0,3,majority,1,0.06557017
geometric_median,3.0,3,majority,2,0.09099698
geometric_median,3.0,3,majority,3,0.12357374
geometric_median,3.0,3,majority,4,0.059189152
geometric_median,3.0,3,majority,5,0.06421693
geometric_median,3.0,3,minority,0,0.12614246
geometric_median,3.0,3,minority,1,0.12517545
geometric_median,3.0,4,majority,0,0.093991086
geometric_median,3.0,4,majority,1,0.11603223
geometric_median,3.0,4,majority,2,0.112651445
geometric_median,3.0,4,majority,3,0.11412142
geometric_median,3.0,4,majority,4,0.13863558
geometric_median,3.0,4,majority,5,0.09262763
geometric_median,3.0,4,minority,0,0.07726751
geometric_median,3.0,4,minority,1,0.075267404
geometric_median,3.0,5,majority,0,0.10278575
geometric_median,3.0,5,majority,1,0.07533831
geometric_median,3.0,5,majority,2,0.09669738
geometric_median,3.0,5,majority,3,0.08747503
geometric_median,3.0,5,majority,4,0.08661486
geometric_median,3.0,5,majority,5,0.09626472
geometric_median,3.0,5,minority,0,0.09849104
geometric_median,3.0,5,minority,1,0.094846375
geometric_median,3.0,6,majority,0,0.10309807
geometric_median,3.0,6,majority,1,0.10314777
geometric_median,3.0,6,majority,2,0.08324707
geometric_median,3.0,6,majority,3,0.06760823
geometric_median,3.0,6,majority,4,0.16780363
geometric_median,3.0,6,majority,5,0.08094531
geometric_median,3.0,6,minority,0,0.1624428
geometric_median,3.0,6,minority,1,0.1563102
geometric_median,3.0,7,majority,0,0.118188865
geometric_median,3.0,7,majority,1,0.1070188
geometric_median,3.0,7,majority,2,0.11556836
geometric_median,3.0,7,majority,3,0.10563501
geometric_median,3.0,7,majority,4,0.11578885
geometric_median,3.0,7,majority,5,0.10586247
geometric_median,3.0,7,minority,0,0.10149099
geometric_median,3.0,7,minority,1,0.10803318
geometric_median,3.0,8,majority,0,0.143567
geometric_median,3.0,8,majority,1,0.16608638
geometric_median,3.0,8,majority,2,0.19165406
geometric_median,3.0,8,majority,3,0.12861155
geometric_median,3.0,8,majority,4,0.11484176
geometric_median,3.0,8,majority,5,0.12763163
geometric_median,3.0,8,minority,0,0.08932176
geometric_median,3.0,8,minority,1,0.08820923
geometric_median,3.0,9,majority,0,0.020431364
geometric_median,3.0,9,majority,1,0.06473489
geometric_median,3.0,9,majority,2,0.036188953
geometric_median,3.0,9,majority,3,0.064130574
geometric_median,3.0,9,majority,4,0.07244919
geometric_median,3.0,9,majority,5,0.037645604
geometric_median,3.0,9,minority,0,0.041235086
geometric_median,3.0,9,minority,1,0.05293844
geometric_median,3.0,10,majority,0,0.17711394
geometric_median,3.0,10,majority,1,0.24269246
geometric_median,3.0,10,majority,2,0.17356652
geometric_median,3.0,10,majority,3,0.17324533
geometric_median,3.0,10,majority,4,0.15510485
geometric_median,3.0,10,majority,5,0.12551759
geometric_median,3.0,10,minority,0,0.12536007
geometric_median,3.0,10,minority,1,0.12381106
geometric_median,3.0,11,majority,0,0.11352165
geometric_median,3.0,11,majority,1,0.09598324
geometric_median,3.0,11,majority,2,0.09843823
geometric_median,3.0,11,majority,3,0.11060903
geometric_median,3.0,11,majority,4,0.108977385
geometric_median,3.0,11,majority,5,0.15210345
geometric_median,3.0,11,minority,0,0.14649205
geometric_median,3.0,11,minority,1,0.15996635
geometric_median,3.0,12,majority,0,0.107084684
geometric_median,3.0,12,majority,1,0.1139794
geometric_median,3.0,12,majority,2,0.1361471
geometric_median,3.0,12,majority,3,0.10235196
geometric_median,3.0,12,majority,4,0.14986691
geometric_median,3.0,12,majority,5,0.13188192
geometric_median,3.0,12,minority,0,0.09909617
geometric_median,3.0,12,minority,1,0.10295675
geometric_median,3.0,13,majority,0,0.10864309
geometric_median,3.0,13,majority,1,0.17512026
geometric_median,3.0,13,majority,2,0.08272485
geometric_median,3.0,13,majority,3,0.1527831
geometric_median,3.0,13,majority,4,0.096132524
geometric_median,3.0,13,majority,5,0.15770237
geometric_median,3.0,13,minority,0,0.09182743
geometric_median,3.0,13,minority,1,0.09288267
geometric_median,3.0,14,majority,0,0.073943034
geometric_median,3.0,14,majority,1,0.10692095
geometric_median,3.0,14,majority,2,0.100590244
geometric_median,3.0,14,majority,3,0.08641679
geometric_median,3.0,14,majority,4,0.060458917
geometric_median,3.0,14,majority,5,0.093439594
geometric_median,3.0,14,minority,0,0.09435367
geometric_median,3.0,14,minority,1,0.100564525
geometric_median,3.0,15,majority,0,0.09669756
geometric_median,3.0,15,majority,1,0.27876496
geometric_median,3.0,15,majority,2,0.07998215
geometric_median,3.0,15,majority,3,0.075576544
geometric_median,3.0,15,majority,4,0.28234106
geometric_median,3.0,15,majority,5,0.09896156
geometric_median,3.0,15,minority,0,0.22195135
geometric_median,3.0,15,minority,1,0.24895532
geometric_median,3.0,16,majority,0,0.1071657
geometric_median,3.0,16,majority,1,0.10163652
geometric_median,3.0,16,majority,2,0.12782198
geometric_median,3.0,16,majority,3,0.10046596
geometric_median,3.0,16,majority,4,0.12313041
geometric_median,3.0,16,majority,5,0.1171112
geometric_median,3.0,16,minority,0,0.08819417
geometric_median,3.0,16,minority,1,0.086995326
geometric_median,3.0,17,majority,0,0.17661889
geometric_median,3.0,17,majority,1,0.111395285
geometric_median,3.0,17,majority,2,0.08828422
geometric_median,3.0,17,majority,3,0.083460964
geometric_median,3.0,17,majority,4,0.15376122
geometric_median,3.0,17,majority,5,0.13790122
geometric_median,3.0,17,minority,0,0.09215796
geometric_median,3.0,17,minority,1,0.09077232
geometric_median,3.0,18,majority,0,0.059195794
geometric_median,3.0,18,majority,1,0.13347442
geometric_median,3.0,18,majority,2,0.08777547
geometric_median,3.0,18,majority,3,0.063381165
geometric_median,3.0,18,majority,4,0.12013738
geometric_median,3.0,18,majority,5,0.11987283
geometric_median,3.0,18,minority,0,0.06325068
geometric_median,3.0,18,minority,1,0.06738706
geometric_median,3.0,19,majority,0,0.113869734
geometric_median,3.0,19,majority,1,0.08881534
geometric_median,3.0,19,majority,2,0.12587433
geometric_median,3.0,19,majority,3,0.06970924
geometric_median,3.0,19,majority,4,0.086307496
geometric_median,3.0,19,majority,5,0.106566764
geometric_median,3.0,19,minority,0,0.09762626
geometric_median,3.0,19,minority,1,0.097870484
geometric_median,3.0,20,majority,0,0.14243108
geometric_median,3.0,20,majority,1,0.08279317
geometric_median,3.0,20,majority,2,0.12233534
geometric_median,3.0,20,majority,3,0.0578129
geometric_median,3.0,20,majority,4,0.08630486
geometric_median,3.0,20,majority,5,0.14317097
geometric_median,3.0,20,minority,0,0.051076554
geometric_median,3.0,20,minority,1,0.051279046
median_of_means,0.0,1,majority,0,0.094538085
median_of_means,0.0,1,majority,1,0.07929429
median_of_means,0.0,1,majority,2,0.09488524
median_of_means,0.0,1,majority,3,0.083888575
median_of_means,0.0,1,majority,4,0.074587315
median_of_means,0.0,1,majority,5,0.12005155
median_of_means,0.0,1,minority,0,0.03595387
median_of_means,0.0,1,minority,1,0.12005155
median_of_means,0.0,2,majority,0,0.08725293
median_of_means,0.0,2,majority,1,0.1634264
median_of_means,0.0,2,majority,2,0.20637639
median_of_means,0.0,2,majority,3,0.11248194
median_of_means,0.0,2,majority,4,0.11561783
median_of_means,0.0,2,majority,5,0.07770845
median_of_means,0.0,2,minority,0,0.06671955
median_of_means,0.0,2,minority,1,0.25486046
median_of_means,0.0,3,majority,0,0.0848489
median_of_means,0.0,3,majority,1,0.097553454
median_of_means,0.0,3,majority,2,0.12848309
median_of_means,0.0,3,majority,3,0.10924329
median_of_means,0.0,3,majority,4,0.09324886
median_of_means,0.0,3,majority,5,0.063739724
median_of_means,0.0,3,minority,0,0.029487908
median_of_means,0.0,3,minority,1,0.052244723
median_of_means,0.0,4,majority,0,0.09173545
median_of_means,0.0,4,majority,1,0.046622142
median_of_means,0.0,4,majority,2,0.1298396
median_of_means,0.0,4,majority,3,0.11422081
median_of_means,0.0,4,majority,4,0.08210042
median_of_means,0.0,4,majority,5,0.18989487
median_of_means,0.0,4,minority,0,0.007867813
median_of_means,0.0,4,minority,1,0.053033367
median_of_means,0.0,5,majority,0,0.0843292
median_of_means,0.0,5,majority,1,0.10320529
median_of_means,0.0,5,majority,2,0.14604618
median_of_means,0.0,5,majority,3,0.17972872
median_of_means,0.0,5,majority,4,0.14033425
median_of_means,0.0,5,majority,5,0.13129222
median_of_means,0.0,5,minority,0,0.028796852
median_of_means,0.0,5,minority,1,0.0
median_of_means,0.0,6,majority,0,0.17519443
median_of_means,0.0,6,majority,1,0.15897761
median_of_means,0.0,6,majority,2,0.05466785
median_of_means,0.0,6,majority,3,0.1598828
median_of_means,0.0,6,majority,4,0.05547908
median_of_means,0.0,6,majority,5,0.054736804
median_of_means,0.0,6,minority,0,0.108211465
median_of_means,0.0,6,minority,1,0.027687857
median_of_means,0.0,7,majority,0,0.09453801
median_of_means,0.0,7,majority,1,0.20359159
median_of_means,0.0,7,majority,2,0.076244265
median_of_means,0.0,7,majority,3,0.1458105
median_of_means,0.0,7,majority,4,0.08592518
median_of_means,0.0,7,majority,5,0.09459391
median_of_means,0.0,7,minority,0,0.05184827
median_of_means,0.0,7,minority,1,0.12844597
median_of_means,0.0,8,majority,0,0.07499418
median_of_means,0.0,8,majority,1,0.028956765
median_of_means,0.0,8,majority,2,0.011043575
median_of_means,0.0,8,majority,3,0.011043575
median_of_means,0.0,8,majority,4,0.023713097
median_of_means,0.0,8,majority,5,0.11099993
median_of_means,0.0,8,minority,0,0.05813301
median_of_means,0.0,8,minority,1,0.0
median_of_means,0.0,9,majority,0,0.22155163
median_of_means,0.0,9,majority,1,0.22725815
median_of_means,0.0,9,majority,2,0.17317443
median_of_means,0.0,9,majority,3,0.1590931
median_of_means,0.0,9,majority,4,0.167216
median_of_means,0.0,9,majority,5,0.19841698
median_of_means,0.0,9,minority,0,0.17005755
median_of_means,0.0,9,minority,1,0.1569778
median_of_means,0.0,10,majority,0,0.15332744
median_of_means,0.0,10,majority,1,0.15332744
median_of_means,0.0,10,majority,2,0.17491725
median_of_means,0.0,10,majority,3,0.13787027
median_of_means,0.0,10,majority,4,0.13021773
median_of_means,0.0,10,majority,5,0.11377611
median_of_means,0.0,10,minority,0,0.0987746
median_of_means,0.0,10,minority,1,0.108096644
median_of_means,0.0,11,majority,0,0.11477533
median_of_means,0.0,11,majority,1,0.10995072
median_of_means,0.0,11,majority,2,0.11692308
median_of_means,0.0,11,majority,3,0.05641741
median_of_means,0.0,11,majority,4,0.07085842
median_of_means,0.0,11,majority,5,0.06173867
median_of_means,0.0,11,minority,0,0.066222474
median_of_means,0.0,11,minority,1,0.0468601
median_of_means,0.0,12,majority,0,0.18151148
median_of_means,0.0,12,majority,1,0.17870408
median_of_means,0.0,12,majority,2,0.16944511
median_of_means,0.0,12,majority,3,0.15912856
median_of_means,0.0,12,majority,4,0.08644131
median_of_means,0.0,12,majority,5,0.11776729
median_of_means,0.0,12,minority,0,0.08434663
median_of_means,0.0,12,minority,1,0.08434675
median_of_means,0.0,13,majority,0,0.17370209
median_of_means,0.0,13,majority,1,0.10442378
median_of_means,0.0,13,majority,2,0.09769135
median_of_means,0.0,13,majority,3,0.044496723
median_of_means,0.0,13,majority,4,0.0761452
median_of_means,0.0,13,majority,5,0.08912805
median_of_means,0.0,13,minority,0,0.037108123
median_of_means,0.0,13,minority,1,0.08258707
median_of_means,0.0,14,majority,0,0.097791374
median_of_means,0.0,14,majority,1,0.1145221
median_of_means,0.0,14,majority,2,0.097590886
median_of_means,0.0,14,majority,3,0.14433698
median_of_means,0.0,14,majority,4,0.0939665
median_of_means,0.0,14,majority,5,0.10037211
median_of_means,0.0,14,minority,0,0.00412488
median_of_means,0.0,14,minority,1,0.004124999
median_of_means,0.0,15,majority,0,0.2392991
median_of_means,0.0,15,majority,1,0.20762232
median_of_means,0.0,15,majority,2,0.15110607
median_of_means,0.0,15,majority,3,0.10477835
median_of_means,0.0,15,majority,4,0.15730213
median_of_means,0.0,15,majority,5,0.10836257
median_of_means,0.0,15,minority,0,0.109376885
median_of_means,0.0,15,minority,1,0.15436496
median_of_means,0.0,16,majority,0,0.06625187
median_of_means,0.0,16,majority,1,0.13139847
median_of_means,0.0,16,majority,2,0.14205097
median_of_means,0.0,16,majority,3,0.15385394
median_of_means,0.0,16,majority,4,0.18133248
median_of_means,0.0,16,majority,5,0.118108176
median_of_means,0.0,16,minority,0,0.11943697
median_of_means,0.0,16,minority,1,0.06395486
median_of_means,0.0,17,majority,0,0.21394601
median_of_means,0.0,17,majority,1,0.23394728
median_of_means,0.0,17,majority,2,0.14278476
median_of_means,0.0,17,majority,3,0.15196732
median_of_means,0.0,17,majority,4,0.06849812
median_of_means,0.0,17,majority,5,0.16738245
median_of_means,0.0,17,minority,0,0.07208896
median_of_means,0.0,17,minority,1,0.07093978
median_of_means,0.0,18,majority,0,0.1604219
median_of_means,0.0,18,majority,1,0.16251932
median_of_means,0.0,18,majority,2,0.15680403
median_of_means,0.0,18,majority,3,0.042234078
median_of_means,0.0,18,majority,4,0.052331217
median_of_means,0.0,18,majority,5,0.08094254
median_of_means,0.0,18,minority,0,0.023130417
median_of_means,0.0,18,minority,1,0.023130536
median_of_means,0.0,19,majority,0,0.10592038
median_of_means,0.0,19,majority,1,0.070324495
median_of_means,0.0,19,majority,2,0.09571344
median_of_means,0.0,19,majority,3,0.10015266
median_of_means,0.0,19,majority,4,0.05973697
median_of_means,0.0,19,majority,5,0.18848285
median_of_means,0.0,19,minority,0,0.0
median_of_means,0.0,19,minority,1,0.0
median_of_means,0.0,20,majority,0,0.15217365
median_of_means,0.0,20,majority,1,0.15402354
median_of_means,0.0,20,majority,2,0.098342426
median_of_means,0.0,20,majority,3,0.075371884
median_of_means,0.0,20,majority,4,0.06301287
median_of_means,0.0,20,majority,5,0.057490453
median_of_means,0.0,20,minority,0,0.07359858
median_of_means,0.0,20,minority,1,0.0008491874
median_of_means,0.5,1,majority,0,0.0956611
median_of_means,0.5,1,majority,1,0.1246956
median_of_means,0.5,1,majority,2,0.10981683
median_of_means,0.5,1,majority,3,0.100018404
median_of_means,0.5,1,majority,4,0.10981683
median_of_means,0.5,1,majority,5,0.10441589
median_of_means,0.5,1,minority,0,0.031855993
median_of_means,0.5,1,minority,1,0.06597636
median_of_means,0.5,2,majority,0,0.21941341
median_of_means,0.5,2,majority,1,0.20383322
median_of_means,0.5,2,majority,2,0.1806039
median_of_means,0.5,2,majority,3,0.24583414
median_of_means,0.5,2,majority,4,0.1804839
median_of_means,0.5,2,majority,5,0.111141235
median_of_means,0.5,2,minority,0,0.056982458
median_of_means,0.5,2,minority,1,0.25248635
median_of_means,0.5,3,majority,0,0.20952718
median_of_means,0.5,3,majority,1,0.214986
median_of_means,0.5,3,majority,2,0.23067339
median_of_means,0.5,3,majority,3,0.1456604
median_of_means,0.5,3,majority,4,0.11517326
median_of_means,0.5,3,majority,5,0.17781596
median_of_means,0.5,3,minority,0,0.029487908
median_of_means,0.5,3,minority,1,0.052244723
median_of_means,0.5,4,majority,0,0.094080664
median_of_means,0.5,4,majority,1,0.051082302
median_of_means,0.5,4,majority,2,0.13388218
median_of_means,0.5,4,majority,3,0.118796095
median_of_means,0.5,4,majority,4,0.08835495
median_of_means,0.5,4,majority,5,0.20501515
median_of_means,0.5,4,minority,0,0.0
median_of_means,0.5,4,minority,1,0.052446485
median_of_means,0.5,5,majority,0,0.09325308
median_of_means,0.5,5,majority,1,0.100277975
median_of_means,0.5,5,majority,2,0.13913856
median_of_means,0.5,5,majority,3,0.17564964
median_of_means,0.5,5,majority,4,0.14186803
median_of_means,0.5,5,majority,5,0.15694882
median_of_means,0.5,5,minority,0,0.0
median_of_means,0.5,5,minority,1,0.007899642
median_of_means,0.5,6,majority,0,0.27857223
median_of_means,0.5,6,majority,1,0.22826433
median_of_means,0.5,6,majority,2,0.18328443
median_of_means,0.5,6,majority,3,0.2764231
median_of_means,0.5,6,majority,4,0.18352804
median_of_means,0.5,6,majority,5,0.29565364
median_of_means,0.5,6,minority,0,0.108211465
median_of_means,0.5,6,minority,1,0.027687857
median_of_means,0.5,7,majority,0,0.19528706
median_of_means,0.5,7,majority,1,0.26509154
median_of_means,0.5,7,majority,2,0.18732585
median_of_means,0.5,7,majority,3,0.14997484
median_of_means,0.5,7,majority,4,0.20065385
median_of_means,0.5,7,majority,5,0.10470517
median_of_means,0.5,7,minority,0,0.042640567
median_of_means,0.5,7,minority,1,0.12183377
median_of_means,0.5,8,majority,0,0.15093197
median_of_means,0.5,8,majority,1,0.12932119
median_of_means,0.5,8,majority,2,0.12714317
median_of_means,0.5,8,majority,3,0.12714317
median_of_means,0.5,8,majority,4,0.14645854
median_of_means,0.5,8,majority,5,0.15276225
median_of_means,0.5,8,minority,0,0.05813301
median_of_means,0.5,8,minority,1,0.0
median_of_means,0.5,9,majority,0,0.24664724
median_of_means,0.5,9,majority,1,0.24396959
median_of_means,0.5,9,majority,2,0.16566181
median_of_means,0.5,9,majority,3,0.21951434
median_of_means,0.5,9,majority,4,0.16699831
median_of_means,0.5,9,majority,5,0.20013821
median_of_means,0.5,9,minority,0,0.16960171
median_of_means,0.5,9,minority,1,0.1569778
median_of_means,0.5,10,majority,0,0.21761253
median_of_means,0.5,10,majority,1,0.21761253
median_of_means,0.5,10,majority,2,0.233328
median_of_means,0.5,10,majority,3,0.19099778
median_of_means,0.5,10,majority,4,0.18120274
median_of_means,0.5,10,majority,5,0.06277598
median_of_means,0.5,10,minority,0,0.06628234
median_of_means,0.5,10,minority,1,0.06607825
median_of_means,0.5,11,majority,0,0.1358269
median_of_means,0.5,11,majority,1,0.13899603
median_of_means,0.5,11,majority,2,0.13132893
median_of_means,0.5,11,majority,3,0.15286295
median_of_means,0.5,11,majority,4,0.24380554
median_of_means,0.5,11,majority,5,0.111125134
median_of_means,0.5,11,minority,0,0.045976877
median_of_means,0.5,11,minority,1,0.0
median_of_means,0.5,12,majority,0,0.074502
median_of_means,0.5,12,majority,1,0.061970357
median_of_means,0.5,12,majority,2,0.036273643
median_of_means,0.5,12,majority,3,0.12796798
median_of_means,0.5,12,majority,4,0.08840413
median_of_means,0.5,12,majority,5,0.087186545
median_of_means,0.5,12,minority,0,0.087186545
median_of_means,0.5,12,minority,1,0.087186694
median_of_means,0.5,13,majority,0,0.16744424
median_of_means,0.5,13,majority,1,0.09364552
median_of_means,0.5,13,majority,2,0.117335916
median_of_means,0.5,13,majority,3,0.03832395
median_of_means,0.5,13,majority,4,0.07271079
median_of_means,0.5,13,majority,5,0.07114875
median_of_means,0.5,13,minority,0,0.11880601
median_of_means,0.5,13,minority,1,0.07820213
median_of_means,0.5,14,majority,0,0.18991084
median_of_means,0.5,14,majority,1,0.19904344
median_of_means,0.5,14,majority,2,0.18980768
median_of_means,0.5,14,majority,3,0.21906576
median_of_means,0.5,14,majority,4,0.08156162
median_of_means,0.5,14,majority,5,0.19537959
median_of_means,0.5,14,minority,0,0.0
median_of_means,0.5,14,minority,1,0.0
median_of_means,0.5,15,majority,0,0.19197336
median_of_means,0.5,15,majority,1,0.15065433
median_of_means,0.5,15,majority,2,0.10371981
median_of_means,0.5,15,majority,3,0.08176584
median_of_means,0.5,15,majority,4,0.11134828
median_of_means,0.5,15,majority,5,0.14407884
median_of_means,0.5,15,minority,0,0.08822888
median_of_means,0.5,15,minority,1,0.023404406
median_of_means,0.5,16,majority,0,0.049533203
median_of_means,0.5,16,majority,1,0.22070523
median_of_means,0.5,16,majority,2,0.25191113
median_of_means,0.5,16,majority,3,0.2587504
median_of_means,0.5,16,majority,4,0.27597502
median_of_means,0.5,16,majority,5,0.14908032
median_of_means,0.5,16,minority,0,0.118675806
median_of_means,0.5,16,minority,1,0.05875671
median_of_means,0.5,17,majority,0,0.17853338
median_of_means,0.5,17,majority,1,0.19666103
median_of_means,0.5,17,majority,2,0.14297053
median_of_means,0.5,17,majority,3,0.15214188
median_of_means,0.5,17,majority,4,0.06888453
median_of_means,0.5,17,majority,5,0.03016982
median_of_means,0.5,17,minority,0,0.053900406
median_of_means,0.5,17,minority,1,0.052353382
median_of_means,0.5,18,majority,0,0.15719214
median_of_means,0.5,18,majority,1,0.17972189
median_of_means,0.5,18,majority,2,0.18412066
median_of_means,0.5,18,majority,3,0.10240127
median_of_means,0.5,18,majority,4,0.10601618
median_of_means,0.5,18,majority,5,0.09377263
median_of_means,0.5,18,minority,0,0.023130417
median_of_means,0.5,18,minority,1,0.023130536
median_of_means,0.5,19,majority,0,0.15851776
median_of_means,0.5,19,majority,1,0.110577725
median_of_means,0.5,19,majority,2,0.07248922
median_of_means,0.5,19,majority,3,0.13830616
median_of_means,0.5,19,majority,4,0.11606197
median_of_means,0.5,19,majority,5,0.24969353
median_of_means,0.5,19,minority,0,0.0
median_of_means,0.5,19,minority,1,0.0
median_of_means,0.5,20,majority,0,0.14586881
median_of_means,0.5,20,majority,1,0.14779763
median_of_means,0.5,20,majority,2,0.21021162
median_of_means,0.5,20,majority,3,0.20037068
median_of_means,0.5,20,majority,4,0.1960564
median_of_means,0.5,20,majority,5,0.19435185
median_of_means,0.5,20,minority,0,0.008178949
median_of_means,0.5,20,minority,1,0.0008491874
median_of_means,1.0,1,majority,0,0.22768153
median_of_means,1.0,1,majority,1,0.2987413
median_of_means,1.0,1,majority,2,0.2699371
median_of_means,1.0,1,majority,3,0.26610145
median_of_means,1.0,1,majority,4,0.2699371
median_of_means,1.0,1,majority,5,0.33744347
median_of_means,1.0,1,minority,0,0.023420215
median_of_means,1.0,1,minority,1,0.06597636
median_of_means,1.0,2,majority,0,0.33836925
median_of_means,1.0,2,majority,1,0.29969314
median_of_means,1.0,2,majority,2,0.25183123
median_of_means,1.0,2,majority,3,0.3625398
median_of_means,1.0,2,majority,4,0.2896836
median_of_means,1.0,2,majority,5,0.22283259
median_of_means,1.0,2,minority,0,0.056982458
median_of_means,1.0,2,minority,1,0.25248635
median_of_means,1.0,3,majority,0,0.33444563
median_of_means,1.0,3,majority,1,0.3378923
median_of_means,1.0,3,majority,2,0.34808394
median_of_means,1.0,3,majority,3,0.24849498
median_of_means,1.0,3,majority,4,0.2215499
median_of_means,1.0,3,majority,5,0.3007063
median_of_means,1.0,3,minority,0,0.029487908
median_of_means,1.0,3,minority,1,0.052244723
median_of_means,1.0,4,majority,0,0.2605827
median_of_means,1.0,4,majority,1,0.24831748
median_of_means,1.0,4,majority,2,0.28336838
median_of_means,1.0,4,majority,3,0.27656052
median_of_means,1.0,4,majority,4,0.2649147
median_of_means,1.0,4,majority,5,0.19554546
median_of_means,1.0,4,minority,0,0.0
median_of_means,1.0,4,minority,1,0.052446485
median_of_means,1.0,5,majority,0,0.17494678
median_of_means,1.0,5,majority,1,0.18145688
median_of_means,1.0,5,majority,2,0.20550053
median_of_means,1.0,5,majority,3,0.19302061
median_of_means,1.0,5,majority,4,0.14668018
median_of_means,1.0,5,majority,5,0.24878158
median_of_means,1.0,5,minority,0,0.0
median_of_means,1.0,5,minority,1,0.0
median_of_means,1.0,6,majority,0,0.39146355
median_of_means,1.0,6,majority,1,0.33069825
median_of_means,1.0,6,majority,2,0.3070918
median_of_means,1.0,6,majority,3,0.3945334
median_of_means,1.0,6,majority,4,0.30723724
median_of_means,1.0,6,majority,5,0.43378028
median_of_means,1.0,6,minority,0,0.108211465
median_of_means,1.0,6,minority,1,0.027687857
median_of_means,1.0,7,majority,0,0.31096044
median_of_means,1.0,7,majority,1,0.35893297
median_of_means,1.0,7,majority,2,0.30602342
median_of_means,1.0,7,majority,3,0.2521879
median_of_means,1.0,7,majority,4,0.31817567
median_of_means,1.0,7,majority,5,0.2180153
median_of_means,1.0,7,minority,0,0.042640567
median_of_means,1.0,7,minority,1,0.12183377
median_of_means,1.0,8,majority,0,0.26680854
median_of_means,1.0,8,majority,1,0.25270426
median_of_means,1.0,8,majority,2,0.25191033
median_of_means,1.0,8,majority,3,0.25191033
median_of_means,1.0,8,majority,4,0.2712709
median_of_means,1.0,8,majority,5,0.25534248
median_of_means,1.0,8,minority,0,0.05813301
median_of_means,1.0,8,minority,1,0.0
median_of_means,1.0,9,majority,0,0.32614037
median_of_means,1.0,9,majority,1,0.3173108
median_of_means,1.0,9,majority,2,0.20994194
median_of_means,1.0,9,majority,3,0.31898475
median_of_means,1.0,9,majority,4,0.21099813
median_of_means,1.0,9,majority,5,0.25027964
median_of_means,1.0,9,minority,0,0.16960171
median_of_means,1.0,9,minority,1,0.1569778
median_of_means,1.0,10,majority,0,0.34055334
median_of_means,1.0,10,majority,1,0.34055334
median_of_means,1.0,10,majority,2,0.35080382
median_of_means,1.0,10,majority,3,0.30523124
median_of_means,1.0,10,majority,4,0.29416877
median_of_means,1.0,10,majority,5,0.06553325
median_of_means,1.0,10,minority,0,0.06628234
median_of_means,1.0,10,minority,1,0.06607825
median_of_means,1.0,11,majority,0,0.24701981
median_of_means,1.0,11,majority,1,0.25138384
median_of_means,1.0,11,majority,2,0.24224722
median_of_means,1.0,11,majority,3,0.27546474
median_of_means,1.0,11,majority,4,0.36713764
median_of_means,1.0,11,majority,5,0.23608674
median_of_means,1.0,11,minority,0,0.045976877
median_of_means,1.0,11,minority,1,0.0
median_of_means,1.0,12,majority,0,0.21025151
median_of_means,1.0,12,majority,1,0.062198937
median_of_means,1.0,12,majority,2,0.1317582
median_of_means,1.0,12,majority,3,0.18005624
median_of_means,1.0,12,majority,4,0.15446597
median_of_means,1.0,12,majority,5,0.08434663
median_of_means,1.0,12,minority,0,0.08434663
median_of_means,1.0,12,minority,1,0.08434675
median_of_means,1.0,13,majority,0,0.27577797
median_of_means,1.0,13,majority,1,0.23447993
median_of_means,1.0,13,majority,2,0.11317145
median_of_means,1.0,13,majority,3,0.24223512
median_of_means,1.0,13,majority,4,0.17274895
median_of_means,1.0,13,majority,5,0.18563932
median_of_means,1.0,13,minority,0,0.037108123
median_of_means,1.0,13,minority,1,0.07820213
median_of_means,1.0,14,majority,0,0.3084788
median_of_means,1.0,14,majority,1,0.31418362
median_of_means,1.0,14,majority,2,0.30841532
median_of_means,1.0,14,majority,3,0.3279486
median_of_means,1.0,14,majority,4,0.15224904
median_of_means,1.0,14,majority,5,0.3093824
median_of_means,1.0,14,minority,0,0.0
median_of_means,1.0,14,minority,1,0.0
median_of_means,1.0,15,majority,0,0.13323607
median_of_means,1.0,15,majority,1,0.059956733
median_of_means,1.0,15,majority,2,0.091425665
median_of_means,1.0,15,majority,3,0.06547141
median_of_means,1.0,15,majority,4,0.09999646
median_of_means,1.0,15,majority,5,0.25020286
median_of_means,1.0,15,minority,0,0.08822888
median_of_means,1.0,15,minority,1,0.023404406
median_of_means,1.0,16,majority,0,0.17277521
median_of_means,1.0,16,majority,1,0.33692533
median_of_means,1.0,16,majority,2,0.37620628
median_of_means,1.0,16,majority,3,0.3808198
median_of_means,1.0,16,majority,4,0.39272657
median_of_means,1.0,16,majority,5,0.24665755
median_of_means,1.0,16,minority,0,0.118675806
median_of_means,1.0,16,minority,1,0.05875671
median_of_means,1.0,17,majority,0,0.16764975
median_of_means,1.0,17,majority,1,0.1601964
median_of_means,1.0,17,majority,2,0.2897108
median_of_means,1.0,17,majority,3,0.29434487
median_of_means,1.0,17,majority,4,0.26122183
median_of_means,1.0,17,majority,5,0.13617489
median_of_means,1.0,17,minority,0,0.053900406
median_of_means,1.0,17,minority,1,0.052353382
median_of_means,1.0,18,majority,0,0.19384119
median_of_means,1.0,18,majority,1,0.2590509
median_of_means,1.0,18,majority,2,0.27138773
median_of_means,1.0,18,majority,3,0.22413588
median_of_means,1.0,18,majority,4,0.22581032
median_of_means,1.0,18,majority,5,0.20563295
median_of_means,1.0,18,minority,0,0.023130417
median_of_means,1.0,18,minority,1,0.023130536
median_of_means,1.0,19,majority,0,0.26512486
median_of_means,1.0,19,majority,1,0.22344314
median_of_means,1.0,19,majority,2,0.17421995
median_of_means,1.0,19,majority,3,0.24211748
median_of_means,1.0,19,majority,4,0.23231965
median_of_means,1.0,19,majority,5,0.34701288
median_of_means,1.0,19,minority,0,0.0
median_of_means,1.0,19,minority,1,0.0
median_of_means,1.0,20,majority,0,0.32528216
median_of_means,1.0,20,majority,1,0.32615167
median_of_means,1.0,20,majority,2,0.39609438
median_of_means,1.0,20,majority,3,0.39096066
median_of_means,1.0,20,majority,4,0.3887672
median_of_means,1.0,20,majority,5,0.3774396
median_of_means,1.0,20,minority,0,0.008178949
median_of_means,1.0,20,minority,1,0.0008491874
median_of_means,1.5,1,majority,0,0.34592718
median_of_means,1.5,1,majority,1,0.42234844
median_of_means,1.5,1,majority,2,0.39162952
median_of_means,1.5,1,majority,3,0.38899568
median_of_means,1.5,1,majority,4,0.39162952
median_of_means,1.5,1,majority,5,0.51815975
median_of_means,1.5,1,minority,0,0.023420215
median_of_means,1.5,1,minority,1,0.06597636
median_of_means,1.5,2,majority,0,0.460538
median_of_means,1.5,2,majority,1,0.4115021
median_of_means,1.5,2,majority,2,0.3542177
median_of_means,1.5,2,majority,3,0.48341054
median_of_means,1.5,2,majority,4,0.40805483
median_of_means,1.5,2,majority,5,0.3438115
median_of_means,1.5,2,minority,0,0.056982458
median_of_means,1.5,2,minority,1,0.25248635
median_of_means,1.5,3,majority,0,0.45940846
median_of_means,1.5,3,majority,1,0.4619237
median_of_means,1.5,3,majority,2,0.46943018
median_of_means,1.5,3,majority,3,0.36542112
median_of_means,1.5,3,majority,4,0.34081352
median_of_means,1.5,3,majority,5,0.42482942
median_of_means,1.5,3,minority,0,0.029487908
median_of_means,1.5,3,minority,1,0.052244723
median_of_means,1.5,4,majority,0,0.3802976
median_of_means,1.5,4,majority,1,0.3720007
median_of_means,1.5,4,majority,2,0.3986493
median_of_means,1.5,4,majority,3,0.3938392
median_of_means,1.5,4,majority,4,0.38575047
median_of_means,1.5,4,majority,5,0.25631008
median_of_means,1.5,4,minority,0,0.0
median_of_means,1.5,4,minority,1,0.052446485
median_of_means,1.5,5,majority,0,0.29107955
median_of_means,1.5,5,majority,1,0.29503816
median_of_means,1.5,5,majority,2,0.3104052
median_of_means,1.5,5,majority,3,0.27369896
median_of_means,1.5,5,majority,4,0.23270932
median_of_means,1.5,5,majority,5,0.36111164
median_of_means,1.5,5,minority,0,0.0
median_of_means,1.5,5,minority,1,0.0
median_of_means,1.5,6,majority,0,0.51003426
median_of_means,1.5,6,majority,1,0.44482362
median_of_means,1.5,6,majority,2,0.43158725
median_of_means,1.5,6,majority,3,0.5159006
median_of_means,1.5,6,majority,4,0.43169075
median_of_means,1.5,6,majority,5,0.5585026
median_of_means,1.5,6,minority,0,0.108211465
median_of_means,1.5,6,minority,1,0.027687857
median_of_means,1.5,7,majority,0,0.43186313
median_of_means,1.5,7,majority,1,0.46759194
median_of_means,1.5,7,majority,2,0.42832196
median_of_means,1.5,7,majority,3,0.3687208
median_of_means,1.5,7,majority,4,0.43984038
median_of_means,1.5,7,majority,5,0.3396294
median_of_means,1.5,7,minority,0,0.042640567
median_of_means,1.5,7,minority,1,0.12183377
median_of_means,1.5,8,majority,0,0.3883853
median_of_means,1.5,8,majority,1,0.3771537
median_of_means,1.5,8,majority,2,0.37683186
median_of_means,1.5,8,majority,3,0.37683186
median_of_means,1.5,8,majority,4,0.39620158
median_of_means,1.5,8,majority,5,0.37190488
median_of_means,1.5,8,minority,0,0.05813301
median_of_means,1.5,8,minority,1,0.0
median_of_means,1.5,9,majority,0,0.4279604
median_of_means,1.5,9,majority,1,0.41605428
median_of_means,1.5,9,majority,2,0.3032448
median_of_means,1.5,9,majority,3,0.43193275
median_of_means,1.5,9,majority,4,0.30397698
median_of_means,1.5,9,majority,5,0.34128347
median_of_means,1.5,9,minority,0,0.16960171
median_of_means,1.5,9,minority,1,0.1569778
median_of_means,1.5,10,majority,0,0.4645944
median_of_means,1.5,10,majority,1,0.4645944
median_of_means,1.5,10,majority,2,0.4721596
median_of_means,1.5,10,majority,3,0.4255609
median_of_means,1.5,10,majority,4,0.4141088
median_of_means,1.5,10,majority,5,0.18946871
median_of_means,1.5,10,minority,0,0.06628234
median_of_means,1.5,10,minority,1,0.06607825
median_of_means,1.5,11,majority,0,0.3672038
median_of_means,1.5,11,majority,1,0.371911
median_of_means,1.5,11,majority,2,0.3624502
median_of_means,1.5,11,majority,3,0.39955547
median_of_means,1.5,11,majority,4,0.49131352
median_of_means,1.5,11,majority,5,0.36107495
median_of_means,1.5,11,minority,0,0.045976877
median_of_means,1.5,11,minority,1,0.0
median_of_means,1.5,12,majority,0,0.33079696
median_of_means,1.5,12,majority,1,0.14446849
median_of_means,1.5,12,majority,2,0.25560948
median_of_means,1.5,12,majority,3,0.2835423
median_of_means,1.5,12,majority,4,0.26802185
median_of_means,1.5,12,majority,5,0.12352571
median_of_means,1.5,12,minority,0,0.08434663
median_of_means,1.5,12,minority,1,0.08434675
median_of_means,1.5,13,majority,0,0.3875032
median_of_means,1.5,13,majority,1,0.3579297
median_of_means,1.5,13,majority,2,0.23650616
median_of_means,1.5,13,majority,3,0.36635536
median_of_means,1.5,13,majority,4,0.29124117
median_of_means,1.5,13,majority,5,0.37012914
median_of_means,1.5,13,minority,0,0.037108123
median_of_means,1.5,13,minority,1,0.07820213
median_of_means,1.5,14,majority,0,0.4306997
median_of_means,1.5,14,majority,1,0.43480387
median_of_means,1.5,14,majority,2,0.43065423
median_of_means,1.5,14,majority,3,0.44537708
median_of_means,1.5,14,majority,4,0.26637802
median_of_means,1.5,14,majority,5,0.42954832
median_of_means,1.5,14,minority,0,0.0
median_of_means,1.5,14,minority,1,0.0
median_of_means,1.5,15,majority,0,0.17291598
median_of_means,1.5,15,majority,1,0.12547068
median_of_means,1.5,15,majority,2,0.19289765
median_of_means,1.5,15,majority,3,0.1820367
median_of_means,1.5,15,majority,4,0.19710441
median_of_means,1.5,15,majority,5,0.368367
median_of_means,1.5,15,minority,0,0.08822888
median_of_means,1.5,15,minority,1,0.023404406
median_of_means,1.5,16,majority,0,0.29748783
median_of_means,1.5,16,majority,1,0.45779532
median_of_means,1.5,16,majority,2,0.50085235
median_of_means,1.5,16,majority,3,0.50432694
median_of_means,1.5,16,majority,4,0.51337713
median_of_means,1.5,16,majority,5,0.3615314
median_of_means,1.5,16,minority,0,0.118675806
median_of_means,1.5,16,minority,1,0.05875671
median_of_means,1.5,17,majority,0,0.2609707
median_of_means,1.5,17,majority,1,0.24541649
median_of_means,1.5,17,majority,2,0.40429872
median_of_means,1.5,17,majority,3,0.40763223
median_of_means,1.5,17,majority,4,0.38439816
median_of_means,1.5,17,majority,5,0.25966707
median_of_means,1.5,17,minority,0,0.053900406
median_of_means,1.5,17,minority,1,0.052353382
median_of_means,1.5,18,majority,0,0.28581366
median_of_means,1.5,18,majority,1,0.36491752
median_of_means,1.5,18,majority,2,0.38033167
median_of_means,1.5,18,majority,3,0.34819216
median_of_means,1.5,18,majority,4,0.34927237
median_of_means,1.5,18,majority,5,0.3271491
median_of_means,1.5,18,minority,0,0.023130417
median_of_means,1.5,18,minority,1,0.023130536
median_of_means,1.5,19,majority,0,0.38302022
median_of_means,1.5,19,majority,1,0.34478435
median_of_means,1.5,19,majority,2,0.2944495
median_of_means,1.5,19,majority,3,0.35967088
median_of_means,1.5,19,majority,4,0.35457647
median_of_means,1.5,19,majority,5,0.45797274
median_of_means,1.5,19,minority,0,0.0
median_of_means,1.5,19,minority,1,0.0
median_of_means,1.5,20,majority,0,0.44742107
median_of_means,1.5,20,majority,1,0.4480536
median_of_means,1.5,20,majority,2,0.51907724
median_of_means,1.5,20,majority,3,0.51517045
median_of_means,1.5,20,majority,4,0.51350784
median_of_means,1.5,20,majority,5,0.5023862
median_of_means,1.5,20,minority,0,0.008178949
median_of_means,1.5,20,minority,1,0.0008491874
median_of_means,2.0,1,majority,0,0.46769896
median_of_means,2.0,1,majority,1,0.5465895
median_of_means,2.0,1,majority,2,0.514909
median_of_means,2.0,1,majority,3,0.51290864
median_of_means,2.0,1,majority,4,0.514909
median_of_means,2.0,1,majority,5,0.6423395
median_of_means,2.0,1,minority,0,0.023420215
median_of_means,2.0,1,minority,1,0.06597636
median_of_means,2.0,2,majority,0,0.5839065
median_of_means,2.0,2,majority,1,0.5292466
median_of_means,2.0,2,majority,2,0.46773005
median_of_means,2.0,2,majority,3,0.60595906
median_of_means,2.0,2,majority,4,0.52948177
median_of_means,2.0,2,majority,5,0.4669136
median_of_means,2.0,2,minority,0,0.056982458
median_of_means,2.0,2,minority,1,0.25248635
median_of_means,2.0,3,majority,0,0.5843873
median_of_means,2.0,3,majority,1,0.58636665
median_of_means,2.0,3,majority,2,0.59229815
median_of_means,2.0,3,majority,3,0.48638004
median_of_means,2.0,3,majority,4,0.4631128
median_of_means,2.0,3,majority,5,0.5493503
median_of_means,2.0,3,minority,0,0.029487908
median_of_means,2.0,3,minority,1,0.052244723
median_of_means,2.0,4,majority,0,0.5025925
median_of_means,2.0,4,majority,1,0.49634406
median_of_means,2.0,4,majority,2,0.5184543
median_of_means,2.0,4,majority,3,0.51476496
median_of_means,2.0,4,majority,4,0.50860304
median_of_means,2.0,4,majority,5,0.3527062
median_of_means,2.0,4,minority,0,0.0
median_of_means,2.0,4,minority,1,0.052446485
median_of_means,2.0,5,majority,0,0.41242966
median_of_means,2.0,5,majority,1,0.41523302
median_of_means,2.0,5,majority,2,0.426289
median_of_means,2.0,5,majority,3,0.37922984
median_of_means,2.0,5,majority,4,0.34357265
median_of_means,2.0,5,majority,5,0.47975093
median_of_means,2.0,5,minority,0,0.0
median_of_means,2.0,5,minority,1,0.0
median_of_means,2.0,6,majority,0,0.6310913
median_of_means,2.0,6,majority,1,0.56358224
median_of_means,2.0,6,majority,2,0.55630904
median_of_means,2.0,6,majority,3,0.6386708
median_of_means,2.0,6,majority,4,0.55638933
median_of_means,2.0,6,majority,5,0.6833264
median_of_means,2.0,6,minority,0,0.108211465
median_of_means,2.0,6,minority,1,0.027687857
median_of_means,2.0,7,majority,0,0.5545855
median_of_means,2.0,7,majority,1,0.58283925
median_of_means,2.0,7,majority,2,0.55183244
median_of_means,2.0,7,majority,3,0.48945
median_of_means,2.0,7,majority,4,0.5629683
median_of_means,2.0,7,majority,5,0.46305037
median_of_means,2.0,7,minority,0,0.042640567
median_of_means,2.0,7,minority,1,0.12183377
median_of_means,2.0,8,majority,0,0.51161456
median_of_means,2.0,8,majority,1,0.50187683
median_of_means,2.0,8,majority,2,0.5017925
median_of_means,2.0,8,majority,3,0.5017925
median_of_means,2.0,8,majority,4,0.52116555
median_of_means,2.0,8,majority,5,0.4926223
median_of_means,2.0,8,minority,0,0.05813301
median_of_means,2.0,8,minority,1,0.0
median_of_means,2.0,9,majority,0,0.53961354
median_of_means,2.0,9,majority,1,0.5260857
median_of_means,2.0,9,majority,2,0.41362926
median_of_means,2.0,9,majority,3,0.55011874
median_of_means,2.0,9,majority,4,0.41416636
median_of_means,2.0,9,majority,5,0.4489533
median_of_means,2.0,9,minority,0,0.16960171
median_of_means,2.0,9,minority,1,0.1569778
median_of_means,2.0,10,majority,0,0.58904105
median_of_means,2.0,10,majority,1,0.58904105
median_of_means,2.0,10,majority,2,0.5950261
median_of_means,2.0,10,majority,3,0.5479854
median_of_means,2.0,10,majority,4,0.53636456
median_of_means,2.0,10,majority,5,0.3142486
median_of_means,2.0,10,minority,0,0.06628234
median_of_means,2.0,10,minority,1,0.06607825
median_of_means,2.0,11,majority,0,0.48980454
median_of_means,2.0,11,majority,1,0.49466324
median_of_means,2.0,11,majority,2,0.48508412
median_of_means,2.0,11,majority,3,0.52407855
median_of_means,2.0,11,majority,4,0.6158229
median_of_means,2.0,11,majority,5,0.4860692
median_of_means,2.0,11,minority,0,0.045976877
median_of_means,2.0,11,minority,1,0.0
median_of_means,2.0,12,majority,0,0.45375934
median_of_means,2.0,12,majority,1,0.2629136
median_of_means,2.0,12,majority,2,0.38021338
median_of_means,2.0,12,majority,3,0.3995275
median_of_means,2.0,12,majority,4,0.38866657
median_of_means,2.0,12,majority,5,0.2311817
median_of_means,2.0,12,minority,0,0.08434663
median_of_means,2.0,12,minority,1,0.08434675
median_of_means,2.0,13,majority,0,0.50548387
median_of_means,2.0,13,majority,1,0.48217893
median_of_means,2.0,13,majority,2,0.3609883
median_of_means,2.0,13,majority,3,0.49092224
median_of_means,2.0,13,majority,4,0.41358265
median_of_means,2.0,13,majority,5,0.4933834
median_of_means,2.0,13,minority,0,0.037108123
median_of_means,2.0,13,minority,1,0.07820213
median_of_means,2.0,14,majority,0,0.5541618
median_of_means,2.0,14,majority,1,0.55735755
median_of_means,2.0,14,majority,2,0.55412644
median_of_means,2.0,14,majority,3,0.5660576
median_of_means,2.0,14,majority,4,0.3872785
median_of_means,2.0,14,majority,5,0.55186594
median_of_means,2.0,14,minority,0,0.0
median_of_means,2.0,14,minority,1,0.0
median_of_means,2.0,15,majority,0,0.27073607
median_of_means,2.0,15,majority,1,0.24318917
median_of_means,2.0,15,majority,2,0.3119461
median_of_means,2.0,15,majority,3,0.30534932
median_of_means,2.0,15,majority,4,0.31456476
median_of_means,2.0,15,majority,5,0.4899357
median_of_means,2.0,15,minority,0,0.08822888
median_of_means,2.0,15,minority,1,0.023404406
median_of_means,2.0,16,majority,0,0.4223704
median_of_means,2.0,16,majority,1,0.58041734
median_of_means,2.0,16,majority,2,0.6256396
median_of_means,2.0,16,majority,3,0.6284246
median_of_means,2.0,16,majority,4,0.63571054
median_of_means,2.0,16,majority,5,0.48147684
median_of_means,2.0,16,minority,0,0.118675806
median_of_means,2.0,16,minority,1,0.05875671
median_of_means,2.0,17,majority,0,0.37330282
median_of_means,2.0,17,majority,1,0.35502905
median_of_means,2.0,17,majority,2,0.5236722
median_of_means,2.0,17,majority,3,0.52625006
median_of_means,2.0,17,majority,4,0.5084654
median_of_means,2.0,17,majority,5,0.38413584
median_of_means,2.0,17,minority,0,0.053900406
median_of_means,2.0,17,minority,1,0.052353382
median_of_means,2.0,18,majority,0,0.39630097
median_of_means,2.0,18,majority,1,0.48007518
median_of_means,2.0,18,majority,2,0.49689338
median_of_means,2.0,18,majority,3,0.47274587
median_of_means,2.0,18,majority,4,0.47354203
median_of_means,2.0,18,majority,5,0.45057532
median_of_means,2.0,18,minority,0,0.023130417
median_of_means,2.0,18,minority,1,0.023130536
median_of_means,2.0,19,majority,0,0.5043489
median_of_means,2.0,19,majority,1,0.46805516
median_of_means,2.0,19,majority,2,0.4174906
median_of_means,2.0,19,majority,3,0.4809942
median_of_means,2.0,19,majority,4,0.4782536
median_of_means,2.0,19,majority,5,0.5747261
median_of_means,2.0,19,minority,0,0.0
median_of_means,2.0,19,minority,1,0.0
median_of_means,2.0,20,majority,0,0.5708002
median_of_means,2.0,20,majority,1,0.57129616
median_of_means,2.0,20,majority,2,0.6428387
median_of_means,2.0,20,majority,3,0.63968825
median_of_means,2.0,20,majority,4,0.63835
median_of_means,2.0,20,majority,5,0.62735415
median_of_means,2.0,20,minority,0,0.008178949
median_of_means,2.0,20,minority,1,0.0008491874
median_of_means,3.0,1,majority,0,0.71459484
median_of_means,3.0,1,majority,1,0.79578495
median_of_means,3.0,1,majority,2,0.76314914
median_of_means,3.0,1,majority,3,0.7618009
median_of_means,3.0,1,majority,4,0.76314914
median_of_means,3.0,1,majority,5,0.8913872
median_of_means,3.0,1,minority,0,0.023420215
median_of_means,3.0,1,minority,1,0.06597636
median_of_means,3.0,2,majority,0,0.83210564
median_of_means,3.0,2,majority,1,0.77161384
median_of_means,3.0,2,majority,2,0.70648694
median_of_means,3.0,2,majority,3,0.8531927
median_of_means,3.0,2,majority,4,0.7757482
median_of_means,3.0,2,majority,5,0.715096
median_of_means,3.0,2,minority,0,0.056982458
median_of_means,3.0,2,minority,1,0.25248635
median_of_means,3.0,3,majority,0,0.83436394
median_of_means,3.0,3,majority,1,0.8357515
median_of_means,3.0,3,majority,2,0.8399236
median_of_means,3.0,3,majority,3,0.7323805
median_of_means,3.0,3,majority,4,0.7105368
median_of_means,3.0,3,majority,5,0.79884124
median_of_means,3.0,3,minority,0,0.029487908
median_of_means,3.0,3,minority,1,0.052244723
median_of_means,3.0,4,majority,0,0.7498633
median_of_means,3.0,4,majority,1,0.74568975
median_of_means,3.0,4,majority,2,0.76308084
median_of_means,3.0,4,majority,3,0.760579
median_of_means,3.0,4,majority,4,0.75642216
median_of_means,3.0,4,majority,5,0.57928
median_of_means,3.0,4,minority,0,0.0
median_of_means,3.0,4,minority,1,0.052446485
median_of_means,3.0,5,majority,0,0.65923446
median_of_means,3.0,5,majority,1,0.6609919
median_of_means,3.0,5,majority,2,0.66799265
median_of_means,3.0,5,majority,3,0.61267745
median_of_means,3.0,5,majority,4,0.5827257
median_of_means,3.0,5,majority,5,0.7234844
median_of_means,3.0,5,minority,0,0.0
median_of_means,3.0,5,minority,1,0.0
median_of_means,3.0,6,majority,0,0.8765321
median_of_means,3.0,6,majority,1,0.80677646
median_of_means,3.0,6,majority,2,0.80601114
median_of_means,3.0,6,majority,3,0.8860835
median_of_means,3.0,6,majority,4,0.8060666
median_of_means,3.0,6,majority,5,0.93311554
median_of_means,3.0,6,minority,0,0.108211465
median_of_means,3.0,6,minority,1,0.027687857
median_of_means,3.0,7,majority,0,0.8021433
median_of_means,3.0,7,majority,1,0.8219308
median_of_means,3.0,7,majority,2,0.8002423
median_of_means,3.0,7,majority,3,0.7352033
median_of_means,3.0,7,majority,4,0.8109445
median_of_means,3.0,7,majority,5,0.7115479
median_of_means,3.0,7,minority,0,0.042640567
median_of_means,3.0,7,minority,1,0.12183377
median_of_means,3.0,8,majority,0,0.7598105
median_of_means,3.0,8,majority,1,0.75159925
median_of_means,3.0,8,majority,2,0.7517531
median_of_means,3.0,8,majority,3,0.7517531
median_of_means,3.0,8,majority,4,0.77112854
median_of_means,3.0,8,majority,5,0.7383452
median_of_means,3.0,8,minority,0,0.05813301
median_of_means,3.0,8,minority,1,0.0
median_of_means,3.0,9,majority,0,0.77524066
median_of_means,3.0,9,majority,1,0.7601619
median_of_means,3.0,9,majority,2,0.65046346
median_of_means,3.0,9,majority,3,0.7927861
median_of_means,3.0,9,majority,4,0.6508051
median_of_means,3.0,9,majority,5,0.6822597
median_of_means,3.0,9,minority,0,0.16960171
median_of_means,3.0,9,minority,1,0.1569778
median_of_means,3.0,10,majority,0,0.83842826
median_of_means,3.0,10,majority,1,0.83842826
median_of_means,3.0,10,majority,2,0.8426439
median_of_means,3.0,10,majority,3,0.7952421
median_of_means,3.0,10,majority,4,0.78347856
median_of_means,3.0,10,majority,5,0.5641008
median_of_means,3.0,10,minority,0,0.06628234
median_of_means,3.0,10,minority,1,0.06607825
median_of_means,3.0,11,majority,0,0.7374267
median_of_means,3.0,11,majority,1,0.74242145
median_of_means,3.0,11,majority,2,0.7327546
median_of_means,3.0,11,majority,3,0.77358633
median_of_means,3.0,11,majority,4,0.8652664
median_of_means,3.0,11,majority,5,0.7360636
median_of_means,3.0,11,minority,0,0.045976877
median_of_means,3.0,11,minority,1,0.0
median_of_means,3.0,12,majority,0,0.70184714
median_of_means,3.0,12,majority,1,0.5092921
median_of_means,3.0,12,majority,2,0.62989223
median_of_means,3.0,12,majority,3,0.6417353
median_of_means,3.0,12,majority,4,0.63503045
median_of_means,3.0,12,majority,5,0.4728296
median_of_means,3.0,12,minority,0,0.08434663
median_of_means,3.0,12,minority,1,0.08434675
median_of_means,3.0,13,majority,0,0.74831444
median_of_means,3.0,13,majority,1,0.73144525
median_of_means,3.0,13,majority,2,0.6105877
median_of_means,3.0,13,majority,3,0.7404941
median_of_means,3.0,13,majority,4,0.66125566
median_of_means,3.0,13,majority,5,0.7416471
median_of_means,3.0,13,minority,0,0.037108123
median_of_means,3.0,13,minority,1,0.07820213
median_of_means,3.0,14,majority,0,0.8025158
median_of_means,3.0,14,majority,1,0.8047259
median_of_means,3.0,14,majority,2,0.80249137
median_of_means,3.0,14,majority,3,0.8113522
median_of_means,3.0,14,majority,4,0.6338688
median_of_means,3.0,14,majority,5,0.798996
median_of_means,3.0,14,minority,0,0.0
median_of_means,3.0,14,minority,1,0.0
median_of_means,3.0,15,majority,0,0.5038295
median_of_means,3.0,15,majority,1,0.48957855
median_of_means,3.0,15,majority,2,0.55790865
median_of_means,3.0,15,majority,3,0.55424714
median_of_means,3.0,15,majority,4,0.5593771
median_of_means,3.0,15,majority,5,0.7365273
median_of_means,3.0,15,minority,0,0.08822888
median_of_means,3.0,15,minority,1,0.023404406
median_of_means,3.0,16,majority,0,0.6722665
median_of_means,3.0,16,majority,1,0.82779825
median_of_means,3.0,16,majority,2,0.8753963
median_of_means,3.0,16,majority,3,0.8773889
median_of_means,3.0,16,majority,4,0.88262206
median_of_means,3.0,16,majority,5,0.7264984
median_of_means,3.0,16,minority,0,0.118675806
median_of_means,3.0,16,minority,1,0.05875671
median_of_means,3.0,17,majority,0,0.61286503
median_of_means,3.0,17,majority,1,0.59281397
median_of_means,3.0,17,majority,2,0.7678104
median_of_means,3.0,17,majority,3,0.7695709
median_of_means,3.0,17,majority,4,0.7575205
median_of_means,3.0,17,majority,5,0.63370115
median_of_means,3.0,17,minority,0,0.053900406
median_of_means,3.0,17,minority,1,0.052353382
median_of_means,3.0,18,majority,0,0.6336676
median_of_means,3.0,18,majority,1,0.7203034
median_of_means,3.0,18,majority,2,0.738346
median_of_means,3.0,18,majority,3,0.72231597
median_of_means,3.0,18,majority,4,0.7228373
median_of_means,3.0,18,majority,5,0.6991076
median_of_means,3.0,18,minority,0,0.023130417
median_of_means,3.0,18,minority,1,0.023130536
median_of_means,3.0,19,majority,0,0.7506294
median_of_means,3.0,19,majority,1,0.7163968
median_of_means,3.0,19,majority,2,0.6657661
median_of_means,3.0,19,majority,3,0.7273858
median_of_means,3.0,19,majority,4,0.7269668
median_of_means,3.0,19,majority,5,0.8155993
median_of_means,3.0,19,minority,0,0.0
median_of_means,3.0,19,minority,1,0.0
median_of_means,3.0,20,majority,0,0.8190343
median_of_means,3.0,20,majority,1,0.81938
median_of_means,3.0,20,majority,2,0.89139915
median_of_means,3.0,20,majority,3,0.8891299
median_of_means,3.0,20,majority,4,0.88816756
median_of_means,3.0,20,majority,5,0.8773173
median_of_means,3.0,20,minority,0,0.008178949
median_of_means,3.0,20,minority,1,0.0008491874
divide_and_conquer,0.0,1,majority,0,0.08592696
divide_and_conquer,0.0,1,majority,1,0.1135077
divide_and_conquer,0.0,1,majority,2,0.03032707
divide_and_conquer,0.0,1,majority,3,0.04748056
divide_and_conquer,0.0,1,majority,4,0.089455865
divide_and_conquer,0.0,1,majority,5,0.08121549
divide_and_conquer,0.0,1,minority,0,0.06594179
divide_and_conquer,0.0,1,minority,1,0.1135077
divide_and_conquer,0.0,2,majority,0,0.10295057
divide_and_conquer,0.0,2,majority,1,0.03433689
divide_and_conquer,0.0,2,majority,2,0.09831952
divide_and_conquer,0.0,2,majority,3,0.058016915
divide_and_conquer,0.0,2,majority,4,0.035345014
divide_and_conquer,0.0,2,majority,5,0.07539722
divide_and_conquer,0.0,2,minority,0,0.2727458
divide_and_conquer,0.0,2,minority,1,0.10295057
divide_and_conquer,0.0,3,majority,0,0.14927213
divide_and_conquer,0.0,3,majority,1,0.14426473
divide_and_conquer,0.0,3,majority,2,0.05508017
divide_and_conquer,0.0,3,majority,3,0.03964783
divide_and_conquer,0.0,3,majority,4,0.0918661
divide_and_conquer,0.0,3,majority,5,0.054073118
divide_and_conquer,0.0,3,minority,0,0.04449529
divide_and_conquer,0.0,3,minority,1,0.0918661
divide_and_conquer,0.0,4,majority,0,0.0459417
divide_and_conquer,0.0,4,majority,1,0.06312075
divide_and_conquer,0.0,4,majority,2,0.07119308
divide_and_conquer,0.0,4,majority,3,0.099764384
divide_and_conquer,0.0,4,majority,4,0.028977074
divide_and_conquer,0.0,4,majority,5,0.099764384
divide_and_conquer,0.0,4,minority,0,0.04276943
divide_and_conquer,0.0,4,minority,1,0.042026497
divide_and_conquer,0.0,5,majority,0,0.055664673
divide_and_conquer,0.0,5,majority,1,0.099221386
divide_and_conquer,0.0,5,majority,2,0.046728216
divide_and_conquer,0.0,5,majority,3,0.21637088
divide_and_conquer,0.0,5,majority,4,0.15521526
divide_and_conquer,0.0,5,majority,5,0.060857218
divide_and_conquer,0.0,5,minority,0,0.099221386
divide_and_conquer,0.0,5,minority,1,0.10417826
divide_and_conquer,0.0,6,majority,0,0.21104223
divide_and_conquer,0.0,6,majority,1,0.08495672
divide_and_conquer,0.0,6,majority,2,0.22725831
divide_and_conquer,0.0,6,majority,3,0.12024065
divide_and_conquer,0.0,6,majority,4,0.060608134
divide_and_conquer,0.0,6,majority,5,0.030394461
divide_and_conquer,0.0,6,minority,0,0.12024065
divide_and_conquer,0.0,6,minority,1,0.037200995
divide_and_conquer,0.0,7,majority,0,0.06142103
divide_and_conquer,0.0,7,majority,1,0.04168141
divide_and_conquer,0.0,7,majority,2,0.06543916
divide_and_conquer,0.0,7,majority,3,0.07903856
divide_and_conquer,0.0,7,majority,4,0.030295448
divide_and_conquer,0.0,7,majority,5,0.06607134
divide_and_conquer,0.0,7,minority,0,0.044623133
divide_and_conquer,0.0,7,minority,1,0.07903856
divide_and_conquer,0.0,8,majority,0,0.04692436
divide_and_conquer,0.0,8,majority,1,0.054367844
divide_and_conquer,0.0,8,majority,2,0.0971
divide_and_conquer,0.0,8,majority,3,0.115718514
divide_and_conquer,0.0,8,majority,4,0.115718514
divide_and_conquer,0.0,8,majority,5,0.11519555
divide_and_conquer,0.0,8,minority,0,0.073448166
divide_and_conquer,0.0,8,minority,1,0.067904
divide_and_conquer,0.0,9,majority,0,0.06405028
divide_and_conquer,0.0,9,majority,1,0.025422357
divide_and_conquer,0.0,9,majority,2,0.100207165
divide_and_conquer,0.0,9,majority,3,0.08720509
divide_and_conquer,0.0,9,majority,4,0.04939552
divide_and_conquer,0.0,9,majority,5,0.100207165
divide_and_conquer,0.0,9,minority,0,0.08824188
divide_and_conquer,0.0,9,minority,1,0.07554337
divide_and_conquer,0.0,10,majority,0,0.058786996
divide_and_conquer,0.0,10,majority,1,0.28114277
divide_and_conquer,0.0,10,majority,2,0.1068514
divide_and_conquer,0.0,10,majority,3,0.07893523
divide_and_conquer,0.0,10,majority,4,0.06870384
divide_and_conquer,0.0,10,majority,5,0.1068514
divide_and_conquer,0.0,10,minority,0,0.030923583
divide_and_conquer,0.0,10,minority,1,0.080766864
divide_and_conquer,0.0,11,majority,0,0.06846733
divide_and_conquer,0.0,11,majority,1,0.072065234
divide_and_conquer,0.0,11,majority,2,0.08845555
divide_and_conquer,0.0,11,majority,3,0.08845555
divide_and_conquer,0.0,11,majority,4,0.058864098
divide_and_conquer,0.0,11,majority,5,0.066915676
divide_and_conquer,0.0,11,minority,0,0.088550836
divide_and_conquer,0.0,11,minority,1,0.081419066
divide_and_conquer,0.0,12,majority,0,0.092750914
divide_and_conquer,0.0,12,majority,1,0.092750914
divide_and_conquer,0.0,12,majority,2,0.08102819
divide_and_conquer,0.0,12,majority,3,0.07378656
divide_and_conquer,0.0,12,majority,4,0.08527058
divide_and_conquer,0.0,12,majority,5,0.080305524
divide_and_conquer,0.0,12,minority,0,0.056267686
divide_and_conquer,0.0,12,minority,1,0.045449715
divide_and_conquer,0.0,13,majority,0,0.06767685
divide_and_conquer,0.0,13,majority,1,0.011273628
divide_and_conquer,0.0,13,majority,2,0.2794948
divide_and_conquer,0.0,13,majority,3,0.060762033
divide_and_conquer,0.0,13,majority,4,0.102635674
divide_and_conquer,0.0,13,majority,5,0.078912005
divide_and_conquer,0.0,13,minority,0,0.1006189
divide_and_conquer,0.0,13,minority,1,0.102635674
divide_and_conquer,0.0,14,majority,0,0.023261687
divide_and_conquer,0.0,14,majority,1,0.10422519
divide_and_conquer,0.0,14,majority,2,0.21957548
divide_and_conquer,0.0,14,majority,3,0.24635388
divide_and_conquer,0.0,14,majority,4,0.11930155
divide_and_conquer,0.0,14,majority,5,0.22116765
divide_and_conquer,0.0,14,minority,0,0.10422519
divide_and_conquer,0.0,14,minority,1,0.12017251
divide_and_conquer,0.0,15,majority,0,0.25668845
divide_and_conquer,0.0,15,majority,1,0.072761565
divide_and_conquer,0.0,15,majority,2,0.34577748
divide_and_conquer,0.0,15,majority,3,0.12047877
divide_and_conquer,0.0,15,majority,4,0.12047877
divide_and_conquer,0.0,15,majority,5,0.052417617
divide_and_conquer,0.0,15,minority,0,0.042104434
divide_and_conquer,0.0,15,minority,1,0.11409914
divide_and_conquer,0.0,16,majority,0,0.2882795
divide_and_conquer,0.0,16,majority,1,0.2882795
divide_and_conquer,0.0,16,majority,2,0.07090796
divide_and_conquer,0.0,16,majority,3,0.06659923
divide_and_conquer,0.0,16,majority,4,0.12806551
divide_and_conquer,0.0,16,majority,5,0.04213505
divide_and_conquer,0.0,16,minority,0,0.12806551
divide_and_conquer,0.0,16,minority,1,0.047415927
divide_and_conquer,0.0,17,majority,0,0.0703866
divide_and_conquer,0.0,17,majority,1,0.12109012
divide_and_conquer,0.0,17,majority,2,0.22930208
divide_and_conquer,0.0,17,majority,3,0.23696679
divide_and_conquer,0.0,17,majority,4,0.069383055
divide_and_conquer,0.0,17,majority,5,0.12109012
divide_and_conquer,0.0,17,minority,0,0.07318166
divide_and_conquer,0.0,17,minority,1,0.047303297
divide_and_conquer,0.0,18,majority,0,0.08379178
divide_and_conquer,0.0,18,majority,1,0.06989687
divide_and_conquer,0.0,18,majority,2,0.08379178
divide_and_conquer,0.0,18,majority,3,0.04284788
divide_and_conquer,0.0,18,majority,4,0.018336771
divide_and_conquer,0.0,18,majority,5,0.035767287
divide_and_conquer,0.0,18,minority,0,0.024550196
divide_and_conquer,0.0,18,minority,1,0.060142443
divide_and_conquer,0.0,19,majority,0,0.10415502
divide_and_conquer,0.0,19,majority,1,0.061335783
divide_and_conquer,0.0,19,majority,2,0.030992594
divide_and_conquer,0.0,19,majority,3,0.10415502
divide_and_conquer,0.0,19,majority,4,0.022458224
divide_and_conquer,0.0,19,majority,5,0.097064756
divide_and_conquer,0.0,19,minority,0,0.056650043
divide_and_conquer,0.0,19,minority,1,0.0766115
divide_and_conquer,0.0,20,majority,0,0.09578848
divide_and_conquer,0.0,20,majority,1,0.19581334
divide_and_conquer,0.0,20,majority,2,0.084086664
divide_and_conquer,0.0,20,majority,3,0.03641703
divide_and_conquer,0.0,20,majority,4,0.20752779
divide_and_conquer,0.0,20,majority,5,0.04349603
divide_and_conquer,0.0,20,minority,0,0.09578848
divide_and_conquer,0.0,20,minority,1,0.16358863
divide_and_conquer,0.5,1,majority,0,0.20681502
divide_and_conquer,0.5,1,majority,1,0.12645711
divide_and_conquer,0.5,1,majority,2,0.22595005
divide_and_conquer,0.5,1,majority,3,0.064775206
divide_and_conquer,0.5,1,majority,4,0.09381046
divide_and_conquer,0.5,1,majority,5,0.27305782
divide_and_conquer,0.5,1,minority,0,0.12819739
divide_and_conquer,0.5,1,minority,1,0.12819739
divide_and_conquer,0.5,2,majority,0,0.11005184
divide_and_conquer,0.5,2,majority,1,0.039286673
divide_and_conquer,0.5,2,majority,2,0.09182466
divide_and_conquer,0.5,2,majority,3,0.068435095
divide_and_conquer,0.5,2,majority,4,0.036311183
divide_and_conquer,0.5,2,majority,5,0.069731854
divide_and_conquer,0.5,2,minority,0,0.096355446
divide_and_conquer,0.5,2,minority,1,0.11005184
divide_and_conquer,0.5,3,majority,0,0.07267641
divide_and_conquer,0.5,3,majority,1,0.05039139
divide_and_conquer,0.5,3,majority,2,0.050901536
divide_and_conquer,0.5,3,majority,3,0.028317012
divide_and_conquer,0.5,3,majority,4,0.090977676
divide_and_conquer,0.5,3,majority,5,0.044304382
divide_and_conquer,0.5,3,minority,0,0.10834508
divide_and_conquer,0.5,3,minority,1,0.10834508
divide_and_conquer,0.5,4,majority,0,0.05240722
divide_and_conquer,0.5,4,majority,1,0.06324413
divide_and_conquer,0.5,4,majority,2,0.08813166
divide_and_conquer,0.5,4,majority,3,0.10509392
divide_and_conquer,0.5,4,majority,4,0.025311975
divide_and_conquer,0.5,4,majority,5,0.10509392
divide_and_conquer,0.5,4,minority,0,0.086286105
divide_and_conquer,0.5,4,minority,1,0.08220612
divide_and_conquer,0.5,5,majority,0,0.050520863
divide_and_conquer,0.5,5,majority,1,0.09741062
divide_and_conquer,0.5,5,majority,2,0.04968281
divide_and_conquer,0.5,5,majority,3,0.057747185
divide_and_conquer,0.5,5,majority,4,0.08020076
divide_and_conquer,0.5,5,majority,5,0.064841665
divide_and_conquer,0.5,5,minority,0,0.07663506
divide_and_conquer,0.5,5,minority,1,0.09741062
divide_and_conquer,0.5,6,majority,0,0.10925836
divide_and_conquer,0.5,6,majority,1,0.07910187
divide_and_conquer,0.5,6,majority,2,0.08512499
divide_and_conquer,0.5,6,majority,3,0.12656808
divide_and_conquer,0.5,6,majority,4,0.04983849
divide_and_conquer,0.5,6,majority,5,0.041872013
divide_and_conquer,0.5,6,minority,0,0.10248661
divide_and_conquer,0.5,6,minority,1,0.10248661
divide_and_conquer,0.5,7,majority,0,0.07778594
divide_and_conquer,0.5,7,majority,1,0.035409845
divide_and_conquer,0.5,7,majority,2,0.07449433
divide_and_conquer,0.5,7,majority,3,0.092305474
divide_and_conquer,0.5,7,majority,4,0.049915224
divide_and_conquer,0.5,7,majority,5,0.05329104
divide_and_conquer,0.5,7,minority,0,0.08656235
divide_and_conquer,0.5,7,minority,1,0.092305474
divide_and_conquer,0.5,8,majority,0,0.05999664
divide_and_conquer,0.5,8,majority,1,0.06474711
divide_and_conquer,0.5,8,majority,2,0.103367314
divide_and_conquer,0.5,8,majority,3,0.1189675
divide_and_conquer,0.5,8,majority,4,0.12740578
divide_and_conquer,0.5,8,majority,5,0.12740578
divide_and_conquer,0.5,8,minority,0,0.3821602
divide_and_conquer,0.5,8,minority,1,0.3821602
divide_and_conquer,0.5,9,majority,0,0.23639418
divide_and_conquer,0.5,9,majority,1,0.022594614
divide_and_conquer,0.5,9,majority,2,0.21774687
divide_and_conquer,0.5,9,majority,3,0.10951866
divide_and_conquer,0.5,9,majority,4,0.016183227
divide_and_conquer,0.5,9,majority,5,0.10951866
divide_and_conquer,0.5,9,minority,0,0.09086547
divide_and_conquer,0.5,9,minority,1,0.10693159
divide_and_conquer,0.5,10,majority,0,0.054486413
divide_and_conquer,0.5,10,majority,1,0.30911624
divide_and_conquer,0.5,10,majority,2,0.30911624
divide_and_conquer,0.5,10,majority,3,0.08067308
divide_and_conquer,0.5,10,majority,4,0.07435931
divide_and_conquer,0.5,10,majority,5,0.12900792
divide_and_conquer,0.5,10,minority,0,0.08512464
divide_and_conquer,0.5,10,minority,1,0.12900792
divide_and_conquer,0.5,11,majority,0,0.2645003
divide_and_conquer,0.5,11,majority,1,0.26372898
divide_and_conquer,0.5,11,majority,2,0.09274331
divide_and_conquer,0.5,11,majority,3,0.11006248
divide_and_conquer,0.5,11,majority,4,0.2645003
divide_and_conquer,0.5,11,majority,5,0.052173875
divide_and_conquer,0.5,11,minority,0,0.10625625
divide_and_conquer,0.5,11,minority,1,0.10625625
divide_and_conquer,0.5,12,majority,0,0.09145577
divide_and_conquer,0.5,12,majority,1,0.09145577
divide_and_conquer,0.5,12,majority,2,0.06432069
divide_and_conquer,0.5,12,majority,3,0.07224457
divide_and_conquer,0.5,12,majority,4,0.103751734
divide_and_conquer,0.5,12,majority,5,0.068781845
divide_and_conquer,0.5,12,minority,0,0.029902108
divide_and_conquer,0.5,12,minority,1,0.039312158
divide_and_conquer,0.5,13,majority,0,0.05860664
divide_and_conquer,0.5,13,majority,1,0.017028129
divide_and_conquer,0.5,13,majority,2,0.18862596
divide_and_conquer,0.5,13,majority,3,0.064629845
divide_and_conquer,0.5,13,majority,4,0.09877072
divide_and_conquer,0.5,13,majority,5,0.2769087
divide_and_conquer,0.5,13,minority,0,0.100150175
divide_and_conquer,0.5,13,minority,1,0.100150175
divide_and_conquer,0.5,14,majority,0,0.02096414
divide_and_conquer,0.5,14,majority,1,0.1153252
divide_and_conquer,0.5,14,majority,2,0.28609774
divide_and_conquer,0.5,14,majority,3,0.30751613
divide_and_conquer,0.5,14,majority,4,0.1094719
divide_and_conquer,0.5,14,majority,5,0.28594923
divide_and_conquer,0.5,14,minority,0,0.15072551
divide_and_conquer,0.5,14,minority,1,0.15072551
divide_and_conquer,0.5,15,majority,0,0.31758744
divide_and_conquer,0.5,15,majority,1,0.056629155
divide_and_conquer,0.5,15,majority,2,0.40859595
divide_and_conquer,0.5,15,majority,3,0.40859595
divide_and_conquer,0.5,15,majority,4,0.13802062
divide_and_conquer,0.5,15,majority,5,0.30609143
divide_and_conquer,0.5,15,minority,0,0.08241671
divide_and_conquer,0.5,15,minority,1,0.1361641
divide_and_conquer,0.5,16,majority,0,0.29340816
divide_and_conquer,0.5,16,majority,1,0.10601928
divide_and_conquer,0.5,16,majority,2,0.09079617
divide_and_conquer,0.5,16,majority,3,0.08089044
divide_and_conquer,0.5,16,majority,4,0.1480998
divide_and_conquer,0.5,16,majority,5,0.058022767
divide_and_conquer,0.5,16,minority,0,0.1480998
divide_and_conquer,0.5,16,minority,1,0.32358325
divide_and_conquer,0.5,17,majority,0,0.030843299
divide_and_conquer,0.5,17,majority,1,0.11977758
divide_and_conquer,0.5,17,majority,2,0.11697352
divide_and_conquer,0.5,17,majority,3,0.11697352
divide_and_conquer,0.5,17,majority,4,0.06477692
divide_and_conquer,0.5,17,majority,5,0.08496352
divide_and_conquer,0.5,17,minority,0,0.24542485
divide_and_conquer,0.5,17,minority,1,0.027440956
divide_and_conquer,0.5,18,majority,0,0.065288916
divide_and_conquer,0.5,18,majority,1,0.07734558
divide_and_conquer,0.5,18,majority,2,0.07734558
divide_and_conquer,0.5,18,majority,3,0.05265202
divide_and_conquer,0.5,18,majority,4,0.033946313
divide_and_conquer,0.5,18,majority,5,0.036063682
divide_and_conquer,0.5,18,minority,0,0.035512
divide_and_conquer,0.5,18,minority,1,0.056911334
divide_and_conquer,0.5,19,majority,0,0.10871918
divide_and_conquer,0.5,19,majority,1,0.06800627
divide_and_conquer,0.5,19,majority,2,0.044085976
divide_and_conquer,0.5,19,majority,3,0.09384473
divide_and_conquer,0.5,19,majority,4,0.043076493
divide_and_conquer,0.5,19,majority,5,0.3243051
divide_and_conquer,0.5,19,minority,0,0.12975502
divide_and_conquer,0.5,19,minority,1,0.12975502
divide_and_conquer,0.5,20,majority,0,0.08834259
divide_and_conquer,0.5,20,majority,1,0.06456778
divide_and_conquer,0.5,20,majority,2,0.069144845
divide_and_conquer,0.5,20,majority,3,0.04084247
divide_and_conquer,0.5,20,majority,4,0.06817205
divide_and_conquer,0.5,20,majority,5,0.023686277
divide_and_conquer,0.5,20,minority,0,0.08834259
divide_and_conquer,0.5,20,minority,1,0.07122451
divide_and_conquer,1.0,1,majority,0,0.06938099
divide_and_conquer,1.0,1,majority,1,0.13016185
divide_and_conquer,1.0,1,majority,2,0.024059828
divide_and_conquer,1.0,1,majority,3,0.067904286
divide_and_conquer,1.0,1,majority,4,0.09154949
divide_and_conquer,1.0,1,majority,5,0.07715188
divide_and_conquer,1.0,1,minority,0,0.15422666
divide_and_conquer,1.0,1,minority,1,0.15422666
divide_and_conquer,1.0,2,majority,0,0.11792974
divide_and_conquer,1.0,2,majority,1,0.046811387
divide_and_conquer,1.0,2,majority,2,0.086488575
divide_and_conquer,1.0,2,majority,3,0.07927291
divide_and_conquer,1.0,2,majority,4,0.040880047
divide_and_conquer,1.0,2,majority,5,0.06575546
divide_and_conquer,1.0,2,minority,0,0.16348468
divide_and_conquer,1.0,2,minority,1,0.16348468
divide_and_conquer,1.0,3,majority,0,0.08216328
divide_and_conquer,1.0,3,majority,1,0.059349492
divide_and_conquer,1.0,3,majority,2,0.061934028
divide_and_conquer,1.0,3,majority,3,0.017486703
divide_and_conquer,1.0,3,majority,4,0.08649628
divide_and_conquer,1.0,3,majority,5,0.051254284
divide_and_conquer,1.0,3,minority,0,0.17365518
divide_and_conquer,1.0,3,minority,1,0.17365518
divide_and_conquer,1.0,4,majority,0,0.062535435
divide_and_conquer,1.0,4,majority,1,0.09196071
divide_and_conquer,1.0,4,majority,2,0.2294149
divide_and_conquer,1.0,4,majority,3,0.3105847
divide_and_conquer,1.0,4,majority,4,0.040914197
divide_and_conquer,1.0,4,majority,5,0.17535977
divide_and_conquer,1.0,4,minority,0,0.17535977
divide_and_conquer,1.0,4,minority,1,0.14868371
divide_and_conquer,1.0,5,majority,0,0.058825742
divide_and_conquer,1.0,5,majority,1,0.100143865
divide_and_conquer,1.0,5,majority,2,0.05261531
divide_and_conquer,1.0,5,majority,3,0.050884403
divide_and_conquer,1.0,5,majority,4,0.073268004
divide_and_conquer,1.0,5,majority,5,0.07360692
divide_and_conquer,1.0,5,minority,0,0.11307399
divide_and_conquer,1.0,5,minority,1,0.11307399
divide_and_conquer,1.0,6,majority,0,0.11547378
divide_and_conquer,1.0,6,majority,1,0.07469954
divide_and_conquer,1.0,6,majority,2,0.08772219
divide_and_conquer,1.0,6,majority,3,0.13365854
divide_and_conquer,1.0,6,majority,4,0.039722223
divide_and_conquer,1.0,6,majority,5,0.05353651
divide_and_conquer,1.0,6,minority,0,0.17270544
divide_and_conquer,1.0,6,minority,1,0.17270544
divide_and_conquer,1.0,7,majority,0,0.074250564
divide_and_conquer,1.0,7,majority,1,0.06767678
divide_and_conquer,1.0,7,majority,2,0.06188582
divide_and_conquer,1.0,7,majority,3,0.24185297
divide_and_conquer,1.0,7,majority,4,0.07748225
divide_and_conquer,1.0,7,majority,5,0.059898794
divide_and_conquer,1.0,7,minority,0,0.15262501
divide_and_conquer,1.0,7,minority,1,0.15262501
divide_and_conquer,1.0,8,majority,0,0.06706204
divide_and_conquer,1.0,8,majority,1,0.05306949
divide_and_conquer,1.0,8,majority,2,0.106516056
divide_and_conquer,1.0,8,majority,3,0.09734221
divide_and_conquer,1.0,8,majority,4,0.14234768
divide_and_conquer,1.0,8,majority,5,0.114149325
divide_and_conquer,1.0,8,minority,0,0.21431422
divide_and_conquer,1.0,8,minority,1,0.21431422
divide_and_conquer,1.0,9,majority,0,0.2946487
divide_and_conquer,1.0,9,majority,1,0.2679358
divide_and_conquer,1.0,9,majority,2,0.105494104
divide_and_conquer,1.0,9,majority,3,0.11774039
divide_and_conquer,1.0,9,majority,4,0.249259
divide_and_conquer,1.0,9,majority,5,0.1127594
divide_and_conquer,1.0,9,minority,0,0.11857698
divide_and_conquer,1.0,9,minority,1,0.11857698
divide_and_conquer,1.0,10,majority,0,0.056996625
divide_and_conquer,1.0,10,majority,1,0.10471349
divide_and_conquer,1.0,10,majority,2,0.1249196
divide_and_conquer,1.0,10,majority,3,0.08552107
divide_and_conquer,1.0,10,majority,4,0.0783931
divide_and_conquer,1.0,10,majority,5,0.11777995
divide_and_conquer,1.0,10,minority,0,0.15494071
divide_and_conquer,1.0,10,minority,1,0.15494071
divide_and_conquer,1.0,11,majority,0,0.09587103
divide_and_conquer,1.0,11,majority,1,0.086496525
divide_and_conquer,1.0,11,majority,2,0.08751894
divide_and_conquer,1.0,11,majority,3,0.10897392
divide_and_conquer,1.0,11,majority,4,0.08326944
divide_and_conquer,1.0,11,majority,5,0.043638036
divide_and_conquer,1.0,11,minority,0,0.16789022
divide_and_conquer,1.0,11,minority,1,0.16789022
divide_and_conquer,1.0,12,majority,0,0.10488092
divide_and_conquer,1.0,12,majority,1,0.10857992
divide_and_conquer,1.0,12,majority,2,0.05065275
divide_and_conquer,1.0,12,majority,3,0.08219624
divide_and_conquer,1.0,12,majority,4,0.10488092
divide_and_conquer,1.0,12,majority,5,0.08864187
divide_and_conquer,1.0,12,minority,0,0.06323234
divide_and_conquer,1.0,12,minority,1,0.3016552
divide_and_conquer,1.0,13,majority,0,0.05896917
divide_and_conquer,1.0,13,majority,1,0.016457291
divide_and_conquer,1.0,13,majority,2,0.087613896
divide_and_conquer,1.0,13,majority,3,0.073295705
divide_and_conquer,1.0,13,majority,4,0.09821175
divide_and_conquer,1.0,13,majority,5,0.08316316
divide_and_conquer,1.0,13,minority,0,0.11032706
divide_and_conquer,1.0,13,minority,1,0.11032706
divide_and_conquer,1.0,14,majority,0,0.02492658
divide_and_conquer,1.0,14,majority,1,0.12657145
divide_and_conquer,1.0,14,majority,2,0.04451166
divide_and_conquer,1.0,14,majority,3,0.15545236
divide_and_conquer,1.0,14,majority,4,0.10009397
divide_and_conquer,1.0,14,majority,5,0.05262749
divide_and_conquer,1.0,14,minority,0,0.20297536
divide_and_conquer,1.0,14,minority,1,0.20297536
divide_and_conquer,1.0,15,majority,0,0.044474058
divide_and_conquer,1.0,15,majority,1,0.04636516
divide_and_conquer,1.0,15,majority,2,0.11788614
divide_and_conquer,1.0,15,majority,3,0.14741029
divide_and_conquer,1.0,15,majority,4,0.1277403
divide_and_conquer,1.0,15,majority,5,0.05528988
divide_and_conquer,1.0,15,minority,0,0.1492358
divide_and_conquer,1.0,15,minority,1,0.1492358
divide_and_conquer,1.0,16,majority,0,0.1519482
divide_and_conquer,1.0,16,majority,1,0.1143241
divide_and_conquer,1.0,16,majority,2,0.08174501
divide_and_conquer,1.0,16,majority,3,0.18948519
divide_and_conquer,1.0,16,majority,4,0.26338616
divide_and_conquer,1.0,16,majority,5,0.048104525
divide_and_conquer,1.0,16,minority,0,0.21417286
divide_and_conquer,1.0,16,minority,1,0.21417286
divide_and_conquer,1.0,17,majority,0,0.049805164
divide_and_conquer,1.0,17,majority,1,0.29659513
divide_and_conquer,1.0,17,majority,2,0.35857266
divide_and_conquer,1.0,17,majority,3,0.35857266
divide_and_conquer,1.0,17,majority,4,0.07403586
divide_and_conquer,1.0,17,majority,5,0.09369523
divide_and_conquer,1.0,17,minority,0,0.10860169
divide_and_conquer,1.0,17,minority,1,0.11416958
divide_and_conquer,1.0,18,majority,0,0.06004323
divide_and_conquer,1.0,18,majority,1,0.26697376
divide_and_conquer,1.0,18,majority,2,0.10798037
divide_and_conquer,1.0,18,majority,3,0.071894534
divide_and_conquer,1.0,18,majority,4,0.043907963
divide_and_conquer,1.0,18,majority,5,0.017336776
divide_and_conquer,1.0,18,minority,0,0.120475195
divide_and_conquer,1.0,18,minority,1,0.120475195
divide_and_conquer,1.0,19,majority,0,0.112010315
divide_and_conquer,1.0,19,majority,1,0.06983838
divide_and_conquer,1.0,19,majority,2,0.037363485
divide_and_conquer,1.0,19,majority,3,0.09672295
divide_and_conquer,1.0,19,majority,4,0.049680907
divide_and_conquer,1.0,19,majority,5,0.09045349
divide_and_conquer,1.0,19,minority,0,0.19173
divide_and_conquer,1.0,19,minority,1,0.19173
divide_and_conquer,1.0,20,majority,0,0.08866719
divide_and_conquer,1.0,20,majority,1,0.06373183
divide_and_conquer,1.0,20,majority,2,0.07822951
divide_and_conquer,1.0,20,majority,3,0.050777856
divide_and_conquer,1.0,20,majority,4,0.069578834
divide_and_conquer,1.0,20,majority,5,0.024259659
divide_and_conquer,1.0,20,minority,0,0.1399874
divide_and_conquer,1.0,20,minority,1,0.1399874
divide_and_conquer,1.5,1,majority,0,0.05777012
divide_and_conquer,1.5,1,majority,1,0.1348194
divide_and_conquer,1.5,1,majority,2,0.03557344
divide_and_conquer,1.5,1,majority,3,0.07286709
divide_and_conquer,1.5,1,majority,4,0.09080561
divide_and_conquer,1.5,1,majority,5,0.08871826
divide_and_conquer,1.5,1,minority,0,0.20332544
divide_and_conquer,1.5,1,minority,1,0.20332544
divide_and_conquer,1.5,2,majority,0,0.12643935
divide_and_conquer,1.5,2,majority,1,0.055880353
divide_and_conquer,1.5,2,majority,2,0.0825361
divide_and_conquer,1.5,2,majority,3,0.090379715
divide_and_conquer,1.5,2,majority,4,0.048034437
divide_and_conquer,1.5,2,majority,5,0.06378451
divide_and_conquer,1.5,2,minority,0,0.23318267
divide_and_conquer,1.5,2,minority,1,0.23318267
divide_and_conquer,1.5,3,majority,0,0.09221259
divide_and_conquer,1.5,3,majority,1,0.06920165
divide_and_conquer,1.5,3,majority,2,0.073240004
divide_and_conquer,1.5,3,majority,3,0.0096523585
divide_and_conquer,1.5,3,majority,4,0.083484925
divide_and_conquer,1.5,3,majority,5,0.059787568
divide_and_conquer,1.5,3,minority,0,0.24244116
divide_and_conquer,1.5,3,minority,1,0.24244116
divide_and_conquer,1.5,4,majority,0,0.07150772
divide_and_conquer,1.5,4,majority,1,0.09669185
divide_and_conquer,1.5,4,majority,2,0.10622332
divide_and_conquer,1.5,4,majority,3,0.111693226
divide_and_conquer,1.5,4,majority,4,0.04959061
divide_and_conquer,1.5,4,majority,5,0.16818935
divide_and_conquer,1.5,4,minority,0,0.21695504
divide_and_conquer,1.5,4,minority,1,0.21695504
divide_and_conquer,1.5,5,majority,0,0.06820583
divide_and_conquer,1.5,5,majority,1,0.10417396
divide_and_conquer,1.5,5,majority,2,0.057894833
divide_and_conquer,1.5,5,majority,3,0.046121024
divide_and_conquer,1.5,5,majority,4,0.06773236
divide_and_conquer,1.5,5,majority,5,0.08315635
divide_and_conquer,1.5,5,minority,0,0.17292364
divide_and_conquer,1.5,5,minority,1,0.17292364
divide_and_conquer,1.5,6,majority,0,0.12253337
divide_and_conquer,1.5,6,majority,1,0.072016545
divide_and_conquer,1.5,6,majority,2,0.091801666
divide_and_conquer,1.5,6,majority,3,0.14139718
divide_and_conquer,1.5,6,majority,4,0.030907838
divide_and_conquer,1.5,6,majority,5,0.06528759
divide_and_conquer,1.5,6,minority,0,0.24362874
divide_and_conquer,1.5,6,minority,1,0.24362874
divide_and_conquer,1.5,7,majority,0,0.08390854
divide_and_conquer,1.5,7,majority,1,0.054452855
divide_and_conquer,1.5,7,majority,2,0.07302715
divide_and_conquer,1.5,7,majority,3,0.14290823
divide_and_conquer,1.5,7,majority,4,0.17487279
divide_and_conquer,1.5,7,majority,5,0.054877643
divide_and_conquer,1.5,7,minority,0,0.22073609
divide_and_conquer,1.5,7,minority,1,0.22073609
divide_and_conquer,1.5,8,majority,0,0.07160479
divide_and_conquer,1.5,8,majority,1,0.058013923
divide_and_conquer,1.5,8,majority,2,0.10910979
divide_and_conquer,1.5,8,majority,3,0.098933466
divide_and_conquer,1.5,8,majority,4,0.14942351
divide_and_conquer,1.5,8,majority,5,0.120175995
divide_and_conquer,1.5,8,minority,0,0.28123915
divide_and_conquer,1.5,8,minority,1,0.28123915
divide_and_conquer,1.5,9,majority,0,0.055678602
divide_and_conquer,1.5,9,majority,1,0.03488143
divide_and_conquer,1.5,9,majority,2,0.10020672
divide_and_conquer,1.5,9,majority,3,0.1285107
divide_and_conquer,1.5,9,majority,4,0.02615639
divide_and_conquer,1.5,9,majority,5,0.11424838
divide_and_conquer,1.5,9,minority,0,0.18039086
divide_and_conquer,1.5,9,minority,1,0.18039086
divide_and_conquer,1.5,10,majority,0,0.06174063
divide_and_conquer,1.5,10,majority,1,0.11639354
divide_and_conquer,1.5,10,majority,2,0.13210554
divide_and_conquer,1.5,10,majority,3,0.09166789
divide_and_conquer,1.5,10,majority,4,0.0839351
divide_and_conquer,1.5,10,majority,5,0.10669874
divide_and_conquer,1.5,10,minority,0,0.22576782
divide_and_conquer,1.5,10,minority,1,0.22576782
divide_and_conquer,1.5,11,majority,0,0.10599371
divide_and_conquer,1.5,11,majority,1,0.0980197
divide_and_conquer,1.5,11,majority,2,0.08367349
divide_and_conquer,1.5,11,majority,3,0.10918024
divide_and_conquer,1.5,11,majority,4,0.091807716
divide_and_conquer,1.5,11,majority,5,0.037011996
divide_and_conquer,1.5,11,minority,0,0.23513398
divide_and_conquer,1.5,11,minority,1,0.23513398
divide_and_conquer,1.5,12,majority,0,0.1201534
divide_and_conquer,1.5,12,majority,1,0.35463458
divide_and_conquer,1.5,12,majority,2,0.06174713
divide_and_conquer,1.5,12,majority,3,0.101026975
divide_and_conquer,1.5,12,majority,4,0.11640809
divide_and_conquer,1.5,12,majority,5,0.09906948
divide_and_conquer,1.5,12,minority,0,0.37879238
divide_and_conquer,1.5,12,minority,1,0.11640809
divide_and_conquer,1.5,13,majority,0,0.061671983
divide_and_conquer,1.5,13,majority,1,0.023133824
divide_and_conquer,1.5,13,majority,2,0.07768801
divide_and_conquer,1.5,13,majority,3,0.08277039
divide_and_conquer,1.5,13,majority,4,0.09909029
divide_and_conquer,1.5,13,majority,5,0.09149937
divide_and_conquer,1.5,13,minority,0,0.15658277
divide_and_conquer,1.5,13,minority,1,0.15658277
divide_and_conquer,1.5,14,majority,0,0.032963887
divide_and_conquer,1.5,14,majority,1,0.13792838
divide_and_conquer,1.5,14,majority,2,0.05479061
divide_and_conquer,1.5,14,majority,3,0.15858868
divide_and_conquer,1.5,14,majority,4,0.091306835
divide_and_conquer,1.5,14,majority,5,0.060762152
divide_and_conquer,1.5,14,minority,0,0.2643556
divide_and_conquer,1.5,14,minority,1,0.2643556
divide_and_conquer,1.5,15,majority,0,0.05210625
divide_and_conquer,1.5,15,majority,1,0.03709493
divide_and_conquer,1.5,15,majority,2,0.12973034
divide_and_conquer,1.5,15,majority,3,0.15875256
divide_and_conquer,1.5,15,majority,4,0.117766365
divide_and_conquer,1.5,15,majority,5,0.058457695
divide_and_conquer,1.5,15,minority,0,0.21898444
divide_and_conquer,1.5,15,minority,1,0.21898444
divide_and_conquer,1.5,16,majority,0,0.12350186
divide_and_conquer,1.5,16,majority,1,0.11711462
divide_and_conquer,1.5,16,majority,2,0.09038945
divide_and_conquer,1.5,16,majority,3,0.19297524
divide_and_conquer,1.5,16,majority,4,0.27010003
divide_and_conquer,1.5,16,majority,5,0.05467798
divide_and_conquer,1.5,16,minority,0,0.27755877
divide_and_conquer,1.5,16,minority,1,0.27755877
divide_and_conquer,1.5,17,majority,0,0.047026314
divide_and_conquer,1.5,17,majority,1,0.1039232
divide_and_conquer,1.5,17,majority,2,0.11301754
divide_and_conquer,1.5,17,majority,3,0.11873849
divide_and_conquer,1.5,17,majority,4,0.07961761
divide_and_conquer,1.5,17,majority,5,0.08769813
divide_and_conquer,1.5,17,minority,0,0.18337107
divide_and_conquer,1.5,17,minority,1,0.18337107
divide_and_conquer,1.5,18,majority,0,0.05177345
divide_and_conquer,1.5,18,majority,1,0.077643394
divide_and_conquer,1.5,18,majority,2,0.113914646
divide_and_conquer,1.5,18,majority,3,0.07804808
divide_and_conquer,1.5,18,majority,4,0.05282513
divide_and_conquer,1.5,18,majority,5,0.027671902
divide_and_conquer,1.5,18,minority,0,0.19075307
divide_and_conquer,1.5,18,minority,1,0.19075307
divide_and_conquer,1.5,19,majority,0,0.11643114
divide_and_conquer,1.5,19,majority,1,0.073575795
divide_and_conquer,1.5,19,majority,2,0.03364417
divide_and_conquer,1.5,19,majority,3,0.10093206
divide_and_conquer,1.5,19,majority,4,0.058002207
divide_and_conquer,1.5,19,majority,5,0.10096237
divide_and_conquer,1.5,19,minority,0,0.2586281
divide_and_conquer,1.5,19,minority,1,0.2586281
divide_and_conquer,1.5,20,majority,0,0.09056917
divide_and_conquer,1.5,20,majority,1,0.06509946
divide_and_conquer,1.5,20,majority,2,0.087989405
divide_and_conquer,1.5,20,majority,3,0.061417405
divide_and_conquer,1.5,20,majority,4,0.07292766
divide_and_conquer,1.5,20,majority,5,0.029991122
divide_and_conquer,1.5,20,minority,0,0.21053298
divide_and_conquer,1.5,20,minority,1,0.21053298
divide_and_conquer,2.0,1,majority,0,0.04630899
divide_and_conquer,2.0,1,majority,1,0.1403348
divide_and_conquer,2.0,1,majority,2,0.047280993
divide_and_conquer,2.0,1,majority,3,0.07932006
divide_and_conquer,2.0,1,majority,4,0.0916158
divide_and_conquer,2.0,1,majority,5,0.10036359
divide_and_conquer,2.0,1,minority,0,0.26287016
divide_and_conquer,2.0,1,minority,1,0.26287016
divide_and_conquer,2.0,2,majority,0,0.28273255
divide_and_conquer,2.0,2,majority,1,0.06585868
divide_and_conquer,2.0,2,majority,2,0.080172285
divide_and_conquer,2.0,2,majority,3,0.10166708
divide_and_conquer,2.0,2,majority,4,0.0568055
divide_and_conquer,2.0,2,majority,5,0.06400467
divide_and_conquer,2.0,2,minority,0,0.30368605
divide_and_conquer,2.0,2,minority,1,0.30368605
divide_and_conquer,2.0,3,majority,0,0.10265963
divide_and_conquer,2.0,3,majority,1,0.079616696
divide_and_conquer,2.0,3,majority,2,0.08471039
divide_and_conquer,2.0,3,majority,3,0.01280603
divide_and_conquer,2.0,3,majority,4,0.0821054
divide_and_conquer,2.0,3,majority,5,0.06932223
divide_and_conquer,2.0,3,minority,0,0.31241536
divide_and_conquer,2.0,3,minority,1,0.31241536
divide_and_conquer,2.0,4,majority,0,0.081237294
divide_and_conquer,2.0,4,majority,1,0.10259292
divide_and_conquer,2.0,4,majority,2,0.117477566
divide_and_conquer,2.0,4,majority,3,0.11911962
divide_and_conquer,2.0,4,majority,4,0.059396483
divide_and_conquer,2.0,4,majority,5,0.16157866
divide_and_conquer,2.0,4,minority,0,0.285945
divide_and_conquer,2.0,4,minority,1,0.285945
divide_and_conquer,2.0,5,majority,0,0.0782755
divide_and_conquer,2.0,5,majority,1,0.10935759
divide_and_conquer,2.0,5,majority,2,0.064951465
divide_and_conquer,2.0,5,majority,3,0.0441421
divide_and_conquer,2.0,5,majority,4,0.06395774
divide_and_conquer,2.0,5,majority,5,0.093249165
divide_and_conquer,2.0,5,minority,0,0.23921439
divide_and_conquer,2.0,5,minority,1,0.23921439
divide_and_conquer,2.0,6,majority,0,0.13030006
divide_and_conquer,2.0,6,majority,1,0.07124738
divide_and_conquer,2.0,6,majority,2,0.09717697
divide_and_conquer,2.0,6,majority,3,0.14968354
divide_and_conquer,2.0,6,majority,4,0.02482275
divide_and_conquer,2.0,6,majority,5,0.07708603
divide_and_conquer,2.0,6,minority,0,0.31478053
divide_and_conquer,2.0,6,minority,1,0.31478053
divide_and_conquer,2.0,7,majority,0,0.09494928
divide_and_conquer,2.0,7,majority,1,0.059657693
divide_and_conquer,2.0,7,majority,2,0.082475506
divide_and_conquer,2.0,7,majority,3,0.14234029
divide_and_conquer,2.0,7,majority,4,0.084042735
divide_and_conquer,2.0,7,majority,5,0.055538118
divide_and_conquer,2.0,7,minority,0,0.28662258
divide_and_conquer,2.0,7,minority,1,0.28662258
divide_and_conquer,2.0,8,majority,0,0.07772141
divide_and_conquer,2.0,8,majority,1,0.06479421
divide_and_conquer,2.0,8,majority,2,0.1129055
divide_and_conquer,2.0,8,majority,3,0.10189995
divide_and_conquer,2.0,8,majority,4,0.1570839
divide_and_conquer,2.0,8,majority,5,0.12703496
divide_and_conquer,2.0,8,minority,0,0.34994927
divide_and_conquer,2.0,8,minority,1,0.34994927
divide_and_conquer,2.0,9,majority,0,0.06427208
divide_and_conquer,2.0,9,majority,1,0.044386867
divide_and_conquer,2.0,9,majority,2,0.09611031
divide_and_conquer,2.0,9,majority,3,0.13946576
divide_and_conquer,2.0,9,majority,4,0.030457523
divide_and_conquer,2.0,9,majority,5,0.11693655
divide_and_conquer,2.0,9,minority,0,0.24743743
divide_and_conquer,2.0,9,minority,1,0.24743743
divide_and_conquer,2.0,10,majority,0,0.0682543
divide_and_conquer,2.0,10,majority,1,0.12811507
divide_and_conquer,2.0,10,majority,2,0.13993667
divide_and_conquer,2.0,10,majority,3,0.098871686
divide_and_conquer,2.0,10,majority,4,0.09070922
divide_and_conquer,2.0,10,majority,5,0.09581531
divide_and_conquer,2.0,10,minority,0,0.29688326
divide_and_conquer,2.0,10,minority,1,0.29688326
divide_and_conquer,2.0,11,majority,0,0.11645395
divide_and_conquer,2.0,11,majority,1,0.10962444
divide_and_conquer,2.0,11,majority,2,0.08140261
divide_and_conquer,2.0,11,majority,3,0.110674225
divide_and_conquer,2.0,11,majority,4,0.10102958
divide_and_conquer,2.0,11,majority,5,0.033450574
divide_and_conquer,2.0,11,minority,0,0.30429077
divide_and_conquer,2.0,11,minority,1,0.30429077
divide_and_conquer,2.0,12,majority,0,0.106344976
divide_and_conquer,2.0,12,majority,1,0.11763922
divide_and_conquer,2.0,12,majority,2,0.04754499
divide_and_conquer,2.0,12,majority,3,0.08601717
divide_and_conquer,2.0,12,majority,4,0.1503424
divide_and_conquer,2.0,12,majority,5,0.07756505
divide_and_conquer,2.0,12,minority,0,0.21473102
divide_and_conquer,2.0,12,minority,1,0.21473102
divide_and_conquer,2.0,13,majority,0,0.066430025
divide_and_conquer,2.0,13,majority,1,0.0329082
divide_and_conquer,2.0,13,majority,2,0.068396665
divide_and_conquer,2.0,13,majority,3,0.09280658
divide_and_conquer,2.0,13,majority,4,0.101369
divide_and_conquer,2.0,13,majority,5,0.100556575
divide_and_conquer,2.0,13,minority,0,0.21695237
divide_and_conquer,2.0,13,minority,1,0.21695237
divide_and_conquer,2.0,14,majority,0,0.04284094
divide_and_conquer,2.0,14,majority,1,0.14937055
divide_and_conquer,2.0,14,majority,2,0.06562147
divide_and_conquer,2.0,14,majority,3,0.16253838
divide_and_conquer,2.0,14,majority,4,0.08329787
divide_and_conquer,2.0,14,majority,5,0.06998479
divide_and_conquer,2.0,14,minority,0,0.3298074
divide_and_conquer,2.0,14,minority,1,0.3298074
divide_and_conquer,2.0,15,majority,0,0.061119717
divide_and_conquer,2.0,15,majority,1,0.029762337
divide_and_conquer,2.0,15,majority,2,0.1415845
divide_and_conquer,2.0,15,majority,3,0.17017166
divide_and_conquer,2.0,15,majority,4,0.108183615
divide_and_conquer,2.0,15,majority,5,0.06372665
divide_and_conquer,2.0,15,minority,0,0.28955343
divide_and_conquer,2.0,15,minority,1,0.28955343
divide_and_conquer,2.0,16,majority,0,0.11750219
divide_and_conquer,2.0,16,majority,1,0.12101699
divide_and_conquer,2.0,16,majority,2,0.09970793
divide_and_conquer,2.0,16,majority,3,0.07186574
divide_and_conquer,2.0,16,majority,4,0.27716273
divide_and_conquer,2.0,16,majority,5,0.06283917
divide_and_conquer,2.0,16,minority,0,0.34411028
divide_and_conquer,2.0,16,minority,1,0.34411028
divide_and_conquer,2.0,17,majority,0,0.047178797
divide_and_conquer,2.0,17,majority,1,0.102320336
divide_and_conquer,2.0,17,majority,2,0.12368062
divide_and_conquer,2.0,17,majority,3,0.1291773
divide_and_conquer,2.0,17,majority,4,0.08648745
divide_and_conquer,2.0,17,majority,5,0.08298527
divide_and_conquer,2.0,17,minority,0,0.25380948
divide_and_conquer,2.0,17,minority,1,0.25380948
divide_and_conquer,2.0,18,majority,0,0.045157958
divide_and_conquer,2.0,18,majority,1,0.110148646
divide_and_conquer,2.0,18,majority,2,0.1496482
divide_and_conquer,2.0,18,majority,3,0.08542609
divide_and_conquer,2.0,18,majority,4,0.06274167
divide_and_conquer,2.0,18,majority,5,0.03891471
divide_and_conquer,2.0,18,minority,0,0.26165485
divide_and_conquer,2.0,18,minority,1,0.26165485
divide_and_conquer,2.0,19,majority,0,0.121858716
divide_and_conquer,2.0,19,majority,1,0.07894838
divide_and_conquer,2.0,19,majority,2,0.033930525
divide_and_conquer,2.0,19,majority,3,0.10631408
divide_and_conquer,2.0,19,majority,4,0.067407496
divide_and_conquer,2.0,19,majority,5,0.111751474
divide_and_conquer,2.0,19,minority,0,0.32744566
divide_and_conquer,2.0,19,minority,1,0.32744566
divide_and_conquer,2.0,20,majority,0,0.09395277
divide_and_conquer,2.0,20,majority,1,0.06853892
divide_and_conquer,2.0,20,majority,2,0.098223515
divide_and_conquer,2.0,20,majority,3,0.07245189
divide_and_conquer,2.0,20,majority,4,0.07796876
divide_and_conquer,2.0,20,majority,5,0.038650334
divide_and_conquer,2.0,20,minority,0,0.28152412
divide_and_conquer,2.0,20,minority,1,0.28152412
divide_and_conquer,3.0,1,majority,0,0.024679784
divide_and_conquer,3.0,1,majority,1,0.15355594
divide_and_conquer,3.0,1,majority,2,0.07089373
divide_and_conquer,3.0,1,majority,3,0.0954261
divide_and_conquer,3.0,1,majority,4,0.0976698
divide_and_conquer,3.0,1,majority,5,0.12380275
divide_and_conquer,3.0,1,minority,0,0.39399472
divide_and_conquer,3.0,1,minority,1,0.39399472
divide_and_conquer,3.0,2,majority,0,0.2905376
divide_and_conquer,3.0,2,majority,1,0.225433
divide_and_conquer,3.0,2,majority,2,0.080676556
divide_and_conquer,3.0,2,majority,3,0.12458743
divide_and_conquer,3.0,2,majority,4,0.076917894
divide_and_conquer,3.0,2,majority,5,0.07073334
divide_and_conquer,3.0,2,minority,0,0.44557765
divide_and_conquer,3.0,2,minority,1,0.44557765
divide_and_conquer,3.0,3,majority,0,0.12434228
divide_and_conquer,3.0,3,majority,1,0.10143508
divide_and_conquer,3.0,3,majority,2,0.10793369
divide_and_conquer,3.0,3,majority,3,0.033999853
divide_and_conquer,3.0,3,majority,4,0.08446757
divide_and_conquer,3.0,3,majority,5,0.09009961
divide_and_conquer,3.0,3,minority,0,0.45372564
divide_and_conquer,3.0,3,minority,1,0.45372564
divide_and_conquer,3.0,4,majority,0,0.10208866
divide_and_conquer,3.0,4,majority,1,0.11716491
divide_and_conquer,3.0,4,majority,2,0.14030835
divide_and_conquer,3.0,4,majority,3,0.13589704
divide_and_conquer,3.0,4,majority,4,0.08071979
divide_and_conquer,3.0,4,majority,5,0.15032648
divide_and_conquer,3.0,4,minority,0,0.42634135
divide_and_conquer,3.0,4,minority,1,0.42634135
divide_and_conquer,3.0,5,majority,0,0.099636324
divide_and_conquer,3.0,5,majority,1,0.1225689
divide_and_conquer,3.0,5,majority,2,0.08247911
divide_and_conquer,3.0,5,majority,3,0.049412735
divide_and_conquer,3.0,5,majority,4,0.062823415
divide_and_conquer,3.0,5,majority,5,0.11448417
divide_and_conquer,3.0,5,minority,0,0.37746218
divide_and_conquer,3.0,5,minority,1,0.37746218
divide_and_conquer,3.0,6,majority,0,0.14749855
divide_and_conquer,3.0,6,majority,1,0.07553899
divide_and_conquer,3.0,6,majority,2,0.111019365
divide_and_conquer,3.0,6,majority,3,0.16756947
divide_and_conquer,3.0,6,majority,4,0.028075986
divide_and_conquer,3.0,6,majority,5,0.1007578
divide_and_conquer,3.0,6,minority,0,0.45734316
divide_and_conquer,3.0,6,minority,1,0.45734316
divide_and_conquer,3.0,7,majority,0,0.11753807
divide_and_conquer,3.0,7,majority,1,0.0748148
divide_and_conquer,3.0,7,majority,2,0.102912724
divide_and_conquer,3.0,7,majority,3,0.14417729
divide_and_conquer,3.0,7,majority,4,0.10563425
divide_and_conquer,3.0,7,majority,5,0.06388019
divide_and_conquer,3.0,7,minority,0,0.42381704
divide_and_conquer,3.0,7,minority,1,0.42381704
divide_and_conquer,3.0,8,majority,0,0.093368694
divide_and_conquer,3.0,8,majority,1,0.08193903
divide_and_conquer,3.0,8,majority,2,0.12362616
divide_and_conquer,3.0,8,majority,3,0.111469656
divide_and_conquer,3.0,8,majority,4,0.17384374
divide_and_conquer,3.0,8,majority,5,0.14275679
divide_and_conquer,3.0,8,minority,0,0.48970884
divide_and_conquer,3.0,8,minority,1,0.48970884
divide_and_conquer,3.0,9,majority,0,0.083921514
divide_and_conquer,3.0,9,majority,1,0.06578366
divide_and_conquer,3.0,9,majority,2,0.09208231
divide_and_conquer,3.0,9,majority,3,0.16177891
divide_and_conquer,3.0,9,majority,4,0.047592238
divide_and_conquer,3.0,9,majority,5,0.12556839
divide_and_conquer,3.0,9,minority,0,0.38627234
divide_and_conquer,3.0,9,minority,1,0.38627234
divide_and_conquer,3.0,10,majority,0,0.0848673
divide_and_conquer,3.0,10,majority,1,0.15164359
divide_and_conquer,3.0,10,majority,2,0.15714145
divide_and_conquer,3.0,10,majority,3,0.11563363
divide_and_conquer,3.0,10,majority,4,0.10697963
divide_and_conquer,3.0,10,majority,5,0.0749855
divide_and_conquer,3.0,10,minority,0,0.43941903
divide_and_conquer,3.0,10,minority,1,0.43941903
divide_and_conquer,3.0,11,majority,0,0.13807824
divide_and_conquer,3.0,11,majority,1,0.1329932
divide_and_conquer,3.0,11,majority,2,0.08201824
divide_and_conquer,3.0,11,majority,3,0.117286116
divide_and_conquer,3.0,11,majority,4,0.12088803
divide_and_conquer,3.0,11,majority,5,0.038306504
divide_and_conquer,3.0,11,minority,0,0.44476396
divide_and_conquer,3.0,11,minority,1,0.44476396
divide_and_conquer,3.0,12,majority,0,0.120665684
divide_and_conquer,3.0,12,majority,1,0.10472338
divide_and_conquer,3.0,12,majority,2,0.05763385
divide_and_conquer,3.0,12,majority,3,0.10326329
divide_and_conquer,3.0,12,majority,4,0.17200494
divide_and_conquer,3.0,12,majority,5,0.08824872
divide_and_conquer,3.0,12,minority,0,0.35617757
divide_and_conquer,3.0,12,minority,1,0.35617757
divide_and_conquer,3.0,13,majority,0,0.08051296
divide_and_conquer,3.0,13,majority,1,0.055035084
divide_and_conquer,3.0,13,majority,2,0.05304506
divide_and_conquer,3.0,13,majority,3,0.11396354
divide_and_conquer,3.0,13,majority,4,0.109725066
divide_and_conquer,3.0,13,majority,5,0.120170414
divide_and_conquer,3.0,13,minority,0,0.35040098
divide_and_conquer,3.0,13,minority,1,0.35040098
divide_and_conquer,3.0,14,majority,0,0.06913559
divide_and_conquer,3.0,14,majority,1,0.19560839
divide_and_conquer,3.0,14,majority,2,0.08778855
divide_and_conquer,3.0,14,majority,3,0.11814861
divide_and_conquer,3.0,14,majority,4,0.060024396
divide_and_conquer,3.0,14,majority,5,0.13294496
divide_and_conquer,3.0,14,minority,0,0.4648315
divide_and_conquer,3.0,14,minority,1,0.4648315
divide_and_conquer,3.0,15,majority,0,0.08140692
divide_and_conquer,3.0,15,majority,1,0.027489046
divide_and_conquer,3.0,15,majority,2,0.16531503
divide_and_conquer,3.0,15,majority,3,0.19318599
divide_and_conquer,3.0,15,majority,4,0.090683915
divide_and_conquer,3.0,15,majority,5,0.078733586
divide_and_conquer,3.0,15,minority,0,0.4315406
divide_and_conquer,3.0,15,minority,1,0.4315406
divide_and_conquer,3.0,16,majority,0,0.10846737
divide_and_conquer,3.0,16,majority,1,0.1317346
divide_and_conquer,3.0,16,majority,2,0.119728446
divide_and_conquer,3.0,16,majority,3,0.091922276
divide_and_conquer,3.0,16,majority,4,0.2922325
divide_and_conquer,3.0,16,majority,5,0.08195887
divide_and_conquer,3.0,16,minority,0,0.4814251
divide_and_conquer,3.0,16,minority,1,0.4814251
divide_and_conquer,3.0,17,majority,0,0.05572171
divide_and_conquer,3.0,17,majority,1,0.10324063
divide_and_conquer,3.0,17,majority,2,0.14558546
divide_and_conquer,3.0,17,majority,3,0.15070845
divide_and_conquer,3.0,17,majority,4,0.10301757
divide_and_conquer,3.0,17,majority,5,0.078282125
divide_and_conquer,3.0,17,minority,0,0.39575264
divide_and_conquer,3.0,17,minority,1,0.39575264
divide_and_conquer,3.0,18,majority,0,0.037357006
divide_and_conquer,3.0,18,majority,1,0.105292425
divide_and_conquer,3.0,18,majority,2,0.1393009
divide_and_conquer,3.0,18,majority,3,0.09781136
divide_and_conquer,3.0,18,majority,4,0.081999265
divide_and_conquer,3.0,18,majority,5,0.062379237
divide_and_conquer,3.0,18,minority,0,0.40099943
divide_and_conquer,3.0,18,minority,1,0.40099943
divide_and_conquer,3.0,19,majority,0,0.13522778
divide_and_conquer,3.0,19,majority,1,0.093391985
divide_and_conquer,3.0,19,majority,2,0.04516979
divide_and_conquer,3.0,19,majority,3,0.11993248
divide_and_conquer,3.0,19,majority,4,0.08805175
divide_and_conquer,3.0,19,majority,5,0.13389812
divide_and_conquer,3.0,19,minority,0,0.4674371
divide_and_conquer,3.0,19,minority,1,0.4674371
divide_and_conquer,3.0,20,majority,0,0.10452836
divide_and_conquer,3.0,20,majority,1,0.08041897
divide_and_conquer,3.0,20,majority,2,0.119623125
divide_and_conquer,3.0,20,majority,3,0.0951523
divide_and_conquer,3.0,20,majority,4,0.0919284
divide_and_conquer,3.0,20,majority,5,0.059438787
divide_and_conquer,3.0,20,minority,0,0.42394748
divide_and_conquer,3.0,20,minority,1,0.42394748
foolsgold,0.0,1,majority,0,0.2518478
foolsgold,0.0,1,majority,1,0.50742346
foolsgold,0.0,1,majority,2,0.034240607
foolsgold,0.0,1,majority,3,0.30688822
foolsgold,0.0,1,majority,4,0.034240607
foolsgold,0.0,1,majority,5,0.35355705
foolsgold,0.0,1,minority,0,0.034240607
foolsgold,0.0,1,minority,1,0.034240607
foolsgold,0.0,2,majority,0,0.13060156
foolsgold,0.0,2,majority,1,0.17337145
foolsgold,0.0,2,majority,2,0.23389168
foolsgold,0.0,2,majority,3,0.28641784
foolsgold,0.0,2,majority,4,0.0562793
foolsgold,0.0,2,majority,5,0.23389168
foolsgold,0.0,2,minority,0,0.0562793
foolsgold,0.0,2,minority,1,0.0562793
foolsgold,0.0,3,majority,0,0.10873369
foolsgold,0.0,3,majority,1,0.09391376
foolsgold,0.0,3,majority,2,0.067436405
foolsgold,0.0,3,majority,3,0.059444133
foolsgold,0.0,3,majority,4,0.20966285
foolsgold,0.0,3,majority,5,0.056746457
foolsgold,0.0,3,minority,0,0.067436405
foolsgold,0.0,3,minority,1,0.07420337
foolsgold,0.0,4,majority,0,0.036533654
foolsgold,0.0,4,majority,1,0.036533654
foolsgold,0.0,4,majority,2,0.036533654
foolsgold,0.0,4,majority,3,0.036533654
foolsgold,0.0,4,majority,4,0.036533654
foolsgold,0.0,4,majority,5,0.18324119
foolsgold,0.0,4,minority,0,0.036533654
foolsgold,0.0,4,minority,1,0.036533654
foolsgold,0.0,5,majority,0,0.027298376
foolsgold,0.0,5,majority,1,0.40142253
foolsgold,0.0,5,majority,2,0.29876423
foolsgold,0.0,5,majority,3,0.027298376
foolsgold,0.0,5,majority,4,0.21698569
foolsgold,0.0,5,majority,5,0.19763495
foolsgold,0.0,5,minority,0,0.027298376
foolsgold,0.0,5,minority,1,0.22851673
foolsgold,0.0,6,majority,0,0.19242442
foolsgold,0.0,6,majority,1,0.055893138
foolsgold,0.0,6,majority,2,0.033888124
foolsgold,0.0,6,majority,3,0.13706914
foolsgold,0.0,6,majority,4,0.104508035
foolsgold,0.0,6,majority,5,0.072590604
foolsgold,0.0,6,minority,0,0.055893138
foolsgold,0.0,6,minority,1,0.053750608
foolsgold,0.0,7,majority,0,0.029210202
foolsgold,0.0,7,majority,1,0.029210202
foolsgold,0.0,7,majority,2,0.029210202
foolsgold,0.0,7,majority,3,0.21204701
foolsgold,0.0,7,majority,4,0.029210202
foolsgold,0.0,7,majority,5,0.029210202
foolsgold,0.0,7,minority,0,0.029210202
foolsgold,0.0,7,minority,1,0.029210202
foolsgold,0.0,8,majority,0,0.057355113
foolsgold,0.0,8,majority,1,0.24184012
foolsgold,0.0,8,majority,2,0.053945564
foolsgold,0.0,8,majority,3,0.48117948
foolsgold,0.0,8,majority,4,0.07053227
foolsgold,0.0,8,majority,5,0.21381767
foolsgold,0.0,8,minority,0,0.27739868
foolsgold,0.0,8,minority,1,0.17009528
foolsgold,0.0,9,majority,0,0.28793284
foolsgold,0.0,9,majority,1,0.101424865
foolsgold,0.0,9,majority,2,0.21594088
foolsgold,0.0,9,majority,3,0.17108424
foolsgold,0.0,9,majority,4,0.101424865
foolsgold,0.0,9,majority,5,0.19076248
foolsgold,0.0,9,minority,0,0.32388145
foolsgold,0.0,9,minority,1,0.42165214
foolsgold,0.0,10,majority,0,0.31557128
foolsgold,0.0,10,majority,1,0.22049062
foolsgold,0.0,10,majority,2,0.21793869
foolsgold,0.0,10,majority,3,0.33773878
foolsgold,0.0,10,majority,4,0.13564155
foolsgold,0.0,10,majority,5,0.20889834
foolsgold,0.0,10,minority,0,0.094940215
foolsgold,0.0,10,minority,1,0.37453112
foolsgold,0.0,11,majority,0,0.11470195
foolsgold,0.0,11,majority,1,0.15108684
foolsgold,0.0,11,majority,2,0.25149584
foolsgold,0.0,11,majority,3,0.10852451
foolsgold,0.0,11,majority,4,0.38652295
foolsgold,0.0,11,majority,5,0.019689186
foolsgold,0.0,11,minority,0,0.1628149
foolsgold,0.0,11,minority,1,0.37094092
foolsgold,0.0,12,majority,0,0.06731812
foolsgold,0.0,12,majority,1,0.12253032
foolsgold,0.0,12,majority,2,0.075372145
foolsgold,0.0,12,majority,3,0.06731812
foolsgold,0.0,12,majority,4,0.17540273
foolsgold,0.0,12,majority,5,0.07522867
foolsgold,0.0,12,minority,0,0.16184878
foolsgold,0.0,12,minority,1,0.06731812
foolsgold,0.0,13,majority,0,0.026482224
foolsgold,0.0,13,majority,1,0.06706667
foolsgold,0.0,13,majority,2,0.094382256
foolsgold,0.0,13,majority,3,0.026482224
foolsgold,0.0,13,majority,4,0.026482224
foolsgold,0.0,13,majority,5,0.026482224
foolsgold,0.0,13,minority,0,0.026482224
foolsgold,0.0,13,minority,1,0.40689942
foolsgold,0.0,14,majority,0,0.0358767
foolsgold,0.0,14,majority,1,0.0358767
foolsgold,0.0,14,majority,2,0.0358767
foolsgold,0.0,14,majority,3,0.17668952
foolsgold,0.0,14,majority,4,0.726641
foolsgold,0.0,14,majority,5,0.0358767
foolsgold,0.0,14,minority,0,0.3551806
foolsgold,0.0,14,minority,1,0.30234778
foolsgold,0.0,15,majority,0,0.16898195
foolsgold,0.0,15,majority,1,0.087604456
foolsgold,0.0,15,majority,2,0.49527305
foolsgold,0.0,15,majority,3,0.51119286
foolsgold,0.0,15,majority,4,0.13398774
foolsgold,0.0,15,majority,5,0.17410365
foolsgold,0.0,15,minority,0,0.059099633
foolsgold,0.0,15,minority,1,0.30043018
foolsgold,0.0,16,majority,0,0.19966812
foolsgold,0.0,16,majority,1,0.051302925
foolsgold,0.0,16,majority,2,0.11664412
foolsgold,0.0,16,majority,3,0.1109438
foolsgold,0.0,16,majority,4,0.18061078
foolsgold,0.0,16,majority,5,0.051302925
foolsgold,0.0,16,minority,0,0.034079194
foolsgold,0.0,16,minority,1,0.051302925
foolsgold,0.0,17,majority,0,0.29930902
foolsgold,0.0,17,majority,1,0.13820657
foolsgold,0.0,17,majority,2,0.4921907
foolsgold,0.0,17,majority,3,0.32275477
foolsgold,0.0,17,majority,4,0.035913747
foolsgold,0.0,17,majority,5,0.035913747
foolsgold,0.0,17,minority,0,0.035913747
foolsgold,0.0,17,minority,1,0.035913747
foolsgold,0.0,18,majority,0,0.13518274
foolsgold,0.0,18,majority,1,0.18344112
foolsgold,0.0,18,majority,2,0.09710536
foolsgold,0.0,18,majority,3,0.24144506
foolsgold,0.0,18,majority,4,0.28146312
foolsgold,0.0,18,majority,5,0.2655902
foolsgold,0.0,18,minority,0,0.089170486
foolsgold,0.0,18,minority,1,0.089170486
foolsgold,0.0,19,majority,0,0.37420827
foolsgold,0.0,19,majority,1,0.028264951
foolsgold,0.0,19,majority,2,0.028264951
foolsgold,0.0,19,majority,3,0.25025666
foolsgold,0.0,19,majority,4,0.028264951
foolsgold,0.0,19,majority,5,0.33349574
foolsgold,0.0,19,minority,0,0.028264951
foolsgold,0.0,19,minority,1,0.028264951
foolsgold,0.0,20,majority,0,0.26024964
foolsgold,0.0,20,majority,1,0.2503511
foolsgold,0.0,20,majority,2,0.14785308
foolsgold,0.0,20,majority,3,0.03403741
foolsgold,0.0,20,majority,4,0.03403741
foolsgold,0.0,20,majority,5,0.03403741
foolsgold,0.0,20,minority,0,0.5547219
foolsgold,0.0,20,minority,1,0.03403741
foolsgold,0.5,1,majority,0,0.043620247
foolsgold,0.5,1,majority,1,0.115708634
foolsgold,0.5,1,majority,2,0.07950953
foolsgold,0.5,1,majority,3,0.016746677
foolsgold,0.5,1,majority,4,0.054187246
foolsgold,0.5,1,majority,5,0.054187246
foolsgold,0.5,1,minority,0,0.12063377
foolsgold,0.5,1,minority,1,0.054187246
foolsgold,0.5,2,majority,0,0.13028976
foolsgold,0.5,2,majority,1,0.054047327
foolsgold,0.5,2,majority,2,0.05498743
foolsgold,0.5,2,majority,3,0.05498743
foolsgold,0.5,2,majority,4,0.05498743
foolsgold,0.5,2,majority,5,0.057472896
foolsgold,0.5,2,minority,0,0.21931434
foolsgold,0.5,2,minority,1,0.2346396
foolsgold,0.5,3,majority,0,0.054828003
foolsgold,0.5,3,majority,1,0.11741197
foolsgold,0.5,3,majority,2,0.11741197
foolsgold,0.5,3,majority,3,0.11741197
foolsgold,0.5,3,majority,4,0.20708768
foolsgold,0.5,3,majority,5,0.11741197
foolsgold,0.5,3,minority,0,0.49794942
foolsgold,0.5,3,minority,1,0.2199817
foolsgold,0.5,4,majority,0,0.036533654
foolsgold,0.5,4,majority,1,0.036533654
foolsgold,0.5,4,majority,2,0.036533654
foolsgold,0.5,4,majority,3,0.036533654
foolsgold,0.5,4,majority,4,0.23851089
foolsgold,0.5,4,majority,5,0.18324119
foolsgold,0.5,4,minority,0,0.036533654
foolsgold,0.5,4,minority,1,0.036533654
foolsgold,0.5,5,majority,0,0.030969087
foolsgold,0.5,5,majority,1,0.030969087
foolsgold,0.5,5,majority,2,0.36082804
foolsgold,0.5,5,majority,3,0.18783228
foolsgold,0.5,5,majority,4,0.030969087
foolsgold,0.5,5,majority,5,0.030969087
foolsgold,0.5,5,minority,0,0.10759729
foolsgold,0.5,5,minority,1,0.8427315
foolsgold,0.5,6,majority,0,0.18386725
foolsgold,0.5,6,majority,1,0.106756546
foolsgold,0.5,6,majority,2,0.09583141
foolsgold,0.5,6,majority,3,0.2601683
foolsgold,0.5,6,majority,4,0.03686739
foolsgold,0.5,6,majority,5,0.16277403
foolsgold,0.5,6,minority,0,0.03686739
foolsgold,0.5,6,minority,1,0.14355549
foolsgold,0.5,7,majority,0,0.029210202
foolsgold,0.5,7,majority,1,0.029210202
foolsgold,0.5,7,majority,2,0.029210202
foolsgold,0.5,7,majority,3,0.36305693
foolsgold,0.5,7,majority,4,0.029210202
foolsgold,0.5,7,majority,5,0.029210202
foolsgold,0.5,7,minority,0,0.029210202
foolsgold,0.5,7,minority,1,0.029210202
foolsgold,0.5,8,majority,0,0.114532426
foolsgold,0.5,8,majority,1,0.41430077
foolsgold,0.5,8,majority,2,0.047555126
foolsgold,0.5,8,majority,3,0.43801785
foolsgold,0.5,8,majority,4,0.113351084
foolsgold,0.5,8,majority,5,0.36692068
foolsgold,0.5,8,minority,0,0.24503906
foolsgold,0.5,8,minority,1,0.049812313
foolsgold,0.5,9,majority,0,0.33475575
foolsgold,0.5,9,majority,1,0.15172422
foolsgold,0.5,9,majority,2,0.04073582
foolsgold,0.5,9,majority,3,0.31833455
foolsgold,0.5,9,majority,4,0.058351275
foolsgold,0.5,9,majority,5,0.17648262
foolsgold,0.5,9,minority,0,0.039480716
foolsgold,0.5,9,minority,1,0.021409169
foolsgold,0.5,10,majority,0,0.057494074
foolsgold,0.5,10,majority,1,0.389821
foolsgold,0.5,10,majority,2,0.7699346
foolsgold,0.5,10,majority,3,0.5483801
foolsgold,0.5,10,majority,4,0.3795588
foolsgold,0.5,10,majority,5,0.35594544
foolsgold,0.5,10,minority,0,0.057494074
foolsgold,0.5,10,minority,1,0.21608189
foolsgold,0.5,11,majority,0,0.0442409
foolsgold,0.5,11,majority,1,0.0220015
foolsgold,0.5,11,majority,2,0.0220015
foolsgold,0.5,11,majority,3,0.48678055
foolsgold,0.5,11,majority,4,0.030876419
foolsgold,0.5,11,majority,5,0.38641718
foolsgold,0.5,11,minority,0,0.98347306
foolsgold,0.5,11,minority,1,0.20300457
foolsgold,0.5,12,majority,0,0.30205715
foolsgold,0.5,12,majority,1,0.24607909
foolsgold,0.5,12,majority,2,0.059505094
foolsgold,0.5,12,majority,3,0.364907
foolsgold,0.5,12,majority,4,0.16320114
foolsgold,0.5,12,majority,5,0.059505094
foolsgold,0.5,12,minority,0,0.30198172
foolsgold,0.5,12,minority,1,0.22694427
foolsgold,0.5,13,majority,0,0.45573935
foolsgold,0.5,13,majority,1,0.54566395
foolsgold,0.5,13,majority,2,0.22773288
foolsgold,0.5,13,majority,3,0.15369473
foolsgold,0.5,13,majority,4,0.16356258
foolsgold,0.5,13,majority,5,0.094474204
foolsgold,0.5,13,minority,0,0.023565033
foolsgold,0.5,13,minority,1,0.24890459
foolsgold,0.5,14,majority,0,0.0358767
foolsgold,0.5,14,majority,1,0.0358767
foolsgold,0.5,14,majority,2,0.0358767
foolsgold,0.5,14,majority,3,0.24656884
foolsgold,0.5,14,majority,4,0.78926396
foolsgold,0.5,14,majority,5,0.0358767
foolsgold,0.5,14,minority,0,0.43952513
foolsgold,0.5,14,minority,1,0.39642552
foolsgold,0.5,15,majority,0,0.9689792
foolsgold,0.5,15,majority,1,0.62619853
foolsgold,0.5,15,majority,2,0.34536332
foolsgold,0.5,15,majority,3,0.36488235
foolsgold,0.5,15,majority,4,0.08384046
foolsgold,0.5,15,majority,5,0.41731483
foolsgold,0.5,15,minority,0,0.5962895
foolsgold,0.5,15,minority,1,0.08384046
foolsgold,0.5,16,majority,0,0.08651755
foolsgold,0.5,16,majority,1,0.15929314
foolsgold,0.5,16,majority,2,0.3443724
foolsgold,0.5,16,majority,3,0.26562786
foolsgold,0.5,16,majority,4,0.2549673
foolsgold,0.5,16,majority,5,0.09524478
foolsgold,0.5,16,minority,0,0.056831367
foolsgold,0.5,16,minority,1,0.20356515
foolsgold,0.5,17,majority,0,0.035913747
foolsgold,0.5,17,majority,1,0.2425888
foolsgold,0.5,17,majority,2,0.45991465
foolsgold,0.5,17,majority,3,0.36522675
foolsgold,0.5,17,majority,4,0.035913747
foolsgold,0.5,17,majority,5,0.035913747
foolsgold,0.5,17,minority,0,0.035913747
foolsgold,0.5,17,minority,1,0.08593275
foolsgold,0.5,18,majority,0,0.056442656
foolsgold,0.5,18,majority,1,0.21397091
foolsgold,0.5,18,majority,2,0.10241285
foolsgold,0.5,18,majority,3,0.062634654
foolsgold,0.5,18,majority,4,0.06634824
foolsgold,0.5,18,majority,5,0.0062291967
foolsgold,0.5,18,minority,0,0.32631263
foolsgold,0.5,18,minority,1,0.1620861
foolsgold,0.5,19,majority,0,0.6030866
foolsgold,0.5,19,majority,1,0.028264951
foolsgold,0.5,19,majority,2,0.028264951
foolsgold,0.5,19,majority,3,0.25025666
foolsgold,0.5,19,majority,4,0.028264951
foolsgold,0.5,19,majority,5,0.33349574
foolsgold,0.5,19,minority,0,0.028264951
foolsgold,0.5,19,minority,1,0.028264951
foolsgold,0.5,20,majority,0,0.2958127
foolsgold,0.5,20,majority,1,0.20990616
foolsgold,0.5,20,majority,2,0.34528482
foolsgold,0.5,20,majority,3,0.31846488
foolsgold,0.5,20,majority,4,0.3328787
foolsgold,0.5,20,majority,5,0.27723223
foolsgold,0.5,20,minority,0,0.25749558
foolsgold,0.5,20,minority,1,0.1926586
foolsgold,1.0,1,majority,0,0.07900412
foolsgold,1.0,1,majority,1,0.20135848
foolsgold,1.0,1,majority,2,0.07900412
foolsgold,1.0,1,majority,3,0.07900412
foolsgold,1.0,1,majority,4,0.07900412
foolsgold,1.0,1,majority,5,0.07900412
foolsgold,1.0,1,minority,0,0.30944642
foolsgold,1.0,1,minority,1,0.07900412
foolsgold,1.0,2,majority,0,0.03810282
foolsgold,1.0,2,majority,1,0.03810282
foolsgold,1.0,2,majority,2,0.04260869
foolsgold,1.0,2,majority,3,0.04260869
foolsgold,1.0,2,majority,4,0.06654148
foolsgold,1.0,2,majority,5,0.21259159
foolsgold,1.0,2,minority,0,0.17936419
foolsgold,1.0,2,minority,1,0.04260869
foolsgold,1.0,3,majority,0,0.21916421
foolsgold,1.0,3,majority,1,0.08080744
foolsgold,1.0,3,majority,2,0.08080744
foolsgold,1.0,3,majority,3,0.08080744
foolsgold,1.0,3,majority,4,0.25151876
foolsgold,1.0,3,majority,5,0.10170547
foolsgold,1.0,3,minority,0,0.21089628
foolsgold,1.0,3,minority,1,0.22045049
foolsgold,1.0,4,majority,0,0.0436822
foolsgold,1.0,4,majority,1,0.024857517
foolsgold,1.0,4,majority,2,0.0436822
foolsgold,1.0,4,majority,3,0.043505818
foolsgold,1.0,4,majority,4,0.22261308
foolsgold,1.0,4,majority,5,0.16994429
foolsgold,1.0,4,minority,0,0.14463536
foolsgold,1.0,4,minority,1,0.5973479
foolsgold,1.0,5,majority,0,0.46105188
foolsgold,1.0,5,majority,1,0.19329718
foolsgold,1.0,5,majority,2,0.41408592
foolsgold,1.0,5,majority,3,0.4123492
foolsgold,1.0,5,majority,4,0.16453357
foolsgold,1.0,5,majority,5,0.16225533
foolsgold,1.0,5,minority,0,0.6391554
foolsgold,1.0,5,minority,1,0.5732798
foolsgold,1.0,6,majority,0,0.19047019
foolsgold,1.0,6,majority,1,0.05562489
foolsgold,1.0,6,majority,2,0.14180413
foolsgold,1.0,6,majority,3,0.13596189
foolsgold,1.0,6,majority,4,0.13661857
foolsgold,1.0,6,majority,5,0.10872916
foolsgold,1.0,6,minority,0,0.05562489
foolsgold,1.0,6,minority,1,0.4515426
foolsgold,1.0,7,majority,0,0.06324885
foolsgold,1.0,7,majority,1,0.10303812
foolsgold,1.0,7,majority,2,0.06324885
foolsgold,1.0,7,majority,3,0.10745019
foolsgold,1.0,7,majority,4,0.06324885
foolsgold,1.0,7,majority,5,0.06324885
foolsgold,1.0,7,minority,0,0.21861061
foolsgold,1.0,7,minority,1,0.13439897
foolsgold,1.0,8,majority,0,0.114532426
foolsgold,1.0,8,majority,1,0.41430077
foolsgold,1.0,8,majority,2,0.114532426
foolsgold,1.0,8,majority,3,0.2931255
foolsgold,1.0,8,majority,4,0.11939984
foolsgold,1.0,8,majority,5,0.11750183
foolsgold,1.0,8,minority,0,0.2661451
foolsgold,1.0,8,minority,1,0.40149218
foolsgold,1.0,9,majority,0,0.33278343
foolsgold,1.0,9,majority,1,0.03058944
foolsgold,1.0,9,majority,2,0.03958354
foolsgold,1.0,9,majority,3,0.1361707
foolsgold,1.0,9,majority,4,0.047417317
foolsgold,1.0,9,majority,5,0.2120364
foolsgold,1.0,9,minority,0,0.04953754
foolsgold,1.0,9,minority,1,0.32906094
foolsgold,1.0,10,majority,0,0.08357713
foolsgold,1.0,10,majority,1,0.2997175
foolsgold,1.0,10,majority,2,0.69009984
foolsgold,1.0,10,majority,3,0.111923605
foolsgold,1.0,10,majority,4,0.2578155
foolsgold,1.0,10,majority,5,0.23274867
foolsgold,1.0,10,minority,0,0.057494074
foolsgold,1.0,10,minority,1,0.057494074
foolsgold,1.0,11,majority,0,0.13249898
foolsgold,1.0,11,majority,1,0.11658266
foolsgold,1.0,11,majority,2,0.13267729
foolsgold,1.0,11,majority,3,0.4583882
foolsgold,1.0,11,majority,4,0.31408644
foolsgold,1.0,11,majority,5,0.39189464
foolsgold,1.0,11,minority,0,0.14833462
foolsgold,1.0,11,minority,1,0.8441753
foolsgold,1.0,12,majority,0,0.17840151
foolsgold,1.0,12,majority,1,0.12722978
foolsgold,1.0,12,majority,2,0.07104462
foolsgold,1.0,12,majority,3,0.2405683
foolsgold,1.0,12,majority,4,0.26111463
foolsgold,1.0,12,majority,5,0.12722978
foolsgold,1.0,12,minority,0,0.4221809
foolsgold,1.0,12,minority,1,0.17692398
foolsgold,1.0,13,majority,0,0.17405334
foolsgold,1.0,13,majority,1,0.15394342
foolsgold,1.0,13,majority,2,0.43611798
foolsgold,1.0,13,majority,3,0.13559249
foolsgold,1.0,13,majority,4,0.17002513
foolsgold,1.0,13,majority,5,0.062443357
foolsgold,1.0,13,minority,0,0.2323797
foolsgold,1.0,13,minority,1,0.057829894
foolsgold,1.0,14,majority,0,0.07255056
foolsgold,1.0,14,majority,1,0.1549707
foolsgold,1.0,14,majority,2,0.04470163
foolsgold,1.0,14,majority,3,0.26151755
foolsgold,1.0,14,majority,4,0.604016
foolsgold,1.0,14,majority,5,0.07255056
foolsgold,1.0,14,minority,0,0.49977553
foolsgold,1.0,14,minority,1,0.31607422
foolsgold,1.0,15,majority,0,0.56977457
foolsgold,1.0,15,majority,1,0.49530625
foolsgold,1.0,15,majority,2,0.5690987
foolsgold,1.0,15,majority,3,0.58057916
foolsgold,1.0,15,majority,4,0.18038225
foolsgold,1.0,15,majority,5,0.1316671
foolsgold,1.0,15,minority,0,0.40995649
foolsgold,1.0,15,minority,1,0.49048054
foolsgold,1.0,16,majority,0,0.2791002
foolsgold,1.0,16,majority,1,0.049624596
foolsgold,1.0,16,majority,2,0.022496015
foolsgold,1.0,16,majority,3,0.52777535
foolsgold,1.0,16,majority,4,0.11466203
foolsgold,1.0,16,majority,5,0.10027052
foolsgold,1.0,16,minority,0,0.2946051
foolsgold,1.0,16,minority,1,0.33520713
foolsgold,1.0,17,majority,0,0.19796892
foolsgold,1.0,17,majority,1,0.57996285
foolsgold,1.0,17,majority,2,0.25076094
foolsgold,1.0,17,majority,3,0.2628781
foolsgold,1.0,17,majority,4,0.035913747
foolsgold,1.0,17,majority,5,0.035913747
foolsgold,1.0,17,minority,0,0.035913747
foolsgold,1.0,17,minority,1,0.035913747
foolsgold,1.0,18,majority,0,0.069220595
foolsgold,1.0,18,majority,1,0.25933355
foolsgold,1.0,18,majority,2,0.089120656
foolsgold,1.0,18,majority,3,0.04675655
foolsgold,1.0,18,majority,4,0.20559502
foolsgold,1.0,18,majority,5,0.099387884
foolsgold,1.0,18,minority,0,0.069220595
foolsgold,1.0,18,minority,1,0.069220595
foolsgold,1.0,19,majority,0,0.6030866
foolsgold,1.0,19,majority,1,0.028264951
foolsgold,1.0,19,majority,2,0.028264951
foolsgold,1.0,19,majority,3,0.25025666
foolsgold,1.0,19,majority,4,0.028264951
foolsgold,1.0,19,majority,5,0.33349574
foolsgold,1.0,19,minority,0,0.4399426
foolsgold,1.0,19,minority,1,0.41028214
foolsgold,1.0,20,majority,0,0.81168073
foolsgold,1.0,20,majority,1,0.9580546
foolsgold,1.0,20,majority,2,0.32585317
foolsgold,1.0,20,majority,3,0.2079968
foolsgold,1.0,20,majority,4,0.34675878
foolsgold,1.0,20,majority,5,0.5419198
foolsgold,1.0,20,minority,0,0.8517461
foolsgold,1.0,20,minority,1,0.80887604
foolsgold,1.5,1,majority,0,0.085527025
foolsgold,1.5,1,majority,1,0.1988384
foolsgold,1.5,1,majority,2,0.3138749
foolsgold,1.5,1,majority,3,0.085527025
foolsgold,1.5,1,majority,4,0.085527025
foolsgold,1.5,1,majority,5,0.085527025
foolsgold,1.5,1,minority,0,0.36574927
foolsgold,1.5,1,minority,1,0.085527025
foolsgold,1.5,2,majority,0,0.03273819
foolsgold,1.5,2,majority,1,0.053630937
foolsgold,1.5,2,majority,2,0.088186964
foolsgold,1.5,2,majority,3,0.053630937
foolsgold,1.5,2,majority,4,0.09498857
foolsgold,1.5,2,majority,5,0.19445756
foolsgold,1.5,2,minority,0,0.25044662
foolsgold,1.5,2,minority,1,0.03273819
foolsgold,1.5,3,majority,0,0.039681338
foolsgold,1.5,3,majority,1,0.039681338
foolsgold,1.5,3,majority,2,0.039681338
foolsgold,1.5,3,majority,3,0.039681338
foolsgold,1.5,3,majority,4,0.81079113
foolsgold,1.5,3,majority,5,0.039681338
foolsgold,1.5,3,minority,0,0.27827612
foolsgold,1.5,3,minority,1,0.23594186
foolsgold,1.5,4,majority,0,0.06418566
foolsgold,1.5,4,majority,1,0.14669633
foolsgold,1.5,4,majority,2,0.06418566
foolsgold,1.5,4,majority,3,0.19942886
foolsgold,1.5,4,majority,4,0.12869264
foolsgold,1.5,4,majority,5,0.22301869
foolsgold,1.5,4,minority,0,0.5311013
foolsgold,1.5,4,minority,1,0.4633501
foolsgold,1.5,5,majority,0,0.56131804
foolsgold,1.5,5,majority,1,0.7853004
foolsgold,1.5,5,majority,2,0.3349892
foolsgold,1.5,5,majority,3,0.15825832
foolsgold,1.5,5,majority,4,0.21446614
foolsgold,1.5,5,majority,5,0.21216223
foolsgold,1.5,5,minority,0,0.2561582
foolsgold,1.5,5,minority,1,0.23867038
foolsgold,1.5,6,majority,0,0.19047019
foolsgold,1.5,6,majority,1,0.18923306
foolsgold,1.5,6,majority,2,0.14180413
foolsgold,1.5,6,majority,3,0.13596189
foolsgold,1.5,6,majority,4,0.31508872
foolsgold,1.5,6,majority,5,0.10872916
foolsgold,1.5,6,minority,0,0.44111997
foolsgold,1.5,6,minority,1,0.42046535
foolsgold,1.5,7,majority,0,0.029210202
foolsgold,1.5,7,majority,1,0.029210202
foolsgold,1.5,7,majority,2,0.029210202
foolsgold,1.5,7,majority,3,0.65538424
foolsgold,1.5,7,majority,4,0.029210202
foolsgold,1.5,7,majority,5,0.029210202
foolsgold,1.5,7,minority,0,0.029210202
foolsgold,1.5,7,minority,1,0.43967408
foolsgold,1.5,8,majority,0,0.114532426
foolsgold,1.5,8,majority,1,0.41430077
foolsgold,1.5,8,majority,2,0.114532426
foolsgold,1.5,8,majority,3,0.2931255
foolsgold,1.5,8,majority,4,0.16468523
foolsgold,1.5,8,majority,5,0.11750183
foolsgold,1.5,8,minority,0,0.29199564
foolsgold,1.5,8,minority,1,0.28326714
foolsgold,1.5,9,majority,0,0.35720637
foolsgold,1.5,9,majority,1,0.056530904
foolsgold,1.5,9,majority,2,0.056530904
foolsgold,1.5,9,majority,3,0.20112999
foolsgold,1.5,9,majority,4,0.056530904
foolsgold,1.5,9,majority,5,0.1944202
foolsgold,1.5,9,minority,0,0.564938
foolsgold,1.5,9,minority,1,0.37412295
foolsgold,1.5,10,majority,0,0.08357713
foolsgold,1.5,10,majority,1,0.37773013
foolsgold,1.5,10,majority,2,1.4055318
foolsgold,1.5,10,majority,3,0.111923605
foolsgold,1.5,10,majority,4,0.3755857
foolsgold,1.5,10,majority,5,0.057494074
foolsgold,1.5,10,minority,0,0.7567183
foolsgold,1.5,10,minority,1,0.057494074
foolsgold,1.5,11,majority,0,0.039479952
foolsgold,1.5,11,majority,1,0.014806904
foolsgold,1.5,11,majority,2,0.014806904
foolsgold,1.5,11,majority,3,1.5042063
foolsgold,1.5,11,majority,4,0.02907929
foolsgold,1.5,11,majority,5,0.049391374
foolsgold,1.5,11,minority,0,0.44139174
foolsgold,1.5,11,minority,1,0.25584134
foolsgold,1.5,12,majority,0,0.15031303
foolsgold,1.5,12,majority,1,0.04309627
foolsgold,1.5,12,majority,2,0.14431264
foolsgold,1.5,12,majority,3,0.19822736
foolsgold,1.5,12,majority,4,0.1300393
foolsgold,1.5,12,majority,5,0.23254757
foolsgold,1.5,12,minority,0,0.032917522
foolsgold,1.5,12,minority,1,0.32681176
foolsgold,1.5,13,majority,0,0.028165637
foolsgold,1.5,13,majority,1,0.22691332
foolsgold,1.5,13,majority,2,0.14692932
foolsgold,1.5,13,majority,3,0.062366188
foolsgold,1.5,13,majority,4,0.10729991
foolsgold,1.5,13,majority,5,0.04979351
foolsgold,1.5,13,minority,0,0.39802295
foolsgold,1.5,13,minority,1,0.16147095
foolsgold,1.5,14,majority,0,0.14123076
foolsgold,1.5,14,majority,1,0.2644556
foolsgold,1.5,14,majority,2,0.46595144
foolsgold,1.5,14,majority,3,0.80959284
foolsgold,1.5,14,majority,4,0.14870977
foolsgold,1.5,14,majority,5,0.053292967
foolsgold,1.5,14,minority,0,0.1108089
foolsgold,1.5,14,minority,1,0.18694387
foolsgold,1.5,15,majority,0,0.56977457
foolsgold,1.5,15,majority,1,0.49530625
foolsgold,1.5,15,majority,2,0.5690987
foolsgold,1.5,15,majority,3,0.58057916
foolsgold,1.5,15,majority,4,0.18038225
foolsgold,1.5,15,majority,5,0.1316671
foolsgold,1.5,15,minority,0,0.40359968
foolsgold,1.5,15,minority,1,0.47216946
foolsgold,1.5,16,majority,0,0.23472589
foolsgold,1.5,16,majority,1,0.05424747
foolsgold,1.5,16,majority,2,0.029853282
foolsgold,1.5,16,majority,3,0.57420284
foolsgold,1.5,16,majority,4,0.12915982
foolsgold,1.5,16,majority,5,0.104917146
foolsgold,1.5,16,minority,0,0.34853148
foolsgold,1.5,16,minority,1,0.20174713
foolsgold,1.5,17,majority,0,0.282963
foolsgold,1.5,17,majority,1,0.57996285
foolsgold,1.5,17,majority,2,0.25076094
foolsgold,1.5,17,majority,3,0.2628781
foolsgold,1.5,17,majority,4,0.035913747
foolsgold,1.5,17,majority,5,0.035913747
foolsgold,1.5,17,minority,0,0.035913747
foolsgold,1.5,17,minority,1,0.035913747
foolsgold,1.5,18,majority,0,0.069220595
foolsgold,1.5,18,majority,1,0.25933355
foolsgold,1.5,18,majority,2,0.089120656
foolsgold,1.5,18,majority,3,0.04675655
foolsgold,1.5,18,majority,4,0.20559502
foolsgold,1.5,18,majority,5,0.099387884
foolsgold,1.5,18,minority,0,0.069220595
foolsgold,1.5,18,minority,1,0.069220595
foolsgold,1.5,19,majority,0,0.6030866
foolsgold,1.5,19,majority,1,0.028264951
foolsgold,1.5,19,majority,2,0.028264951
foolsgold,1.5,19,majority,3,0.25025666
foolsgold,1.5,19,majority,4,0.028264951
foolsgold,1.5,19,majority,5,0.33349574
foolsgold,1.5,19,minority,0,0.49874148
foolsgold,1.5,19,minority,1,0.46910265
foolsgold,1.5,20,majority,0,1.3414476
foolsgold,1.5,20,majority,1,1.3425893
foolsgold,1.5,20,majority,2,1.2905395
foolsgold,1.5,20,majority,3,1.2201054
foolsgold,1.5,20,majority,4,1.2962087
foolsgold,1.5,20,majority,5,1.3510118
foolsgold,1.5,20,minority,0,1.1863967
foolsgold,1.5,20,minority,1,1.1418071
foolsgold,2.0,1,majority,0,0.09245282
foolsgold,2.0,1,majority,1,0.19669169
foolsgold,2.0,1,majority,2,0.31842098
foolsgold,2.0,1,majority,3,0.09245282
foolsgold,2.0,1,majority,4,0.09245282
foolsgold,2.0,1,majority,5,0.09245282
foolsgold,2.0,1,minority,0,0.42379296
foolsgold,2.0,1,minority,1,0.09245282
foolsgold,2.0,2,majority,0,0.12045139
foolsgold,2.0,2,majority,1,0.0773705
foolsgold,2.0,2,majority,2,0.5932797
foolsgold,2.0,2,majority,3,0.0773705
foolsgold,2.0,2,majority,4,0.25452128
foolsgold,2.0,2,majority,5,0.07746636
foolsgold,2.0,2,minority,0,0.20383088
foolsgold,2.0,2,minority,1,0.12045139
foolsgold,2.0,3,majority,0,0.039681338
foolsgold,2.0,3,majority,1,0.039681338
foolsgold,2.0,3,majority,2,0.039681338
foolsgold,2.0,3,majority,3,0.039681338
foolsgold,2.0,3,majority,4,1.3366117
foolsgold,2.0,3,majority,5,0.039681338
foolsgold,2.0,3,minority,0,0.34729227
foolsgold,2.0,3,minority,1,0.3022472
foolsgold,2.0,4,majority,0,0.05229093
foolsgold,2.0,4,majority,1,0.29629168
foolsgold,2.0,4,majority,2,0.03956715
foolsgold,2.0,4,majority,3,0.19422626
foolsgold,2.0,4,majority,4,0.13988878
foolsgold,2.0,4,majority,5,0.13034426
foolsgold,2.0,4,minority,0,0.17957781
foolsgold,2.0,4,minority,1,0.13034426
foolsgold,2.0,5,majority,0,0.3930563
foolsgold,2.0,5,majority,1,0.5184768
foolsgold,2.0,5,majority,2,0.35049662
foolsgold,2.0,5,majority,3,0.082613826
foolsgold,2.0,5,majority,4,0.22921517
foolsgold,2.0,5,majority,5,0.22691354
foolsgold,2.0,5,minority,0,0.25195277
foolsgold,2.0,5,minority,1,0.20045517
foolsgold,2.0,6,majority,0,0.19047019
foolsgold,2.0,6,majority,1,0.18923306
foolsgold,2.0,6,majority,2,0.14180413
foolsgold,2.0,6,majority,3,0.13596189
foolsgold,2.0,6,majority,4,0.31508872
foolsgold,2.0,6,majority,5,0.10872916
foolsgold,2.0,6,minority,0,0.55079645
foolsgold,2.0,6,minority,1,0.44709775
foolsgold,2.0,7,majority,0,0.029210202
foolsgold,2.0,7,majority,1,0.029210202
foolsgold,2.0,7,majority,2,0.029210202
foolsgold,2.0,7,majority,3,0.9768451
foolsgold,2.0,7,majority,4,0.029210202
foolsgold,2.0,7,majority,5,0.029210202
foolsgold,2.0,7,minority,0,0.5056555
foolsgold,2.0,7,minority,1,0.50258076
foolsgold,2.0,8,majority,0,0.114532426
foolsgold,2.0,8,majority,1,0.41430077
foolsgold,2.0,8,majority,2,0.114532426
foolsgold,2.0,8,majority,3,0.2931255
foolsgold,2.0,8,majority,4,0.16468523
foolsgold,2.0,8,majority,5,0.11750183
foolsgold,2.0,8,minority,0,0.35349923
foolsgold,2.0,8,minority,1,0.32433495
foolsgold,2.0,9,majority,0,0.3683226
foolsgold,2.0,9,majority,1,0.065966636
foolsgold,2.0,9,majority,2,0.065966636
foolsgold,2.0,9,majority,3,0.20247386
foolsgold,2.0,9,majority,4,0.065966636
foolsgold,2.0,9,majority,5,0.18656032
foolsgold,2.0,9,minority,0,0.63238716
foolsgold,2.0,9,minority,1,0.32970697
foolsgold,2.0,10,majority,0,0.15256983
foolsgold,2.0,10,majority,1,0.2598951
foolsgold,2.0,10,majority,2,0.22354533
foolsgold,2.0,10,majority,3,0.18286584
foolsgold,2.0,10,majority,4,0.17556906
foolsgold,2.0,10,majority,5,0.18234198
foolsgold,2.0,10,minority,0,0.49501947
foolsgold,2.0,10,minority,1,0.5684363
foolsgold,2.0,11,majority,0,0.039479952
foolsgold,2.0,11,majority,1,0.014806904
foolsgold,2.0,11,majority,2,0.014806904
foolsgold,2.0,11,majority,3,1.4688473
foolsgold,2.0,11,majority,4,0.02907929
foolsgold,2.0,11,majority,5,0.014806904
foolsgold,2.0,11,minority,0,0.37764132
foolsgold,2.0,11,minority,1,0.32238135
foolsgold,2.0,12,majority,0,0.124024585
foolsgold,2.0,12,majority,1,0.1731613
foolsgold,2.0,12,majority,2,0.1544512
foolsgold,2.0,12,majority,3,0.17347673
foolsgold,2.0,12,majority,4,0.23206528
foolsgold,2.0,12,majority,5,0.39765218
foolsgold,2.0,12,minority,0,0.27987173
foolsgold,2.0,12,minority,1,0.07774965
foolsgold,2.0,13,majority,0,0.69475335
foolsgold,2.0,13,majority,1,0.5187064
foolsgold,2.0,13,majority,2,1.091739
foolsgold,2.0,13,majority,3,0.53661084
foolsgold,2.0,13,majority,4,0.068922155
foolsgold,2.0,13,majority,5,0.071547836
foolsgold,2.0,13,minority,0,1.1371331
foolsgold,2.0,13,minority,1,0.20129724
foolsgold,2.0,14,majority,0,0.06866146
foolsgold,2.0,14,majority,1,0.15463768
foolsgold,2.0,14,majority,2,0.16471505
foolsgold,2.0,14,majority,3,0.28636584
foolsgold,2.0,14,majority,4,0.08725204
foolsgold,2.0,14,majority,5,0.014621028
foolsgold,2.0,14,minority,0,0.6758236
foolsgold,2.0,14,minority,1,0.43662578
foolsgold,2.0,15,majority,0,0.56977457
foolsgold,2.0,15,majority,1,0.49530625
foolsgold,2.0,15,majority,2,0.5690987
foolsgold,2.0,15,majority,3,0.58057916
foolsgold,2.0,15,majority,4,0.18038225
foolsgold,2.0,15,majority,5,0.1316671
foolsgold,2.0,15,minority,0,0.40978673
foolsgold,2.0,15,minority,1,0.4642423
foolsgold,2.0,16,majority,0,0.37009284
foolsgold,2.0,16,majority,1,0.055249862
foolsgold,2.0,16,majority,2,0.032999326
foolsgold,2.0,16,majority,3,0.588864
foolsgold,2.0,16,majority,4,0.19985956
foolsgold,2.0,16,majority,5,0.14276223
foolsgold,2.0,16,minority,0,0.37009284
foolsgold,2.0,16,minority,1,0.12903692
foolsgold,2.0,17,majority,0,0.282963
foolsgold,2.0,17,majority,1,0.4873719
foolsgold,2.0,17,majority,2,0.25076094
foolsgold,2.0,17,majority,3,0.2628781
foolsgold,2.0,17,majority,4,0.035913747
foolsgold,2.0,17,majority,5,0.035913747
foolsgold,2.0,17,minority,0,0.035913747
foolsgold,2.0,17,minority,1,0.035913747
foolsgold,2.0,18,majority,0,0.17456625
foolsgold,2.0,18,majority,1,0.22813828
foolsgold,2.0,18,majority,2,0.07619042
foolsgold,2.0,18,majority,3,0.028696667
foolsgold,2.0,18,majority,4,0.23890494
foolsgold,2.0,18,majority,5,0.068731114
foolsgold,2.0,18,minority,0,0.33731288
foolsgold,2.0,18,minority,1,0.5609365
foolsgold,2.0,19,majority,0,0.6030866
foolsgold,2.0,19,majority,1,0.028264951
foolsgold,2.0,19,majority,2,0.028264951
foolsgold,2.0,19,majority,3,0.25025666
foolsgold,2.0,19,majority,4,0.028264951
foolsgold,2.0,19,majority,5,0.33349574
foolsgold,2.0,19,minority,0,0.43889013
foolsgold,2.0,19,minority,1,0.40173528
foolsgold,2.0,20,majority,0,1.2829267
foolsgold,2.0,20,majority,1,1.2836065
foolsgold,2.0,20,majority,2,1.2316021
foolsgold,2.0,20,majority,3,1.1755471
foolsgold,2.0,20,majority,4,1.2379326
foolsgold,2.0,20,majority,5,1.2921528
foolsgold,2.0,20,minority,0,1.0780478
foolsgold,2.0,20,minority,1,1.0367794
foolsgold,3.0,1,majority,0,0.080561705
foolsgold,3.0,1,majority,1,0.20796855
foolsgold,3.0,1,majority,2,0.2514
foolsgold,3.0,1,majority,3,0.1506774
foolsgold,3.0,1,majority,4,0.28024656
foolsgold,3.0,1,majority,5,0.080561705
foolsgold,3.0,1,minority,0,0.34960103
foolsgold,3.0,1,minority,1,0.27465984
foolsgold,3.0,2,majority,0,0.11938283
foolsgold,3.0,2,majority,1,0.13668981
foolsgold,3.0,2,majority,2,0.1180156
foolsgold,3.0,2,majority,3,0.20613198
foolsgold,3.0,2,majority,4,0.4034834
foolsgold,3.0,2,majority,5,1.2976023
foolsgold,3.0,2,minority,0,0.68296194
foolsgold,3.0,2,minority,1,0.8670868
foolsgold,3.0,3,majority,0,0.039681338
foolsgold,3.0,3,majority,1,0.039681338
foolsgold,3.0,3,majority,2,0.039681338
foolsgold,3.0,3,majority,3,0.039681338
foolsgold,3.0,3,majority,4,2.0401483
foolsgold,3.0,3,majority,5,0.039681338
foolsgold,3.0,3,minority,0,0.4874144
foolsgold,3.0,3,minority,1,0.43969908
foolsgold,3.0,4,majority,0,0.033787444
foolsgold,3.0,4,majority,1,0.22732535
foolsgold,3.0,4,majority,2,0.021007398
foolsgold,3.0,4,majority,3,0.08265868
foolsgold,3.0,4,majority,4,0.021007398
foolsgold,3.0,4,majority,5,0.033787444
foolsgold,3.0,4,minority,0,0.033787444
foolsgold,3.0,4,minority,1,0.033787444
foolsgold,3.0,5,majority,0,0.3930563
foolsgold,3.0,5,majority,1,0.22915709
foolsgold,3.0,5,majority,2,0.35049662
foolsgold,3.0,5,majority,3,0.082613826
foolsgold,3.0,5,majority,4,0.22921517
foolsgold,3.0,5,majority,5,0.22691354
foolsgold,3.0,5,minority,0,0.35402703
foolsgold,3.0,5,minority,1,0.29727423
foolsgold,3.0,6,majority,0,0.19047019
foolsgold,3.0,6,majority,1,0.18923306
foolsgold,3.0,6,majority,2,0.14180413
foolsgold,3.0,6,majority,3,0.13596189
foolsgold,3.0,6,majority,4,0.31508872
foolsgold,3.0,6,majority,5,0.10872916
foolsgold,3.0,6,minority,0,0.5403802
foolsgold,3.0,6,minority,1,0.544794
foolsgold,3.0,7,majority,0,0.029210202
foolsgold,3.0,7,majority,1,0.029210202
foolsgold,3.0,7,majority,2,0.029210202
foolsgold,3.0,7,majority,3,1.5585704
foolsgold,3.0,7,majority,4,0.029210202
foolsgold,3.0,7,majority,5,0.029210202
foolsgold,3.0,7,minority,0,0.631036
foolsgold,3.0,7,minority,1,0.6338359
foolsgold,3.0,8,majority,0,0.114532426
foolsgold,3.0,8,majority,1,0.41430077
foolsgold,3.0,8,majority,2,0.114532426
foolsgold,3.0,8,majority,3,0.2931255
foolsgold,3.0,8,majority,4,0.16468523
foolsgold,3.0,8,majority,5,0.11750183
foolsgold,3.0,8,minority,0,0.49023902
foolsgold,3.0,8,minority,1,0.45977673
foolsgold,3.0,9,majority,0,0.3683226
foolsgold,3.0,9,majority,1,0.065966636
foolsgold,3.0,9,majority,2,0.065966636
foolsgold,3.0,9,majority,3,0.20247386
foolsgold,3.0,9,majority,4,0.065966636
foolsgold,3.0,9,majority,5,0.18656032
foolsgold,3.0,9,minority,0,0.71176076
foolsgold,3.0,9,minority,1,0.40705198
foolsgold,3.0,10,majority,0,0.21865717
foolsgold,3.0,10,majority,1,0.035949096
foolsgold,3.0,10,majority,2,0.035949096
foolsgold,3.0,10,majority,3,0.3141233
foolsgold,3.0,10,majority,4,0.035949096
foolsgold,3.0,10,majority,5,0.3015762
foolsgold,3.0,10,minority,0,0.67447305
foolsgold,3.0,10,minority,1,0.83839613
foolsgold,3.0,11,majority,0,0.039479952
foolsgold,3.0,11,majority,1,0.014806904
foolsgold,3.0,11,majority,2,0.014806904
foolsgold,3.0,11,majority,3,0.68849915
foolsgold,3.0,11,majority,4,0.02907929
foolsgold,3.0,11,majority,5,0.014806904
foolsgold,3.0,11,minority,0,0.4213833
foolsgold,3.0,11,minority,1,0.4598824
foolsgold,3.0,12,majority,0,0.23066624
foolsgold,3.0,12,majority,1,0.2328696
foolsgold,3.0,12,majority,2,0.22182757
foolsgold,3.0,12,majority,3,0.18470888
foolsgold,3.0,12,majority,4,0.11715877
foolsgold,3.0,12,majority,5,0.3433052
foolsgold,3.0,12,minority,0,0.5353987
foolsgold,3.0,12,minority,1,0.6277671
foolsgold,3.0,13,majority,0,0.39813346
foolsgold,3.0,13,majority,1,1.0756176
foolsgold,3.0,13,majority,2,0.535734
foolsgold,3.0,13,majority,3,0.35974666
foolsgold,3.0,13,majority,4,0.6925068
foolsgold,3.0,13,majority,5,0.07108787
foolsgold,3.0,13,minority,0,0.5009361
foolsgold,3.0,13,minority,1,0.37026313
foolsgold,3.0,14,majority,0,0.0358767
foolsgold,3.0,14,majority,1,0.0358767
foolsgold,3.0,14,majority,2,0.0358767
foolsgold,3.0,14,majority,3,0.24656884
foolsgold,3.0,14,majority,4,0.23041591
foolsgold,3.0,14,majority,5,0.0358767
foolsgold,3.0,14,minority,0,0.84291184
foolsgold,3.0,14,minority,1,0.66197973
foolsgold,3.0,15,majority,0,0.56977457
foolsgold,3.0,15,majority,1,0.49530625
foolsgold,3.0,15,majority,2,0.5690987
foolsgold,3.0,15,majority,3,0.58057916
foolsgold,3.0,15,majority,4,0.18038225
foolsgold,3.0,15,majority,5,0.1316671
foolsgold,3.0,15,minority,0,0.45673004
foolsgold,3.0,15,minority,1,0.4809231
foolsgold,3.0,16,majority,0,0.05775958
foolsgold,3.0,16,majority,1,0.023970947
foolsgold,3.0,16,majority,2,0.027702814
foolsgold,3.0,16,majority,3,0.19313696
foolsgold,3.0,16,majority,4,0.47448382
foolsgold,3.0,16,majority,5,0.05794596
foolsgold,3.0,16,minority,0,0.05775958
foolsgold,3.0,16,minority,1,0.13218331
foolsgold,3.0,17,majority,0,0.37259066
foolsgold,3.0,17,majority,1,0.13820657
foolsgold,3.0,17,majority,2,0.4921907
foolsgold,3.0,17,majority,3,0.4150624
foolsgold,3.0,17,majority,4,0.035913747
foolsgold,3.0,17,majority,5,0.035913747
foolsgold,3.0,17,minority,0,0.5507387
foolsgold,3.0,17,minority,1,0.035913747
foolsgold,3.0,18,majority,0,0.109257035
foolsgold,3.0,18,majority,1,0.18091334
foolsgold,3.0,18,majority,2,0.09484128
foolsgold,3.0,18,majority,3,0.07118802
foolsgold,3.0,18,majority,4,0.3139548
foolsgold,3.0,18,majority,5,0.28182772
foolsgold,3.0,18,minority,0,0.35502428
foolsgold,3.0,18,minority,1,0.29919213
foolsgold,3.0,19,majority,0,0.6030866
foolsgold,3.0,19,majority,1,0.028264951
foolsgold,3.0,19,majority,2,0.028264951
foolsgold,3.0,19,majority,3,0.25025666
foolsgold,3.0,19,majority,4,0.028264951
foolsgold,3.0,19,majority,5,0.33349574
foolsgold,3.0,19,minority,0,0.5337358
foolsgold,3.0,19,minority,1,0.50753284
foolsgold,3.0,20,majority,0,0.6652838
foolsgold,3.0,20,majority,1,0.6942731
foolsgold,3.0,20,majority,2,0.6185193
foolsgold,3.0,20,majority,3,0.565241
foolsgold,3.0,20,majority,4,0.6416958
foolsgold,3.0,20,majority,5,0.68860227
foolsgold,3.0,20,minority,0,0.59934175
foolsgold,3.0,20,minority,1,0.63926524
